매장_id,품목_id,기간,창고_입고량
ST_102,IT_101,2023.12.1,0
ST_102,IT_101,2023.12.2,0
ST_102,IT_101,2023.12.3,0
ST_102,IT_101,2023.12.4,0
ST_102,IT_101,2023.12.5,0
ST_102,IT_102,2023.12.1,0
ST_102,IT_102,2023.12.2,0
ST_102,IT_102,2023.12.3,0
ST_102,IT_102,2023.12.4,0
ST_102,IT_102,2023.12.5,0
ST_102,IT_103,2023.12.1,2000
ST_102,IT_103,2023.12.2,0
ST_102,IT_103,2023.12.3,0
ST_102,IT_103,2023.12.4,0
ST_102,IT_103,2023.12.5,0
ST_102,IT_104,2023.12.1,0
ST_102,IT_104,2023.12.2,0
ST_102,IT_104,2023.12.3,0
ST_102,IT_104,2023.12.4,0
ST_102,IT_104,2023.12.5,0
ST_102,IT_105,2023.12.1,6000
ST_102,IT_105,2023.12.2,0
ST_102,IT_105,2023.12.3,0
ST_102,IT_105,2023.12.4,0
ST_102,IT_105,2023.12.5,0
ST_102,IT_106,2023.12.1,0
ST_102,IT_106,2023.12.2,0
ST_102,IT_106,2023.12.3,0
ST_102,IT_106,2023.12.4,0
ST_102,IT_106,2023.12.5,0
ST_102,IT_107,2023.12.1,7000
ST_102,IT_107,2023.12.2,0
ST_102,IT_107,2023.12.3,0
ST_102,IT_107,2023.12.4,0
ST_102,IT_107,2023.12.5,0
ST_102,IT_108,2023.12.1,0
ST_102,IT_108,2023.12.2,0
ST_102,IT_108,2023.12.3,0
ST_102,IT_108,2023.12.4,0
ST_102,IT_108,2023.12.5,0
ST_102,IT_109,2023.12.1,0
ST_102,IT_109,2023.12.2,0
ST_102,IT_109,2023.12.3,0
ST_102,IT_109,2023.12.4,0
ST_102,IT_109,2023.12.5,0
ST_102,IT_110,2023.12.1,0
ST_102,IT_110,2023.12.2,0
ST_102,IT_110,2023.12.3,0
ST_102,IT_110,2023.12.4,0
ST_102,IT_110,2023.12.5,0
ST_102,IT_111,2023.12.1,17000
ST_102,IT_111,2023.12.2,0
ST_102,IT_111,2023.12.3,0
ST_102,IT_111,2023.12.4,0
ST_102,IT_111,2023.12.5,0
ST_102,IT_112,2023.12.1,10000
ST_102,IT_112,2023.12.2,0
ST_102,IT_112,2023.12.3,0
ST_102,IT_112,2023.12.4,0
ST_102,IT_112,2023.12.5,0
ST_102,IT_113,2023.12.1,0
ST_102,IT_113,2023.12.2,0
ST_102,IT_113,2023.12.3,0
ST_102,IT_113,2023.12.4,0
ST_102,IT_113,2023.12.5,0
ST_102,IT_114,2023.12.1,10000
ST_102,IT_114,2023.12.2,0
ST_102,IT_114,2023.12.3,0
ST_102,IT_114,2023.12.4,0
ST_102,IT_114,2023.12.5,0
ST_102,IT_115,2023.12.1,0
ST_102,IT_115,2023.12.2,0
ST_102,IT_115,2023.12.3,0
ST_102,IT_115,2023.12.4,0
ST_102,IT_115,2023.12.5,0
ST_102,IT_116,2023.12.1,0
ST_102,IT_116,2023.12.2,0
ST_102,IT_116,2023.12.3,0
ST_102,IT_116,2023.12.4,0
ST_102,IT_116,2023.12.5,0
ST_102,IT_117,2023.12.1,0
ST_102,IT_117,2023.12.2,0
ST_102,IT_117,2023.12.3,0
ST_102,IT_117,2023.12.4,0
ST_102,IT_117,2023.12.5,0
ST_102,IT_118,2023.12.1,1000
ST_102,IT_118,2023.12.2,0
ST_102,IT_118,2023.12.3,0
ST_102,IT_118,2023.12.4,0
ST_102,IT_118,2023.12.5,0
ST_102,IT_119,2023.12.1,0
ST_102,IT_119,2023.12.2,0
ST_102,IT_119,2023.12.3,0
ST_102,IT_119,2023.12.4,0
ST_102,IT_119,2023.12.5,0
ST_102,IT_120,2023.12.1,0
ST_102,IT_120,2023.12.2,0
ST_102,IT_120,2023.12.3,0
ST_102,IT_120,2023.12.4,0
ST_102,IT_120,2023.12.5,0
ST_102,IT_121,2023.12.1,0
ST_102,IT_121,2023.12.2,0
ST_102,IT_121,2023.12.3,0
ST_102,IT_121,2023.12.4,0
ST_102,IT_121,2023.12.5,0
ST_102,IT_122,2023.12.1,0
ST_102,IT_122,2023.12.2,0
ST_102,IT_122,2023.12.3,0
ST_102,IT_122,2023.12.4,0
ST_102,IT_122,2023.12.5,0
ST_102,IT_123,2023.12.1,0
ST_102,IT_123,2023.12.2,0
ST_102,IT_123,2023.12.3,0
ST_102,IT_123,2023.12.4,0
ST_102,IT_123,2023.12.5,0
ST_102,IT_124,2023.12.1,12
ST_102,IT_124,2023.12.2,0
ST_102,IT_124,2023.12.3,0
ST_102,IT_124,2023.12.4,0
ST_102,IT_124,2023.12.5,0
ST_102,IT_125,2023.12.1,12
ST_102,IT_125,2023.12.2,0
ST_102,IT_125,2023.12.3,0
ST_102,IT_125,2023.12.4,0
ST_102,IT_125,2023.12.5,0
ST_102,IT_126,2023.12.1,0
ST_102,IT_126,2023.12.2,0
ST_102,IT_126,2023.12.3,0
ST_102,IT_126,2023.12.4,0
ST_102,IT_126,2023.12.5,0
ST_102,IT_127,2023.12.1,12
ST_102,IT_127,2023.12.2,0
ST_102,IT_127,2023.12.3,0
ST_102,IT_127,2023.12.4,0
ST_102,IT_127,2023.12.5,0
ST_102,IT_129,2023.12.1,0
ST_102,IT_129,2023.12.2,0
ST_102,IT_129,2023.12.3,0
ST_102,IT_129,2023.12.4,0
ST_102,IT_129,2023.12.5,0
ST_102,IT_130,2023.12.1,120
ST_102,IT_130,2023.12.2,0
ST_102,IT_130,2023.12.3,0
ST_102,IT_130,2023.12.4,0
ST_102,IT_130,2023.12.5,0
ST_102,IT_132,2023.12.1,60
ST_102,IT_132,2023.12.2,0
ST_102,IT_132,2023.12.3,0
ST_102,IT_132,2023.12.4,0
ST_102,IT_132,2023.12.5,0
ST_102,IT_133,2023.12.1,64
ST_102,IT_133,2023.12.2,0
ST_102,IT_133,2023.12.3,0
ST_102,IT_133,2023.12.4,0
ST_102,IT_133,2023.12.5,0
ST_102,IT_134,2023.12.1,24
ST_102,IT_134,2023.12.2,0
ST_102,IT_134,2023.12.3,0
ST_102,IT_134,2023.12.4,0
ST_102,IT_134,2023.12.5,0
ST_102,IT_137,2023.12.1,0
ST_102,IT_137,2023.12.2,0
ST_102,IT_137,2023.12.3,0
ST_102,IT_137,2023.12.4,0
ST_102,IT_137,2023.12.5,0
ST_102,IT_138,2023.12.1,0
ST_102,IT_138,2023.12.2,0
ST_102,IT_138,2023.12.3,0
ST_102,IT_138,2023.12.4,0
ST_102,IT_138,2023.12.5,0
ST_102,IT_139,2023.12.1,0
ST_102,IT_139,2023.12.2,0
ST_102,IT_139,2023.12.3,0
ST_102,IT_139,2023.12.4,0
ST_102,IT_139,2023.12.5,0
ST_102,IT_140,2023.12.1,0
ST_102,IT_140,2023.12.2,0
ST_102,IT_140,2023.12.3,0
ST_102,IT_140,2023.12.4,0
ST_102,IT_140,2023.12.5,0
ST_102,IT_141,2023.12.1,0
ST_102,IT_141,2023.12.2,0
ST_102,IT_141,2023.12.3,0
ST_102,IT_141,2023.12.4,0
ST_102,IT_141,2023.12.5,0
ST_102,IT_142,2023.12.1,0
ST_102,IT_142,2023.12.2,0
ST_102,IT_142,2023.12.3,0
ST_102,IT_142,2023.12.4,0
ST_102,IT_142,2023.12.5,0
ST_102,IT_143,2023.12.1,0
ST_102,IT_143,2023.12.2,0
ST_102,IT_143,2023.12.3,0
ST_102,IT_143,2023.12.4,0
ST_102,IT_143,2023.12.5,0
ST_102,IT_144,2023.12.1,0
ST_102,IT_144,2023.12.2,0
ST_102,IT_144,2023.12.3,0
ST_102,IT_144,2023.12.4,0
ST_102,IT_144,2023.12.5,0
ST_102,IT_145,2023.12.1,0
ST_102,IT_145,2023.12.2,0
ST_102,IT_145,2023.12.3,0
ST_102,IT_145,2023.12.4,0
ST_102,IT_145,2023.12.5,0
ST_102,IT_146,2023.12.1,0
ST_102,IT_146,2023.12.2,0
ST_102,IT_146,2023.12.3,0
ST_102,IT_146,2023.12.4,0
ST_102,IT_146,2023.12.5,0
ST_102,IT_152,2023.12.1,0
ST_102,IT_152,2023.12.2,0
ST_102,IT_152,2023.12.3,0
ST_102,IT_152,2023.12.4,0
ST_102,IT_152,2023.12.5,0
ST_102,IT_153,2023.12.1,0
ST_102,IT_153,2023.12.2,0
ST_102,IT_153,2023.12.3,0
ST_102,IT_153,2023.12.4,0
ST_102,IT_153,2023.12.5,0
ST_102,IT_154,2023.12.1,0
ST_102,IT_154,2023.12.2,0
ST_102,IT_154,2023.12.3,0
ST_102,IT_154,2023.12.4,0
ST_102,IT_154,2023.12.5,0
ST_102,IT_155,2023.12.1,0
ST_102,IT_155,2023.12.2,0
ST_102,IT_155,2023.12.3,0
ST_102,IT_155,2023.12.4,0
ST_102,IT_155,2023.12.5,0
ST_102,IT_156,2023.12.1,0
ST_102,IT_156,2023.12.2,0
ST_102,IT_156,2023.12.3,0
ST_102,IT_156,2023.12.4,0
ST_102,IT_156,2023.12.5,0
ST_102,IT_157,2023.12.1,20
ST_102,IT_157,2023.12.2,0
ST_102,IT_157,2023.12.3,0
ST_102,IT_157,2023.12.4,0
ST_102,IT_157,2023.12.5,0
ST_102,IT_158,2023.12.1,30
ST_102,IT_158,2023.12.2,0
ST_102,IT_158,2023.12.3,0
ST_102,IT_158,2023.12.4,0
ST_102,IT_158,2023.12.5,0
ST_102,IT_159,2023.12.1,12
ST_102,IT_159,2023.12.2,0
ST_102,IT_159,2023.12.3,0
ST_102,IT_159,2023.12.4,0
ST_102,IT_159,2023.12.5,0
ST_102,IT_160,2023.12.1,20
ST_102,IT_160,2023.12.2,0
ST_102,IT_160,2023.12.3,0
ST_102,IT_160,2023.12.4,0
ST_102,IT_160,2023.12.5,0
ST_102,IT_162,2023.12.1,8
ST_102,IT_162,2023.12.2,0
ST_102,IT_162,2023.12.3,0
ST_102,IT_162,2023.12.4,0
ST_102,IT_162,2023.12.5,0
ST_102,IT_163,2023.12.1,12
ST_102,IT_163,2023.12.2,0
ST_102,IT_163,2023.12.3,0
ST_102,IT_163,2023.12.4,0
ST_102,IT_163,2023.12.5,0
ST_102,IT_164,2023.12.1,0
ST_102,IT_164,2023.12.2,0
ST_102,IT_164,2023.12.3,0
ST_102,IT_164,2023.12.4,0
ST_102,IT_164,2023.12.5,0
ST_102,IT_165,2023.12.1,300
ST_102,IT_165,2023.12.2,0
ST_102,IT_165,2023.12.3,0
ST_102,IT_165,2023.12.4,0
ST_102,IT_165,2023.12.5,0
ST_102,IT_167,2023.12.1,0
ST_102,IT_167,2023.12.2,0
ST_102,IT_167,2023.12.3,0
ST_102,IT_167,2023.12.4,0
ST_102,IT_167,2023.12.5,0
ST_102,IT_168,2023.12.1,0
ST_102,IT_168,2023.12.2,0
ST_102,IT_168,2023.12.3,0
ST_102,IT_168,2023.12.4,0
ST_102,IT_168,2023.12.5,0
ST_102,IT_169,2023.12.1,0
ST_102,IT_169,2023.12.2,0
ST_102,IT_169,2023.12.3,0
ST_102,IT_169,2023.12.4,0
ST_102,IT_169,2023.12.5,0
ST_102,IT_170,2023.12.1,0
ST_102,IT_170,2023.12.2,0
ST_102,IT_170,2023.12.3,0
ST_102,IT_170,2023.12.4,0
ST_102,IT_170,2023.12.5,0
ST_102,IT_171,2023.12.1,0
ST_102,IT_171,2023.12.2,0
ST_102,IT_171,2023.12.3,0
ST_102,IT_171,2023.12.4,0
ST_102,IT_171,2023.12.5,0
ST_102,IT_101,2024.01.1,0
ST_102,IT_101,2024.01.2,0
ST_102,IT_101,2024.01.3,0
ST_102,IT_101,2024.01.4,0
ST_102,IT_101,2024.01.5,0
ST_102,IT_102,2024.01.1,7000
ST_102,IT_102,2024.01.2,0
ST_102,IT_102,2024.01.3,0
ST_102,IT_102,2024.01.4,0
ST_102,IT_102,2024.01.5,0
ST_102,IT_103,2024.01.1,7000
ST_102,IT_103,2024.01.2,0
ST_102,IT_103,2024.01.3,0
ST_102,IT_103,2024.01.4,0
ST_102,IT_103,2024.01.5,0
ST_102,IT_104,2024.01.1,0
ST_102,IT_104,2024.01.2,0
ST_102,IT_104,2024.01.3,0
ST_102,IT_104,2024.01.4,0
ST_102,IT_104,2024.01.5,0
ST_102,IT_105,2024.01.1,7000
ST_102,IT_105,2024.01.2,0
ST_102,IT_105,2024.01.3,0
ST_102,IT_105,2024.01.4,0
ST_102,IT_105,2024.01.5,0
ST_102,IT_106,2024.01.1,0
ST_102,IT_106,2024.01.2,0
ST_102,IT_106,2024.01.3,0
ST_102,IT_106,2024.01.4,0
ST_102,IT_106,2024.01.5,0
ST_102,IT_107,2024.01.1,8000
ST_102,IT_107,2024.01.2,0
ST_102,IT_107,2024.01.3,0
ST_102,IT_107,2024.01.4,0
ST_102,IT_107,2024.01.5,0
ST_102,IT_108,2024.01.1,0
ST_102,IT_108,2024.01.2,0
ST_102,IT_108,2024.01.3,0
ST_102,IT_108,2024.01.4,0
ST_102,IT_108,2024.01.5,0
ST_102,IT_109,2024.01.1,0
ST_102,IT_109,2024.01.2,0
ST_102,IT_109,2024.01.3,0
ST_102,IT_109,2024.01.4,0
ST_102,IT_109,2024.01.5,0
ST_102,IT_110,2024.01.1,0
ST_102,IT_110,2024.01.2,0
ST_102,IT_110,2024.01.3,0
ST_102,IT_110,2024.01.4,0
ST_102,IT_110,2024.01.5,0
ST_102,IT_111,2024.01.1,9000
ST_102,IT_111,2024.01.2,0
ST_102,IT_111,2024.01.3,0
ST_102,IT_111,2024.01.4,0
ST_102,IT_111,2024.01.5,0
ST_102,IT_112,2024.01.1,0
ST_102,IT_112,2024.01.2,0
ST_102,IT_112,2024.01.3,0
ST_102,IT_112,2024.01.4,0
ST_102,IT_112,2024.01.5,0
ST_102,IT_113,2024.01.1,0
ST_102,IT_113,2024.01.2,0
ST_102,IT_113,2024.01.3,0
ST_102,IT_113,2024.01.4,0
ST_102,IT_113,2024.01.5,0
ST_102,IT_114,2024.01.1,0
ST_102,IT_114,2024.01.2,0
ST_102,IT_114,2024.01.3,0
ST_102,IT_114,2024.01.4,0
ST_102,IT_114,2024.01.5,0
ST_102,IT_115,2024.01.1,0
ST_102,IT_115,2024.01.2,0
ST_102,IT_115,2024.01.3,0
ST_102,IT_115,2024.01.4,0
ST_102,IT_115,2024.01.5,0
ST_102,IT_116,2024.01.1,0
ST_102,IT_116,2024.01.2,0
ST_102,IT_116,2024.01.3,0
ST_102,IT_116,2024.01.4,0
ST_102,IT_116,2024.01.5,0
ST_102,IT_117,2024.01.1,0
ST_102,IT_117,2024.01.2,0
ST_102,IT_117,2024.01.3,0
ST_102,IT_117,2024.01.4,0
ST_102,IT_117,2024.01.5,0
ST_102,IT_118,2024.01.1,0
ST_102,IT_118,2024.01.2,0
ST_102,IT_118,2024.01.3,0
ST_102,IT_118,2024.01.4,0
ST_102,IT_118,2024.01.5,0
ST_102,IT_119,2024.01.1,0
ST_102,IT_119,2024.01.2,0
ST_102,IT_119,2024.01.3,0
ST_102,IT_119,2024.01.4,0
ST_102,IT_119,2024.01.5,0
ST_102,IT_120,2024.01.1,0
ST_102,IT_120,2024.01.2,0
ST_102,IT_120,2024.01.3,0
ST_102,IT_120,2024.01.4,0
ST_102,IT_120,2024.01.5,0
ST_102,IT_121,2024.01.1,0
ST_102,IT_121,2024.01.2,0
ST_102,IT_121,2024.01.3,0
ST_102,IT_121,2024.01.4,0
ST_102,IT_121,2024.01.5,0
ST_102,IT_122,2024.01.1,0
ST_102,IT_122,2024.01.2,0
ST_102,IT_122,2024.01.3,0
ST_102,IT_122,2024.01.4,0
ST_102,IT_122,2024.01.5,0
ST_102,IT_123,2024.01.1,0
ST_102,IT_123,2024.01.2,0
ST_102,IT_123,2024.01.3,0
ST_102,IT_123,2024.01.4,0
ST_102,IT_123,2024.01.5,0
ST_102,IT_124,2024.01.1,0
ST_102,IT_124,2024.01.2,0
ST_102,IT_124,2024.01.3,0
ST_102,IT_124,2024.01.4,0
ST_102,IT_124,2024.01.5,0
ST_102,IT_125,2024.01.1,12
ST_102,IT_125,2024.01.2,0
ST_102,IT_125,2024.01.3,0
ST_102,IT_125,2024.01.4,0
ST_102,IT_125,2024.01.5,0
ST_102,IT_126,2024.01.1,12
ST_102,IT_126,2024.01.2,0
ST_102,IT_126,2024.01.3,0
ST_102,IT_126,2024.01.4,0
ST_102,IT_126,2024.01.5,0
ST_102,IT_127,2024.01.1,0
ST_102,IT_127,2024.01.2,0
ST_102,IT_127,2024.01.3,0
ST_102,IT_127,2024.01.4,0
ST_102,IT_127,2024.01.5,0
ST_102,IT_129,2024.01.1,0
ST_102,IT_129,2024.01.2,0
ST_102,IT_129,2024.01.3,0
ST_102,IT_129,2024.01.4,0
ST_102,IT_129,2024.01.5,0
ST_102,IT_130,2024.01.1,0
ST_102,IT_130,2024.01.2,0
ST_102,IT_130,2024.01.3,0
ST_102,IT_130,2024.01.4,0
ST_102,IT_130,2024.01.5,0
ST_102,IT_132,2024.01.1,0
ST_102,IT_132,2024.01.2,0
ST_102,IT_132,2024.01.3,0
ST_102,IT_132,2024.01.4,0
ST_102,IT_132,2024.01.5,0
ST_102,IT_133,2024.01.1,24
ST_102,IT_133,2024.01.2,0
ST_102,IT_133,2024.01.3,0
ST_102,IT_133,2024.01.4,0
ST_102,IT_133,2024.01.5,0
ST_102,IT_134,2024.01.1,0
ST_102,IT_134,2024.01.2,0
ST_102,IT_134,2024.01.3,0
ST_102,IT_134,2024.01.4,0
ST_102,IT_134,2024.01.5,0
ST_102,IT_137,2024.01.1,0
ST_102,IT_137,2024.01.2,0
ST_102,IT_137,2024.01.3,0
ST_102,IT_137,2024.01.4,0
ST_102,IT_137,2024.01.5,0
ST_102,IT_138,2024.01.1,0
ST_102,IT_138,2024.01.2,0
ST_102,IT_138,2024.01.3,0
ST_102,IT_138,2024.01.4,0
ST_102,IT_138,2024.01.5,0
ST_102,IT_139,2024.01.1,0
ST_102,IT_139,2024.01.2,0
ST_102,IT_139,2024.01.3,0
ST_102,IT_139,2024.01.4,0
ST_102,IT_139,2024.01.5,0
ST_102,IT_140,2024.01.1,24
ST_102,IT_140,2024.01.2,0
ST_102,IT_140,2024.01.3,0
ST_102,IT_140,2024.01.4,0
ST_102,IT_140,2024.01.5,0
ST_102,IT_141,2024.01.1,0
ST_102,IT_141,2024.01.2,0
ST_102,IT_141,2024.01.3,0
ST_102,IT_141,2024.01.4,0
ST_102,IT_141,2024.01.5,0
ST_102,IT_142,2024.01.1,0
ST_102,IT_142,2024.01.2,0
ST_102,IT_142,2024.01.3,0
ST_102,IT_142,2024.01.4,0
ST_102,IT_142,2024.01.5,0
ST_102,IT_143,2024.01.1,0
ST_102,IT_143,2024.01.2,0
ST_102,IT_143,2024.01.3,0
ST_102,IT_143,2024.01.4,0
ST_102,IT_143,2024.01.5,0
ST_102,IT_144,2024.01.1,12
ST_102,IT_144,2024.01.2,0
ST_102,IT_144,2024.01.3,0
ST_102,IT_144,2024.01.4,0
ST_102,IT_144,2024.01.5,0
ST_102,IT_145,2024.01.1,24
ST_102,IT_145,2024.01.2,0
ST_102,IT_145,2024.01.3,0
ST_102,IT_145,2024.01.4,0
ST_102,IT_145,2024.01.5,0
ST_102,IT_146,2024.01.1,0
ST_102,IT_146,2024.01.2,0
ST_102,IT_146,2024.01.3,0
ST_102,IT_146,2024.01.4,0
ST_102,IT_146,2024.01.5,0
ST_102,IT_152,2024.01.1,24
ST_102,IT_152,2024.01.2,0
ST_102,IT_152,2024.01.3,0
ST_102,IT_152,2024.01.4,0
ST_102,IT_152,2024.01.5,0
ST_102,IT_153,2024.01.1,24
ST_102,IT_153,2024.01.2,0
ST_102,IT_153,2024.01.3,0
ST_102,IT_153,2024.01.4,0
ST_102,IT_153,2024.01.5,0
ST_102,IT_154,2024.01.1,18
ST_102,IT_154,2024.01.2,0
ST_102,IT_154,2024.01.3,0
ST_102,IT_154,2024.01.4,0
ST_102,IT_154,2024.01.5,0
ST_102,IT_155,2024.01.1,0
ST_102,IT_155,2024.01.2,0
ST_102,IT_155,2024.01.3,0
ST_102,IT_155,2024.01.4,0
ST_102,IT_155,2024.01.5,0
ST_102,IT_156,2024.01.1,0
ST_102,IT_156,2024.01.2,0
ST_102,IT_156,2024.01.3,0
ST_102,IT_156,2024.01.4,0
ST_102,IT_156,2024.01.5,0
ST_102,IT_157,2024.01.1,20
ST_102,IT_157,2024.01.2,0
ST_102,IT_157,2024.01.3,0
ST_102,IT_157,2024.01.4,0
ST_102,IT_157,2024.01.5,0
ST_102,IT_158,2024.01.1,30
ST_102,IT_158,2024.01.2,0
ST_102,IT_158,2024.01.3,0
ST_102,IT_158,2024.01.4,0
ST_102,IT_158,2024.01.5,0
ST_102,IT_159,2024.01.1,18
ST_102,IT_159,2024.01.2,0
ST_102,IT_159,2024.01.3,0
ST_102,IT_159,2024.01.4,0
ST_102,IT_159,2024.01.5,0
ST_102,IT_160,2024.01.1,20
ST_102,IT_160,2024.01.2,0
ST_102,IT_160,2024.01.3,0
ST_102,IT_160,2024.01.4,0
ST_102,IT_160,2024.01.5,0
ST_102,IT_162,2024.01.1,0
ST_102,IT_162,2024.01.2,0
ST_102,IT_162,2024.01.3,0
ST_102,IT_162,2024.01.4,0
ST_102,IT_162,2024.01.5,0
ST_102,IT_163,2024.01.1,0
ST_102,IT_163,2024.01.2,0
ST_102,IT_163,2024.01.3,0
ST_102,IT_163,2024.01.4,0
ST_102,IT_163,2024.01.5,0
ST_102,IT_164,2024.01.1,0
ST_102,IT_164,2024.01.2,0
ST_102,IT_164,2024.01.3,0
ST_102,IT_164,2024.01.4,0
ST_102,IT_164,2024.01.5,0
ST_102,IT_165,2024.01.1,200
ST_102,IT_165,2024.01.2,0
ST_102,IT_165,2024.01.3,0
ST_102,IT_165,2024.01.4,0
ST_102,IT_165,2024.01.5,0
ST_102,IT_167,2024.01.1,0
ST_102,IT_167,2024.01.2,0
ST_102,IT_167,2024.01.3,0
ST_102,IT_167,2024.01.4,0
ST_102,IT_167,2024.01.5,0
ST_102,IT_168,2024.01.1,50
ST_102,IT_168,2024.01.2,0
ST_102,IT_168,2024.01.3,0
ST_102,IT_168,2024.01.4,0
ST_102,IT_168,2024.01.5,0
ST_102,IT_169,2024.01.1,0
ST_102,IT_169,2024.01.2,0
ST_102,IT_169,2024.01.3,0
ST_102,IT_169,2024.01.4,0
ST_102,IT_169,2024.01.5,0
ST_102,IT_170,2024.01.1,30
ST_102,IT_170,2024.01.2,0
ST_102,IT_170,2024.01.3,0
ST_102,IT_170,2024.01.4,0
ST_102,IT_170,2024.01.5,0
ST_102,IT_171,2024.01.1,50
ST_102,IT_171,2024.01.2,0
ST_102,IT_171,2024.01.3,0
ST_102,IT_171,2024.01.4,0
ST_102,IT_171,2024.01.5,0
ST_102,IT_101,2024.02.1,0
ST_102,IT_101,2024.02.2,0
ST_102,IT_101,2024.02.3,0
ST_102,IT_101,2024.02.4,0
ST_102,IT_101,2024.02.5,0
ST_102,IT_102,2024.02.1,0
ST_102,IT_102,2024.02.2,0
ST_102,IT_102,2024.02.3,0
ST_102,IT_102,2024.02.4,0
ST_102,IT_102,2024.02.5,0
ST_102,IT_103,2024.02.1,0
ST_102,IT_103,2024.02.2,0
ST_102,IT_103,2024.02.3,6000
ST_102,IT_103,2024.02.4,0
ST_102,IT_103,2024.02.5,0
ST_102,IT_104,2024.02.1,0
ST_102,IT_104,2024.02.2,0
ST_102,IT_104,2024.02.3,0
ST_102,IT_104,2024.02.4,0
ST_102,IT_104,2024.02.5,0
ST_102,IT_105,2024.02.1,0
ST_102,IT_105,2024.02.2,0
ST_102,IT_105,2024.02.3,14000
ST_102,IT_105,2024.02.4,0
ST_102,IT_105,2024.02.5,0
ST_102,IT_106,2024.02.1,0
ST_102,IT_106,2024.02.2,0
ST_102,IT_106,2024.02.3,3000
ST_102,IT_106,2024.02.4,0
ST_102,IT_106,2024.02.5,0
ST_102,IT_107,2024.02.1,0
ST_102,IT_107,2024.02.2,0
ST_102,IT_107,2024.02.3,13000
ST_102,IT_107,2024.02.4,0
ST_102,IT_107,2024.02.5,0
ST_102,IT_108,2024.02.1,0
ST_102,IT_108,2024.02.2,0
ST_102,IT_108,2024.02.3,3000
ST_102,IT_108,2024.02.4,0
ST_102,IT_108,2024.02.5,0
ST_102,IT_109,2024.02.1,0
ST_102,IT_109,2024.02.2,0
ST_102,IT_109,2024.02.3,0
ST_102,IT_109,2024.02.4,0
ST_102,IT_109,2024.02.5,0
ST_102,IT_110,2024.02.1,0
ST_102,IT_110,2024.02.2,0
ST_102,IT_110,2024.02.3,0
ST_102,IT_110,2024.02.4,0
ST_102,IT_110,2024.02.5,0
ST_102,IT_111,2024.02.1,0
ST_102,IT_111,2024.02.2,0
ST_102,IT_111,2024.02.3,20000
ST_102,IT_111,2024.02.4,0
ST_102,IT_111,2024.02.5,0
ST_102,IT_112,2024.02.1,0
ST_102,IT_112,2024.02.2,0
ST_102,IT_112,2024.02.3,20000
ST_102,IT_112,2024.02.4,0
ST_102,IT_112,2024.02.5,0
ST_102,IT_113,2024.02.1,0
ST_102,IT_113,2024.02.2,0
ST_102,IT_113,2024.02.3,0
ST_102,IT_113,2024.02.4,0
ST_102,IT_113,2024.02.5,0
ST_102,IT_114,2024.02.1,0
ST_102,IT_114,2024.02.2,0
ST_102,IT_114,2024.02.3,0
ST_102,IT_114,2024.02.4,0
ST_102,IT_114,2024.02.5,0
ST_102,IT_115,2024.02.1,0
ST_102,IT_115,2024.02.2,0
ST_102,IT_115,2024.02.3,0
ST_102,IT_115,2024.02.4,0
ST_102,IT_115,2024.02.5,0
ST_102,IT_116,2024.02.1,0
ST_102,IT_116,2024.02.2,0
ST_102,IT_116,2024.02.3,0
ST_102,IT_116,2024.02.4,0
ST_102,IT_116,2024.02.5,0
ST_102,IT_117,2024.02.1,0
ST_102,IT_117,2024.02.2,0
ST_102,IT_117,2024.02.3,3200
ST_102,IT_117,2024.02.4,0
ST_102,IT_117,2024.02.5,0
ST_102,IT_118,2024.02.1,0
ST_102,IT_118,2024.02.2,0
ST_102,IT_118,2024.02.3,1000
ST_102,IT_118,2024.02.4,0
ST_102,IT_118,2024.02.5,0
ST_102,IT_119,2024.02.1,0
ST_102,IT_119,2024.02.2,0
ST_102,IT_119,2024.02.3,0
ST_102,IT_119,2024.02.4,0
ST_102,IT_119,2024.02.5,0
ST_102,IT_120,2024.02.1,0
ST_102,IT_120,2024.02.2,0
ST_102,IT_120,2024.02.3,0
ST_102,IT_120,2024.02.4,0
ST_102,IT_120,2024.02.5,0
ST_102,IT_121,2024.02.1,0
ST_102,IT_121,2024.02.2,0
ST_102,IT_121,2024.02.3,0
ST_102,IT_121,2024.02.4,0
ST_102,IT_121,2024.02.5,0
ST_102,IT_122,2024.02.1,0
ST_102,IT_122,2024.02.2,0
ST_102,IT_122,2024.02.3,0
ST_102,IT_122,2024.02.4,0
ST_102,IT_122,2024.02.5,0
ST_102,IT_123,2024.02.1,0
ST_102,IT_123,2024.02.2,0
ST_102,IT_123,2024.02.3,0
ST_102,IT_123,2024.02.4,0
ST_102,IT_123,2024.02.5,0
ST_102,IT_124,2024.02.1,0
ST_102,IT_124,2024.02.2,0
ST_102,IT_124,2024.02.3,24
ST_102,IT_124,2024.02.4,0
ST_102,IT_124,2024.02.5,0
ST_102,IT_125,2024.02.1,0
ST_102,IT_125,2024.02.2,0
ST_102,IT_125,2024.02.3,12
ST_102,IT_125,2024.02.4,0
ST_102,IT_125,2024.02.5,0
ST_102,IT_126,2024.02.1,0
ST_102,IT_126,2024.02.2,0
ST_102,IT_126,2024.02.3,48
ST_102,IT_126,2024.02.4,0
ST_102,IT_126,2024.02.5,0
ST_102,IT_127,2024.02.1,0
ST_102,IT_127,2024.02.2,0
ST_102,IT_127,2024.02.3,0
ST_102,IT_127,2024.02.4,0
ST_102,IT_127,2024.02.5,0
ST_102,IT_128,2024.02.1,0
ST_102,IT_128,2024.02.2,0
ST_102,IT_128,2024.02.3,30
ST_102,IT_128,2024.02.4,0
ST_102,IT_128,2024.02.5,0
ST_102,IT_129,2024.02.1,0
ST_102,IT_129,2024.02.2,0
ST_102,IT_129,2024.02.3,200
ST_102,IT_129,2024.02.4,0
ST_102,IT_129,2024.02.5,0
ST_102,IT_130,2024.02.1,0
ST_102,IT_130,2024.02.2,0
ST_102,IT_130,2024.02.3,180
ST_102,IT_130,2024.02.4,0
ST_102,IT_130,2024.02.5,0
ST_102,IT_132,2024.02.1,0
ST_102,IT_132,2024.02.2,0
ST_102,IT_132,2024.02.3,84
ST_102,IT_132,2024.02.4,0
ST_102,IT_132,2024.02.5,0
ST_102,IT_133,2024.02.1,0
ST_102,IT_133,2024.02.2,0
ST_102,IT_133,2024.02.3,88
ST_102,IT_133,2024.02.4,0
ST_102,IT_133,2024.02.5,0
ST_102,IT_134,2024.02.1,0
ST_102,IT_134,2024.02.2,0
ST_102,IT_134,2024.02.3,24
ST_102,IT_134,2024.02.4,0
ST_102,IT_134,2024.02.5,0
ST_102,IT_137,2024.02.1,0
ST_102,IT_137,2024.02.2,0
ST_102,IT_137,2024.02.3,0
ST_102,IT_137,2024.02.4,0
ST_102,IT_137,2024.02.5,0
ST_102,IT_138,2024.02.1,0
ST_102,IT_138,2024.02.2,0
ST_102,IT_138,2024.02.3,0
ST_102,IT_138,2024.02.4,0
ST_102,IT_138,2024.02.5,0
ST_102,IT_139,2024.02.1,0
ST_102,IT_139,2024.02.2,0
ST_102,IT_139,2024.02.3,12
ST_102,IT_139,2024.02.4,0
ST_102,IT_139,2024.02.5,0
ST_102,IT_140,2024.02.1,0
ST_102,IT_140,2024.02.2,0
ST_102,IT_140,2024.02.3,36
ST_102,IT_140,2024.02.4,0
ST_102,IT_140,2024.02.5,0
ST_102,IT_141,2024.02.1,0
ST_102,IT_141,2024.02.2,0
ST_102,IT_141,2024.02.3,36
ST_102,IT_141,2024.02.4,0
ST_102,IT_141,2024.02.5,0
ST_102,IT_142,2024.02.1,0
ST_102,IT_142,2024.02.2,0
ST_102,IT_142,2024.02.3,36
ST_102,IT_142,2024.02.4,0
ST_102,IT_142,2024.02.5,0
ST_102,IT_143,2024.02.1,0
ST_102,IT_143,2024.02.2,0
ST_102,IT_143,2024.02.3,12
ST_102,IT_143,2024.02.4,0
ST_102,IT_143,2024.02.5,0
ST_102,IT_144,2024.02.1,0
ST_102,IT_144,2024.02.2,0
ST_102,IT_144,2024.02.3,0
ST_102,IT_144,2024.02.4,0
ST_102,IT_144,2024.02.5,0
ST_102,IT_145,2024.02.1,0
ST_102,IT_145,2024.02.2,0
ST_102,IT_145,2024.02.3,6
ST_102,IT_145,2024.02.4,0
ST_102,IT_145,2024.02.5,0
ST_102,IT_146,2024.02.1,0
ST_102,IT_146,2024.02.2,0
ST_102,IT_146,2024.02.3,12
ST_102,IT_146,2024.02.4,0
ST_102,IT_146,2024.02.5,0
ST_102,IT_152,2024.02.1,0
ST_102,IT_152,2024.02.2,0
ST_102,IT_152,2024.02.3,12
ST_102,IT_152,2024.02.4,0
ST_102,IT_152,2024.02.5,0
ST_102,IT_153,2024.02.1,0
ST_102,IT_153,2024.02.2,0
ST_102,IT_153,2024.02.3,12
ST_102,IT_153,2024.02.4,0
ST_102,IT_153,2024.02.5,0
ST_102,IT_154,2024.02.1,0
ST_102,IT_154,2024.02.2,0
ST_102,IT_154,2024.02.3,42
ST_102,IT_154,2024.02.4,0
ST_102,IT_154,2024.02.5,0
ST_102,IT_155,2024.02.1,0
ST_102,IT_155,2024.02.2,0
ST_102,IT_155,2024.02.3,24
ST_102,IT_155,2024.02.4,0
ST_102,IT_155,2024.02.5,0
ST_102,IT_156,2024.02.1,0
ST_102,IT_156,2024.02.2,0
ST_102,IT_156,2024.02.3,24
ST_102,IT_156,2024.02.4,0
ST_102,IT_156,2024.02.5,0
ST_102,IT_157,2024.02.1,0
ST_102,IT_157,2024.02.2,0
ST_102,IT_157,2024.02.3,60
ST_102,IT_157,2024.02.4,0
ST_102,IT_157,2024.02.5,0
ST_102,IT_158,2024.02.1,0
ST_102,IT_158,2024.02.2,0
ST_102,IT_158,2024.02.3,42
ST_102,IT_158,2024.02.4,0
ST_102,IT_158,2024.02.5,0
ST_102,IT_159,2024.02.1,0
ST_102,IT_159,2024.02.2,0
ST_102,IT_159,2024.02.3,24
ST_102,IT_159,2024.02.4,0
ST_102,IT_159,2024.02.5,0
ST_102,IT_160,2024.02.1,0
ST_102,IT_160,2024.02.2,0
ST_102,IT_160,2024.02.3,0
ST_102,IT_160,2024.02.4,0
ST_102,IT_160,2024.02.5,0
ST_102,IT_162,2024.02.1,0
ST_102,IT_162,2024.02.2,0
ST_102,IT_162,2024.02.3,8
ST_102,IT_162,2024.02.4,0
ST_102,IT_162,2024.02.5,0
ST_102,IT_163,2024.02.1,0
ST_102,IT_163,2024.02.2,0
ST_102,IT_163,2024.02.3,8
ST_102,IT_163,2024.02.4,0
ST_102,IT_163,2024.02.5,0
ST_102,IT_164,2024.02.1,0
ST_102,IT_164,2024.02.2,0
ST_102,IT_164,2024.02.3,36
ST_102,IT_164,2024.02.4,0
ST_102,IT_164,2024.02.5,0
ST_102,IT_165,2024.02.1,0
ST_102,IT_165,2024.02.2,0
ST_102,IT_165,2024.02.3,400
ST_102,IT_165,2024.02.4,0
ST_102,IT_165,2024.02.5,0
ST_102,IT_167,2024.02.1,0
ST_102,IT_167,2024.02.2,0
ST_102,IT_167,2024.02.3,40
ST_102,IT_167,2024.02.4,0
ST_102,IT_167,2024.02.5,0
ST_102,IT_168,2024.02.1,0
ST_102,IT_168,2024.02.2,0
ST_102,IT_168,2024.02.3,0
ST_102,IT_168,2024.02.4,0
ST_102,IT_168,2024.02.5,0
ST_102,IT_169,2024.02.1,0
ST_102,IT_169,2024.02.2,0
ST_102,IT_169,2024.02.3,0
ST_102,IT_169,2024.02.4,0
ST_102,IT_169,2024.02.5,0
ST_102,IT_170,2024.02.1,0
ST_102,IT_170,2024.02.2,0
ST_102,IT_170,2024.02.3,0
ST_102,IT_170,2024.02.4,0
ST_102,IT_170,2024.02.5,0
ST_102,IT_171,2024.02.1,0
ST_102,IT_171,2024.02.2,0
ST_102,IT_171,2024.02.3,0
ST_102,IT_171,2024.02.4,0
ST_102,IT_171,2024.02.5,0
ST_102,IT_101,2024.03.1,0
ST_102,IT_101,2024.03.2,0
ST_102,IT_101,2024.03.3,0
ST_102,IT_101,2024.03.4,0
ST_102,IT_101,2024.03.5,0
ST_102,IT_102,2024.03.1,0
ST_102,IT_102,2024.03.2,0
ST_102,IT_102,2024.03.3,6000
ST_102,IT_102,2024.03.4,0
ST_102,IT_102,2024.03.5,0
ST_102,IT_103,2024.03.1,0
ST_102,IT_103,2024.03.2,0
ST_102,IT_103,2024.03.3,0
ST_102,IT_103,2024.03.4,0
ST_102,IT_103,2024.03.5,0
ST_102,IT_104,2024.03.1,0
ST_102,IT_104,2024.03.2,0
ST_102,IT_104,2024.03.3,0
ST_102,IT_104,2024.03.4,0
ST_102,IT_104,2024.03.5,0
ST_102,IT_105,2024.03.1,0
ST_102,IT_105,2024.03.2,0
ST_102,IT_105,2024.03.3,5000
ST_102,IT_105,2024.03.4,7000
ST_102,IT_105,2024.03.5,0
ST_102,IT_106,2024.03.1,0
ST_102,IT_106,2024.03.2,0
ST_102,IT_106,2024.03.3,0
ST_102,IT_106,2024.03.4,0
ST_102,IT_106,2024.03.5,0
ST_102,IT_107,2024.03.1,0
ST_102,IT_107,2024.03.2,0
ST_102,IT_107,2024.03.3,6000
ST_102,IT_107,2024.03.4,8000
ST_102,IT_107,2024.03.5,0
ST_102,IT_108,2024.03.1,0
ST_102,IT_108,2024.03.2,0
ST_102,IT_108,2024.03.3,0
ST_102,IT_108,2024.03.4,0
ST_102,IT_108,2024.03.5,0
ST_102,IT_109,2024.03.1,0
ST_102,IT_109,2024.03.2,0
ST_102,IT_109,2024.03.3,0
ST_102,IT_109,2024.03.4,0
ST_102,IT_109,2024.03.5,0
ST_102,IT_110,2024.03.1,0
ST_102,IT_110,2024.03.2,0
ST_102,IT_110,2024.03.3,0
ST_102,IT_110,2024.03.4,0
ST_102,IT_110,2024.03.5,0
ST_102,IT_111,2024.03.1,0
ST_102,IT_111,2024.03.2,0
ST_102,IT_111,2024.03.3,7000
ST_102,IT_111,2024.03.4,15000
ST_102,IT_111,2024.03.5,0
ST_102,IT_112,2024.03.1,0
ST_102,IT_112,2024.03.2,0
ST_102,IT_112,2024.03.3,0
ST_102,IT_112,2024.03.4,0
ST_102,IT_112,2024.03.5,0
ST_102,IT_113,2024.03.1,0
ST_102,IT_113,2024.03.2,0
ST_102,IT_113,2024.03.3,0
ST_102,IT_113,2024.03.4,0
ST_102,IT_113,2024.03.5,0
ST_102,IT_114,2024.03.1,0
ST_102,IT_114,2024.03.2,0
ST_102,IT_114,2024.03.3,0
ST_102,IT_114,2024.03.4,10000
ST_102,IT_114,2024.03.5,0
ST_102,IT_115,2024.03.1,0
ST_102,IT_115,2024.03.2,0
ST_102,IT_115,2024.03.3,0
ST_102,IT_115,2024.03.4,0
ST_102,IT_115,2024.03.5,0
ST_102,IT_116,2024.03.1,0
ST_102,IT_116,2024.03.2,0
ST_102,IT_116,2024.03.3,0
ST_102,IT_116,2024.03.4,0
ST_102,IT_116,2024.03.5,0
ST_102,IT_117,2024.03.1,0
ST_102,IT_117,2024.03.2,0
ST_102,IT_117,2024.03.3,0
ST_102,IT_117,2024.03.4,0
ST_102,IT_117,2024.03.5,0
ST_102,IT_118,2024.03.1,0
ST_102,IT_118,2024.03.2,0
ST_102,IT_118,2024.03.3,400
ST_102,IT_118,2024.03.4,400
ST_102,IT_118,2024.03.5,0
ST_102,IT_119,2024.03.1,0
ST_102,IT_119,2024.03.2,0
ST_102,IT_119,2024.03.3,0
ST_102,IT_119,2024.03.4,0
ST_102,IT_119,2024.03.5,0
ST_102,IT_120,2024.03.1,0
ST_102,IT_120,2024.03.2,0
ST_102,IT_120,2024.03.3,0
ST_102,IT_120,2024.03.4,0
ST_102,IT_120,2024.03.5,0
ST_102,IT_121,2024.03.1,0
ST_102,IT_121,2024.03.2,0
ST_102,IT_121,2024.03.3,0
ST_102,IT_121,2024.03.4,0
ST_102,IT_121,2024.03.5,0
ST_102,IT_122,2024.03.1,0
ST_102,IT_122,2024.03.2,0
ST_102,IT_122,2024.03.3,0
ST_102,IT_122,2024.03.4,0
ST_102,IT_122,2024.03.5,0
ST_102,IT_123,2024.03.1,0
ST_102,IT_123,2024.03.2,0
ST_102,IT_123,2024.03.3,0
ST_102,IT_123,2024.03.4,0
ST_102,IT_123,2024.03.5,0
ST_102,IT_124,2024.03.1,0
ST_102,IT_124,2024.03.2,0
ST_102,IT_124,2024.03.3,0
ST_102,IT_124,2024.03.4,24
ST_102,IT_124,2024.03.5,0
ST_102,IT_125,2024.03.1,0
ST_102,IT_125,2024.03.2,0
ST_102,IT_125,2024.03.3,36
ST_102,IT_125,2024.03.4,24
ST_102,IT_125,2024.03.5,0
ST_102,IT_126,2024.03.1,0
ST_102,IT_126,2024.03.2,0
ST_102,IT_126,2024.03.3,0
ST_102,IT_126,2024.03.4,24
ST_102,IT_126,2024.03.5,0
ST_102,IT_127,2024.03.1,0
ST_102,IT_127,2024.03.2,0
ST_102,IT_127,2024.03.3,0
ST_102,IT_127,2024.03.4,0
ST_102,IT_127,2024.03.5,0
ST_102,IT_128,2024.03.1,0
ST_102,IT_128,2024.03.2,0
ST_102,IT_128,2024.03.3,0
ST_102,IT_128,2024.03.4,18
ST_102,IT_128,2024.03.5,0
ST_102,IT_129,2024.03.1,0
ST_102,IT_129,2024.03.2,0
ST_102,IT_129,2024.03.3,0
ST_102,IT_129,2024.03.4,0
ST_102,IT_129,2024.03.5,0
ST_102,IT_130,2024.03.1,0
ST_102,IT_130,2024.03.2,0
ST_102,IT_130,2024.03.3,0
ST_102,IT_130,2024.03.4,204
ST_102,IT_130,2024.03.5,0
ST_102,IT_132,2024.03.1,0
ST_102,IT_132,2024.03.2,0
ST_102,IT_132,2024.03.3,0
ST_102,IT_132,2024.03.4,120
ST_102,IT_132,2024.03.5,0
ST_102,IT_133,2024.03.1,0
ST_102,IT_133,2024.03.2,0
ST_102,IT_133,2024.03.3,16
ST_102,IT_133,2024.03.4,0
ST_102,IT_133,2024.03.5,0
ST_102,IT_134,2024.03.1,0
ST_102,IT_134,2024.03.2,0
ST_102,IT_134,2024.03.3,16
ST_102,IT_134,2024.03.4,0
ST_102,IT_134,2024.03.5,0
ST_102,IT_135,2024.03.1,0
ST_102,IT_135,2024.03.2,0
ST_102,IT_135,2024.03.3,0
ST_102,IT_135,2024.03.4,40
ST_102,IT_135,2024.03.5,0
ST_102,IT_136,2024.03.1,0
ST_102,IT_136,2024.03.2,0
ST_102,IT_136,2024.03.3,0
ST_102,IT_136,2024.03.4,0
ST_102,IT_136,2024.03.5,0
ST_102,IT_137,2024.03.1,0
ST_102,IT_137,2024.03.2,0
ST_102,IT_137,2024.03.3,0
ST_102,IT_137,2024.03.4,0
ST_102,IT_137,2024.03.5,0
ST_102,IT_138,2024.03.1,0
ST_102,IT_138,2024.03.2,0
ST_102,IT_138,2024.03.3,0
ST_102,IT_138,2024.03.4,0
ST_102,IT_138,2024.03.5,0
ST_102,IT_139,2024.03.1,0
ST_102,IT_139,2024.03.2,0
ST_102,IT_139,2024.03.3,0
ST_102,IT_139,2024.03.4,0
ST_102,IT_139,2024.03.5,0
ST_102,IT_140,2024.03.1,0
ST_102,IT_140,2024.03.2,0
ST_102,IT_140,2024.03.3,0
ST_102,IT_140,2024.03.4,24
ST_102,IT_140,2024.03.5,0
ST_102,IT_141,2024.03.1,0
ST_102,IT_141,2024.03.2,0
ST_102,IT_141,2024.03.3,0
ST_102,IT_141,2024.03.4,12
ST_102,IT_141,2024.03.5,0
ST_102,IT_142,2024.03.1,0
ST_102,IT_142,2024.03.2,0
ST_102,IT_142,2024.03.3,0
ST_102,IT_142,2024.03.4,24
ST_102,IT_142,2024.03.5,0
ST_102,IT_143,2024.03.1,0
ST_102,IT_143,2024.03.2,0
ST_102,IT_143,2024.03.3,0
ST_102,IT_143,2024.03.4,0
ST_102,IT_143,2024.03.5,0
ST_102,IT_144,2024.03.1,0
ST_102,IT_144,2024.03.2,0
ST_102,IT_144,2024.03.3,0
ST_102,IT_144,2024.03.4,0
ST_102,IT_144,2024.03.5,0
ST_102,IT_145,2024.03.1,0
ST_102,IT_145,2024.03.2,0
ST_102,IT_145,2024.03.3,0
ST_102,IT_145,2024.03.4,24
ST_102,IT_145,2024.03.5,0
ST_102,IT_146,2024.03.1,0
ST_102,IT_146,2024.03.2,0
ST_102,IT_146,2024.03.3,0
ST_102,IT_146,2024.03.4,0
ST_102,IT_146,2024.03.5,0
ST_102,IT_152,2024.03.1,0
ST_102,IT_152,2024.03.2,0
ST_102,IT_152,2024.03.3,0
ST_102,IT_152,2024.03.4,0
ST_102,IT_152,2024.03.5,0
ST_102,IT_153,2024.03.1,0
ST_102,IT_153,2024.03.2,0
ST_102,IT_153,2024.03.3,0
ST_102,IT_153,2024.03.4,12
ST_102,IT_153,2024.03.5,0
ST_102,IT_154,2024.03.1,0
ST_102,IT_154,2024.03.2,0
ST_102,IT_154,2024.03.3,0
ST_102,IT_154,2024.03.4,36
ST_102,IT_154,2024.03.5,0
ST_102,IT_155,2024.03.1,0
ST_102,IT_155,2024.03.2,0
ST_102,IT_155,2024.03.3,0
ST_102,IT_155,2024.03.4,24
ST_102,IT_155,2024.03.5,0
ST_102,IT_156,2024.03.1,0
ST_102,IT_156,2024.03.2,0
ST_102,IT_156,2024.03.3,0
ST_102,IT_156,2024.03.4,12
ST_102,IT_156,2024.03.5,0
ST_102,IT_157,2024.03.1,0
ST_102,IT_157,2024.03.2,0
ST_102,IT_157,2024.03.3,0
ST_102,IT_157,2024.03.4,40
ST_102,IT_157,2024.03.5,0
ST_102,IT_158,2024.03.1,0
ST_102,IT_158,2024.03.2,0
ST_102,IT_158,2024.03.3,0
ST_102,IT_158,2024.03.4,30
ST_102,IT_158,2024.03.5,0
ST_102,IT_159,2024.03.1,0
ST_102,IT_159,2024.03.2,0
ST_102,IT_159,2024.03.3,12
ST_102,IT_159,2024.03.4,6
ST_102,IT_159,2024.03.5,0
ST_102,IT_160,2024.03.1,0
ST_102,IT_160,2024.03.2,0
ST_102,IT_160,2024.03.3,20
ST_102,IT_160,2024.03.4,20
ST_102,IT_160,2024.03.5,0
ST_102,IT_162,2024.03.1,0
ST_102,IT_162,2024.03.2,0
ST_102,IT_162,2024.03.3,12
ST_102,IT_162,2024.03.4,0
ST_102,IT_162,2024.03.5,0
ST_102,IT_163,2024.03.1,0
ST_102,IT_163,2024.03.2,0
ST_102,IT_163,2024.03.3,12
ST_102,IT_163,2024.03.4,0
ST_102,IT_163,2024.03.5,0
ST_102,IT_164,2024.03.1,0
ST_102,IT_164,2024.03.2,0
ST_102,IT_164,2024.03.3,0
ST_102,IT_164,2024.03.4,12
ST_102,IT_164,2024.03.5,0
ST_102,IT_165,2024.03.1,0
ST_102,IT_165,2024.03.2,0
ST_102,IT_165,2024.03.3,0
ST_102,IT_165,2024.03.4,400
ST_102,IT_165,2024.03.5,0
ST_102,IT_167,2024.03.1,0
ST_102,IT_167,2024.03.2,0
ST_102,IT_167,2024.03.3,0
ST_102,IT_167,2024.03.4,0
ST_102,IT_167,2024.03.5,0
ST_102,IT_168,2024.03.1,0
ST_102,IT_168,2024.03.2,0
ST_102,IT_168,2024.03.3,0
ST_102,IT_168,2024.03.4,0
ST_102,IT_168,2024.03.5,0
ST_102,IT_169,2024.03.1,0
ST_102,IT_169,2024.03.2,0
ST_102,IT_169,2024.03.3,0
ST_102,IT_169,2024.03.4,0
ST_102,IT_169,2024.03.5,0
ST_102,IT_170,2024.03.1,0
ST_102,IT_170,2024.03.2,0
ST_102,IT_170,2024.03.3,0
ST_102,IT_170,2024.03.4,0
ST_102,IT_170,2024.03.5,0
ST_102,IT_171,2024.03.1,0
ST_102,IT_171,2024.03.2,0
ST_102,IT_171,2024.03.3,0
ST_102,IT_171,2024.03.4,0
ST_102,IT_171,2024.03.5,0
ST_102,IT_101,2024.04.1,0
ST_102,IT_101,2024.04.2,0
ST_102,IT_101,2024.04.3,0
ST_102,IT_101,2024.04.4,0
ST_102,IT_101,2024.04.5,0
ST_102,IT_102,2024.04.1,0
ST_102,IT_102,2024.04.2,0
ST_102,IT_102,2024.04.3,2000
ST_102,IT_102,2024.04.4,0
ST_102,IT_102,2024.04.5,0
ST_102,IT_103,2024.04.1,0
ST_102,IT_103,2024.04.2,0
ST_102,IT_103,2024.04.3,2000
ST_102,IT_103,2024.04.4,0
ST_102,IT_103,2024.04.5,0
ST_102,IT_104,2024.04.1,0
ST_102,IT_104,2024.04.2,0
ST_102,IT_104,2024.04.3,0
ST_102,IT_104,2024.04.4,0
ST_102,IT_104,2024.04.5,0
ST_102,IT_105,2024.04.1,0
ST_102,IT_105,2024.04.2,0
ST_102,IT_105,2024.04.3,18000
ST_102,IT_105,2024.04.4,0
ST_102,IT_105,2024.04.5,0
ST_102,IT_106,2024.04.1,0
ST_102,IT_106,2024.04.2,0
ST_102,IT_106,2024.04.3,7000
ST_102,IT_106,2024.04.4,0
ST_102,IT_106,2024.04.5,0
ST_102,IT_107,2024.04.1,0
ST_102,IT_107,2024.04.2,0
ST_102,IT_107,2024.04.3,15000
ST_102,IT_107,2024.04.4,0
ST_102,IT_107,2024.04.5,0
ST_102,IT_108,2024.04.1,0
ST_102,IT_108,2024.04.2,0
ST_102,IT_108,2024.04.3,4000
ST_102,IT_108,2024.04.4,0
ST_102,IT_108,2024.04.5,0
ST_102,IT_109,2024.04.1,0
ST_102,IT_109,2024.04.2,0
ST_102,IT_109,2024.04.3,0
ST_102,IT_109,2024.04.4,0
ST_102,IT_109,2024.04.5,0
ST_102,IT_110,2024.04.1,0
ST_102,IT_110,2024.04.2,0
ST_102,IT_110,2024.04.3,0
ST_102,IT_110,2024.04.4,0
ST_102,IT_110,2024.04.5,0
ST_102,IT_111,2024.04.1,0
ST_102,IT_111,2024.04.2,0
ST_102,IT_111,2024.04.3,16000
ST_102,IT_111,2024.04.4,0
ST_102,IT_111,2024.04.5,0
ST_102,IT_112,2024.04.1,0
ST_102,IT_112,2024.04.2,0
ST_102,IT_112,2024.04.3,10000
ST_102,IT_112,2024.04.4,0
ST_102,IT_112,2024.04.5,0
ST_102,IT_113,2024.04.1,0
ST_102,IT_113,2024.04.2,0
ST_102,IT_113,2024.04.3,3200
ST_102,IT_113,2024.04.4,0
ST_102,IT_113,2024.04.5,0
ST_102,IT_114,2024.04.1,0
ST_102,IT_114,2024.04.2,0
ST_102,IT_114,2024.04.3,0
ST_102,IT_114,2024.04.4,0
ST_102,IT_114,2024.04.5,0
ST_102,IT_115,2024.04.1,0
ST_102,IT_115,2024.04.2,0
ST_102,IT_115,2024.04.3,0
ST_102,IT_115,2024.04.4,0
ST_102,IT_115,2024.04.5,0
ST_102,IT_116,2024.04.1,0
ST_102,IT_116,2024.04.2,0
ST_102,IT_116,2024.04.3,0
ST_102,IT_116,2024.04.4,0
ST_102,IT_116,2024.04.5,0
ST_102,IT_117,2024.04.1,0
ST_102,IT_117,2024.04.2,0
ST_102,IT_117,2024.04.3,0
ST_102,IT_117,2024.04.4,0
ST_102,IT_117,2024.04.5,0
ST_102,IT_118,2024.04.1,0
ST_102,IT_118,2024.04.2,0
ST_102,IT_118,2024.04.3,1000
ST_102,IT_118,2024.04.4,0
ST_102,IT_118,2024.04.5,0
ST_102,IT_119,2024.04.1,0
ST_102,IT_119,2024.04.2,0
ST_102,IT_119,2024.04.3,40000
ST_102,IT_119,2024.04.4,0
ST_102,IT_119,2024.04.5,0
ST_102,IT_120,2024.04.1,0
ST_102,IT_120,2024.04.2,0
ST_102,IT_120,2024.04.3,0
ST_102,IT_120,2024.04.4,0
ST_102,IT_120,2024.04.5,0
ST_102,IT_121,2024.04.1,0
ST_102,IT_121,2024.04.2,0
ST_102,IT_121,2024.04.3,0
ST_102,IT_121,2024.04.4,0
ST_102,IT_121,2024.04.5,0
ST_102,IT_122,2024.04.1,0
ST_102,IT_122,2024.04.2,0
ST_102,IT_122,2024.04.3,0
ST_102,IT_122,2024.04.4,0
ST_102,IT_122,2024.04.5,0
ST_102,IT_123,2024.04.1,0
ST_102,IT_123,2024.04.2,0
ST_102,IT_123,2024.04.3,0
ST_102,IT_123,2024.04.4,0
ST_102,IT_123,2024.04.5,0
ST_102,IT_124,2024.04.1,0
ST_102,IT_124,2024.04.2,0
ST_102,IT_124,2024.04.3,0
ST_102,IT_124,2024.04.4,0
ST_102,IT_124,2024.04.5,0
ST_102,IT_125,2024.04.1,0
ST_102,IT_125,2024.04.2,0
ST_102,IT_125,2024.04.3,0
ST_102,IT_125,2024.04.4,0
ST_102,IT_125,2024.04.5,0
ST_102,IT_126,2024.04.1,0
ST_102,IT_126,2024.04.2,0
ST_102,IT_126,2024.04.3,0
ST_102,IT_126,2024.04.4,0
ST_102,IT_126,2024.04.5,0
ST_102,IT_127,2024.04.1,0
ST_102,IT_127,2024.04.2,0
ST_102,IT_127,2024.04.3,0
ST_102,IT_127,2024.04.4,0
ST_102,IT_127,2024.04.5,0
ST_102,IT_128,2024.04.1,0
ST_102,IT_128,2024.04.2,0
ST_102,IT_128,2024.04.3,18
ST_102,IT_128,2024.04.4,0
ST_102,IT_128,2024.04.5,0
ST_102,IT_129,2024.04.1,0
ST_102,IT_129,2024.04.2,0
ST_102,IT_129,2024.04.3,60
ST_102,IT_129,2024.04.4,0
ST_102,IT_129,2024.04.5,0
ST_102,IT_130,2024.04.1,0
ST_102,IT_130,2024.04.2,0
ST_102,IT_130,2024.04.3,60
ST_102,IT_130,2024.04.4,0
ST_102,IT_130,2024.04.5,72
ST_102,IT_131,2024.04.1,0
ST_102,IT_131,2024.04.2,0
ST_102,IT_131,2024.04.3,0
ST_102,IT_131,2024.04.4,0
ST_102,IT_131,2024.04.5,0
ST_102,IT_132,2024.04.1,0
ST_102,IT_132,2024.04.2,0
ST_102,IT_132,2024.04.3,60
ST_102,IT_132,2024.04.4,0
ST_102,IT_132,2024.04.5,0
ST_102,IT_133,2024.04.1,0
ST_102,IT_133,2024.04.2,0
ST_102,IT_133,2024.04.3,0
ST_102,IT_133,2024.04.4,0
ST_102,IT_133,2024.04.5,0
ST_102,IT_134,2024.04.1,0
ST_102,IT_134,2024.04.2,0
ST_102,IT_134,2024.04.3,0
ST_102,IT_134,2024.04.4,0
ST_102,IT_134,2024.04.5,8
ST_102,IT_135,2024.04.1,0
ST_102,IT_135,2024.04.2,0
ST_102,IT_135,2024.04.3,80
ST_102,IT_135,2024.04.4,0
ST_102,IT_135,2024.04.5,0
ST_102,IT_136,2024.04.1,0
ST_102,IT_136,2024.04.2,0
ST_102,IT_136,2024.04.3,0
ST_102,IT_136,2024.04.4,0
ST_102,IT_136,2024.04.5,0
ST_102,IT_137,2024.04.1,0
ST_102,IT_137,2024.04.2,0
ST_102,IT_137,2024.04.3,0
ST_102,IT_137,2024.04.4,0
ST_102,IT_137,2024.04.5,0
ST_102,IT_138,2024.04.1,0
ST_102,IT_138,2024.04.2,0
ST_102,IT_138,2024.04.3,0
ST_102,IT_138,2024.04.4,0
ST_102,IT_138,2024.04.5,0
ST_102,IT_139,2024.04.1,0
ST_102,IT_139,2024.04.2,0
ST_102,IT_139,2024.04.3,12
ST_102,IT_139,2024.04.4,0
ST_102,IT_139,2024.04.5,0
ST_102,IT_140,2024.04.1,0
ST_102,IT_140,2024.04.2,0
ST_102,IT_140,2024.04.3,24
ST_102,IT_140,2024.04.4,0
ST_102,IT_140,2024.04.5,0
ST_102,IT_141,2024.04.1,0
ST_102,IT_141,2024.04.2,0
ST_102,IT_141,2024.04.3,24
ST_102,IT_141,2024.04.4,0
ST_102,IT_141,2024.04.5,0
ST_102,IT_142,2024.04.1,0
ST_102,IT_142,2024.04.2,0
ST_102,IT_142,2024.04.3,36
ST_102,IT_142,2024.04.4,0
ST_102,IT_142,2024.04.5,0
ST_102,IT_143,2024.04.1,0
ST_102,IT_143,2024.04.2,0
ST_102,IT_143,2024.04.3,12
ST_102,IT_143,2024.04.4,0
ST_102,IT_143,2024.04.5,0
ST_102,IT_144,2024.04.1,0
ST_102,IT_144,2024.04.2,0
ST_102,IT_144,2024.04.3,24
ST_102,IT_144,2024.04.4,0
ST_102,IT_144,2024.04.5,0
ST_102,IT_145,2024.04.1,0
ST_102,IT_145,2024.04.2,0
ST_102,IT_145,2024.04.3,12
ST_102,IT_145,2024.04.4,0
ST_102,IT_145,2024.04.5,0
ST_102,IT_146,2024.04.1,0
ST_102,IT_146,2024.04.2,0
ST_102,IT_146,2024.04.3,12
ST_102,IT_146,2024.04.4,0
ST_102,IT_146,2024.04.5,0
ST_102,IT_147,2024.04.1,0
ST_102,IT_147,2024.04.2,0
ST_102,IT_147,2024.04.3,0
ST_102,IT_147,2024.04.4,0
ST_102,IT_147,2024.04.5,30
ST_102,IT_148,2024.04.1,0
ST_102,IT_148,2024.04.2,0
ST_102,IT_148,2024.04.3,0
ST_102,IT_148,2024.04.4,0
ST_102,IT_148,2024.04.5,30
ST_102,IT_152,2024.04.1,0
ST_102,IT_152,2024.04.2,0
ST_102,IT_152,2024.04.3,0
ST_102,IT_152,2024.04.4,0
ST_102,IT_152,2024.04.5,0
ST_102,IT_153,2024.04.1,0
ST_102,IT_153,2024.04.2,0
ST_102,IT_153,2024.04.3,0
ST_102,IT_153,2024.04.4,0
ST_102,IT_153,2024.04.5,0
ST_102,IT_154,2024.04.1,0
ST_102,IT_154,2024.04.2,0
ST_102,IT_154,2024.04.3,24
ST_102,IT_154,2024.04.4,0
ST_102,IT_154,2024.04.5,0
ST_102,IT_155,2024.04.1,0
ST_102,IT_155,2024.04.2,0
ST_102,IT_155,2024.04.3,30
ST_102,IT_155,2024.04.4,0
ST_102,IT_155,2024.04.5,0
ST_102,IT_156,2024.04.1,0
ST_102,IT_156,2024.04.2,0
ST_102,IT_156,2024.04.3,12
ST_102,IT_156,2024.04.4,0
ST_102,IT_156,2024.04.5,0
ST_102,IT_157,2024.04.1,0
ST_102,IT_157,2024.04.2,0
ST_102,IT_157,2024.04.3,24
ST_102,IT_157,2024.04.4,0
ST_102,IT_157,2024.04.5,0
ST_102,IT_158,2024.04.1,0
ST_102,IT_158,2024.04.2,0
ST_102,IT_158,2024.04.3,30
ST_102,IT_158,2024.04.4,0
ST_102,IT_158,2024.04.5,0
ST_102,IT_159,2024.04.1,0
ST_102,IT_159,2024.04.2,0
ST_102,IT_159,2024.04.3,24
ST_102,IT_159,2024.04.4,0
ST_102,IT_159,2024.04.5,0
ST_102,IT_160,2024.04.1,0
ST_102,IT_160,2024.04.2,0
ST_102,IT_160,2024.04.3,0
ST_102,IT_160,2024.04.4,0
ST_102,IT_160,2024.04.5,0
ST_102,IT_162,2024.04.1,0
ST_102,IT_162,2024.04.2,0
ST_102,IT_162,2024.04.3,12
ST_102,IT_162,2024.04.4,0
ST_102,IT_162,2024.04.5,0
ST_102,IT_163,2024.04.1,0
ST_102,IT_163,2024.04.2,0
ST_102,IT_163,2024.04.3,8
ST_102,IT_163,2024.04.4,0
ST_102,IT_163,2024.04.5,0
ST_102,IT_164,2024.04.1,0
ST_102,IT_164,2024.04.2,0
ST_102,IT_164,2024.04.3,20
ST_102,IT_164,2024.04.4,0
ST_102,IT_164,2024.04.5,0
ST_102,IT_165,2024.04.1,0
ST_102,IT_165,2024.04.2,0
ST_102,IT_165,2024.04.3,400
ST_102,IT_165,2024.04.4,0
ST_102,IT_165,2024.04.5,0
ST_102,IT_167,2024.04.1,0
ST_102,IT_167,2024.04.2,0
ST_102,IT_167,2024.04.3,40
ST_102,IT_167,2024.04.4,0
ST_102,IT_167,2024.04.5,0
ST_102,IT_168,2024.04.1,0
ST_102,IT_168,2024.04.2,0
ST_102,IT_168,2024.04.3,0
ST_102,IT_168,2024.04.4,0
ST_102,IT_168,2024.04.5,0
ST_102,IT_169,2024.04.1,0
ST_102,IT_169,2024.04.2,0
ST_102,IT_169,2024.04.3,0
ST_102,IT_169,2024.04.4,0
ST_102,IT_169,2024.04.5,0
ST_102,IT_170,2024.04.1,0
ST_102,IT_170,2024.04.2,0
ST_102,IT_170,2024.04.3,0
ST_102,IT_170,2024.04.4,0
ST_102,IT_170,2024.04.5,0
ST_102,IT_171,2024.04.1,0
ST_102,IT_171,2024.04.2,0
ST_102,IT_171,2024.04.3,0
ST_102,IT_171,2024.04.4,0
ST_102,IT_171,2024.04.5,0
ST_102,IT_101,2024.05.1,0
ST_102,IT_101,2024.05.2,0
ST_102,IT_101,2024.05.3,0
ST_102,IT_101,2024.05.4,0
ST_102,IT_101,2024.05.5,0
ST_102,IT_102,2024.05.1,0
ST_102,IT_102,2024.05.2,2000
ST_102,IT_102,2024.05.3,0
ST_102,IT_102,2024.05.4,0
ST_102,IT_102,2024.05.5,0
ST_102,IT_103,2024.05.1,0
ST_102,IT_103,2024.05.2,1000
ST_102,IT_103,2024.05.3,0
ST_102,IT_103,2024.05.4,0
ST_102,IT_103,2024.05.5,0
ST_102,IT_104,2024.05.1,0
ST_102,IT_104,2024.05.2,0
ST_102,IT_104,2024.05.3,0
ST_102,IT_104,2024.05.4,0
ST_102,IT_104,2024.05.5,0
ST_102,IT_105,2024.05.1,0
ST_102,IT_105,2024.05.2,7000
ST_102,IT_105,2024.05.3,0
ST_102,IT_105,2024.05.4,0
ST_102,IT_105,2024.05.5,0
ST_102,IT_106,2024.05.1,0
ST_102,IT_106,2024.05.2,0
ST_102,IT_106,2024.05.3,0
ST_102,IT_106,2024.05.4,0
ST_102,IT_106,2024.05.5,0
ST_102,IT_107,2024.05.1,0
ST_102,IT_107,2024.05.2,10000
ST_102,IT_107,2024.05.3,0
ST_102,IT_107,2024.05.4,0
ST_102,IT_107,2024.05.5,0
ST_102,IT_108,2024.05.1,0
ST_102,IT_108,2024.05.2,0
ST_102,IT_108,2024.05.3,0
ST_102,IT_108,2024.05.4,0
ST_102,IT_108,2024.05.5,0
ST_102,IT_109,2024.05.1,0
ST_102,IT_109,2024.05.2,0
ST_102,IT_109,2024.05.3,0
ST_102,IT_109,2024.05.4,0
ST_102,IT_109,2024.05.5,0
ST_102,IT_110,2024.05.1,0
ST_102,IT_110,2024.05.2,0
ST_102,IT_110,2024.05.3,0
ST_102,IT_110,2024.05.4,0
ST_102,IT_110,2024.05.5,0
ST_102,IT_111,2024.05.1,0
ST_102,IT_111,2024.05.2,15000
ST_102,IT_111,2024.05.3,0
ST_102,IT_111,2024.05.4,0
ST_102,IT_111,2024.05.5,0
ST_102,IT_112,2024.05.1,0
ST_102,IT_112,2024.05.2,0
ST_102,IT_112,2024.05.3,0
ST_102,IT_112,2024.05.4,0
ST_102,IT_112,2024.05.5,0
ST_102,IT_113,2024.05.1,0
ST_102,IT_113,2024.05.2,0
ST_102,IT_113,2024.05.3,0
ST_102,IT_113,2024.05.4,0
ST_102,IT_113,2024.05.5,0
ST_102,IT_114,2024.05.1,0
ST_102,IT_114,2024.05.2,10000
ST_102,IT_114,2024.05.3,0
ST_102,IT_114,2024.05.4,0
ST_102,IT_114,2024.05.5,0
ST_102,IT_115,2024.05.1,0
ST_102,IT_115,2024.05.2,0
ST_102,IT_115,2024.05.3,0
ST_102,IT_115,2024.05.4,0
ST_102,IT_115,2024.05.5,0
ST_102,IT_116,2024.05.1,0
ST_102,IT_116,2024.05.2,0
ST_102,IT_116,2024.05.3,0
ST_102,IT_116,2024.05.4,0
ST_102,IT_116,2024.05.5,0
ST_102,IT_117,2024.05.1,0
ST_102,IT_117,2024.05.2,0
ST_102,IT_117,2024.05.3,0
ST_102,IT_117,2024.05.4,0
ST_102,IT_117,2024.05.5,0
ST_102,IT_118,2024.05.1,0
ST_102,IT_118,2024.05.2,0
ST_102,IT_118,2024.05.3,0
ST_102,IT_118,2024.05.4,0
ST_102,IT_118,2024.05.5,0
ST_102,IT_119,2024.05.1,0
ST_102,IT_119,2024.05.2,0
ST_102,IT_119,2024.05.3,0
ST_102,IT_119,2024.05.4,0
ST_102,IT_119,2024.05.5,0
ST_102,IT_120,2024.05.1,0
ST_102,IT_120,2024.05.2,0
ST_102,IT_120,2024.05.3,0
ST_102,IT_120,2024.05.4,0
ST_102,IT_120,2024.05.5,0
ST_102,IT_121,2024.05.1,0
ST_102,IT_121,2024.05.2,0
ST_102,IT_121,2024.05.3,0
ST_102,IT_121,2024.05.4,0
ST_102,IT_121,2024.05.5,0
ST_102,IT_122,2024.05.1,0
ST_102,IT_122,2024.05.2,0
ST_102,IT_122,2024.05.3,0
ST_102,IT_122,2024.05.4,0
ST_102,IT_122,2024.05.5,0
ST_102,IT_123,2024.05.1,0
ST_102,IT_123,2024.05.2,0
ST_102,IT_123,2024.05.3,0
ST_102,IT_123,2024.05.4,0
ST_102,IT_123,2024.05.5,0
ST_102,IT_124,2024.05.1,0
ST_102,IT_124,2024.05.2,0
ST_102,IT_124,2024.05.3,0
ST_102,IT_124,2024.05.4,0
ST_102,IT_124,2024.05.5,0
ST_102,IT_125,2024.05.1,0
ST_102,IT_125,2024.05.2,24
ST_102,IT_125,2024.05.3,0
ST_102,IT_125,2024.05.4,0
ST_102,IT_125,2024.05.5,0
ST_102,IT_126,2024.05.1,0
ST_102,IT_126,2024.05.2,24
ST_102,IT_126,2024.05.3,0
ST_102,IT_126,2024.05.4,0
ST_102,IT_126,2024.05.5,0
ST_102,IT_127,2024.05.1,0
ST_102,IT_127,2024.05.2,0
ST_102,IT_127,2024.05.3,0
ST_102,IT_127,2024.05.4,0
ST_102,IT_127,2024.05.5,0
ST_102,IT_128,2024.05.1,0
ST_102,IT_128,2024.05.2,30
ST_102,IT_128,2024.05.3,0
ST_102,IT_128,2024.05.4,0
ST_102,IT_128,2024.05.5,0
ST_102,IT_129,2024.05.1,0
ST_102,IT_129,2024.05.2,140
ST_102,IT_129,2024.05.3,0
ST_102,IT_129,2024.05.4,0
ST_102,IT_129,2024.05.5,0
ST_102,IT_130,2024.05.1,0
ST_102,IT_130,2024.05.2,0
ST_102,IT_130,2024.05.3,0
ST_102,IT_130,2024.05.4,0
ST_102,IT_130,2024.05.5,0
ST_102,IT_131,2024.05.1,0
ST_102,IT_131,2024.05.2,240
ST_102,IT_131,2024.05.3,0
ST_102,IT_131,2024.05.4,0
ST_102,IT_131,2024.05.5,0
ST_102,IT_132,2024.05.1,0
ST_102,IT_132,2024.05.2,120
ST_102,IT_132,2024.05.3,0
ST_102,IT_132,2024.05.4,0
ST_102,IT_132,2024.05.5,0
ST_102,IT_133,2024.05.1,0
ST_102,IT_133,2024.05.2,0
ST_102,IT_133,2024.05.3,0
ST_102,IT_133,2024.05.4,0
ST_102,IT_133,2024.05.5,0
ST_102,IT_134,2024.05.1,0
ST_102,IT_134,2024.05.2,0
ST_102,IT_134,2024.05.3,0
ST_102,IT_134,2024.05.4,0
ST_102,IT_134,2024.05.5,0
ST_102,IT_135,2024.05.1,0
ST_102,IT_135,2024.05.2,40
ST_102,IT_135,2024.05.3,0
ST_102,IT_135,2024.05.4,0
ST_102,IT_135,2024.05.5,0
ST_102,IT_136,2024.05.1,0
ST_102,IT_136,2024.05.2,16
ST_102,IT_136,2024.05.3,0
ST_102,IT_136,2024.05.4,0
ST_102,IT_136,2024.05.5,0
ST_102,IT_137,2024.05.1,0
ST_102,IT_137,2024.05.2,0
ST_102,IT_137,2024.05.3,0
ST_102,IT_137,2024.05.4,0
ST_102,IT_137,2024.05.5,0
ST_102,IT_138,2024.05.1,0
ST_102,IT_138,2024.05.2,0
ST_102,IT_138,2024.05.3,0
ST_102,IT_138,2024.05.4,0
ST_102,IT_138,2024.05.5,0
ST_102,IT_139,2024.05.1,0
ST_102,IT_139,2024.05.2,12
ST_102,IT_139,2024.05.3,0
ST_102,IT_139,2024.05.4,0
ST_102,IT_139,2024.05.5,0
ST_102,IT_140,2024.05.1,0
ST_102,IT_140,2024.05.2,36
ST_102,IT_140,2024.05.3,0
ST_102,IT_140,2024.05.4,0
ST_102,IT_140,2024.05.5,0
ST_102,IT_141,2024.05.1,0
ST_102,IT_141,2024.05.2,36
ST_102,IT_141,2024.05.3,0
ST_102,IT_141,2024.05.4,0
ST_102,IT_141,2024.05.5,0
ST_102,IT_142,2024.05.1,0
ST_102,IT_142,2024.05.2,36
ST_102,IT_142,2024.05.3,0
ST_102,IT_142,2024.05.4,0
ST_102,IT_142,2024.05.5,0
ST_102,IT_143,2024.05.1,0
ST_102,IT_143,2024.05.2,0
ST_102,IT_143,2024.05.3,0
ST_102,IT_143,2024.05.4,0
ST_102,IT_143,2024.05.5,0
ST_102,IT_144,2024.05.1,0
ST_102,IT_144,2024.05.2,0
ST_102,IT_144,2024.05.3,0
ST_102,IT_144,2024.05.4,0
ST_102,IT_144,2024.05.5,0
ST_102,IT_145,2024.05.1,0
ST_102,IT_145,2024.05.2,18
ST_102,IT_145,2024.05.3,0
ST_102,IT_145,2024.05.4,0
ST_102,IT_145,2024.05.5,0
ST_102,IT_146,2024.05.1,0
ST_102,IT_146,2024.05.2,18
ST_102,IT_146,2024.05.3,0
ST_102,IT_146,2024.05.4,0
ST_102,IT_146,2024.05.5,0
ST_102,IT_147,2024.05.1,0
ST_102,IT_147,2024.05.2,24
ST_102,IT_147,2024.05.3,0
ST_102,IT_147,2024.05.4,0
ST_102,IT_147,2024.05.5,0
ST_102,IT_148,2024.05.1,0
ST_102,IT_148,2024.05.2,24
ST_102,IT_148,2024.05.3,0
ST_102,IT_148,2024.05.4,0
ST_102,IT_148,2024.05.5,0
ST_102,IT_152,2024.05.1,0
ST_102,IT_152,2024.05.2,0
ST_102,IT_152,2024.05.3,0
ST_102,IT_152,2024.05.4,0
ST_102,IT_152,2024.05.5,0
ST_102,IT_153,2024.05.1,0
ST_102,IT_153,2024.05.2,0
ST_102,IT_153,2024.05.3,0
ST_102,IT_153,2024.05.4,0
ST_102,IT_153,2024.05.5,0
ST_102,IT_154,2024.05.1,0
ST_102,IT_154,2024.05.2,30
ST_102,IT_154,2024.05.3,0
ST_102,IT_154,2024.05.4,0
ST_102,IT_154,2024.05.5,0
ST_102,IT_155,2024.05.1,0
ST_102,IT_155,2024.05.2,30
ST_102,IT_155,2024.05.3,0
ST_102,IT_155,2024.05.4,0
ST_102,IT_155,2024.05.5,0
ST_102,IT_156,2024.05.1,0
ST_102,IT_156,2024.05.2,30
ST_102,IT_156,2024.05.3,0
ST_102,IT_156,2024.05.4,0
ST_102,IT_156,2024.05.5,0
ST_102,IT_157,2024.05.1,0
ST_102,IT_157,2024.05.2,40
ST_102,IT_157,2024.05.3,0
ST_102,IT_157,2024.05.4,0
ST_102,IT_157,2024.05.5,0
ST_102,IT_158,2024.05.1,0
ST_102,IT_158,2024.05.2,30
ST_102,IT_158,2024.05.3,0
ST_102,IT_158,2024.05.4,0
ST_102,IT_158,2024.05.5,0
ST_102,IT_159,2024.05.1,0
ST_102,IT_159,2024.05.2,24
ST_102,IT_159,2024.05.3,0
ST_102,IT_159,2024.05.4,0
ST_102,IT_159,2024.05.5,0
ST_102,IT_160,2024.05.1,0
ST_102,IT_160,2024.05.2,0
ST_102,IT_160,2024.05.3,0
ST_102,IT_160,2024.05.4,0
ST_102,IT_160,2024.05.5,0
ST_102,IT_162,2024.05.1,0
ST_102,IT_162,2024.05.2,8
ST_102,IT_162,2024.05.3,0
ST_102,IT_162,2024.05.4,0
ST_102,IT_162,2024.05.5,0
ST_102,IT_163,2024.05.1,0
ST_102,IT_163,2024.05.2,8
ST_102,IT_163,2024.05.3,0
ST_102,IT_163,2024.05.4,0
ST_102,IT_163,2024.05.5,0
ST_102,IT_164,2024.05.1,0
ST_102,IT_164,2024.05.2,40
ST_102,IT_164,2024.05.3,0
ST_102,IT_164,2024.05.4,0
ST_102,IT_164,2024.05.5,0
ST_102,IT_165,2024.05.1,0
ST_102,IT_165,2024.05.2,400
ST_102,IT_165,2024.05.3,0
ST_102,IT_165,2024.05.4,0
ST_102,IT_165,2024.05.5,0
ST_102,IT_167,2024.05.1,0
ST_102,IT_167,2024.05.2,0
ST_102,IT_167,2024.05.3,0
ST_102,IT_167,2024.05.4,0
ST_102,IT_167,2024.05.5,0
ST_102,IT_168,2024.05.1,0
ST_102,IT_168,2024.05.2,0
ST_102,IT_168,2024.05.3,0
ST_102,IT_168,2024.05.4,0
ST_102,IT_168,2024.05.5,0
ST_102,IT_169,2024.05.1,0
ST_102,IT_169,2024.05.2,0
ST_102,IT_169,2024.05.3,0
ST_102,IT_169,2024.05.4,0
ST_102,IT_169,2024.05.5,0
ST_102,IT_170,2024.05.1,0
ST_102,IT_170,2024.05.2,0
ST_102,IT_170,2024.05.3,0
ST_102,IT_170,2024.05.4,0
ST_102,IT_170,2024.05.5,0
ST_102,IT_171,2024.05.1,0
ST_102,IT_171,2024.05.2,0
ST_102,IT_171,2024.05.3,0
ST_102,IT_171,2024.05.4,0
ST_102,IT_171,2024.05.5,0
ST_102,IT_101,2024.06.1,0
ST_102,IT_101,2024.06.2,0
ST_102,IT_101,2024.06.3,0
ST_102,IT_101,2024.06.4,0
ST_102,IT_101,2024.06.5,0
ST_102,IT_102,2024.06.1,0
ST_102,IT_102,2024.06.2,0
ST_102,IT_102,2024.06.3,0
ST_102,IT_102,2024.06.4,0
ST_102,IT_102,2024.06.5,0
ST_102,IT_103,2024.06.1,0
ST_102,IT_103,2024.06.2,2000
ST_102,IT_103,2024.06.3,0
ST_102,IT_103,2024.06.4,0
ST_102,IT_103,2024.06.5,0
ST_102,IT_104,2024.06.1,0
ST_102,IT_104,2024.06.2,0
ST_102,IT_104,2024.06.3,0
ST_102,IT_104,2024.06.4,0
ST_102,IT_104,2024.06.5,0
ST_102,IT_105,2024.06.1,0
ST_102,IT_105,2024.06.2,8000
ST_102,IT_105,2024.06.3,7000
ST_102,IT_105,2024.06.4,0
ST_102,IT_105,2024.06.5,0
ST_102,IT_106,2024.06.1,0
ST_102,IT_106,2024.06.2,2000
ST_102,IT_106,2024.06.3,0
ST_102,IT_106,2024.06.4,0
ST_102,IT_106,2024.06.5,0
ST_102,IT_107,2024.06.1,0
ST_102,IT_107,2024.06.2,6000
ST_102,IT_107,2024.06.3,6000
ST_102,IT_107,2024.06.4,0
ST_102,IT_107,2024.06.5,0
ST_102,IT_108,2024.06.1,0
ST_102,IT_108,2024.06.2,3000
ST_102,IT_108,2024.06.3,1000
ST_102,IT_108,2024.06.4,0
ST_102,IT_108,2024.06.5,0
ST_102,IT_109,2024.06.1,0
ST_102,IT_109,2024.06.2,0
ST_102,IT_109,2024.06.3,0
ST_102,IT_109,2024.06.4,0
ST_102,IT_109,2024.06.5,0
ST_102,IT_110,2024.06.1,0
ST_102,IT_110,2024.06.2,0
ST_102,IT_110,2024.06.3,0
ST_102,IT_110,2024.06.4,0
ST_102,IT_110,2024.06.5,0
ST_102,IT_111,2024.06.1,0
ST_102,IT_111,2024.06.2,10000
ST_102,IT_111,2024.06.3,9000
ST_102,IT_111,2024.06.4,0
ST_102,IT_111,2024.06.5,0
ST_102,IT_112,2024.06.1,0
ST_102,IT_112,2024.06.2,10000
ST_102,IT_112,2024.06.3,10000
ST_102,IT_112,2024.06.4,0
ST_102,IT_112,2024.06.5,0
ST_102,IT_113,2024.06.1,0
ST_102,IT_113,2024.06.2,3200
ST_102,IT_113,2024.06.3,0
ST_102,IT_113,2024.06.4,0
ST_102,IT_113,2024.06.5,0
ST_102,IT_114,2024.06.1,0
ST_102,IT_114,2024.06.2,0
ST_102,IT_114,2024.06.3,10000
ST_102,IT_114,2024.06.4,0
ST_102,IT_114,2024.06.5,0
ST_102,IT_115,2024.06.1,0
ST_102,IT_115,2024.06.2,0
ST_102,IT_115,2024.06.3,0
ST_102,IT_115,2024.06.4,0
ST_102,IT_115,2024.06.5,0
ST_102,IT_116,2024.06.1,0
ST_102,IT_116,2024.06.2,0
ST_102,IT_116,2024.06.3,0
ST_102,IT_116,2024.06.4,0
ST_102,IT_116,2024.06.5,0
ST_102,IT_117,2024.06.1,0
ST_102,IT_117,2024.06.2,0
ST_102,IT_117,2024.06.3,0
ST_102,IT_117,2024.06.4,0
ST_102,IT_117,2024.06.5,0
ST_102,IT_118,2024.06.1,0
ST_102,IT_118,2024.06.2,1000
ST_102,IT_118,2024.06.3,600
ST_102,IT_118,2024.06.4,0
ST_102,IT_118,2024.06.5,0
ST_102,IT_119,2024.06.1,0
ST_102,IT_119,2024.06.2,0
ST_102,IT_119,2024.06.3,0
ST_102,IT_119,2024.06.4,0
ST_102,IT_119,2024.06.5,0
ST_102,IT_120,2024.06.1,0
ST_102,IT_120,2024.06.2,5
ST_102,IT_120,2024.06.3,0
ST_102,IT_120,2024.06.4,0
ST_102,IT_120,2024.06.5,0
ST_102,IT_121,2024.06.1,0
ST_102,IT_121,2024.06.2,0
ST_102,IT_121,2024.06.3,0
ST_102,IT_121,2024.06.4,0
ST_102,IT_121,2024.06.5,0
ST_102,IT_122,2024.06.1,0
ST_102,IT_122,2024.06.2,0
ST_102,IT_122,2024.06.3,0
ST_102,IT_122,2024.06.4,0
ST_102,IT_122,2024.06.5,0
ST_102,IT_123,2024.06.1,0
ST_102,IT_123,2024.06.2,800
ST_102,IT_123,2024.06.3,0
ST_102,IT_123,2024.06.4,0
ST_102,IT_123,2024.06.5,0
ST_102,IT_124,2024.06.1,0
ST_102,IT_124,2024.06.2,0
ST_102,IT_124,2024.06.3,12
ST_102,IT_124,2024.06.4,0
ST_102,IT_124,2024.06.5,0
ST_102,IT_125,2024.06.1,0
ST_102,IT_125,2024.06.2,12
ST_102,IT_125,2024.06.3,12
ST_102,IT_125,2024.06.4,0
ST_102,IT_125,2024.06.5,0
ST_102,IT_126,2024.06.1,0
ST_102,IT_126,2024.06.2,24
ST_102,IT_126,2024.06.3,12
ST_102,IT_126,2024.06.4,0
ST_102,IT_126,2024.06.5,0
ST_102,IT_127,2024.06.1,0
ST_102,IT_127,2024.06.2,0
ST_102,IT_127,2024.06.3,0
ST_102,IT_127,2024.06.4,0
ST_102,IT_127,2024.06.5,0
ST_102,IT_128,2024.06.1,0
ST_102,IT_128,2024.06.2,0
ST_102,IT_128,2024.06.3,0
ST_102,IT_128,2024.06.4,0
ST_102,IT_128,2024.06.5,0
ST_102,IT_129,2024.06.1,0
ST_102,IT_129,2024.06.2,40
ST_102,IT_129,2024.06.3,0
ST_102,IT_129,2024.06.4,0
ST_102,IT_129,2024.06.5,0
ST_102,IT_130,2024.06.1,0
ST_102,IT_130,2024.06.2,0
ST_102,IT_130,2024.06.3,0
ST_102,IT_130,2024.06.4,0
ST_102,IT_130,2024.06.5,0
ST_102,IT_131,2024.06.1,0
ST_102,IT_131,2024.06.2,84
ST_102,IT_131,2024.06.3,120
ST_102,IT_131,2024.06.4,0
ST_102,IT_131,2024.06.5,0
ST_102,IT_132,2024.06.1,0
ST_102,IT_132,2024.06.2,0
ST_102,IT_132,2024.06.3,120
ST_102,IT_132,2024.06.4,0
ST_102,IT_132,2024.06.5,0
ST_102,IT_133,2024.06.1,0
ST_102,IT_133,2024.06.2,0
ST_102,IT_133,2024.06.3,0
ST_102,IT_133,2024.06.4,0
ST_102,IT_133,2024.06.5,0
ST_102,IT_134,2024.06.1,0
ST_102,IT_134,2024.06.2,0
ST_102,IT_134,2024.06.3,0
ST_102,IT_134,2024.06.4,0
ST_102,IT_134,2024.06.5,0
ST_102,IT_135,2024.06.1,0
ST_102,IT_135,2024.06.2,16
ST_102,IT_135,2024.06.3,0
ST_102,IT_135,2024.06.4,0
ST_102,IT_135,2024.06.5,0
ST_102,IT_136,2024.06.1,0
ST_102,IT_136,2024.06.2,0
ST_102,IT_136,2024.06.3,0
ST_102,IT_136,2024.06.4,0
ST_102,IT_136,2024.06.5,0
ST_102,IT_137,2024.06.1,0
ST_102,IT_137,2024.06.2,0
ST_102,IT_137,2024.06.3,0
ST_102,IT_137,2024.06.4,0
ST_102,IT_137,2024.06.5,0
ST_102,IT_138,2024.06.1,0
ST_102,IT_138,2024.06.2,0
ST_102,IT_138,2024.06.3,0
ST_102,IT_138,2024.06.4,0
ST_102,IT_138,2024.06.5,0
ST_102,IT_139,2024.06.1,0
ST_102,IT_139,2024.06.2,0
ST_102,IT_139,2024.06.3,0
ST_102,IT_139,2024.06.4,0
ST_102,IT_139,2024.06.5,0
ST_102,IT_140,2024.06.1,0
ST_102,IT_140,2024.06.2,0
ST_102,IT_140,2024.06.3,0
ST_102,IT_140,2024.06.4,0
ST_102,IT_140,2024.06.5,0
ST_102,IT_141,2024.06.1,0
ST_102,IT_141,2024.06.2,0
ST_102,IT_141,2024.06.3,0
ST_102,IT_141,2024.06.4,0
ST_102,IT_141,2024.06.5,0
ST_102,IT_142,2024.06.1,0
ST_102,IT_142,2024.06.2,36
ST_102,IT_142,2024.06.3,0
ST_102,IT_142,2024.06.4,0
ST_102,IT_142,2024.06.5,0
ST_102,IT_143,2024.06.1,0
ST_102,IT_143,2024.06.2,12
ST_102,IT_143,2024.06.3,0
ST_102,IT_143,2024.06.4,0
ST_102,IT_143,2024.06.5,0
ST_102,IT_144,2024.06.1,0
ST_102,IT_144,2024.06.2,12
ST_102,IT_144,2024.06.3,0
ST_102,IT_144,2024.06.4,0
ST_102,IT_144,2024.06.5,0
ST_102,IT_145,2024.06.1,0
ST_102,IT_145,2024.06.2,0
ST_102,IT_145,2024.06.3,0
ST_102,IT_145,2024.06.4,0
ST_102,IT_145,2024.06.5,0
ST_102,IT_146,2024.06.1,0
ST_102,IT_146,2024.06.2,0
ST_102,IT_146,2024.06.3,0
ST_102,IT_146,2024.06.4,0
ST_102,IT_146,2024.06.5,0
ST_102,IT_147,2024.06.1,0
ST_102,IT_147,2024.06.2,30
ST_102,IT_147,2024.06.3,0
ST_102,IT_147,2024.06.4,0
ST_102,IT_147,2024.06.5,0
ST_102,IT_148,2024.06.1,0
ST_102,IT_148,2024.06.2,0
ST_102,IT_148,2024.06.3,0
ST_102,IT_148,2024.06.4,0
ST_102,IT_148,2024.06.5,0
ST_102,IT_152,2024.06.1,0
ST_102,IT_152,2024.06.2,12
ST_102,IT_152,2024.06.3,0
ST_102,IT_152,2024.06.4,0
ST_102,IT_152,2024.06.5,0
ST_102,IT_153,2024.06.1,0
ST_102,IT_153,2024.06.2,12
ST_102,IT_153,2024.06.3,0
ST_102,IT_153,2024.06.4,0
ST_102,IT_153,2024.06.5,0
ST_102,IT_154,2024.06.1,0
ST_102,IT_154,2024.06.2,18
ST_102,IT_154,2024.06.3,0
ST_102,IT_154,2024.06.4,0
ST_102,IT_154,2024.06.5,0
ST_102,IT_155,2024.06.1,0
ST_102,IT_155,2024.06.2,0
ST_102,IT_155,2024.06.3,0
ST_102,IT_155,2024.06.4,0
ST_102,IT_155,2024.06.5,0
ST_102,IT_156,2024.06.1,0
ST_102,IT_156,2024.06.2,18
ST_102,IT_156,2024.06.3,0
ST_102,IT_156,2024.06.4,0
ST_102,IT_156,2024.06.5,0
ST_102,IT_157,2024.06.1,0
ST_102,IT_157,2024.06.2,20
ST_102,IT_157,2024.06.3,0
ST_102,IT_157,2024.06.4,0
ST_102,IT_157,2024.06.5,0
ST_102,IT_158,2024.06.1,0
ST_102,IT_158,2024.06.2,18
ST_102,IT_158,2024.06.3,0
ST_102,IT_158,2024.06.4,0
ST_102,IT_158,2024.06.5,0
ST_102,IT_159,2024.06.1,0
ST_102,IT_159,2024.06.2,0
ST_102,IT_159,2024.06.3,0
ST_102,IT_159,2024.06.4,0
ST_102,IT_159,2024.06.5,0
ST_102,IT_160,2024.06.1,0
ST_102,IT_160,2024.06.2,0
ST_102,IT_160,2024.06.3,0
ST_102,IT_160,2024.06.4,0
ST_102,IT_160,2024.06.5,0
ST_102,IT_162,2024.06.1,0
ST_102,IT_162,2024.06.2,0
ST_102,IT_162,2024.06.3,0
ST_102,IT_162,2024.06.4,0
ST_102,IT_162,2024.06.5,0
ST_102,IT_163,2024.06.1,0
ST_102,IT_163,2024.06.2,0
ST_102,IT_163,2024.06.3,0
ST_102,IT_163,2024.06.4,0
ST_102,IT_163,2024.06.5,0
ST_102,IT_164,2024.06.1,0
ST_102,IT_164,2024.06.2,0
ST_102,IT_164,2024.06.3,0
ST_102,IT_164,2024.06.4,0
ST_102,IT_164,2024.06.5,0
ST_102,IT_165,2024.06.1,0
ST_102,IT_165,2024.06.2,0
ST_102,IT_165,2024.06.3,200
ST_102,IT_165,2024.06.4,0
ST_102,IT_165,2024.06.5,0
ST_102,IT_167,2024.06.1,0
ST_102,IT_167,2024.06.2,0
ST_102,IT_167,2024.06.3,0
ST_102,IT_167,2024.06.4,0
ST_102,IT_167,2024.06.5,0
ST_102,IT_168,2024.06.1,0
ST_102,IT_168,2024.06.2,0
ST_102,IT_168,2024.06.3,0
ST_102,IT_168,2024.06.4,0
ST_102,IT_168,2024.06.5,0
ST_102,IT_169,2024.06.1,0
ST_102,IT_169,2024.06.2,0
ST_102,IT_169,2024.06.3,0
ST_102,IT_169,2024.06.4,0
ST_102,IT_169,2024.06.5,0
ST_102,IT_170,2024.06.1,0
ST_102,IT_170,2024.06.2,0
ST_102,IT_170,2024.06.3,0
ST_102,IT_170,2024.06.4,0
ST_102,IT_170,2024.06.5,0
ST_102,IT_171,2024.06.1,0
ST_102,IT_171,2024.06.2,0
ST_102,IT_171,2024.06.3,0
ST_102,IT_171,2024.06.4,0
ST_102,IT_171,2024.06.5,0
ST_102,IT_101,2024.07.1,0
ST_102,IT_101,2024.07.2,0
ST_102,IT_101,2024.07.3,0
ST_102,IT_101,2024.07.4,0
ST_102,IT_101,2024.07.5,0
ST_102,IT_102,2024.07.1,0
ST_102,IT_102,2024.07.2,0
ST_102,IT_102,2024.07.3,0
ST_102,IT_102,2024.07.4,0
ST_102,IT_102,2024.07.5,0
ST_102,IT_103,2024.07.1,0
ST_102,IT_103,2024.07.2,0
ST_102,IT_103,2024.07.3,0
ST_102,IT_103,2024.07.4,0
ST_102,IT_103,2024.07.5,0
ST_102,IT_104,2024.07.1,0
ST_102,IT_104,2024.07.2,0
ST_102,IT_104,2024.07.3,0
ST_102,IT_104,2024.07.4,0
ST_102,IT_104,2024.07.5,0
ST_102,IT_105,2024.07.1,0
ST_102,IT_105,2024.07.2,7000
ST_102,IT_105,2024.07.3,0
ST_102,IT_105,2024.07.4,0
ST_102,IT_105,2024.07.5,0
ST_102,IT_106,2024.07.1,0
ST_102,IT_106,2024.07.2,1000
ST_102,IT_106,2024.07.3,0
ST_102,IT_106,2024.07.4,0
ST_102,IT_106,2024.07.5,0
ST_102,IT_107,2024.07.1,0
ST_102,IT_107,2024.07.2,7000
ST_102,IT_107,2024.07.3,0
ST_102,IT_107,2024.07.4,0
ST_102,IT_107,2024.07.5,0
ST_102,IT_108,2024.07.1,0
ST_102,IT_108,2024.07.2,2000
ST_102,IT_108,2024.07.3,0
ST_102,IT_108,2024.07.4,0
ST_102,IT_108,2024.07.5,0
ST_102,IT_109,2024.07.1,0
ST_102,IT_109,2024.07.2,0
ST_102,IT_109,2024.07.3,0
ST_102,IT_109,2024.07.4,0
ST_102,IT_109,2024.07.5,0
ST_102,IT_110,2024.07.1,0
ST_102,IT_110,2024.07.2,0
ST_102,IT_110,2024.07.3,0
ST_102,IT_110,2024.07.4,0
ST_102,IT_110,2024.07.5,0
ST_102,IT_111,2024.07.1,0
ST_102,IT_111,2024.07.2,12000
ST_102,IT_111,2024.07.3,0
ST_102,IT_111,2024.07.4,0
ST_102,IT_111,2024.07.5,0
ST_102,IT_112,2024.07.1,0
ST_102,IT_112,2024.07.2,0
ST_102,IT_112,2024.07.3,0
ST_102,IT_112,2024.07.4,0
ST_102,IT_112,2024.07.5,0
ST_102,IT_113,2024.07.1,0
ST_102,IT_113,2024.07.2,0
ST_102,IT_113,2024.07.3,0
ST_102,IT_113,2024.07.4,0
ST_102,IT_113,2024.07.5,0
ST_102,IT_114,2024.07.1,0
ST_102,IT_114,2024.07.2,0
ST_102,IT_114,2024.07.3,0
ST_102,IT_114,2024.07.4,0
ST_102,IT_114,2024.07.5,0
ST_102,IT_115,2024.07.1,0
ST_102,IT_115,2024.07.2,0
ST_102,IT_115,2024.07.3,0
ST_102,IT_115,2024.07.4,0
ST_102,IT_115,2024.07.5,0
ST_102,IT_116,2024.07.1,0
ST_102,IT_116,2024.07.2,0
ST_102,IT_116,2024.07.3,0
ST_102,IT_116,2024.07.4,0
ST_102,IT_116,2024.07.5,0
ST_102,IT_117,2024.07.1,0
ST_102,IT_117,2024.07.2,0
ST_102,IT_117,2024.07.3,0
ST_102,IT_117,2024.07.4,0
ST_102,IT_117,2024.07.5,0
ST_102,IT_118,2024.07.1,0
ST_102,IT_118,2024.07.2,2000
ST_102,IT_118,2024.07.3,0
ST_102,IT_118,2024.07.4,0
ST_102,IT_118,2024.07.5,0
ST_102,IT_119,2024.07.1,0
ST_102,IT_119,2024.07.2,40000
ST_102,IT_119,2024.07.3,0
ST_102,IT_119,2024.07.4,0
ST_102,IT_119,2024.07.5,0
ST_102,IT_120,2024.07.1,0
ST_102,IT_120,2024.07.2,2
ST_102,IT_120,2024.07.3,0
ST_102,IT_120,2024.07.4,0
ST_102,IT_120,2024.07.5,0
ST_102,IT_121,2024.07.1,0
ST_102,IT_121,2024.07.2,0
ST_102,IT_121,2024.07.3,0
ST_102,IT_121,2024.07.4,0
ST_102,IT_121,2024.07.5,0
ST_102,IT_122,2024.07.1,0
ST_102,IT_122,2024.07.2,0
ST_102,IT_122,2024.07.3,0
ST_102,IT_122,2024.07.4,0
ST_102,IT_122,2024.07.5,0
ST_102,IT_123,2024.07.1,0
ST_102,IT_123,2024.07.2,0
ST_102,IT_123,2024.07.3,0
ST_102,IT_123,2024.07.4,0
ST_102,IT_123,2024.07.5,0
ST_102,IT_124,2024.07.1,0
ST_102,IT_124,2024.07.2,36
ST_102,IT_124,2024.07.3,0
ST_102,IT_124,2024.07.4,0
ST_102,IT_124,2024.07.5,0
ST_102,IT_125,2024.07.1,0
ST_102,IT_125,2024.07.2,36
ST_102,IT_125,2024.07.3,0
ST_102,IT_125,2024.07.4,0
ST_102,IT_125,2024.07.5,0
ST_102,IT_126,2024.07.1,0
ST_102,IT_126,2024.07.2,36
ST_102,IT_126,2024.07.3,0
ST_102,IT_126,2024.07.4,0
ST_102,IT_126,2024.07.5,0
ST_102,IT_127,2024.07.1,0
ST_102,IT_127,2024.07.2,0
ST_102,IT_127,2024.07.3,0
ST_102,IT_127,2024.07.4,0
ST_102,IT_127,2024.07.5,0
ST_102,IT_128,2024.07.1,0
ST_102,IT_128,2024.07.2,12
ST_102,IT_128,2024.07.3,0
ST_102,IT_128,2024.07.4,0
ST_102,IT_128,2024.07.5,0
ST_102,IT_129,2024.07.1,0
ST_102,IT_129,2024.07.2,0
ST_102,IT_129,2024.07.3,0
ST_102,IT_129,2024.07.4,0
ST_102,IT_129,2024.07.5,0
ST_102,IT_130,2024.07.1,0
ST_102,IT_130,2024.07.2,0
ST_102,IT_130,2024.07.3,0
ST_102,IT_130,2024.07.4,0
ST_102,IT_130,2024.07.5,0
ST_102,IT_131,2024.07.1,0
ST_102,IT_131,2024.07.2,72
ST_102,IT_131,2024.07.3,0
ST_102,IT_131,2024.07.4,0
ST_102,IT_131,2024.07.5,0
ST_102,IT_132,2024.07.1,0
ST_102,IT_132,2024.07.2,72
ST_102,IT_132,2024.07.3,0
ST_102,IT_132,2024.07.4,0
ST_102,IT_132,2024.07.5,0
ST_102,IT_133,2024.07.1,0
ST_102,IT_133,2024.07.2,0
ST_102,IT_133,2024.07.3,0
ST_102,IT_133,2024.07.4,0
ST_102,IT_133,2024.07.5,0
ST_102,IT_134,2024.07.1,0
ST_102,IT_134,2024.07.2,0
ST_102,IT_134,2024.07.3,0
ST_102,IT_134,2024.07.4,0
ST_102,IT_134,2024.07.5,0
ST_102,IT_135,2024.07.1,0
ST_102,IT_135,2024.07.2,40
ST_102,IT_135,2024.07.3,0
ST_102,IT_135,2024.07.4,0
ST_102,IT_135,2024.07.5,0
ST_102,IT_136,2024.07.1,0
ST_102,IT_136,2024.07.2,16
ST_102,IT_136,2024.07.3,0
ST_102,IT_136,2024.07.4,0
ST_102,IT_136,2024.07.5,0
ST_102,IT_137,2024.07.1,0
ST_102,IT_137,2024.07.2,0
ST_102,IT_137,2024.07.3,0
ST_102,IT_137,2024.07.4,0
ST_102,IT_137,2024.07.5,0
ST_102,IT_138,2024.07.1,0
ST_102,IT_138,2024.07.2,0
ST_102,IT_138,2024.07.3,0
ST_102,IT_138,2024.07.4,0
ST_102,IT_138,2024.07.5,0
ST_102,IT_139,2024.07.1,0
ST_102,IT_139,2024.07.2,0
ST_102,IT_139,2024.07.3,0
ST_102,IT_139,2024.07.4,0
ST_102,IT_139,2024.07.5,0
ST_102,IT_140,2024.07.1,0
ST_102,IT_140,2024.07.2,0
ST_102,IT_140,2024.07.3,0
ST_102,IT_140,2024.07.4,0
ST_102,IT_140,2024.07.5,0
ST_102,IT_141,2024.07.1,0
ST_102,IT_141,2024.07.2,0
ST_102,IT_141,2024.07.3,0
ST_102,IT_141,2024.07.4,0
ST_102,IT_141,2024.07.5,0
ST_102,IT_142,2024.07.1,0
ST_102,IT_142,2024.07.2,24
ST_102,IT_142,2024.07.3,0
ST_102,IT_142,2024.07.4,0
ST_102,IT_142,2024.07.5,0
ST_102,IT_143,2024.07.1,0
ST_102,IT_143,2024.07.2,0
ST_102,IT_143,2024.07.3,0
ST_102,IT_143,2024.07.4,0
ST_102,IT_143,2024.07.5,0
ST_102,IT_144,2024.07.1,0
ST_102,IT_144,2024.07.2,12
ST_102,IT_144,2024.07.3,0
ST_102,IT_144,2024.07.4,0
ST_102,IT_144,2024.07.5,0
ST_102,IT_145,2024.07.1,0
ST_102,IT_145,2024.07.2,12
ST_102,IT_145,2024.07.3,0
ST_102,IT_145,2024.07.4,0
ST_102,IT_145,2024.07.5,0
ST_102,IT_146,2024.07.1,0
ST_102,IT_146,2024.07.2,12
ST_102,IT_146,2024.07.3,0
ST_102,IT_146,2024.07.4,0
ST_102,IT_146,2024.07.5,0
ST_102,IT_147,2024.07.1,0
ST_102,IT_147,2024.07.2,18
ST_102,IT_147,2024.07.3,0
ST_102,IT_147,2024.07.4,0
ST_102,IT_147,2024.07.5,0
ST_102,IT_148,2024.07.1,0
ST_102,IT_148,2024.07.2,0
ST_102,IT_148,2024.07.3,0
ST_102,IT_148,2024.07.4,0
ST_102,IT_148,2024.07.5,0
ST_102,IT_152,2024.07.1,0
ST_102,IT_152,2024.07.2,12
ST_102,IT_152,2024.07.3,0
ST_102,IT_152,2024.07.4,0
ST_102,IT_152,2024.07.5,0
ST_102,IT_153,2024.07.1,0
ST_102,IT_153,2024.07.2,12
ST_102,IT_153,2024.07.3,0
ST_102,IT_153,2024.07.4,0
ST_102,IT_153,2024.07.5,0
ST_102,IT_154,2024.07.1,0
ST_102,IT_154,2024.07.2,0
ST_102,IT_154,2024.07.3,0
ST_102,IT_154,2024.07.4,0
ST_102,IT_154,2024.07.5,0
ST_102,IT_155,2024.07.1,0
ST_102,IT_155,2024.07.2,0
ST_102,IT_155,2024.07.3,0
ST_102,IT_155,2024.07.4,0
ST_102,IT_155,2024.07.5,0
ST_102,IT_156,2024.07.1,0
ST_102,IT_156,2024.07.2,0
ST_102,IT_156,2024.07.3,0
ST_102,IT_156,2024.07.4,0
ST_102,IT_156,2024.07.5,0
ST_102,IT_157,2024.07.1,0
ST_102,IT_157,2024.07.2,0
ST_102,IT_157,2024.07.3,0
ST_102,IT_157,2024.07.4,0
ST_102,IT_157,2024.07.5,0
ST_102,IT_158,2024.07.1,0
ST_102,IT_158,2024.07.2,0
ST_102,IT_158,2024.07.3,0
ST_102,IT_158,2024.07.4,0
ST_102,IT_158,2024.07.5,0
ST_102,IT_159,2024.07.1,0
ST_102,IT_159,2024.07.2,0
ST_102,IT_159,2024.07.3,0
ST_102,IT_159,2024.07.4,0
ST_102,IT_159,2024.07.5,0
ST_102,IT_160,2024.07.1,0
ST_102,IT_160,2024.07.2,0
ST_102,IT_160,2024.07.3,0
ST_102,IT_160,2024.07.4,0
ST_102,IT_160,2024.07.5,0
ST_102,IT_162,2024.07.1,0
ST_102,IT_162,2024.07.2,0
ST_102,IT_162,2024.07.3,0
ST_102,IT_162,2024.07.4,0
ST_102,IT_162,2024.07.5,0
ST_102,IT_163,2024.07.1,0
ST_102,IT_163,2024.07.2,0
ST_102,IT_163,2024.07.3,0
ST_102,IT_163,2024.07.4,0
ST_102,IT_163,2024.07.5,0
ST_102,IT_164,2024.07.1,0
ST_102,IT_164,2024.07.2,0
ST_102,IT_164,2024.07.3,0
ST_102,IT_164,2024.07.4,0
ST_102,IT_164,2024.07.5,0
ST_102,IT_165,2024.07.1,0
ST_102,IT_165,2024.07.2,200
ST_102,IT_165,2024.07.3,0
ST_102,IT_165,2024.07.4,0
ST_102,IT_165,2024.07.5,0
ST_102,IT_167,2024.07.1,0
ST_102,IT_167,2024.07.2,0
ST_102,IT_167,2024.07.3,0
ST_102,IT_167,2024.07.4,0
ST_102,IT_167,2024.07.5,0
ST_102,IT_168,2024.07.1,0
ST_102,IT_168,2024.07.2,0
ST_102,IT_168,2024.07.3,0
ST_102,IT_168,2024.07.4,0
ST_102,IT_168,2024.07.5,0
ST_102,IT_169,2024.07.1,0
ST_102,IT_169,2024.07.2,0
ST_102,IT_169,2024.07.3,0
ST_102,IT_169,2024.07.4,0
ST_102,IT_169,2024.07.5,0
ST_102,IT_170,2024.07.1,0
ST_102,IT_170,2024.07.2,0
ST_102,IT_170,2024.07.3,0
ST_102,IT_170,2024.07.4,0
ST_102,IT_170,2024.07.5,0
ST_102,IT_171,2024.07.1,0
ST_102,IT_171,2024.07.2,0
ST_102,IT_171,2024.07.3,0
ST_102,IT_171,2024.07.4,0
ST_102,IT_171,2024.07.5,0
ST_102,IT_101,2024.08.1,0
ST_102,IT_101,2024.08.2,0
ST_102,IT_101,2024.08.3,0
ST_102,IT_101,2024.08.4,0
ST_102,IT_101,2024.08.5,0
ST_102,IT_102,2024.08.1,0
ST_102,IT_102,2024.08.2,0
ST_102,IT_102,2024.08.3,0
ST_102,IT_102,2024.08.4,2000
ST_102,IT_102,2024.08.5,0
ST_102,IT_103,2024.08.1,0
ST_102,IT_103,2024.08.2,0
ST_102,IT_103,2024.08.3,0
ST_102,IT_103,2024.08.4,1000
ST_102,IT_103,2024.08.5,0
ST_102,IT_104,2024.08.1,0
ST_102,IT_104,2024.08.2,0
ST_102,IT_104,2024.08.3,0
ST_102,IT_104,2024.08.4,0
ST_102,IT_104,2024.08.5,0
ST_102,IT_105,2024.08.1,0
ST_102,IT_105,2024.08.2,0
ST_102,IT_105,2024.08.3,0
ST_102,IT_105,2024.08.4,12000
ST_102,IT_105,2024.08.5,0
ST_102,IT_106,2024.08.1,0
ST_102,IT_106,2024.08.2,0
ST_102,IT_106,2024.08.3,0
ST_102,IT_106,2024.08.4,4000
ST_102,IT_106,2024.08.5,0
ST_102,IT_107,2024.08.1,0
ST_102,IT_107,2024.08.2,0
ST_102,IT_107,2024.08.3,0
ST_102,IT_107,2024.08.4,13000
ST_102,IT_107,2024.08.5,0
ST_102,IT_108,2024.08.1,0
ST_102,IT_108,2024.08.2,0
ST_102,IT_108,2024.08.3,0
ST_102,IT_108,2024.08.4,4000
ST_102,IT_108,2024.08.5,0
ST_102,IT_109,2024.08.1,0
ST_102,IT_109,2024.08.2,0
ST_102,IT_109,2024.08.3,0
ST_102,IT_109,2024.08.4,0
ST_102,IT_109,2024.08.5,0
ST_102,IT_110,2024.08.1,0
ST_102,IT_110,2024.08.2,0
ST_102,IT_110,2024.08.3,0
ST_102,IT_110,2024.08.4,0
ST_102,IT_110,2024.08.5,0
ST_102,IT_111,2024.08.1,0
ST_102,IT_111,2024.08.2,0
ST_102,IT_111,2024.08.3,0
ST_102,IT_111,2024.08.4,10000
ST_102,IT_111,2024.08.5,0
ST_102,IT_112,2024.08.1,0
ST_102,IT_112,2024.08.2,0
ST_102,IT_112,2024.08.3,0
ST_102,IT_112,2024.08.4,0
ST_102,IT_112,2024.08.5,0
ST_102,IT_113,2024.08.1,0
ST_102,IT_113,2024.08.2,0
ST_102,IT_113,2024.08.3,0
ST_102,IT_113,2024.08.4,0
ST_102,IT_113,2024.08.5,0
ST_102,IT_114,2024.08.1,0
ST_102,IT_114,2024.08.2,0
ST_102,IT_114,2024.08.3,0
ST_102,IT_114,2024.08.4,10000
ST_102,IT_114,2024.08.5,0
ST_102,IT_115,2024.08.1,0
ST_102,IT_115,2024.08.2,0
ST_102,IT_115,2024.08.3,0
ST_102,IT_115,2024.08.4,0
ST_102,IT_115,2024.08.5,0
ST_102,IT_116,2024.08.1,0
ST_102,IT_116,2024.08.2,0
ST_102,IT_116,2024.08.3,0
ST_102,IT_116,2024.08.4,0
ST_102,IT_116,2024.08.5,0
ST_102,IT_117,2024.08.1,0
ST_102,IT_117,2024.08.2,0
ST_102,IT_117,2024.08.3,0
ST_102,IT_117,2024.08.4,0
ST_102,IT_117,2024.08.5,0
ST_102,IT_118,2024.08.1,0
ST_102,IT_118,2024.08.2,0
ST_102,IT_118,2024.08.3,0
ST_102,IT_118,2024.08.4,0
ST_102,IT_118,2024.08.5,0
ST_102,IT_119,2024.08.1,0
ST_102,IT_119,2024.08.2,0
ST_102,IT_119,2024.08.3,0
ST_102,IT_119,2024.08.4,0
ST_102,IT_119,2024.08.5,0
ST_102,IT_120,2024.08.1,0
ST_102,IT_120,2024.08.2,0
ST_102,IT_120,2024.08.3,0
ST_102,IT_120,2024.08.4,0
ST_102,IT_120,2024.08.5,0
ST_102,IT_121,2024.08.1,0
ST_102,IT_121,2024.08.2,0
ST_102,IT_121,2024.08.3,0
ST_102,IT_121,2024.08.4,0
ST_102,IT_121,2024.08.5,0
ST_102,IT_122,2024.08.1,0
ST_102,IT_122,2024.08.2,0
ST_102,IT_122,2024.08.3,0
ST_102,IT_122,2024.08.4,0
ST_102,IT_122,2024.08.5,0
ST_102,IT_123,2024.08.1,0
ST_102,IT_123,2024.08.2,0
ST_102,IT_123,2024.08.3,0
ST_102,IT_123,2024.08.4,0
ST_102,IT_123,2024.08.5,0
ST_102,IT_124,2024.08.1,0
ST_102,IT_124,2024.08.2,0
ST_102,IT_124,2024.08.3,0
ST_102,IT_124,2024.08.4,24
ST_102,IT_124,2024.08.5,0
ST_102,IT_125,2024.08.1,0
ST_102,IT_125,2024.08.2,0
ST_102,IT_125,2024.08.3,0
ST_102,IT_125,2024.08.4,24
ST_102,IT_125,2024.08.5,0
ST_102,IT_126,2024.08.1,0
ST_102,IT_126,2024.08.2,0
ST_102,IT_126,2024.08.3,0
ST_102,IT_126,2024.08.4,12
ST_102,IT_126,2024.08.5,0
ST_102,IT_127,2024.08.1,0
ST_102,IT_127,2024.08.2,0
ST_102,IT_127,2024.08.3,0
ST_102,IT_127,2024.08.4,0
ST_102,IT_127,2024.08.5,0
ST_102,IT_128,2024.08.1,0
ST_102,IT_128,2024.08.2,0
ST_102,IT_128,2024.08.3,0
ST_102,IT_128,2024.08.4,18
ST_102,IT_128,2024.08.5,0
ST_102,IT_129,2024.08.1,0
ST_102,IT_129,2024.08.2,0
ST_102,IT_129,2024.08.3,0
ST_102,IT_129,2024.08.4,120
ST_102,IT_129,2024.08.5,0
ST_102,IT_130,2024.08.1,0
ST_102,IT_130,2024.08.2,0
ST_102,IT_130,2024.08.3,0
ST_102,IT_130,2024.08.4,0
ST_102,IT_130,2024.08.5,0
ST_102,IT_131,2024.08.1,0
ST_102,IT_131,2024.08.2,0
ST_102,IT_131,2024.08.3,0
ST_102,IT_131,2024.08.4,240
ST_102,IT_131,2024.08.5,0
ST_102,IT_132,2024.08.1,0
ST_102,IT_132,2024.08.2,0
ST_102,IT_132,2024.08.3,0
ST_102,IT_132,2024.08.4,144
ST_102,IT_132,2024.08.5,0
ST_102,IT_133,2024.08.1,0
ST_102,IT_133,2024.08.2,0
ST_102,IT_133,2024.08.3,0
ST_102,IT_133,2024.08.4,0
ST_102,IT_133,2024.08.5,0
ST_102,IT_134,2024.08.1,0
ST_102,IT_134,2024.08.2,0
ST_102,IT_134,2024.08.3,0
ST_102,IT_134,2024.08.4,0
ST_102,IT_134,2024.08.5,0
ST_102,IT_135,2024.08.1,0
ST_102,IT_135,2024.08.2,0
ST_102,IT_135,2024.08.3,0
ST_102,IT_135,2024.08.4,56
ST_102,IT_135,2024.08.5,0
ST_102,IT_136,2024.08.1,0
ST_102,IT_136,2024.08.2,0
ST_102,IT_136,2024.08.3,0
ST_102,IT_136,2024.08.4,8
ST_102,IT_136,2024.08.5,0
ST_102,IT_137,2024.08.1,0
ST_102,IT_137,2024.08.2,0
ST_102,IT_137,2024.08.3,0
ST_102,IT_137,2024.08.4,0
ST_102,IT_137,2024.08.5,0
ST_102,IT_138,2024.08.1,0
ST_102,IT_138,2024.08.2,0
ST_102,IT_138,2024.08.3,0
ST_102,IT_138,2024.08.4,0
ST_102,IT_138,2024.08.5,0
ST_102,IT_139,2024.08.1,0
ST_102,IT_139,2024.08.2,0
ST_102,IT_139,2024.08.3,0
ST_102,IT_139,2024.08.4,12
ST_102,IT_139,2024.08.5,0
ST_102,IT_140,2024.08.1,0
ST_102,IT_140,2024.08.2,0
ST_102,IT_140,2024.08.3,0
ST_102,IT_140,2024.08.4,36
ST_102,IT_140,2024.08.5,0
ST_102,IT_141,2024.08.1,0
ST_102,IT_141,2024.08.2,0
ST_102,IT_141,2024.08.3,0
ST_102,IT_141,2024.08.4,24
ST_102,IT_141,2024.08.5,0
ST_102,IT_142,2024.08.1,0
ST_102,IT_142,2024.08.2,0
ST_102,IT_142,2024.08.3,0
ST_102,IT_142,2024.08.4,24
ST_102,IT_142,2024.08.5,0
ST_102,IT_143,2024.08.1,0
ST_102,IT_143,2024.08.2,0
ST_102,IT_143,2024.08.3,0
ST_102,IT_143,2024.08.4,0
ST_102,IT_143,2024.08.5,0
ST_102,IT_144,2024.08.1,0
ST_102,IT_144,2024.08.2,0
ST_102,IT_144,2024.08.3,0
ST_102,IT_144,2024.08.4,12
ST_102,IT_144,2024.08.5,0
ST_102,IT_145,2024.08.1,0
ST_102,IT_145,2024.08.2,0
ST_102,IT_145,2024.08.3,0
ST_102,IT_145,2024.08.4,6
ST_102,IT_145,2024.08.5,0
ST_102,IT_146,2024.08.1,0
ST_102,IT_146,2024.08.2,0
ST_102,IT_146,2024.08.3,0
ST_102,IT_146,2024.08.4,12
ST_102,IT_146,2024.08.5,0
ST_102,IT_147,2024.08.1,0
ST_102,IT_147,2024.08.2,0
ST_102,IT_147,2024.08.3,0
ST_102,IT_147,2024.08.4,12
ST_102,IT_147,2024.08.5,0
ST_102,IT_148,2024.08.1,0
ST_102,IT_148,2024.08.2,0
ST_102,IT_148,2024.08.3,0
ST_102,IT_148,2024.08.4,6
ST_102,IT_148,2024.08.5,0
ST_102,IT_149,2024.08.1,0
ST_102,IT_149,2024.08.2,0
ST_102,IT_149,2024.08.3,0
ST_102,IT_149,2024.08.4,36
ST_102,IT_149,2024.08.5,0
ST_102,IT_152,2024.08.1,0
ST_102,IT_152,2024.08.2,0
ST_102,IT_152,2024.08.3,0
ST_102,IT_152,2024.08.4,12
ST_102,IT_152,2024.08.5,0
ST_102,IT_153,2024.08.1,0
ST_102,IT_153,2024.08.2,0
ST_102,IT_153,2024.08.3,0
ST_102,IT_153,2024.08.4,12
ST_102,IT_153,2024.08.5,0
ST_102,IT_154,2024.08.1,0
ST_102,IT_154,2024.08.2,0
ST_102,IT_154,2024.08.3,0
ST_102,IT_154,2024.08.4,30
ST_102,IT_154,2024.08.5,0
ST_102,IT_155,2024.08.1,0
ST_102,IT_155,2024.08.2,0
ST_102,IT_155,2024.08.3,0
ST_102,IT_155,2024.08.4,30
ST_102,IT_155,2024.08.5,0
ST_102,IT_156,2024.08.1,0
ST_102,IT_156,2024.08.2,0
ST_102,IT_156,2024.08.3,0
ST_102,IT_156,2024.08.4,30
ST_102,IT_156,2024.08.5,0
ST_102,IT_157,2024.08.1,0
ST_102,IT_157,2024.08.2,0
ST_102,IT_157,2024.08.3,0
ST_102,IT_157,2024.08.4,60
ST_102,IT_157,2024.08.5,0
ST_102,IT_158,2024.08.1,0
ST_102,IT_158,2024.08.2,0
ST_102,IT_158,2024.08.3,0
ST_102,IT_158,2024.08.4,0
ST_102,IT_158,2024.08.5,0
ST_102,IT_159,2024.08.1,0
ST_102,IT_159,2024.08.2,0
ST_102,IT_159,2024.08.3,0
ST_102,IT_159,2024.08.4,12
ST_102,IT_159,2024.08.5,0
ST_102,IT_160,2024.08.1,0
ST_102,IT_160,2024.08.2,0
ST_102,IT_160,2024.08.3,0
ST_102,IT_160,2024.08.4,0
ST_102,IT_160,2024.08.5,0
ST_102,IT_161,2024.08.1,0
ST_102,IT_161,2024.08.2,0
ST_102,IT_161,2024.08.3,0
ST_102,IT_161,2024.08.4,24
ST_102,IT_161,2024.08.5,0
ST_102,IT_162,2024.08.1,0
ST_102,IT_162,2024.08.2,0
ST_102,IT_162,2024.08.3,0
ST_102,IT_162,2024.08.4,12
ST_102,IT_162,2024.08.5,0
ST_102,IT_163,2024.08.1,0
ST_102,IT_163,2024.08.2,0
ST_102,IT_163,2024.08.3,0
ST_102,IT_163,2024.08.4,12
ST_102,IT_163,2024.08.5,0
ST_102,IT_164,2024.08.1,0
ST_102,IT_164,2024.08.2,0
ST_102,IT_164,2024.08.3,0
ST_102,IT_164,2024.08.4,12
ST_102,IT_164,2024.08.5,0
ST_102,IT_165,2024.08.1,0
ST_102,IT_165,2024.08.2,0
ST_102,IT_165,2024.08.3,0
ST_102,IT_165,2024.08.4,400
ST_102,IT_165,2024.08.5,0
ST_102,IT_167,2024.08.1,0
ST_102,IT_167,2024.08.2,0
ST_102,IT_167,2024.08.3,0
ST_102,IT_167,2024.08.4,0
ST_102,IT_167,2024.08.5,0
ST_102,IT_168,2024.08.1,0
ST_102,IT_168,2024.08.2,0
ST_102,IT_168,2024.08.3,0
ST_102,IT_168,2024.08.4,50
ST_102,IT_168,2024.08.5,0
ST_102,IT_169,2024.08.1,0
ST_102,IT_169,2024.08.2,0
ST_102,IT_169,2024.08.3,0
ST_102,IT_169,2024.08.4,30
ST_102,IT_169,2024.08.5,0
ST_102,IT_170,2024.08.1,0
ST_102,IT_170,2024.08.2,0
ST_102,IT_170,2024.08.3,0
ST_102,IT_170,2024.08.4,20
ST_102,IT_170,2024.08.5,0
ST_102,IT_171,2024.08.1,0
ST_102,IT_171,2024.08.2,0
ST_102,IT_171,2024.08.3,0
ST_102,IT_171,2024.08.4,10
ST_102,IT_171,2024.08.5,0
ST_102,IT_101,2024.09.1,0
ST_102,IT_101,2024.09.2,0
ST_102,IT_101,2024.09.3,0
ST_102,IT_101,2024.09.4,0
ST_102,IT_101,2024.09.5,0
ST_102,IT_102,2024.09.1,0
ST_102,IT_102,2024.09.2,0
ST_102,IT_102,2024.09.3,0
ST_102,IT_102,2024.09.4,2000
ST_102,IT_102,2024.09.5,0
ST_102,IT_103,2024.09.1,0
ST_102,IT_103,2024.09.2,0
ST_102,IT_103,2024.09.3,0
ST_102,IT_103,2024.09.4,4000
ST_102,IT_103,2024.09.5,0
ST_102,IT_104,2024.09.1,0
ST_102,IT_104,2024.09.2,0
ST_102,IT_104,2024.09.3,0
ST_102,IT_104,2024.09.4,0
ST_102,IT_104,2024.09.5,0
ST_102,IT_105,2024.09.1,0
ST_102,IT_105,2024.09.2,0
ST_102,IT_105,2024.09.3,0
ST_102,IT_105,2024.09.4,10000
ST_102,IT_105,2024.09.5,0
ST_102,IT_106,2024.09.1,0
ST_102,IT_106,2024.09.2,0
ST_102,IT_106,2024.09.3,0
ST_102,IT_106,2024.09.4,0
ST_102,IT_106,2024.09.5,0
ST_102,IT_107,2024.09.1,0
ST_102,IT_107,2024.09.2,0
ST_102,IT_107,2024.09.3,0
ST_102,IT_107,2024.09.4,11000
ST_102,IT_107,2024.09.5,0
ST_102,IT_108,2024.09.1,0
ST_102,IT_108,2024.09.2,0
ST_102,IT_108,2024.09.3,0
ST_102,IT_108,2024.09.4,0
ST_102,IT_108,2024.09.5,0
ST_102,IT_109,2024.09.1,0
ST_102,IT_109,2024.09.2,0
ST_102,IT_109,2024.09.3,0
ST_102,IT_109,2024.09.4,0
ST_102,IT_109,2024.09.5,0
ST_102,IT_110,2024.09.1,0
ST_102,IT_110,2024.09.2,0
ST_102,IT_110,2024.09.3,0
ST_102,IT_110,2024.09.4,0
ST_102,IT_110,2024.09.5,0
ST_102,IT_111,2024.09.1,0
ST_102,IT_111,2024.09.2,0
ST_102,IT_111,2024.09.3,0
ST_102,IT_111,2024.09.4,10000
ST_102,IT_111,2024.09.5,0
ST_102,IT_112,2024.09.1,0
ST_102,IT_112,2024.09.2,0
ST_102,IT_112,2024.09.3,0
ST_102,IT_112,2024.09.4,10000
ST_102,IT_112,2024.09.5,0
ST_102,IT_113,2024.09.1,0
ST_102,IT_113,2024.09.2,0
ST_102,IT_113,2024.09.3,0
ST_102,IT_113,2024.09.4,0
ST_102,IT_113,2024.09.5,0
ST_102,IT_114,2024.09.1,0
ST_102,IT_114,2024.09.2,0
ST_102,IT_114,2024.09.3,0
ST_102,IT_114,2024.09.4,0
ST_102,IT_114,2024.09.5,0
ST_102,IT_115,2024.09.1,0
ST_102,IT_115,2024.09.2,0
ST_102,IT_115,2024.09.3,0
ST_102,IT_115,2024.09.4,0
ST_102,IT_115,2024.09.5,0
ST_102,IT_116,2024.09.1,0
ST_102,IT_116,2024.09.2,0
ST_102,IT_116,2024.09.3,0
ST_102,IT_116,2024.09.4,0
ST_102,IT_116,2024.09.5,0
ST_102,IT_117,2024.09.1,0
ST_102,IT_117,2024.09.2,0
ST_102,IT_117,2024.09.3,0
ST_102,IT_117,2024.09.4,0
ST_102,IT_117,2024.09.5,0
ST_102,IT_118,2024.09.1,0
ST_102,IT_118,2024.09.2,0
ST_102,IT_118,2024.09.3,0
ST_102,IT_118,2024.09.4,2000
ST_102,IT_118,2024.09.5,0
ST_102,IT_119,2024.09.1,0
ST_102,IT_119,2024.09.2,0
ST_102,IT_119,2024.09.3,0
ST_102,IT_119,2024.09.4,0
ST_102,IT_119,2024.09.5,0
ST_102,IT_120,2024.09.1,0
ST_102,IT_120,2024.09.2,0
ST_102,IT_120,2024.09.3,0
ST_102,IT_120,2024.09.4,0
ST_102,IT_120,2024.09.5,0
ST_102,IT_121,2024.09.1,0
ST_102,IT_121,2024.09.2,0
ST_102,IT_121,2024.09.3,0
ST_102,IT_121,2024.09.4,0
ST_102,IT_121,2024.09.5,0
ST_102,IT_122,2024.09.1,0
ST_102,IT_122,2024.09.2,0
ST_102,IT_122,2024.09.3,0
ST_102,IT_122,2024.09.4,0
ST_102,IT_122,2024.09.5,0
ST_102,IT_123,2024.09.1,0
ST_102,IT_123,2024.09.2,0
ST_102,IT_123,2024.09.3,0
ST_102,IT_123,2024.09.4,0
ST_102,IT_123,2024.09.5,0
ST_102,IT_124,2024.09.1,0
ST_102,IT_124,2024.09.2,0
ST_102,IT_124,2024.09.3,0
ST_102,IT_124,2024.09.4,0
ST_102,IT_124,2024.09.5,0
ST_102,IT_125,2024.09.1,0
ST_102,IT_125,2024.09.2,0
ST_102,IT_125,2024.09.3,0
ST_102,IT_125,2024.09.4,0
ST_102,IT_125,2024.09.5,0
ST_102,IT_126,2024.09.1,0
ST_102,IT_126,2024.09.2,0
ST_102,IT_126,2024.09.3,0
ST_102,IT_126,2024.09.4,24
ST_102,IT_126,2024.09.5,0
ST_102,IT_127,2024.09.1,0
ST_102,IT_127,2024.09.2,0
ST_102,IT_127,2024.09.3,0
ST_102,IT_127,2024.09.4,0
ST_102,IT_127,2024.09.5,0
ST_102,IT_128,2024.09.1,0
ST_102,IT_128,2024.09.2,0
ST_102,IT_128,2024.09.3,0
ST_102,IT_128,2024.09.4,24
ST_102,IT_128,2024.09.5,0
ST_102,IT_129,2024.09.1,0
ST_102,IT_129,2024.09.2,0
ST_102,IT_129,2024.09.3,0
ST_102,IT_129,2024.09.4,0
ST_102,IT_129,2024.09.5,0
ST_102,IT_130,2024.09.1,0
ST_102,IT_130,2024.09.2,0
ST_102,IT_130,2024.09.3,0
ST_102,IT_130,2024.09.4,0
ST_102,IT_130,2024.09.5,0
ST_102,IT_131,2024.09.1,0
ST_102,IT_131,2024.09.2,0
ST_102,IT_131,2024.09.3,0
ST_102,IT_131,2024.09.4,120
ST_102,IT_131,2024.09.5,0
ST_102,IT_132,2024.09.1,0
ST_102,IT_132,2024.09.2,0
ST_102,IT_132,2024.09.3,0
ST_102,IT_132,2024.09.4,60
ST_102,IT_132,2024.09.5,0
ST_102,IT_133,2024.09.1,0
ST_102,IT_133,2024.09.2,0
ST_102,IT_133,2024.09.3,0
ST_102,IT_133,2024.09.4,0
ST_102,IT_133,2024.09.5,0
ST_102,IT_134,2024.09.1,0
ST_102,IT_134,2024.09.2,0
ST_102,IT_134,2024.09.3,0
ST_102,IT_134,2024.09.4,0
ST_102,IT_134,2024.09.5,0
ST_102,IT_135,2024.09.1,0
ST_102,IT_135,2024.09.2,0
ST_102,IT_135,2024.09.3,0
ST_102,IT_135,2024.09.4,0
ST_102,IT_135,2024.09.5,0
ST_102,IT_136,2024.09.1,0
ST_102,IT_136,2024.09.2,0
ST_102,IT_136,2024.09.3,0
ST_102,IT_136,2024.09.4,8
ST_102,IT_136,2024.09.5,0
ST_102,IT_137,2024.09.1,0
ST_102,IT_137,2024.09.2,0
ST_102,IT_137,2024.09.3,0
ST_102,IT_137,2024.09.4,0
ST_102,IT_137,2024.09.5,0
ST_102,IT_138,2024.09.1,0
ST_102,IT_138,2024.09.2,0
ST_102,IT_138,2024.09.3,0
ST_102,IT_138,2024.09.4,0
ST_102,IT_138,2024.09.5,0
ST_102,IT_139,2024.09.1,0
ST_102,IT_139,2024.09.2,0
ST_102,IT_139,2024.09.3,0
ST_102,IT_139,2024.09.4,0
ST_102,IT_139,2024.09.5,0
ST_102,IT_140,2024.09.1,0
ST_102,IT_140,2024.09.2,0
ST_102,IT_140,2024.09.3,0
ST_102,IT_140,2024.09.4,0
ST_102,IT_140,2024.09.5,0
ST_102,IT_141,2024.09.1,0
ST_102,IT_141,2024.09.2,0
ST_102,IT_141,2024.09.3,0
ST_102,IT_141,2024.09.4,12
ST_102,IT_141,2024.09.5,0
ST_102,IT_142,2024.09.1,0
ST_102,IT_142,2024.09.2,0
ST_102,IT_142,2024.09.3,0
ST_102,IT_142,2024.09.4,12
ST_102,IT_142,2024.09.5,0
ST_102,IT_143,2024.09.1,0
ST_102,IT_143,2024.09.2,0
ST_102,IT_143,2024.09.3,0
ST_102,IT_143,2024.09.4,0
ST_102,IT_143,2024.09.5,0
ST_102,IT_144,2024.09.1,0
ST_102,IT_144,2024.09.2,0
ST_102,IT_144,2024.09.3,0
ST_102,IT_144,2024.09.4,24
ST_102,IT_144,2024.09.5,0
ST_102,IT_145,2024.09.1,0
ST_102,IT_145,2024.09.2,0
ST_102,IT_145,2024.09.3,0
ST_102,IT_145,2024.09.4,0
ST_102,IT_145,2024.09.5,0
ST_102,IT_146,2024.09.1,0
ST_102,IT_146,2024.09.2,0
ST_102,IT_146,2024.09.3,0
ST_102,IT_146,2024.09.4,0
ST_102,IT_146,2024.09.5,0
ST_102,IT_147,2024.09.1,0
ST_102,IT_147,2024.09.2,0
ST_102,IT_147,2024.09.3,0
ST_102,IT_147,2024.09.4,12
ST_102,IT_147,2024.09.5,0
ST_102,IT_148,2024.09.1,0
ST_102,IT_148,2024.09.2,0
ST_102,IT_148,2024.09.3,0
ST_102,IT_148,2024.09.4,0
ST_102,IT_148,2024.09.5,0
ST_102,IT_149,2024.09.1,0
ST_102,IT_149,2024.09.2,0
ST_102,IT_149,2024.09.3,0
ST_102,IT_149,2024.09.4,24
ST_102,IT_149,2024.09.5,0
ST_102,IT_152,2024.09.1,0
ST_102,IT_152,2024.09.2,0
ST_102,IT_152,2024.09.3,0
ST_102,IT_152,2024.09.4,12
ST_102,IT_152,2024.09.5,0
ST_102,IT_153,2024.09.1,0
ST_102,IT_153,2024.09.2,0
ST_102,IT_153,2024.09.3,0
ST_102,IT_153,2024.09.4,12
ST_102,IT_153,2024.09.5,0
ST_102,IT_154,2024.09.1,0
ST_102,IT_154,2024.09.2,0
ST_102,IT_154,2024.09.3,0
ST_102,IT_154,2024.09.4,0
ST_102,IT_154,2024.09.5,0
ST_102,IT_155,2024.09.1,0
ST_102,IT_155,2024.09.2,0
ST_102,IT_155,2024.09.3,0
ST_102,IT_155,2024.09.4,0
ST_102,IT_155,2024.09.5,0
ST_102,IT_156,2024.09.1,0
ST_102,IT_156,2024.09.2,0
ST_102,IT_156,2024.09.3,0
ST_102,IT_156,2024.09.4,0
ST_102,IT_156,2024.09.5,0
ST_102,IT_157,2024.09.1,0
ST_102,IT_157,2024.09.2,0
ST_102,IT_157,2024.09.3,0
ST_102,IT_157,2024.09.4,0
ST_102,IT_157,2024.09.5,0
ST_102,IT_158,2024.09.1,0
ST_102,IT_158,2024.09.2,0
ST_102,IT_158,2024.09.3,0
ST_102,IT_158,2024.09.4,0
ST_102,IT_158,2024.09.5,0
ST_102,IT_159,2024.09.1,0
ST_102,IT_159,2024.09.2,0
ST_102,IT_159,2024.09.3,0
ST_102,IT_159,2024.09.4,0
ST_102,IT_159,2024.09.5,0
ST_102,IT_160,2024.09.1,0
ST_102,IT_160,2024.09.2,0
ST_102,IT_160,2024.09.3,0
ST_102,IT_160,2024.09.4,0
ST_102,IT_160,2024.09.5,0
ST_102,IT_161,2024.09.1,0
ST_102,IT_161,2024.09.2,0
ST_102,IT_161,2024.09.3,0
ST_102,IT_161,2024.09.4,0
ST_102,IT_161,2024.09.5,0
ST_102,IT_162,2024.09.1,0
ST_102,IT_162,2024.09.2,0
ST_102,IT_162,2024.09.3,0
ST_102,IT_162,2024.09.4,0
ST_102,IT_162,2024.09.5,0
ST_102,IT_163,2024.09.1,0
ST_102,IT_163,2024.09.2,0
ST_102,IT_163,2024.09.3,0
ST_102,IT_163,2024.09.4,0
ST_102,IT_163,2024.09.5,0
ST_102,IT_164,2024.09.1,0
ST_102,IT_164,2024.09.2,0
ST_102,IT_164,2024.09.3,0
ST_102,IT_164,2024.09.4,0
ST_102,IT_164,2024.09.5,0
ST_102,IT_165,2024.09.1,0
ST_102,IT_165,2024.09.2,0
ST_102,IT_165,2024.09.3,0
ST_102,IT_165,2024.09.4,0
ST_102,IT_165,2024.09.5,0
ST_102,IT_167,2024.09.1,0
ST_102,IT_167,2024.09.2,0
ST_102,IT_167,2024.09.3,0
ST_102,IT_167,2024.09.4,0
ST_102,IT_167,2024.09.5,0
ST_102,IT_168,2024.09.1,0
ST_102,IT_168,2024.09.2,0
ST_102,IT_168,2024.09.3,0
ST_102,IT_168,2024.09.4,0
ST_102,IT_168,2024.09.5,0
ST_102,IT_169,2024.09.1,0
ST_102,IT_169,2024.09.2,0
ST_102,IT_169,2024.09.3,0
ST_102,IT_169,2024.09.4,0
ST_102,IT_169,2024.09.5,0
ST_102,IT_170,2024.09.1,0
ST_102,IT_170,2024.09.2,0
ST_102,IT_170,2024.09.3,0
ST_102,IT_170,2024.09.4,0
ST_102,IT_170,2024.09.5,0
ST_102,IT_171,2024.09.1,0
ST_102,IT_171,2024.09.2,0
ST_102,IT_171,2024.09.3,0
ST_102,IT_171,2024.09.4,0
ST_102,IT_171,2024.09.5,0
ST_102,IT_101,2024.10.1,0
ST_102,IT_101,2024.10.2,0
ST_102,IT_101,2024.10.3,0
ST_102,IT_101,2024.10.4,0
ST_102,IT_101,2024.10.5,0
ST_102,IT_102,2024.10.1,5000
ST_102,IT_102,2024.10.2,0
ST_102,IT_102,2024.10.3,0
ST_102,IT_102,2024.10.4,4000
ST_102,IT_102,2024.10.5,0
ST_102,IT_103,2024.10.1,5000
ST_102,IT_103,2024.10.2,0
ST_102,IT_103,2024.10.3,0
ST_102,IT_103,2024.10.4,2000
ST_102,IT_103,2024.10.5,0
ST_102,IT_104,2024.10.1,0
ST_102,IT_104,2024.10.2,0
ST_102,IT_104,2024.10.3,0
ST_102,IT_104,2024.10.4,0
ST_102,IT_104,2024.10.5,0
ST_102,IT_105,2024.10.1,10000
ST_102,IT_105,2024.10.2,0
ST_102,IT_105,2024.10.3,0
ST_102,IT_105,2024.10.4,6000
ST_102,IT_105,2024.10.5,0
ST_102,IT_106,2024.10.1,3000
ST_102,IT_106,2024.10.2,0
ST_102,IT_106,2024.10.3,0
ST_102,IT_106,2024.10.4,0
ST_102,IT_106,2024.10.5,0
ST_102,IT_107,2024.10.1,10000
ST_102,IT_107,2024.10.2,0
ST_102,IT_107,2024.10.3,0
ST_102,IT_107,2024.10.4,6000
ST_102,IT_107,2024.10.5,0
ST_102,IT_108,2024.10.1,1000
ST_102,IT_108,2024.10.2,0
ST_102,IT_108,2024.10.3,0
ST_102,IT_108,2024.10.4,0
ST_102,IT_108,2024.10.5,0
ST_102,IT_109,2024.10.1,0
ST_102,IT_109,2024.10.2,0
ST_102,IT_109,2024.10.3,0
ST_102,IT_109,2024.10.4,0
ST_102,IT_109,2024.10.5,0
ST_102,IT_110,2024.10.1,0
ST_102,IT_110,2024.10.2,0
ST_102,IT_110,2024.10.3,0
ST_102,IT_110,2024.10.4,0
ST_102,IT_110,2024.10.5,0
ST_102,IT_111,2024.10.1,10000
ST_102,IT_111,2024.10.2,0
ST_102,IT_111,2024.10.3,0
ST_102,IT_111,2024.10.4,16000
ST_102,IT_111,2024.10.5,0
ST_102,IT_112,2024.10.1,0
ST_102,IT_112,2024.10.2,0
ST_102,IT_112,2024.10.3,0
ST_102,IT_112,2024.10.4,10000
ST_102,IT_112,2024.10.5,0
ST_102,IT_113,2024.10.1,0
ST_102,IT_113,2024.10.2,0
ST_102,IT_113,2024.10.3,0
ST_102,IT_113,2024.10.4,0
ST_102,IT_113,2024.10.5,0
ST_102,IT_114,2024.10.1,10000
ST_102,IT_114,2024.10.2,0
ST_102,IT_114,2024.10.3,0
ST_102,IT_114,2024.10.4,10000
ST_102,IT_114,2024.10.5,0
ST_102,IT_115,2024.10.1,0
ST_102,IT_115,2024.10.2,0
ST_102,IT_115,2024.10.3,0
ST_102,IT_115,2024.10.4,0
ST_102,IT_115,2024.10.5,0
ST_102,IT_116,2024.10.1,0
ST_102,IT_116,2024.10.2,0
ST_102,IT_116,2024.10.3,0
ST_102,IT_116,2024.10.4,0
ST_102,IT_116,2024.10.5,0
ST_102,IT_117,2024.10.1,3200
ST_102,IT_117,2024.10.2,0
ST_102,IT_117,2024.10.3,0
ST_102,IT_117,2024.10.4,0
ST_102,IT_117,2024.10.5,0
ST_102,IT_118,2024.10.1,0
ST_102,IT_118,2024.10.2,0
ST_102,IT_118,2024.10.3,0
ST_102,IT_118,2024.10.4,0
ST_102,IT_118,2024.10.5,0
ST_102,IT_119,2024.10.1,16000
ST_102,IT_119,2024.10.2,0
ST_102,IT_119,2024.10.3,0
ST_102,IT_119,2024.10.4,0
ST_102,IT_119,2024.10.5,0
ST_102,IT_120,2024.10.1,0
ST_102,IT_120,2024.10.2,0
ST_102,IT_120,2024.10.3,0
ST_102,IT_120,2024.10.4,0
ST_102,IT_120,2024.10.5,0
ST_102,IT_121,2024.10.1,0
ST_102,IT_121,2024.10.2,0
ST_102,IT_121,2024.10.3,0
ST_102,IT_121,2024.10.4,0
ST_102,IT_121,2024.10.5,0
ST_102,IT_122,2024.10.1,0
ST_102,IT_122,2024.10.2,0
ST_102,IT_122,2024.10.3,0
ST_102,IT_122,2024.10.4,0
ST_102,IT_122,2024.10.5,0
ST_102,IT_123,2024.10.1,0
ST_102,IT_123,2024.10.2,0
ST_102,IT_123,2024.10.3,0
ST_102,IT_123,2024.10.4,0
ST_102,IT_123,2024.10.5,0
ST_102,IT_124,2024.10.1,0
ST_102,IT_124,2024.10.2,0
ST_102,IT_124,2024.10.3,0
ST_102,IT_124,2024.10.4,0
ST_102,IT_124,2024.10.5,0
ST_102,IT_125,2024.10.1,0
ST_102,IT_125,2024.10.2,0
ST_102,IT_125,2024.10.3,0
ST_102,IT_125,2024.10.4,12
ST_102,IT_125,2024.10.5,0
ST_102,IT_126,2024.10.1,24
ST_102,IT_126,2024.10.2,0
ST_102,IT_126,2024.10.3,0
ST_102,IT_126,2024.10.4,36
ST_102,IT_126,2024.10.5,0
ST_102,IT_127,2024.10.1,0
ST_102,IT_127,2024.10.2,0
ST_102,IT_127,2024.10.3,0
ST_102,IT_127,2024.10.4,0
ST_102,IT_127,2024.10.5,0
ST_102,IT_128,2024.10.1,12
ST_102,IT_128,2024.10.2,0
ST_102,IT_128,2024.10.3,0
ST_102,IT_128,2024.10.4,18
ST_102,IT_128,2024.10.5,0
ST_102,IT_129,2024.10.1,60
ST_102,IT_129,2024.10.2,0
ST_102,IT_129,2024.10.3,0
ST_102,IT_129,2024.10.4,60
ST_102,IT_129,2024.10.5,0
ST_102,IT_130,2024.10.1,0
ST_102,IT_130,2024.10.2,0
ST_102,IT_130,2024.10.3,0
ST_102,IT_130,2024.10.4,0
ST_102,IT_130,2024.10.5,0
ST_102,IT_131,2024.10.1,120
ST_102,IT_131,2024.10.2,0
ST_102,IT_131,2024.10.3,0
ST_102,IT_131,2024.10.4,60
ST_102,IT_131,2024.10.5,0
ST_102,IT_132,2024.10.1,60
ST_102,IT_132,2024.10.2,0
ST_102,IT_132,2024.10.3,0
ST_102,IT_132,2024.10.4,0
ST_102,IT_132,2024.10.5,0
ST_102,IT_133,2024.10.1,0
ST_102,IT_133,2024.10.2,0
ST_102,IT_133,2024.10.3,0
ST_102,IT_133,2024.10.4,0
ST_102,IT_133,2024.10.5,0
ST_102,IT_134,2024.10.1,0
ST_102,IT_134,2024.10.2,0
ST_102,IT_134,2024.10.3,0
ST_102,IT_134,2024.10.4,0
ST_102,IT_134,2024.10.5,0
ST_102,IT_135,2024.10.1,24
ST_102,IT_135,2024.10.2,0
ST_102,IT_135,2024.10.3,0
ST_102,IT_135,2024.10.4,56
ST_102,IT_135,2024.10.5,0
ST_102,IT_136,2024.10.1,0
ST_102,IT_136,2024.10.2,0
ST_102,IT_136,2024.10.3,0
ST_102,IT_136,2024.10.4,24
ST_102,IT_136,2024.10.5,0
ST_102,IT_137,2024.10.1,0
ST_102,IT_137,2024.10.2,0
ST_102,IT_137,2024.10.3,0
ST_102,IT_137,2024.10.4,0
ST_102,IT_137,2024.10.5,0
ST_102,IT_138,2024.10.1,0
ST_102,IT_138,2024.10.2,0
ST_102,IT_138,2024.10.3,0
ST_102,IT_138,2024.10.4,0
ST_102,IT_138,2024.10.5,0
ST_102,IT_139,2024.10.1,0
ST_102,IT_139,2024.10.2,0
ST_102,IT_139,2024.10.3,0
ST_102,IT_139,2024.10.4,24
ST_102,IT_139,2024.10.5,0
ST_102,IT_140,2024.10.1,0
ST_102,IT_140,2024.10.2,0
ST_102,IT_140,2024.10.3,0
ST_102,IT_140,2024.10.4,24
ST_102,IT_140,2024.10.5,0
ST_102,IT_141,2024.10.1,0
ST_102,IT_141,2024.10.2,0
ST_102,IT_141,2024.10.3,0
ST_102,IT_141,2024.10.4,24
ST_102,IT_141,2024.10.5,0
ST_102,IT_142,2024.10.1,0
ST_102,IT_142,2024.10.2,0
ST_102,IT_142,2024.10.3,0
ST_102,IT_142,2024.10.4,48
ST_102,IT_142,2024.10.5,0
ST_102,IT_143,2024.10.1,0
ST_102,IT_143,2024.10.2,0
ST_102,IT_143,2024.10.3,0
ST_102,IT_143,2024.10.4,0
ST_102,IT_143,2024.10.5,0
ST_102,IT_144,2024.10.1,0
ST_102,IT_144,2024.10.2,0
ST_102,IT_144,2024.10.3,0
ST_102,IT_144,2024.10.4,12
ST_102,IT_144,2024.10.5,0
ST_102,IT_145,2024.10.1,0
ST_102,IT_145,2024.10.2,0
ST_102,IT_145,2024.10.3,0
ST_102,IT_145,2024.10.4,18
ST_102,IT_145,2024.10.5,0
ST_102,IT_146,2024.10.1,0
ST_102,IT_146,2024.10.2,0
ST_102,IT_146,2024.10.3,0
ST_102,IT_146,2024.10.4,0
ST_102,IT_146,2024.10.5,0
ST_102,IT_147,2024.10.1,0
ST_102,IT_147,2024.10.2,0
ST_102,IT_147,2024.10.3,0
ST_102,IT_147,2024.10.4,12
ST_102,IT_147,2024.10.5,0
ST_102,IT_148,2024.10.1,0
ST_102,IT_148,2024.10.2,0
ST_102,IT_148,2024.10.3,0
ST_102,IT_148,2024.10.4,0
ST_102,IT_148,2024.10.5,0
ST_102,IT_149,2024.10.1,0
ST_102,IT_149,2024.10.2,0
ST_102,IT_149,2024.10.3,0
ST_102,IT_149,2024.10.4,36
ST_102,IT_149,2024.10.5,0
ST_102,IT_152,2024.10.1,0
ST_102,IT_152,2024.10.2,0
ST_102,IT_152,2024.10.3,0
ST_102,IT_152,2024.10.4,24
ST_102,IT_152,2024.10.5,0
ST_102,IT_153,2024.10.1,0
ST_102,IT_153,2024.10.2,0
ST_102,IT_153,2024.10.3,0
ST_102,IT_153,2024.10.4,24
ST_102,IT_153,2024.10.5,0
ST_102,IT_154,2024.10.1,36
ST_102,IT_154,2024.10.2,0
ST_102,IT_154,2024.10.3,0
ST_102,IT_154,2024.10.4,0
ST_102,IT_154,2024.10.5,0
ST_102,IT_155,2024.10.1,0
ST_102,IT_155,2024.10.2,0
ST_102,IT_155,2024.10.3,0
ST_102,IT_155,2024.10.4,0
ST_102,IT_155,2024.10.5,0
ST_102,IT_156,2024.10.1,0
ST_102,IT_156,2024.10.2,0
ST_102,IT_156,2024.10.3,0
ST_102,IT_156,2024.10.4,0
ST_102,IT_156,2024.10.5,0
ST_102,IT_157,2024.10.1,40
ST_102,IT_157,2024.10.2,0
ST_102,IT_157,2024.10.3,0
ST_102,IT_157,2024.10.4,0
ST_102,IT_157,2024.10.5,0
ST_102,IT_158,2024.10.1,0
ST_102,IT_158,2024.10.2,0
ST_102,IT_158,2024.10.3,0
ST_102,IT_158,2024.10.4,0
ST_102,IT_158,2024.10.5,0
ST_102,IT_159,2024.10.1,18
ST_102,IT_159,2024.10.2,0
ST_102,IT_159,2024.10.3,0
ST_102,IT_159,2024.10.4,0
ST_102,IT_159,2024.10.5,0
ST_102,IT_160,2024.10.1,0
ST_102,IT_160,2024.10.2,0
ST_102,IT_160,2024.10.3,0
ST_102,IT_160,2024.10.4,0
ST_102,IT_160,2024.10.5,0
ST_102,IT_161,2024.10.1,18
ST_102,IT_161,2024.10.2,0
ST_102,IT_161,2024.10.3,0
ST_102,IT_161,2024.10.4,0
ST_102,IT_161,2024.10.5,0
ST_102,IT_162,2024.10.1,8
ST_102,IT_162,2024.10.2,0
ST_102,IT_162,2024.10.3,0
ST_102,IT_162,2024.10.4,0
ST_102,IT_162,2024.10.5,0
ST_102,IT_163,2024.10.1,8
ST_102,IT_163,2024.10.2,0
ST_102,IT_163,2024.10.3,0
ST_102,IT_163,2024.10.4,0
ST_102,IT_163,2024.10.5,0
ST_102,IT_164,2024.10.1,16
ST_102,IT_164,2024.10.2,0
ST_102,IT_164,2024.10.3,0
ST_102,IT_164,2024.10.4,0
ST_102,IT_164,2024.10.5,0
ST_102,IT_165,2024.10.1,200
ST_102,IT_165,2024.10.2,0
ST_102,IT_165,2024.10.3,200
ST_102,IT_165,2024.10.4,0
ST_102,IT_165,2024.10.5,0
ST_102,IT_167,2024.10.1,40
ST_102,IT_167,2024.10.2,0
ST_102,IT_167,2024.10.3,0
ST_102,IT_167,2024.10.4,0
ST_102,IT_167,2024.10.5,0
ST_102,IT_168,2024.10.1,0
ST_102,IT_168,2024.10.2,0
ST_102,IT_168,2024.10.3,0
ST_102,IT_168,2024.10.4,0
ST_102,IT_168,2024.10.5,0
ST_102,IT_169,2024.10.1,0
ST_102,IT_169,2024.10.2,0
ST_102,IT_169,2024.10.3,0
ST_102,IT_169,2024.10.4,0
ST_102,IT_169,2024.10.5,0
ST_102,IT_170,2024.10.1,0
ST_102,IT_170,2024.10.2,0
ST_102,IT_170,2024.10.3,0
ST_102,IT_170,2024.10.4,0
ST_102,IT_170,2024.10.5,0
ST_102,IT_171,2024.10.1,0
ST_102,IT_171,2024.10.2,0
ST_102,IT_171,2024.10.3,0
ST_102,IT_171,2024.10.4,0
ST_102,IT_171,2024.10.5,0
ST_102,IT_101,2024.11.1,0
ST_102,IT_101,2024.11.2,0
ST_102,IT_101,2024.11.3,0
ST_102,IT_101,2024.11.4,0
ST_102,IT_101,2024.11.5,0
ST_102,IT_102,2024.11.1,0
ST_102,IT_102,2024.11.2,0
ST_102,IT_102,2024.11.3,0
ST_102,IT_102,2024.11.4,0
ST_102,IT_102,2024.11.5,0
ST_102,IT_103,2024.11.1,0
ST_102,IT_103,2024.11.2,2000
ST_102,IT_103,2024.11.3,0
ST_102,IT_103,2024.11.4,0
ST_102,IT_103,2024.11.5,0
ST_102,IT_104,2024.11.1,0
ST_102,IT_104,2024.11.2,0
ST_102,IT_104,2024.11.3,0
ST_102,IT_104,2024.11.4,0
ST_102,IT_104,2024.11.5,0
ST_102,IT_105,2024.11.1,0
ST_102,IT_105,2024.11.2,10000
ST_102,IT_105,2024.11.3,0
ST_102,IT_105,2024.11.4,0
ST_102,IT_105,2024.11.5,0
ST_102,IT_106,2024.11.1,0
ST_102,IT_106,2024.11.2,1000
ST_102,IT_106,2024.11.3,0
ST_102,IT_106,2024.11.4,0
ST_102,IT_106,2024.11.5,0
ST_102,IT_107,2024.11.1,0
ST_102,IT_107,2024.11.2,11000
ST_102,IT_107,2024.11.3,0
ST_102,IT_107,2024.11.4,0
ST_102,IT_107,2024.11.5,0
ST_102,IT_108,2024.11.1,0
ST_102,IT_108,2024.11.2,1000
ST_102,IT_108,2024.11.3,0
ST_102,IT_108,2024.11.4,0
ST_102,IT_108,2024.11.5,0
ST_102,IT_109,2024.11.1,0
ST_102,IT_109,2024.11.2,0
ST_102,IT_109,2024.11.3,0
ST_102,IT_109,2024.11.4,0
ST_102,IT_109,2024.11.5,0
ST_102,IT_110,2024.11.1,0
ST_102,IT_110,2024.11.2,0
ST_102,IT_110,2024.11.3,0
ST_102,IT_110,2024.11.4,0
ST_102,IT_110,2024.11.5,0
ST_102,IT_111,2024.11.1,0
ST_102,IT_111,2024.11.2,15000
ST_102,IT_111,2024.11.3,0
ST_102,IT_111,2024.11.4,0
ST_102,IT_111,2024.11.5,0
ST_102,IT_112,2024.11.1,0
ST_102,IT_112,2024.11.2,10000
ST_102,IT_112,2024.11.3,0
ST_102,IT_112,2024.11.4,0
ST_102,IT_112,2024.11.5,0
ST_102,IT_113,2024.11.1,0
ST_102,IT_113,2024.11.2,3200
ST_102,IT_113,2024.11.3,0
ST_102,IT_113,2024.11.4,0
ST_102,IT_113,2024.11.5,0
ST_102,IT_114,2024.11.1,0
ST_102,IT_114,2024.11.2,10000
ST_102,IT_114,2024.11.3,0
ST_102,IT_114,2024.11.4,0
ST_102,IT_114,2024.11.5,0
ST_102,IT_115,2024.11.1,0
ST_102,IT_115,2024.11.2,0
ST_102,IT_115,2024.11.3,0
ST_102,IT_115,2024.11.4,0
ST_102,IT_115,2024.11.5,0
ST_102,IT_116,2024.11.1,0
ST_102,IT_116,2024.11.2,0
ST_102,IT_116,2024.11.3,0
ST_102,IT_116,2024.11.4,0
ST_102,IT_116,2024.11.5,0
ST_102,IT_117,2024.11.1,0
ST_102,IT_117,2024.11.2,0
ST_102,IT_117,2024.11.3,0
ST_102,IT_117,2024.11.4,0
ST_102,IT_117,2024.11.5,0
ST_102,IT_118,2024.11.1,0
ST_102,IT_118,2024.11.2,1000
ST_102,IT_118,2024.11.3,0
ST_102,IT_118,2024.11.4,0
ST_102,IT_118,2024.11.5,0
ST_102,IT_119,2024.11.1,0
ST_102,IT_119,2024.11.2,0
ST_102,IT_119,2024.11.3,0
ST_102,IT_119,2024.11.4,0
ST_102,IT_119,2024.11.5,0
ST_102,IT_120,2024.11.1,0
ST_102,IT_120,2024.11.2,0
ST_102,IT_120,2024.11.3,0
ST_102,IT_120,2024.11.4,0
ST_102,IT_120,2024.11.5,0
ST_102,IT_121,2024.11.1,0
ST_102,IT_121,2024.11.2,10000
ST_102,IT_121,2024.11.3,0
ST_102,IT_121,2024.11.4,0
ST_102,IT_121,2024.11.5,0
ST_102,IT_122,2024.11.1,0
ST_102,IT_122,2024.11.2,10000
ST_102,IT_122,2024.11.3,0
ST_102,IT_122,2024.11.4,0
ST_102,IT_122,2024.11.5,0
ST_102,IT_123,2024.11.1,0
ST_102,IT_123,2024.11.2,0
ST_102,IT_123,2024.11.3,0
ST_102,IT_123,2024.11.4,0
ST_102,IT_123,2024.11.5,0
ST_102,IT_124,2024.11.1,0
ST_102,IT_124,2024.11.2,24
ST_102,IT_124,2024.11.3,0
ST_102,IT_124,2024.11.4,0
ST_102,IT_124,2024.11.5,0
ST_102,IT_125,2024.11.1,0
ST_102,IT_125,2024.11.2,12
ST_102,IT_125,2024.11.3,0
ST_102,IT_125,2024.11.4,0
ST_102,IT_125,2024.11.5,0
ST_102,IT_126,2024.11.1,0
ST_102,IT_126,2024.11.2,12
ST_102,IT_126,2024.11.3,0
ST_102,IT_126,2024.11.4,0
ST_102,IT_126,2024.11.5,0
ST_102,IT_127,2024.11.1,0
ST_102,IT_127,2024.11.2,0
ST_102,IT_127,2024.11.3,0
ST_102,IT_127,2024.11.4,0
ST_102,IT_127,2024.11.5,0
ST_102,IT_128,2024.11.1,0
ST_102,IT_128,2024.11.2,12
ST_102,IT_128,2024.11.3,0
ST_102,IT_128,2024.11.4,0
ST_102,IT_128,2024.11.5,0
ST_102,IT_129,2024.11.1,0
ST_102,IT_129,2024.11.2,40
ST_102,IT_129,2024.11.3,0
ST_102,IT_129,2024.11.4,0
ST_102,IT_129,2024.11.5,0
ST_102,IT_130,2024.11.1,0
ST_102,IT_130,2024.11.2,0
ST_102,IT_130,2024.11.3,0
ST_102,IT_130,2024.11.4,0
ST_102,IT_130,2024.11.5,0
ST_102,IT_131,2024.11.1,0
ST_102,IT_131,2024.11.2,120
ST_102,IT_131,2024.11.3,0
ST_102,IT_131,2024.11.4,0
ST_102,IT_131,2024.11.5,0
ST_102,IT_132,2024.11.1,0
ST_102,IT_132,2024.11.2,60
ST_102,IT_132,2024.11.3,0
ST_102,IT_132,2024.11.4,0
ST_102,IT_132,2024.11.5,0
ST_102,IT_133,2024.11.1,0
ST_102,IT_133,2024.11.2,0
ST_102,IT_133,2024.11.3,0
ST_102,IT_133,2024.11.4,0
ST_102,IT_133,2024.11.5,0
ST_102,IT_134,2024.11.1,0
ST_102,IT_134,2024.11.2,0
ST_102,IT_134,2024.11.3,0
ST_102,IT_134,2024.11.4,0
ST_102,IT_134,2024.11.5,0
ST_102,IT_135,2024.11.1,0
ST_102,IT_135,2024.11.2,40
ST_102,IT_135,2024.11.3,0
ST_102,IT_135,2024.11.4,0
ST_102,IT_135,2024.11.5,0
ST_102,IT_136,2024.11.1,0
ST_102,IT_136,2024.11.2,24
ST_102,IT_136,2024.11.3,0
ST_102,IT_136,2024.11.4,0
ST_102,IT_136,2024.11.5,0
ST_102,IT_137,2024.11.1,0
ST_102,IT_137,2024.11.2,0
ST_102,IT_137,2024.11.3,0
ST_102,IT_137,2024.11.4,0
ST_102,IT_137,2024.11.5,0
ST_102,IT_138,2024.11.1,0
ST_102,IT_138,2024.11.2,0
ST_102,IT_138,2024.11.3,0
ST_102,IT_138,2024.11.4,0
ST_102,IT_138,2024.11.5,0
ST_102,IT_139,2024.11.1,0
ST_102,IT_139,2024.11.2,0
ST_102,IT_139,2024.11.3,0
ST_102,IT_139,2024.11.4,0
ST_102,IT_139,2024.11.5,0
ST_102,IT_140,2024.11.1,0
ST_102,IT_140,2024.11.2,36
ST_102,IT_140,2024.11.3,0
ST_102,IT_140,2024.11.4,0
ST_102,IT_140,2024.11.5,0
ST_102,IT_141,2024.11.1,0
ST_102,IT_141,2024.11.2,24
ST_102,IT_141,2024.11.3,0
ST_102,IT_141,2024.11.4,0
ST_102,IT_141,2024.11.5,0
ST_102,IT_142,2024.11.1,0
ST_102,IT_142,2024.11.2,36
ST_102,IT_142,2024.11.3,0
ST_102,IT_142,2024.11.4,0
ST_102,IT_142,2024.11.5,0
ST_102,IT_143,2024.11.1,0
ST_102,IT_143,2024.11.2,12
ST_102,IT_143,2024.11.3,0
ST_102,IT_143,2024.11.4,0
ST_102,IT_143,2024.11.5,0
ST_102,IT_144,2024.11.1,0
ST_102,IT_144,2024.11.2,12
ST_102,IT_144,2024.11.3,0
ST_102,IT_144,2024.11.4,0
ST_102,IT_144,2024.11.5,0
ST_102,IT_145,2024.11.1,0
ST_102,IT_145,2024.11.2,12
ST_102,IT_145,2024.11.3,0
ST_102,IT_145,2024.11.4,0
ST_102,IT_145,2024.11.5,0
ST_102,IT_146,2024.11.1,0
ST_102,IT_146,2024.11.2,0
ST_102,IT_146,2024.11.3,0
ST_102,IT_146,2024.11.4,0
ST_102,IT_146,2024.11.5,0
ST_102,IT_147,2024.11.1,0
ST_102,IT_147,2024.11.2,0
ST_102,IT_147,2024.11.3,0
ST_102,IT_147,2024.11.4,0
ST_102,IT_147,2024.11.5,0
ST_102,IT_148,2024.11.1,0
ST_102,IT_148,2024.11.2,0
ST_102,IT_148,2024.11.3,0
ST_102,IT_148,2024.11.4,0
ST_102,IT_148,2024.11.5,0
ST_102,IT_149,2024.11.1,0
ST_102,IT_149,2024.11.2,24
ST_102,IT_149,2024.11.3,0
ST_102,IT_149,2024.11.4,0
ST_102,IT_149,2024.11.5,0
ST_102,IT_150,2024.11.1,0
ST_102,IT_150,2024.11.2,0
ST_102,IT_150,2024.11.3,0
ST_102,IT_150,2024.11.4,0
ST_102,IT_150,2024.11.5,24
ST_102,IT_151,2024.11.1,0
ST_102,IT_151,2024.11.2,0
ST_102,IT_151,2024.11.3,0
ST_102,IT_151,2024.11.4,0
ST_102,IT_151,2024.11.5,24
ST_102,IT_152,2024.11.1,0
ST_102,IT_152,2024.11.2,0
ST_102,IT_152,2024.11.3,0
ST_102,IT_152,2024.11.4,0
ST_102,IT_152,2024.11.5,0
ST_102,IT_153,2024.11.1,0
ST_102,IT_153,2024.11.2,24
ST_102,IT_153,2024.11.3,0
ST_102,IT_153,2024.11.4,0
ST_102,IT_153,2024.11.5,0
ST_102,IT_154,2024.11.1,0
ST_102,IT_154,2024.11.2,24
ST_102,IT_154,2024.11.3,0
ST_102,IT_154,2024.11.4,0
ST_102,IT_154,2024.11.5,0
ST_102,IT_155,2024.11.1,0
ST_102,IT_155,2024.11.2,18
ST_102,IT_155,2024.11.3,0
ST_102,IT_155,2024.11.4,0
ST_102,IT_155,2024.11.5,0
ST_102,IT_156,2024.11.1,0
ST_102,IT_156,2024.11.2,18
ST_102,IT_156,2024.11.3,0
ST_102,IT_156,2024.11.4,0
ST_102,IT_156,2024.11.5,0
ST_102,IT_157,2024.11.1,0
ST_102,IT_157,2024.11.2,40
ST_102,IT_157,2024.11.3,0
ST_102,IT_157,2024.11.4,0
ST_102,IT_157,2024.11.5,0
ST_102,IT_158,2024.11.1,0
ST_102,IT_158,2024.11.2,0
ST_102,IT_158,2024.11.3,0
ST_102,IT_158,2024.11.4,0
ST_102,IT_158,2024.11.5,0
ST_102,IT_159,2024.11.1,0
ST_102,IT_159,2024.11.2,30
ST_102,IT_159,2024.11.3,0
ST_102,IT_159,2024.11.4,0
ST_102,IT_159,2024.11.5,0
ST_102,IT_160,2024.11.1,0
ST_102,IT_160,2024.11.2,0
ST_102,IT_160,2024.11.3,0
ST_102,IT_160,2024.11.4,0
ST_102,IT_160,2024.11.5,0
ST_102,IT_161,2024.11.1,0
ST_102,IT_161,2024.11.2,24
ST_102,IT_161,2024.11.3,0
ST_102,IT_161,2024.11.4,0
ST_102,IT_161,2024.11.5,0
ST_102,IT_162,2024.11.1,0
ST_102,IT_162,2024.11.2,12
ST_102,IT_162,2024.11.3,0
ST_102,IT_162,2024.11.4,0
ST_102,IT_162,2024.11.5,0
ST_102,IT_163,2024.11.1,0
ST_102,IT_163,2024.11.2,8
ST_102,IT_163,2024.11.3,0
ST_102,IT_163,2024.11.4,0
ST_102,IT_163,2024.11.5,0
ST_102,IT_164,2024.11.1,0
ST_102,IT_164,2024.11.2,20
ST_102,IT_164,2024.11.3,0
ST_102,IT_164,2024.11.4,0
ST_102,IT_164,2024.11.5,0
ST_102,IT_165,2024.11.1,0
ST_102,IT_165,2024.11.2,400
ST_102,IT_165,2024.11.3,0
ST_102,IT_165,2024.11.4,0
ST_102,IT_165,2024.11.5,0
ST_102,IT_167,2024.11.1,0
ST_102,IT_167,2024.11.2,0
ST_102,IT_167,2024.11.3,0
ST_102,IT_167,2024.11.4,0
ST_102,IT_167,2024.11.5,0
ST_102,IT_168,2024.11.1,0
ST_102,IT_168,2024.11.2,0
ST_102,IT_168,2024.11.3,0
ST_102,IT_168,2024.11.4,0
ST_102,IT_168,2024.11.5,0
ST_102,IT_169,2024.11.1,0
ST_102,IT_169,2024.11.2,0
ST_102,IT_169,2024.11.3,0
ST_102,IT_169,2024.11.4,0
ST_102,IT_169,2024.11.5,0
ST_102,IT_170,2024.11.1,0
ST_102,IT_170,2024.11.2,0
ST_102,IT_170,2024.11.3,0
ST_102,IT_170,2024.11.4,0
ST_102,IT_170,2024.11.5,0
ST_102,IT_171,2024.11.1,0
ST_102,IT_171,2024.11.2,0
ST_102,IT_171,2024.11.3,0
ST_102,IT_171,2024.11.4,0
ST_102,IT_171,2024.11.5,0
ST_102,IT_101,2024.12.1,0
ST_102,IT_101,2024.12.2,0
ST_102,IT_101,2024.12.3,0
ST_102,IT_101,2024.12.4,0
ST_102,IT_101,2024.12.5,0
ST_102,IT_102,2024.12.1,0
ST_102,IT_102,2024.12.2,0
ST_102,IT_102,2024.12.3,5000
ST_102,IT_102,2024.12.4,0
ST_102,IT_102,2024.12.5,0
ST_102,IT_103,2024.12.1,0
ST_102,IT_103,2024.12.2,0
ST_102,IT_103,2024.12.3,5000
ST_102,IT_103,2024.12.4,0
ST_102,IT_103,2024.12.5,0
ST_102,IT_104,2024.12.1,0
ST_102,IT_104,2024.12.2,0
ST_102,IT_104,2024.12.3,0
ST_102,IT_104,2024.12.4,0
ST_102,IT_104,2024.12.5,0
ST_102,IT_105,2024.12.1,0
ST_102,IT_105,2024.12.2,0
ST_102,IT_105,2024.12.3,8000
ST_102,IT_105,2024.12.4,0
ST_102,IT_105,2024.12.5,0
ST_102,IT_106,2024.12.1,0
ST_102,IT_106,2024.12.2,0
ST_102,IT_106,2024.12.3,3000
ST_102,IT_106,2024.12.4,0
ST_102,IT_106,2024.12.5,0
ST_102,IT_107,2024.12.1,0
ST_102,IT_107,2024.12.2,0
ST_102,IT_107,2024.12.3,5000
ST_102,IT_107,2024.12.4,0
ST_102,IT_107,2024.12.5,0
ST_102,IT_108,2024.12.1,0
ST_102,IT_108,2024.12.2,0
ST_102,IT_108,2024.12.3,4000
ST_102,IT_108,2024.12.4,0
ST_102,IT_108,2024.12.5,0
ST_102,IT_109,2024.12.1,0
ST_102,IT_109,2024.12.2,0
ST_102,IT_109,2024.12.3,0
ST_102,IT_109,2024.12.4,0
ST_102,IT_109,2024.12.5,0
ST_102,IT_110,2024.12.1,0
ST_102,IT_110,2024.12.2,0
ST_102,IT_110,2024.12.3,0
ST_102,IT_110,2024.12.4,0
ST_102,IT_110,2024.12.5,0
ST_102,IT_111,2024.12.1,0
ST_102,IT_111,2024.12.2,0
ST_102,IT_111,2024.12.3,10000
ST_102,IT_111,2024.12.4,0
ST_102,IT_111,2024.12.5,0
ST_102,IT_112,2024.12.1,0
ST_102,IT_112,2024.12.2,0
ST_102,IT_112,2024.12.3,0
ST_102,IT_112,2024.12.4,0
ST_102,IT_112,2024.12.5,0
ST_102,IT_113,2024.12.1,0
ST_102,IT_113,2024.12.2,0
ST_102,IT_113,2024.12.3,0
ST_102,IT_113,2024.12.4,0
ST_102,IT_113,2024.12.5,0
ST_102,IT_114,2024.12.1,0
ST_102,IT_114,2024.12.2,0
ST_102,IT_114,2024.12.3,0
ST_102,IT_114,2024.12.4,0
ST_102,IT_114,2024.12.5,0
ST_102,IT_115,2024.12.1,0
ST_102,IT_115,2024.12.2,0
ST_102,IT_115,2024.12.3,0
ST_102,IT_115,2024.12.4,0
ST_102,IT_115,2024.12.5,0
ST_102,IT_116,2024.12.1,0
ST_102,IT_116,2024.12.2,0
ST_102,IT_116,2024.12.3,0
ST_102,IT_116,2024.12.4,0
ST_102,IT_116,2024.12.5,0
ST_102,IT_117,2024.12.1,0
ST_102,IT_117,2024.12.2,0
ST_102,IT_117,2024.12.3,0
ST_102,IT_117,2024.12.4,0
ST_102,IT_117,2024.12.5,0
ST_102,IT_118,2024.12.1,0
ST_102,IT_118,2024.12.2,0
ST_102,IT_118,2024.12.3,0
ST_102,IT_118,2024.12.4,0
ST_102,IT_118,2024.12.5,0
ST_102,IT_119,2024.12.1,0
ST_102,IT_119,2024.12.2,0
ST_102,IT_119,2024.12.3,32000
ST_102,IT_119,2024.12.4,0
ST_102,IT_119,2024.12.5,0
ST_102,IT_120,2024.12.1,0
ST_102,IT_120,2024.12.2,0
ST_102,IT_120,2024.12.3,0
ST_102,IT_120,2024.12.4,0
ST_102,IT_120,2024.12.5,0
ST_102,IT_121,2024.12.1,0
ST_102,IT_121,2024.12.2,0
ST_102,IT_121,2024.12.3,0
ST_102,IT_121,2024.12.4,0
ST_102,IT_121,2024.12.5,0
ST_102,IT_122,2024.12.1,0
ST_102,IT_122,2024.12.2,0
ST_102,IT_122,2024.12.3,0
ST_102,IT_122,2024.12.4,0
ST_102,IT_122,2024.12.5,0
ST_102,IT_123,2024.12.1,0
ST_102,IT_123,2024.12.2,0
ST_102,IT_123,2024.12.3,0
ST_102,IT_123,2024.12.4,0
ST_102,IT_123,2024.12.5,0
ST_102,IT_124,2024.12.1,0
ST_102,IT_124,2024.12.2,0
ST_102,IT_124,2024.12.3,12
ST_102,IT_124,2024.12.4,0
ST_102,IT_124,2024.12.5,0
ST_102,IT_125,2024.12.1,0
ST_102,IT_125,2024.12.2,0
ST_102,IT_125,2024.12.3,12
ST_102,IT_125,2024.12.4,0
ST_102,IT_125,2024.12.5,0
ST_102,IT_126,2024.12.1,0
ST_102,IT_126,2024.12.2,0
ST_102,IT_126,2024.12.3,36
ST_102,IT_126,2024.12.4,0
ST_102,IT_126,2024.12.5,0
ST_102,IT_127,2024.12.1,0
ST_102,IT_127,2024.12.2,0
ST_102,IT_127,2024.12.3,0
ST_102,IT_127,2024.12.4,0
ST_102,IT_127,2024.12.5,0
ST_102,IT_128,2024.12.1,0
ST_102,IT_128,2024.12.2,0
ST_102,IT_128,2024.12.3,12
ST_102,IT_128,2024.12.4,0
ST_102,IT_128,2024.12.5,0
ST_102,IT_129,2024.12.1,0
ST_102,IT_129,2024.12.2,0
ST_102,IT_129,2024.12.3,0
ST_102,IT_129,2024.12.4,0
ST_102,IT_129,2024.12.5,0
ST_102,IT_130,2024.12.1,0
ST_102,IT_130,2024.12.2,0
ST_102,IT_130,2024.12.3,0
ST_102,IT_130,2024.12.4,0
ST_102,IT_130,2024.12.5,0
ST_102,IT_131,2024.12.1,0
ST_102,IT_131,2024.12.2,0
ST_102,IT_131,2024.12.3,0
ST_102,IT_131,2024.12.4,0
ST_102,IT_131,2024.12.5,0
ST_102,IT_132,2024.12.1,0
ST_102,IT_132,2024.12.2,0
ST_102,IT_132,2024.12.3,0
ST_102,IT_132,2024.12.4,0
ST_102,IT_132,2024.12.5,0
ST_102,IT_133,2024.12.1,0
ST_102,IT_133,2024.12.2,0
ST_102,IT_133,2024.12.3,0
ST_102,IT_133,2024.12.4,0
ST_102,IT_133,2024.12.5,0
ST_102,IT_134,2024.12.1,0
ST_102,IT_134,2024.12.2,0
ST_102,IT_134,2024.12.3,0
ST_102,IT_134,2024.12.4,0
ST_102,IT_134,2024.12.5,0
ST_102,IT_135,2024.12.1,0
ST_102,IT_135,2024.12.2,0
ST_102,IT_135,2024.12.3,32
ST_102,IT_135,2024.12.4,0
ST_102,IT_135,2024.12.5,0
ST_102,IT_136,2024.12.1,0
ST_102,IT_136,2024.12.2,0
ST_102,IT_136,2024.12.3,0
ST_102,IT_136,2024.12.4,0
ST_102,IT_136,2024.12.5,0
ST_102,IT_137,2024.12.1,0
ST_102,IT_137,2024.12.2,0
ST_102,IT_137,2024.12.3,20000
ST_102,IT_137,2024.12.4,0
ST_102,IT_137,2024.12.5,0
ST_102,IT_138,2024.12.1,0
ST_102,IT_138,2024.12.2,0
ST_102,IT_138,2024.12.3,0
ST_102,IT_138,2024.12.4,0
ST_102,IT_138,2024.12.5,0
ST_102,IT_139,2024.12.1,0
ST_102,IT_139,2024.12.2,0
ST_102,IT_139,2024.12.3,0
ST_102,IT_139,2024.12.4,0
ST_102,IT_139,2024.12.5,0
ST_102,IT_140,2024.12.1,0
ST_102,IT_140,2024.12.2,0
ST_102,IT_140,2024.12.3,36
ST_102,IT_140,2024.12.4,0
ST_102,IT_140,2024.12.5,0
ST_102,IT_141,2024.12.1,0
ST_102,IT_141,2024.12.2,0
ST_102,IT_141,2024.12.3,24
ST_102,IT_141,2024.12.4,0
ST_102,IT_141,2024.12.5,0
ST_102,IT_142,2024.12.1,0
ST_102,IT_142,2024.12.2,0
ST_102,IT_142,2024.12.3,0
ST_102,IT_142,2024.12.4,0
ST_102,IT_142,2024.12.5,0
ST_102,IT_143,2024.12.1,0
ST_102,IT_143,2024.12.2,0
ST_102,IT_143,2024.12.3,0
ST_102,IT_143,2024.12.4,0
ST_102,IT_143,2024.12.5,0
ST_102,IT_144,2024.12.1,0
ST_102,IT_144,2024.12.2,0
ST_102,IT_144,2024.12.3,12
ST_102,IT_144,2024.12.4,0
ST_102,IT_144,2024.12.5,0
ST_102,IT_145,2024.12.1,0
ST_102,IT_145,2024.12.2,0
ST_102,IT_145,2024.12.3,12
ST_102,IT_145,2024.12.4,0
ST_102,IT_145,2024.12.5,0
ST_102,IT_146,2024.12.1,0
ST_102,IT_146,2024.12.2,0
ST_102,IT_146,2024.12.3,0
ST_102,IT_146,2024.12.4,0
ST_102,IT_146,2024.12.5,0
ST_102,IT_147,2024.12.1,0
ST_102,IT_147,2024.12.2,0
ST_102,IT_147,2024.12.3,6
ST_102,IT_147,2024.12.4,0
ST_102,IT_147,2024.12.5,0
ST_102,IT_148,2024.12.1,0
ST_102,IT_148,2024.12.2,0
ST_102,IT_148,2024.12.3,6
ST_102,IT_148,2024.12.4,0
ST_102,IT_148,2024.12.5,0
ST_102,IT_149,2024.12.1,0
ST_102,IT_149,2024.12.2,0
ST_102,IT_149,2024.12.3,36
ST_102,IT_149,2024.12.4,0
ST_102,IT_149,2024.12.5,0
ST_102,IT_150,2024.12.1,0
ST_102,IT_150,2024.12.2,0
ST_102,IT_150,2024.12.3,12
ST_102,IT_150,2024.12.4,0
ST_102,IT_150,2024.12.5,0
ST_102,IT_151,2024.12.1,0
ST_102,IT_151,2024.12.2,0
ST_102,IT_151,2024.12.3,12
ST_102,IT_151,2024.12.4,0
ST_102,IT_151,2024.12.5,0
ST_102,IT_152,2024.12.1,0
ST_102,IT_152,2024.12.2,0
ST_102,IT_152,2024.12.3,24
ST_102,IT_152,2024.12.4,0
ST_102,IT_152,2024.12.5,0
ST_102,IT_153,2024.12.1,0
ST_102,IT_153,2024.12.2,0
ST_102,IT_153,2024.12.3,12
ST_102,IT_153,2024.12.4,0
ST_102,IT_153,2024.12.5,0
ST_102,IT_154,2024.12.1,0
ST_102,IT_154,2024.12.2,0
ST_102,IT_154,2024.12.3,12
ST_102,IT_154,2024.12.4,0
ST_102,IT_154,2024.12.5,0
ST_102,IT_155,2024.12.1,0
ST_102,IT_155,2024.12.2,0
ST_102,IT_155,2024.12.3,12
ST_102,IT_155,2024.12.4,0
ST_102,IT_155,2024.12.5,0
ST_102,IT_156,2024.12.1,0
ST_102,IT_156,2024.12.2,0
ST_102,IT_156,2024.12.3,12
ST_102,IT_156,2024.12.4,0
ST_102,IT_156,2024.12.5,0
ST_102,IT_157,2024.12.1,0
ST_102,IT_157,2024.12.2,0
ST_102,IT_157,2024.12.3,20
ST_102,IT_157,2024.12.4,0
ST_102,IT_157,2024.12.5,0
ST_102,IT_158,2024.12.1,0
ST_102,IT_158,2024.12.2,0
ST_102,IT_158,2024.12.3,0
ST_102,IT_158,2024.12.4,0
ST_102,IT_158,2024.12.5,0
ST_102,IT_159,2024.12.1,0
ST_102,IT_159,2024.12.2,0
ST_102,IT_159,2024.12.3,24
ST_102,IT_159,2024.12.4,0
ST_102,IT_159,2024.12.5,0
ST_102,IT_160,2024.12.1,0
ST_102,IT_160,2024.12.2,0
ST_102,IT_160,2024.12.3,0
ST_102,IT_160,2024.12.4,0
ST_102,IT_160,2024.12.5,0
ST_102,IT_161,2024.12.1,0
ST_102,IT_161,2024.12.2,0
ST_102,IT_161,2024.12.3,12
ST_102,IT_161,2024.12.4,0
ST_102,IT_161,2024.12.5,0
ST_102,IT_162,2024.12.1,0
ST_102,IT_162,2024.12.2,0
ST_102,IT_162,2024.12.3,8
ST_102,IT_162,2024.12.4,0
ST_102,IT_162,2024.12.5,0
ST_102,IT_163,2024.12.1,0
ST_102,IT_163,2024.12.2,0
ST_102,IT_163,2024.12.3,8
ST_102,IT_163,2024.12.4,0
ST_102,IT_163,2024.12.5,0
ST_102,IT_164,2024.12.1,0
ST_102,IT_164,2024.12.2,0
ST_102,IT_164,2024.12.3,0
ST_102,IT_164,2024.12.4,0
ST_102,IT_164,2024.12.5,0
ST_102,IT_165,2024.12.1,0
ST_102,IT_165,2024.12.2,0
ST_102,IT_165,2024.12.3,100
ST_102,IT_165,2024.12.4,100
ST_102,IT_165,2024.12.5,100
ST_102,IT_167,2024.12.1,0
ST_102,IT_167,2024.12.2,0
ST_102,IT_167,2024.12.3,0
ST_102,IT_167,2024.12.4,0
ST_102,IT_167,2024.12.5,0
ST_102,IT_168,2024.12.1,0
ST_102,IT_168,2024.12.2,0
ST_102,IT_168,2024.12.3,0
ST_102,IT_168,2024.12.4,0
ST_102,IT_168,2024.12.5,0
ST_102,IT_169,2024.12.1,0
ST_102,IT_169,2024.12.2,0
ST_102,IT_169,2024.12.3,0
ST_102,IT_169,2024.12.4,0
ST_102,IT_169,2024.12.5,0
ST_102,IT_170,2024.12.1,0
ST_102,IT_170,2024.12.2,0
ST_102,IT_170,2024.12.3,0
ST_102,IT_170,2024.12.4,0
ST_102,IT_170,2024.12.5,0
ST_102,IT_171,2024.12.1,0
ST_102,IT_171,2024.12.2,0
ST_102,IT_171,2024.12.3,0
ST_102,IT_171,2024.12.4,0
ST_102,IT_171,2024.12.5,0
ST_102,IT_101,2025.01.1,0
ST_102,IT_101,2025.01.2,0
ST_102,IT_101,2025.01.3,0
ST_102,IT_101,2025.01.4,0
ST_102,IT_101,2025.01.5,0
ST_102,IT_102,2025.01.1,0
ST_102,IT_102,2025.01.2,0
ST_102,IT_102,2025.01.3,10000
ST_102,IT_102,2025.01.4,0
ST_102,IT_102,2025.01.5,0
ST_102,IT_103,2025.01.1,0
ST_102,IT_103,2025.01.2,0
ST_102,IT_103,2025.01.3,7000
ST_102,IT_103,2025.01.4,0
ST_102,IT_103,2025.01.5,0
ST_102,IT_104,2025.01.1,0
ST_102,IT_104,2025.01.2,0
ST_102,IT_104,2025.01.3,0
ST_102,IT_104,2025.01.4,0
ST_102,IT_104,2025.01.5,0
ST_102,IT_105,2025.01.1,0
ST_102,IT_105,2025.01.2,0
ST_102,IT_105,2025.01.3,14000
ST_102,IT_105,2025.01.4,0
ST_102,IT_105,2025.01.5,0
ST_102,IT_106,2025.01.1,0
ST_102,IT_106,2025.01.2,0
ST_102,IT_106,2025.01.3,6000
ST_102,IT_106,2025.01.4,0
ST_102,IT_106,2025.01.5,0
ST_102,IT_107,2025.01.1,0
ST_102,IT_107,2025.01.2,0
ST_102,IT_107,2025.01.3,14000
ST_102,IT_107,2025.01.4,0
ST_102,IT_107,2025.01.5,0
ST_102,IT_108,2025.01.1,0
ST_102,IT_108,2025.01.2,0
ST_102,IT_108,2025.01.3,7000
ST_102,IT_108,2025.01.4,0
ST_102,IT_108,2025.01.5,0
ST_102,IT_109,2025.01.1,0
ST_102,IT_109,2025.01.2,0
ST_102,IT_109,2025.01.3,0
ST_102,IT_109,2025.01.4,0
ST_102,IT_109,2025.01.5,0
ST_102,IT_110,2025.01.1,0
ST_102,IT_110,2025.01.2,0
ST_102,IT_110,2025.01.3,0
ST_102,IT_110,2025.01.4,0
ST_102,IT_110,2025.01.5,0
ST_102,IT_111,2025.01.1,0
ST_102,IT_111,2025.01.2,0
ST_102,IT_111,2025.01.3,30000
ST_102,IT_111,2025.01.4,0
ST_102,IT_111,2025.01.5,0
ST_102,IT_112,2025.01.1,0
ST_102,IT_112,2025.01.2,0
ST_102,IT_112,2025.01.3,0
ST_102,IT_112,2025.01.4,0
ST_102,IT_112,2025.01.5,0
ST_102,IT_113,2025.01.1,0
ST_102,IT_113,2025.01.2,0
ST_102,IT_113,2025.01.3,0
ST_102,IT_113,2025.01.4,0
ST_102,IT_113,2025.01.5,0
ST_102,IT_114,2025.01.1,0
ST_102,IT_114,2025.01.2,0
ST_102,IT_114,2025.01.3,10000
ST_102,IT_114,2025.01.4,0
ST_102,IT_114,2025.01.5,0
ST_102,IT_115,2025.01.1,0
ST_102,IT_115,2025.01.2,0
ST_102,IT_115,2025.01.3,0
ST_102,IT_115,2025.01.4,0
ST_102,IT_115,2025.01.5,0
ST_102,IT_116,2025.01.1,0
ST_102,IT_116,2025.01.2,0
ST_102,IT_116,2025.01.3,0
ST_102,IT_116,2025.01.4,0
ST_102,IT_116,2025.01.5,0
ST_102,IT_117,2025.01.1,0
ST_102,IT_117,2025.01.2,0
ST_102,IT_117,2025.01.3,0
ST_102,IT_117,2025.01.4,0
ST_102,IT_117,2025.01.5,0
ST_102,IT_118,2025.01.1,0
ST_102,IT_118,2025.01.2,0
ST_102,IT_118,2025.01.3,2000
ST_102,IT_118,2025.01.4,0
ST_102,IT_118,2025.01.5,0
ST_102,IT_119,2025.01.1,0
ST_102,IT_119,2025.01.2,0
ST_102,IT_119,2025.01.3,0
ST_102,IT_119,2025.01.4,0
ST_102,IT_119,2025.01.5,0
ST_102,IT_120,2025.01.1,0
ST_102,IT_120,2025.01.2,0
ST_102,IT_120,2025.01.3,0
ST_102,IT_120,2025.01.4,0
ST_102,IT_120,2025.01.5,0
ST_102,IT_121,2025.01.1,0
ST_102,IT_121,2025.01.2,0
ST_102,IT_121,2025.01.3,0
ST_102,IT_121,2025.01.4,0
ST_102,IT_121,2025.01.5,0
ST_102,IT_122,2025.01.1,0
ST_102,IT_122,2025.01.2,0
ST_102,IT_122,2025.01.3,0
ST_102,IT_122,2025.01.4,0
ST_102,IT_122,2025.01.5,0
ST_102,IT_123,2025.01.1,0
ST_102,IT_123,2025.01.2,0
ST_102,IT_123,2025.01.3,0
ST_102,IT_123,2025.01.4,0
ST_102,IT_123,2025.01.5,0
ST_102,IT_124,2025.01.1,0
ST_102,IT_124,2025.01.2,0
ST_102,IT_124,2025.01.3,12
ST_102,IT_124,2025.01.4,0
ST_102,IT_124,2025.01.5,0
ST_102,IT_125,2025.01.1,0
ST_102,IT_125,2025.01.2,0
ST_102,IT_125,2025.01.3,36
ST_102,IT_125,2025.01.4,0
ST_102,IT_125,2025.01.5,0
ST_102,IT_126,2025.01.1,0
ST_102,IT_126,2025.01.2,0
ST_102,IT_126,2025.01.3,24
ST_102,IT_126,2025.01.4,0
ST_102,IT_126,2025.01.5,0
ST_102,IT_127,2025.01.1,0
ST_102,IT_127,2025.01.2,0
ST_102,IT_127,2025.01.3,0
ST_102,IT_127,2025.01.4,0
ST_102,IT_127,2025.01.5,0
ST_102,IT_128,2025.01.1,0
ST_102,IT_128,2025.01.2,0
ST_102,IT_128,2025.01.3,18
ST_102,IT_128,2025.01.4,0
ST_102,IT_128,2025.01.5,0
ST_102,IT_129,2025.01.1,0
ST_102,IT_129,2025.01.2,0
ST_102,IT_129,2025.01.3,0
ST_102,IT_129,2025.01.4,0
ST_102,IT_129,2025.01.5,0
ST_102,IT_130,2025.01.1,0
ST_102,IT_130,2025.01.2,0
ST_102,IT_130,2025.01.3,0
ST_102,IT_130,2025.01.4,0
ST_102,IT_130,2025.01.5,0
ST_102,IT_131,2025.01.1,0
ST_102,IT_131,2025.01.2,0
ST_102,IT_131,2025.01.3,120
ST_102,IT_131,2025.01.4,0
ST_102,IT_131,2025.01.5,0
ST_102,IT_132,2025.01.1,0
ST_102,IT_132,2025.01.2,0
ST_102,IT_132,2025.01.3,0
ST_102,IT_132,2025.01.4,0
ST_102,IT_132,2025.01.5,0
ST_102,IT_133,2025.01.1,0
ST_102,IT_133,2025.01.2,0
ST_102,IT_133,2025.01.3,0
ST_102,IT_133,2025.01.4,0
ST_102,IT_133,2025.01.5,0
ST_102,IT_134,2025.01.1,0
ST_102,IT_134,2025.01.2,0
ST_102,IT_134,2025.01.3,0
ST_102,IT_134,2025.01.4,0
ST_102,IT_134,2025.01.5,0
ST_102,IT_135,2025.01.1,0
ST_102,IT_135,2025.01.2,0
ST_102,IT_135,2025.01.3,80
ST_102,IT_135,2025.01.4,0
ST_102,IT_135,2025.01.5,0
ST_102,IT_136,2025.01.1,0
ST_102,IT_136,2025.01.2,0
ST_102,IT_136,2025.01.3,40
ST_102,IT_136,2025.01.4,0
ST_102,IT_136,2025.01.5,0
ST_102,IT_137,2025.01.1,0
ST_102,IT_137,2025.01.2,0
ST_102,IT_137,2025.01.3,0
ST_102,IT_137,2025.01.4,0
ST_102,IT_137,2025.01.5,0
ST_102,IT_138,2025.01.1,0
ST_102,IT_138,2025.01.2,0
ST_102,IT_138,2025.01.3,0
ST_102,IT_138,2025.01.4,0
ST_102,IT_138,2025.01.5,0
ST_102,IT_139,2025.01.1,0
ST_102,IT_139,2025.01.2,0
ST_102,IT_139,2025.01.3,12
ST_102,IT_139,2025.01.4,0
ST_102,IT_139,2025.01.5,0
ST_102,IT_140,2025.01.1,0
ST_102,IT_140,2025.01.2,0
ST_102,IT_140,2025.01.3,48
ST_102,IT_140,2025.01.4,0
ST_102,IT_140,2025.01.5,0
ST_102,IT_141,2025.01.1,0
ST_102,IT_141,2025.01.2,0
ST_102,IT_141,2025.01.3,24
ST_102,IT_141,2025.01.4,0
ST_102,IT_141,2025.01.5,0
ST_102,IT_142,2025.01.1,0
ST_102,IT_142,2025.01.2,0
ST_102,IT_142,2025.01.3,24
ST_102,IT_142,2025.01.4,0
ST_102,IT_142,2025.01.5,0
ST_102,IT_143,2025.01.1,0
ST_102,IT_143,2025.01.2,0
ST_102,IT_143,2025.01.3,0
ST_102,IT_143,2025.01.4,0
ST_102,IT_143,2025.01.5,0
ST_102,IT_144,2025.01.1,0
ST_102,IT_144,2025.01.2,0
ST_102,IT_144,2025.01.3,12
ST_102,IT_144,2025.01.4,0
ST_102,IT_144,2025.01.5,0
ST_102,IT_145,2025.01.1,0
ST_102,IT_145,2025.01.2,0
ST_102,IT_145,2025.01.3,0
ST_102,IT_145,2025.01.4,0
ST_102,IT_145,2025.01.5,0
ST_102,IT_146,2025.01.1,0
ST_102,IT_146,2025.01.2,0
ST_102,IT_146,2025.01.3,0
ST_102,IT_146,2025.01.4,0
ST_102,IT_146,2025.01.5,0
ST_102,IT_147,2025.01.1,0
ST_102,IT_147,2025.01.2,0
ST_102,IT_147,2025.01.3,0
ST_102,IT_147,2025.01.4,0
ST_102,IT_147,2025.01.5,0
ST_102,IT_148,2025.01.1,0
ST_102,IT_148,2025.01.2,0
ST_102,IT_148,2025.01.3,0
ST_102,IT_148,2025.01.4,0
ST_102,IT_148,2025.01.5,0
ST_102,IT_149,2025.01.1,0
ST_102,IT_149,2025.01.2,0
ST_102,IT_149,2025.01.3,48
ST_102,IT_149,2025.01.4,0
ST_102,IT_149,2025.01.5,0
ST_102,IT_150,2025.01.1,0
ST_102,IT_150,2025.01.2,0
ST_102,IT_150,2025.01.3,12
ST_102,IT_150,2025.01.4,0
ST_102,IT_150,2025.01.5,0
ST_102,IT_151,2025.01.1,0
ST_102,IT_151,2025.01.2,0
ST_102,IT_151,2025.01.3,0
ST_102,IT_151,2025.01.4,0
ST_102,IT_151,2025.01.5,0
ST_102,IT_152,2025.01.1,0
ST_102,IT_152,2025.01.2,0
ST_102,IT_152,2025.01.3,0
ST_102,IT_152,2025.01.4,0
ST_102,IT_152,2025.01.5,0
ST_102,IT_153,2025.01.1,0
ST_102,IT_153,2025.01.2,0
ST_102,IT_153,2025.01.3,12
ST_102,IT_153,2025.01.4,0
ST_102,IT_153,2025.01.5,0
ST_102,IT_154,2025.01.1,0
ST_102,IT_154,2025.01.2,0
ST_102,IT_154,2025.01.3,24
ST_102,IT_154,2025.01.4,0
ST_102,IT_154,2025.01.5,0
ST_102,IT_155,2025.01.1,0
ST_102,IT_155,2025.01.2,0
ST_102,IT_155,2025.01.3,12
ST_102,IT_155,2025.01.4,0
ST_102,IT_155,2025.01.5,0
ST_102,IT_156,2025.01.1,0
ST_102,IT_156,2025.01.2,0
ST_102,IT_156,2025.01.3,12
ST_102,IT_156,2025.01.4,0
ST_102,IT_156,2025.01.5,0
ST_102,IT_157,2025.01.1,0
ST_102,IT_157,2025.01.2,0
ST_102,IT_157,2025.01.3,40
ST_102,IT_157,2025.01.4,0
ST_102,IT_157,2025.01.5,0
ST_102,IT_158,2025.01.1,0
ST_102,IT_158,2025.01.2,0
ST_102,IT_158,2025.01.3,0
ST_102,IT_158,2025.01.4,0
ST_102,IT_158,2025.01.5,0
ST_102,IT_159,2025.01.1,0
ST_102,IT_159,2025.01.2,0
ST_102,IT_159,2025.01.3,48
ST_102,IT_159,2025.01.4,0
ST_102,IT_159,2025.01.5,0
ST_102,IT_160,2025.01.1,0
ST_102,IT_160,2025.01.2,0
ST_102,IT_160,2025.01.3,0
ST_102,IT_160,2025.01.4,0
ST_102,IT_160,2025.01.5,0
ST_102,IT_161,2025.01.1,0
ST_102,IT_161,2025.01.2,0
ST_102,IT_161,2025.01.3,24
ST_102,IT_161,2025.01.4,0
ST_102,IT_161,2025.01.5,0
ST_102,IT_162,2025.01.1,0
ST_102,IT_162,2025.01.2,0
ST_102,IT_162,2025.01.3,0
ST_102,IT_162,2025.01.4,0
ST_102,IT_162,2025.01.5,0
ST_102,IT_163,2025.01.1,0
ST_102,IT_163,2025.01.2,0
ST_102,IT_163,2025.01.3,0
ST_102,IT_163,2025.01.4,0
ST_102,IT_163,2025.01.5,0
ST_102,IT_164,2025.01.1,0
ST_102,IT_164,2025.01.2,0
ST_102,IT_164,2025.01.3,0
ST_102,IT_164,2025.01.4,0
ST_102,IT_164,2025.01.5,0
ST_102,IT_165,2025.01.1,0
ST_102,IT_165,2025.01.2,0
ST_102,IT_165,2025.01.3,0
ST_102,IT_165,2025.01.4,0
ST_102,IT_165,2025.01.5,0
ST_102,IT_166,2025.01.1,0
ST_102,IT_166,2025.01.2,0
ST_102,IT_166,2025.01.3,100
ST_102,IT_166,2025.01.4,0
ST_102,IT_166,2025.01.5,200
ST_102,IT_167,2025.01.1,0
ST_102,IT_167,2025.01.2,0
ST_102,IT_167,2025.01.3,0
ST_102,IT_167,2025.01.4,0
ST_102,IT_167,2025.01.5,0
ST_102,IT_168,2025.01.1,0
ST_102,IT_168,2025.01.2,0
ST_102,IT_168,2025.01.3,0
ST_102,IT_168,2025.01.4,0
ST_102,IT_168,2025.01.5,0
ST_102,IT_169,2025.01.1,0
ST_102,IT_169,2025.01.2,0
ST_102,IT_169,2025.01.3,0
ST_102,IT_169,2025.01.4,0
ST_102,IT_169,2025.01.5,0
ST_102,IT_170,2025.01.1,0
ST_102,IT_170,2025.01.2,0
ST_102,IT_170,2025.01.3,0
ST_102,IT_170,2025.01.4,0
ST_102,IT_170,2025.01.5,0
ST_102,IT_171,2025.01.1,0
ST_102,IT_171,2025.01.2,0
ST_102,IT_171,2025.01.3,0
ST_102,IT_171,2025.01.4,0
ST_102,IT_171,2025.01.5,0
