매장_id,품목_id,기간,창고_재고량
ST_102,IT_101,2023.12.01,5000
ST_102,IT_101,2023.12.02,5000
ST_102,IT_101,2023.12.03,5000
ST_102,IT_101,2023.12.04,5000
ST_102,IT_101,2023.12.05,5000
ST_102,IT_101,2023.12.06,5000
ST_102,IT_101,2023.12.07,5000
ST_102,IT_101,2023.12.08,5000
ST_102,IT_101,2023.12.09,5000
ST_102,IT_101,2023.12.10,5000
ST_102,IT_101,2023.12.11,5000
ST_102,IT_101,2023.12.12,5000
ST_102,IT_101,2023.12.13,5000
ST_102,IT_101,2023.12.14,5000
ST_102,IT_101,2023.12.15,5000
ST_102,IT_101,2023.12.16,5000
ST_102,IT_101,2023.12.17,5000
ST_102,IT_101,2023.12.18,5000
ST_102,IT_101,2023.12.19,5000
ST_102,IT_101,2023.12.20,5000
ST_102,IT_101,2023.12.21,5000
ST_102,IT_101,2023.12.22,5000
ST_102,IT_101,2023.12.23,5000
ST_102,IT_101,2023.12.24,5000
ST_102,IT_101,2023.12.25,5000
ST_102,IT_101,2023.12.26,5000
ST_102,IT_101,2023.12.27,5000
ST_102,IT_101,2023.12.28,5000
ST_102,IT_101,2023.12.29,5000
ST_102,IT_101,2023.12.30,5000
ST_102,IT_101,2023.12.31,5000
ST_102,IT_102,2023.12.01,3000
ST_102,IT_102,2023.12.02,3000
ST_102,IT_102,2023.12.03,3000
ST_102,IT_102,2023.12.04,3000
ST_102,IT_102,2023.12.05,3000
ST_102,IT_102,2023.12.06,3000
ST_102,IT_102,2023.12.07,3000
ST_102,IT_102,2023.12.08,3000
ST_102,IT_102,2023.12.09,3000
ST_102,IT_102,2023.12.10,3000
ST_102,IT_102,2023.12.11,3000
ST_102,IT_102,2023.12.12,3000
ST_102,IT_102,2023.12.13,3000
ST_102,IT_102,2023.12.14,3000
ST_102,IT_102,2023.12.15,3000
ST_102,IT_102,2023.12.16,3000
ST_102,IT_102,2023.12.17,3000
ST_102,IT_102,2023.12.18,3000
ST_102,IT_102,2023.12.19,3000
ST_102,IT_102,2023.12.20,3000
ST_102,IT_102,2023.12.21,3000
ST_102,IT_102,2023.12.22,3000
ST_102,IT_102,2023.12.23,3000
ST_102,IT_102,2023.12.24,3000
ST_102,IT_102,2023.12.25,3000
ST_102,IT_102,2023.12.26,3000
ST_102,IT_102,2023.12.27,3000
ST_102,IT_102,2023.12.28,3000
ST_102,IT_102,2023.12.29,3000
ST_102,IT_102,2023.12.30,3000
ST_102,IT_102,2023.12.31,3000
ST_102,IT_103,2023.12.01,3000
ST_102,IT_103,2023.12.02,3000
ST_102,IT_103,2023.12.03,3000
ST_102,IT_103,2023.12.04,3000
ST_102,IT_103,2023.12.05,3000
ST_102,IT_103,2023.12.06,3000
ST_102,IT_103,2023.12.07,3000
ST_102,IT_103,2023.12.08,3000
ST_102,IT_103,2023.12.09,3000
ST_102,IT_103,2023.12.10,3000
ST_102,IT_103,2023.12.11,3000
ST_102,IT_103,2023.12.12,3000
ST_102,IT_103,2023.12.13,3000
ST_102,IT_103,2023.12.14,3000
ST_102,IT_103,2023.12.15,3000
ST_102,IT_103,2023.12.16,3000
ST_102,IT_103,2023.12.17,3000
ST_102,IT_103,2023.12.18,3000
ST_102,IT_103,2023.12.19,3000
ST_102,IT_103,2023.12.20,3000
ST_102,IT_103,2023.12.21,3000
ST_102,IT_103,2023.12.22,3000
ST_102,IT_103,2023.12.23,3000
ST_102,IT_103,2023.12.24,3000
ST_102,IT_103,2023.12.25,3000
ST_102,IT_103,2023.12.26,3000
ST_102,IT_103,2023.12.27,3000
ST_102,IT_103,2023.12.28,3000
ST_102,IT_103,2023.12.29,3000
ST_102,IT_103,2023.12.30,3000
ST_102,IT_103,2023.12.31,3000
ST_102,IT_104,2023.12.01,0
ST_102,IT_104,2023.12.02,0
ST_102,IT_104,2023.12.03,0
ST_102,IT_104,2023.12.04,0
ST_102,IT_104,2023.12.05,0
ST_102,IT_104,2023.12.06,0
ST_102,IT_104,2023.12.07,0
ST_102,IT_104,2023.12.08,0
ST_102,IT_104,2023.12.09,0
ST_102,IT_104,2023.12.10,0
ST_102,IT_104,2023.12.11,0
ST_102,IT_104,2023.12.12,0
ST_102,IT_104,2023.12.13,0
ST_102,IT_104,2023.12.14,0
ST_102,IT_104,2023.12.15,0
ST_102,IT_104,2023.12.16,0
ST_102,IT_104,2023.12.17,0
ST_102,IT_104,2023.12.18,0
ST_102,IT_104,2023.12.19,0
ST_102,IT_104,2023.12.20,0
ST_102,IT_104,2023.12.21,0
ST_102,IT_104,2023.12.22,0
ST_102,IT_104,2023.12.23,0
ST_102,IT_104,2023.12.24,0
ST_102,IT_104,2023.12.25,0
ST_102,IT_104,2023.12.26,0
ST_102,IT_104,2023.12.27,0
ST_102,IT_104,2023.12.28,0
ST_102,IT_104,2023.12.29,0
ST_102,IT_104,2023.12.30,0
ST_102,IT_104,2023.12.31,0
ST_102,IT_105,2023.12.01,4000
ST_102,IT_105,2023.12.02,4000
ST_102,IT_105,2023.12.03,4000
ST_102,IT_105,2023.12.04,4000
ST_102,IT_105,2023.12.05,4000
ST_102,IT_105,2023.12.06,4000
ST_102,IT_105,2023.12.07,4000
ST_102,IT_105,2023.12.08,4000
ST_102,IT_105,2023.12.09,4000
ST_102,IT_105,2023.12.10,4000
ST_102,IT_105,2023.12.11,4000
ST_102,IT_105,2023.12.12,4000
ST_102,IT_105,2023.12.13,4000
ST_102,IT_105,2023.12.14,4000
ST_102,IT_105,2023.12.15,4000
ST_102,IT_105,2023.12.16,4000
ST_102,IT_105,2023.12.17,4000
ST_102,IT_105,2023.12.18,4000
ST_102,IT_105,2023.12.19,4000
ST_102,IT_105,2023.12.20,4000
ST_102,IT_105,2023.12.21,4000
ST_102,IT_105,2023.12.22,4000
ST_102,IT_105,2023.12.23,4000
ST_102,IT_105,2023.12.24,4000
ST_102,IT_105,2023.12.25,4000
ST_102,IT_105,2023.12.26,4000
ST_102,IT_105,2023.12.27,4000
ST_102,IT_105,2023.12.28,4000
ST_102,IT_105,2023.12.29,4000
ST_102,IT_105,2023.12.30,4000
ST_102,IT_105,2023.12.31,4000
ST_102,IT_106,2023.12.01,7000
ST_102,IT_106,2023.12.02,7000
ST_102,IT_106,2023.12.03,7000
ST_102,IT_106,2023.12.04,7000
ST_102,IT_106,2023.12.05,7000
ST_102,IT_106,2023.12.06,7000
ST_102,IT_106,2023.12.07,7000
ST_102,IT_106,2023.12.08,7000
ST_102,IT_106,2023.12.09,7000
ST_102,IT_106,2023.12.10,7000
ST_102,IT_106,2023.12.11,7000
ST_102,IT_106,2023.12.12,7000
ST_102,IT_106,2023.12.13,7000
ST_102,IT_106,2023.12.14,7000
ST_102,IT_106,2023.12.15,7000
ST_102,IT_106,2023.12.16,7000
ST_102,IT_106,2023.12.17,7000
ST_102,IT_106,2023.12.18,7000
ST_102,IT_106,2023.12.19,7000
ST_102,IT_106,2023.12.20,7000
ST_102,IT_106,2023.12.21,7000
ST_102,IT_106,2023.12.22,7000
ST_102,IT_106,2023.12.23,7000
ST_102,IT_106,2023.12.24,7000
ST_102,IT_106,2023.12.25,7000
ST_102,IT_106,2023.12.26,7000
ST_102,IT_106,2023.12.27,7000
ST_102,IT_106,2023.12.28,7000
ST_102,IT_106,2023.12.29,7000
ST_102,IT_106,2023.12.30,7000
ST_102,IT_106,2023.12.31,7000
ST_102,IT_107,2023.12.01,3000
ST_102,IT_107,2023.12.02,3000
ST_102,IT_107,2023.12.03,3000
ST_102,IT_107,2023.12.04,3000
ST_102,IT_107,2023.12.05,3000
ST_102,IT_107,2023.12.06,3000
ST_102,IT_107,2023.12.07,3000
ST_102,IT_107,2023.12.08,3000
ST_102,IT_107,2023.12.09,3000
ST_102,IT_107,2023.12.10,3000
ST_102,IT_107,2023.12.11,3000
ST_102,IT_107,2023.12.12,3000
ST_102,IT_107,2023.12.13,3000
ST_102,IT_107,2023.12.14,3000
ST_102,IT_107,2023.12.15,3000
ST_102,IT_107,2023.12.16,3000
ST_102,IT_107,2023.12.17,3000
ST_102,IT_107,2023.12.18,3000
ST_102,IT_107,2023.12.19,3000
ST_102,IT_107,2023.12.20,3000
ST_102,IT_107,2023.12.21,3000
ST_102,IT_107,2023.12.22,3000
ST_102,IT_107,2023.12.23,3000
ST_102,IT_107,2023.12.24,3000
ST_102,IT_107,2023.12.25,3000
ST_102,IT_107,2023.12.26,3000
ST_102,IT_107,2023.12.27,3000
ST_102,IT_107,2023.12.28,3000
ST_102,IT_107,2023.12.29,3000
ST_102,IT_107,2023.12.30,3000
ST_102,IT_107,2023.12.31,3000
ST_102,IT_108,2023.12.01,7000
ST_102,IT_108,2023.12.02,7000
ST_102,IT_108,2023.12.03,7000
ST_102,IT_108,2023.12.04,7000
ST_102,IT_108,2023.12.05,7000
ST_102,IT_108,2023.12.06,7000
ST_102,IT_108,2023.12.07,7000
ST_102,IT_108,2023.12.08,7000
ST_102,IT_108,2023.12.09,7000
ST_102,IT_108,2023.12.10,7000
ST_102,IT_108,2023.12.11,7000
ST_102,IT_108,2023.12.12,7000
ST_102,IT_108,2023.12.13,7000
ST_102,IT_108,2023.12.14,7000
ST_102,IT_108,2023.12.15,7000
ST_102,IT_108,2023.12.16,7000
ST_102,IT_108,2023.12.17,7000
ST_102,IT_108,2023.12.18,7000
ST_102,IT_108,2023.12.19,7000
ST_102,IT_108,2023.12.20,7000
ST_102,IT_108,2023.12.21,7000
ST_102,IT_108,2023.12.22,7000
ST_102,IT_108,2023.12.23,7000
ST_102,IT_108,2023.12.24,7000
ST_102,IT_108,2023.12.25,7000
ST_102,IT_108,2023.12.26,7000
ST_102,IT_108,2023.12.27,7000
ST_102,IT_108,2023.12.28,7000
ST_102,IT_108,2023.12.29,7000
ST_102,IT_108,2023.12.30,7000
ST_102,IT_108,2023.12.31,7000
ST_102,IT_109,2023.12.01,1000
ST_102,IT_109,2023.12.02,1000
ST_102,IT_109,2023.12.03,1000
ST_102,IT_109,2023.12.04,1000
ST_102,IT_109,2023.12.05,1000
ST_102,IT_109,2023.12.06,1000
ST_102,IT_109,2023.12.07,1000
ST_102,IT_109,2023.12.08,1000
ST_102,IT_109,2023.12.09,1000
ST_102,IT_109,2023.12.10,1000
ST_102,IT_109,2023.12.11,1000
ST_102,IT_109,2023.12.12,1000
ST_102,IT_109,2023.12.13,1000
ST_102,IT_109,2023.12.14,1000
ST_102,IT_109,2023.12.15,1000
ST_102,IT_109,2023.12.16,1000
ST_102,IT_109,2023.12.17,1000
ST_102,IT_109,2023.12.18,1000
ST_102,IT_109,2023.12.19,1000
ST_102,IT_109,2023.12.20,1000
ST_102,IT_109,2023.12.21,1000
ST_102,IT_109,2023.12.22,1000
ST_102,IT_109,2023.12.23,1000
ST_102,IT_109,2023.12.24,1000
ST_102,IT_109,2023.12.25,1000
ST_102,IT_109,2023.12.26,1000
ST_102,IT_109,2023.12.27,1000
ST_102,IT_109,2023.12.28,1000
ST_102,IT_109,2023.12.29,1000
ST_102,IT_109,2023.12.30,1000
ST_102,IT_109,2023.12.31,1000
ST_102,IT_110,2023.12.01,5000
ST_102,IT_110,2023.12.02,5000
ST_102,IT_110,2023.12.03,5000
ST_102,IT_110,2023.12.04,5000
ST_102,IT_110,2023.12.05,5000
ST_102,IT_110,2023.12.06,5000
ST_102,IT_110,2023.12.07,5000
ST_102,IT_110,2023.12.08,5000
ST_102,IT_110,2023.12.09,5000
ST_102,IT_110,2023.12.10,5000
ST_102,IT_110,2023.12.11,5000
ST_102,IT_110,2023.12.12,5000
ST_102,IT_110,2023.12.13,5000
ST_102,IT_110,2023.12.14,5000
ST_102,IT_110,2023.12.15,5000
ST_102,IT_110,2023.12.16,5000
ST_102,IT_110,2023.12.17,5000
ST_102,IT_110,2023.12.18,5000
ST_102,IT_110,2023.12.19,5000
ST_102,IT_110,2023.12.20,5000
ST_102,IT_110,2023.12.21,5000
ST_102,IT_110,2023.12.22,5000
ST_102,IT_110,2023.12.23,5000
ST_102,IT_110,2023.12.24,5000
ST_102,IT_110,2023.12.25,5000
ST_102,IT_110,2023.12.26,5000
ST_102,IT_110,2023.12.27,5000
ST_102,IT_110,2023.12.28,5000
ST_102,IT_110,2023.12.29,5000
ST_102,IT_110,2023.12.30,5000
ST_102,IT_110,2023.12.31,5000
ST_102,IT_111,2023.12.01,8000
ST_102,IT_111,2023.12.02,8000
ST_102,IT_111,2023.12.03,8000
ST_102,IT_111,2023.12.04,8000
ST_102,IT_111,2023.12.05,8000
ST_102,IT_111,2023.12.06,8000
ST_102,IT_111,2023.12.07,8000
ST_102,IT_111,2023.12.08,8000
ST_102,IT_111,2023.12.09,8000
ST_102,IT_111,2023.12.10,8000
ST_102,IT_111,2023.12.11,8000
ST_102,IT_111,2023.12.12,8000
ST_102,IT_111,2023.12.13,8000
ST_102,IT_111,2023.12.14,8000
ST_102,IT_111,2023.12.15,8000
ST_102,IT_111,2023.12.16,8000
ST_102,IT_111,2023.12.17,8000
ST_102,IT_111,2023.12.18,8000
ST_102,IT_111,2023.12.19,8000
ST_102,IT_111,2023.12.20,8000
ST_102,IT_111,2023.12.21,8000
ST_102,IT_111,2023.12.22,8000
ST_102,IT_111,2023.12.23,8000
ST_102,IT_111,2023.12.24,8000
ST_102,IT_111,2023.12.25,8000
ST_102,IT_111,2023.12.26,8000
ST_102,IT_111,2023.12.27,8000
ST_102,IT_111,2023.12.28,8000
ST_102,IT_111,2023.12.29,8000
ST_102,IT_111,2023.12.30,8000
ST_102,IT_111,2023.12.31,8000
ST_102,IT_112,2023.12.01,5500
ST_102,IT_112,2023.12.02,5500
ST_102,IT_112,2023.12.03,5500
ST_102,IT_112,2023.12.04,5500
ST_102,IT_112,2023.12.05,5500
ST_102,IT_112,2023.12.06,5500
ST_102,IT_112,2023.12.07,5500
ST_102,IT_112,2023.12.08,5500
ST_102,IT_112,2023.12.09,5500
ST_102,IT_112,2023.12.10,5500
ST_102,IT_112,2023.12.11,5500
ST_102,IT_112,2023.12.12,5500
ST_102,IT_112,2023.12.13,5500
ST_102,IT_112,2023.12.14,5500
ST_102,IT_112,2023.12.15,5500
ST_102,IT_112,2023.12.16,5500
ST_102,IT_112,2023.12.17,5500
ST_102,IT_112,2023.12.18,5500
ST_102,IT_112,2023.12.19,5500
ST_102,IT_112,2023.12.20,5500
ST_102,IT_112,2023.12.21,5500
ST_102,IT_112,2023.12.22,5500
ST_102,IT_112,2023.12.23,5500
ST_102,IT_112,2023.12.24,5500
ST_102,IT_112,2023.12.25,5500
ST_102,IT_112,2023.12.26,5500
ST_102,IT_112,2023.12.27,5500
ST_102,IT_112,2023.12.28,5500
ST_102,IT_112,2023.12.29,5500
ST_102,IT_112,2023.12.30,5500
ST_102,IT_112,2023.12.31,5500
ST_102,IT_113,2023.12.01,4200
ST_102,IT_113,2023.12.02,4200
ST_102,IT_113,2023.12.03,4200
ST_102,IT_113,2023.12.04,4200
ST_102,IT_113,2023.12.05,4200
ST_102,IT_113,2023.12.06,4200
ST_102,IT_113,2023.12.07,4200
ST_102,IT_113,2023.12.08,4200
ST_102,IT_113,2023.12.09,4200
ST_102,IT_113,2023.12.10,4200
ST_102,IT_113,2023.12.11,4200
ST_102,IT_113,2023.12.12,4200
ST_102,IT_113,2023.12.13,4200
ST_102,IT_113,2023.12.14,4200
ST_102,IT_113,2023.12.15,4200
ST_102,IT_113,2023.12.16,4200
ST_102,IT_113,2023.12.17,4200
ST_102,IT_113,2023.12.18,4200
ST_102,IT_113,2023.12.19,4200
ST_102,IT_113,2023.12.20,4200
ST_102,IT_113,2023.12.21,4200
ST_102,IT_113,2023.12.22,4200
ST_102,IT_113,2023.12.23,4200
ST_102,IT_113,2023.12.24,4200
ST_102,IT_113,2023.12.25,4200
ST_102,IT_113,2023.12.26,4200
ST_102,IT_113,2023.12.27,4200
ST_102,IT_113,2023.12.28,4200
ST_102,IT_113,2023.12.29,4200
ST_102,IT_113,2023.12.30,4200
ST_102,IT_113,2023.12.31,4200
ST_102,IT_114,2023.12.01,11500
ST_102,IT_114,2023.12.02,11500
ST_102,IT_114,2023.12.03,11500
ST_102,IT_114,2023.12.04,11500
ST_102,IT_114,2023.12.05,11500
ST_102,IT_114,2023.12.06,11500
ST_102,IT_114,2023.12.07,11500
ST_102,IT_114,2023.12.08,11500
ST_102,IT_114,2023.12.09,11500
ST_102,IT_114,2023.12.10,11500
ST_102,IT_114,2023.12.11,11500
ST_102,IT_114,2023.12.12,11500
ST_102,IT_114,2023.12.13,11500
ST_102,IT_114,2023.12.14,11500
ST_102,IT_114,2023.12.15,11500
ST_102,IT_114,2023.12.16,11500
ST_102,IT_114,2023.12.17,11500
ST_102,IT_114,2023.12.18,11500
ST_102,IT_114,2023.12.19,11500
ST_102,IT_114,2023.12.20,11500
ST_102,IT_114,2023.12.21,11500
ST_102,IT_114,2023.12.22,11500
ST_102,IT_114,2023.12.23,11500
ST_102,IT_114,2023.12.24,11500
ST_102,IT_114,2023.12.25,11500
ST_102,IT_114,2023.12.26,11500
ST_102,IT_114,2023.12.27,11500
ST_102,IT_114,2023.12.28,11500
ST_102,IT_114,2023.12.29,11500
ST_102,IT_114,2023.12.30,11500
ST_102,IT_114,2023.12.31,11500
ST_102,IT_115,2023.12.01,5500
ST_102,IT_115,2023.12.02,5500
ST_102,IT_115,2023.12.03,5500
ST_102,IT_115,2023.12.04,5500
ST_102,IT_115,2023.12.05,5500
ST_102,IT_115,2023.12.06,5500
ST_102,IT_115,2023.12.07,5500
ST_102,IT_115,2023.12.08,5500
ST_102,IT_115,2023.12.09,5500
ST_102,IT_115,2023.12.10,5500
ST_102,IT_115,2023.12.11,5500
ST_102,IT_115,2023.12.12,5500
ST_102,IT_115,2023.12.13,5500
ST_102,IT_115,2023.12.14,5500
ST_102,IT_115,2023.12.15,5500
ST_102,IT_115,2023.12.16,5500
ST_102,IT_115,2023.12.17,5500
ST_102,IT_115,2023.12.18,5500
ST_102,IT_115,2023.12.19,5500
ST_102,IT_115,2023.12.20,5500
ST_102,IT_115,2023.12.21,5500
ST_102,IT_115,2023.12.22,5500
ST_102,IT_115,2023.12.23,5500
ST_102,IT_115,2023.12.24,5500
ST_102,IT_115,2023.12.25,5500
ST_102,IT_115,2023.12.26,5500
ST_102,IT_115,2023.12.27,5500
ST_102,IT_115,2023.12.28,5500
ST_102,IT_115,2023.12.29,5500
ST_102,IT_115,2023.12.30,5500
ST_102,IT_115,2023.12.31,5500
ST_102,IT_116,2023.12.01,5200
ST_102,IT_116,2023.12.02,5200
ST_102,IT_116,2023.12.03,5200
ST_102,IT_116,2023.12.04,5200
ST_102,IT_116,2023.12.05,5200
ST_102,IT_116,2023.12.06,5200
ST_102,IT_116,2023.12.07,5200
ST_102,IT_116,2023.12.08,5200
ST_102,IT_116,2023.12.09,5200
ST_102,IT_116,2023.12.10,5200
ST_102,IT_116,2023.12.11,5200
ST_102,IT_116,2023.12.12,5200
ST_102,IT_116,2023.12.13,5200
ST_102,IT_116,2023.12.14,5200
ST_102,IT_116,2023.12.15,5200
ST_102,IT_116,2023.12.16,5200
ST_102,IT_116,2023.12.17,5200
ST_102,IT_116,2023.12.18,5200
ST_102,IT_116,2023.12.19,5200
ST_102,IT_116,2023.12.20,5200
ST_102,IT_116,2023.12.21,5200
ST_102,IT_116,2023.12.22,5200
ST_102,IT_116,2023.12.23,5200
ST_102,IT_116,2023.12.24,5200
ST_102,IT_116,2023.12.25,5200
ST_102,IT_116,2023.12.26,5200
ST_102,IT_116,2023.12.27,5200
ST_102,IT_116,2023.12.28,5200
ST_102,IT_116,2023.12.29,5200
ST_102,IT_116,2023.12.30,5200
ST_102,IT_116,2023.12.31,5200
ST_102,IT_117,2023.12.01,3200
ST_102,IT_117,2023.12.02,3200
ST_102,IT_117,2023.12.03,3200
ST_102,IT_117,2023.12.04,3200
ST_102,IT_117,2023.12.05,3200
ST_102,IT_117,2023.12.06,3200
ST_102,IT_117,2023.12.07,3200
ST_102,IT_117,2023.12.08,3200
ST_102,IT_117,2023.12.09,3200
ST_102,IT_117,2023.12.10,3200
ST_102,IT_117,2023.12.11,3200
ST_102,IT_117,2023.12.12,3200
ST_102,IT_117,2023.12.13,3200
ST_102,IT_117,2023.12.14,3200
ST_102,IT_117,2023.12.15,3200
ST_102,IT_117,2023.12.16,3200
ST_102,IT_117,2023.12.17,3200
ST_102,IT_117,2023.12.18,3200
ST_102,IT_117,2023.12.19,3200
ST_102,IT_117,2023.12.20,3200
ST_102,IT_117,2023.12.21,3200
ST_102,IT_117,2023.12.22,3200
ST_102,IT_117,2023.12.23,3200
ST_102,IT_117,2023.12.24,3200
ST_102,IT_117,2023.12.25,3200
ST_102,IT_117,2023.12.26,3200
ST_102,IT_117,2023.12.27,3200
ST_102,IT_117,2023.12.28,3200
ST_102,IT_117,2023.12.29,3200
ST_102,IT_117,2023.12.30,3200
ST_102,IT_117,2023.12.31,3200
ST_102,IT_118,2023.12.01,1400
ST_102,IT_118,2023.12.02,1400
ST_102,IT_118,2023.12.03,1400
ST_102,IT_118,2023.12.04,1400
ST_102,IT_118,2023.12.05,1400
ST_102,IT_118,2023.12.06,1400
ST_102,IT_118,2023.12.07,1400
ST_102,IT_118,2023.12.08,1400
ST_102,IT_118,2023.12.09,1400
ST_102,IT_118,2023.12.10,1400
ST_102,IT_118,2023.12.11,1400
ST_102,IT_118,2023.12.12,1400
ST_102,IT_118,2023.12.13,1400
ST_102,IT_118,2023.12.14,1400
ST_102,IT_118,2023.12.15,1400
ST_102,IT_118,2023.12.16,1400
ST_102,IT_118,2023.12.17,1400
ST_102,IT_118,2023.12.18,1400
ST_102,IT_118,2023.12.19,1400
ST_102,IT_118,2023.12.20,1400
ST_102,IT_118,2023.12.21,1400
ST_102,IT_118,2023.12.22,1400
ST_102,IT_118,2023.12.23,1400
ST_102,IT_118,2023.12.24,1400
ST_102,IT_118,2023.12.25,1400
ST_102,IT_118,2023.12.26,1400
ST_102,IT_118,2023.12.27,1400
ST_102,IT_118,2023.12.28,1400
ST_102,IT_118,2023.12.29,1400
ST_102,IT_118,2023.12.30,1400
ST_102,IT_118,2023.12.31,1400
ST_102,IT_119,2023.12.01,56000
ST_102,IT_119,2023.12.02,56000
ST_102,IT_119,2023.12.03,56000
ST_102,IT_119,2023.12.04,56000
ST_102,IT_119,2023.12.05,56000
ST_102,IT_119,2023.12.06,56000
ST_102,IT_119,2023.12.07,56000
ST_102,IT_119,2023.12.08,56000
ST_102,IT_119,2023.12.09,56000
ST_102,IT_119,2023.12.10,56000
ST_102,IT_119,2023.12.11,56000
ST_102,IT_119,2023.12.12,56000
ST_102,IT_119,2023.12.13,56000
ST_102,IT_119,2023.12.14,56000
ST_102,IT_119,2023.12.15,56000
ST_102,IT_119,2023.12.16,56000
ST_102,IT_119,2023.12.17,56000
ST_102,IT_119,2023.12.18,56000
ST_102,IT_119,2023.12.19,56000
ST_102,IT_119,2023.12.20,56000
ST_102,IT_119,2023.12.21,56000
ST_102,IT_119,2023.12.22,56000
ST_102,IT_119,2023.12.23,56000
ST_102,IT_119,2023.12.24,56000
ST_102,IT_119,2023.12.25,56000
ST_102,IT_119,2023.12.26,56000
ST_102,IT_119,2023.12.27,56000
ST_102,IT_119,2023.12.28,56000
ST_102,IT_119,2023.12.29,56000
ST_102,IT_119,2023.12.30,56000
ST_102,IT_119,2023.12.31,56000
ST_102,IT_120,2023.12.01,3
ST_102,IT_120,2023.12.02,3
ST_102,IT_120,2023.12.03,3
ST_102,IT_120,2023.12.04,3
ST_102,IT_120,2023.12.05,3
ST_102,IT_120,2023.12.06,3
ST_102,IT_120,2023.12.07,3
ST_102,IT_120,2023.12.08,3
ST_102,IT_120,2023.12.09,3
ST_102,IT_120,2023.12.10,3
ST_102,IT_120,2023.12.11,3
ST_102,IT_120,2023.12.12,3
ST_102,IT_120,2023.12.13,3
ST_102,IT_120,2023.12.14,3
ST_102,IT_120,2023.12.15,3
ST_102,IT_120,2023.12.16,3
ST_102,IT_120,2023.12.17,3
ST_102,IT_120,2023.12.18,3
ST_102,IT_120,2023.12.19,3
ST_102,IT_120,2023.12.20,3
ST_102,IT_120,2023.12.21,3
ST_102,IT_120,2023.12.22,3
ST_102,IT_120,2023.12.23,3
ST_102,IT_120,2023.12.24,3
ST_102,IT_120,2023.12.25,3
ST_102,IT_120,2023.12.26,3
ST_102,IT_120,2023.12.27,3
ST_102,IT_120,2023.12.28,3
ST_102,IT_120,2023.12.29,3
ST_102,IT_120,2023.12.30,3
ST_102,IT_120,2023.12.31,3
ST_102,IT_121,2023.12.01,3000
ST_102,IT_121,2023.12.02,3000
ST_102,IT_121,2023.12.03,3000
ST_102,IT_121,2023.12.04,3000
ST_102,IT_121,2023.12.05,3000
ST_102,IT_121,2023.12.06,3000
ST_102,IT_121,2023.12.07,3000
ST_102,IT_121,2023.12.08,3000
ST_102,IT_121,2023.12.09,3000
ST_102,IT_121,2023.12.10,3000
ST_102,IT_121,2023.12.11,3000
ST_102,IT_121,2023.12.12,3000
ST_102,IT_121,2023.12.13,3000
ST_102,IT_121,2023.12.14,3000
ST_102,IT_121,2023.12.15,3000
ST_102,IT_121,2023.12.16,3000
ST_102,IT_121,2023.12.17,3000
ST_102,IT_121,2023.12.18,3000
ST_102,IT_121,2023.12.19,3000
ST_102,IT_121,2023.12.20,3000
ST_102,IT_121,2023.12.21,3000
ST_102,IT_121,2023.12.22,3000
ST_102,IT_121,2023.12.23,3000
ST_102,IT_121,2023.12.24,3000
ST_102,IT_121,2023.12.25,3000
ST_102,IT_121,2023.12.26,3000
ST_102,IT_121,2023.12.27,3000
ST_102,IT_121,2023.12.28,3000
ST_102,IT_121,2023.12.29,3000
ST_102,IT_121,2023.12.30,3000
ST_102,IT_121,2023.12.31,3000
ST_102,IT_122,2023.12.01,5000
ST_102,IT_122,2023.12.02,5000
ST_102,IT_122,2023.12.03,5000
ST_102,IT_122,2023.12.04,5000
ST_102,IT_122,2023.12.05,5000
ST_102,IT_122,2023.12.06,5000
ST_102,IT_122,2023.12.07,5000
ST_102,IT_122,2023.12.08,5000
ST_102,IT_122,2023.12.09,5000
ST_102,IT_122,2023.12.10,5000
ST_102,IT_122,2023.12.11,5000
ST_102,IT_122,2023.12.12,5000
ST_102,IT_122,2023.12.13,5000
ST_102,IT_122,2023.12.14,5000
ST_102,IT_122,2023.12.15,5000
ST_102,IT_122,2023.12.16,5000
ST_102,IT_122,2023.12.17,5000
ST_102,IT_122,2023.12.18,5000
ST_102,IT_122,2023.12.19,5000
ST_102,IT_122,2023.12.20,5000
ST_102,IT_122,2023.12.21,5000
ST_102,IT_122,2023.12.22,5000
ST_102,IT_122,2023.12.23,5000
ST_102,IT_122,2023.12.24,5000
ST_102,IT_122,2023.12.25,5000
ST_102,IT_122,2023.12.26,5000
ST_102,IT_122,2023.12.27,5000
ST_102,IT_122,2023.12.28,5000
ST_102,IT_122,2023.12.29,5000
ST_102,IT_122,2023.12.30,5000
ST_102,IT_122,2023.12.31,5000
ST_102,IT_123,2023.12.01,600
ST_102,IT_123,2023.12.02,600
ST_102,IT_123,2023.12.03,600
ST_102,IT_123,2023.12.04,600
ST_102,IT_123,2023.12.05,600
ST_102,IT_123,2023.12.06,600
ST_102,IT_123,2023.12.07,600
ST_102,IT_123,2023.12.08,600
ST_102,IT_123,2023.12.09,600
ST_102,IT_123,2023.12.10,600
ST_102,IT_123,2023.12.11,600
ST_102,IT_123,2023.12.12,600
ST_102,IT_123,2023.12.13,600
ST_102,IT_123,2023.12.14,600
ST_102,IT_123,2023.12.15,600
ST_102,IT_123,2023.12.16,600
ST_102,IT_123,2023.12.17,600
ST_102,IT_123,2023.12.18,600
ST_102,IT_123,2023.12.19,600
ST_102,IT_123,2023.12.20,600
ST_102,IT_123,2023.12.21,600
ST_102,IT_123,2023.12.22,600
ST_102,IT_123,2023.12.23,600
ST_102,IT_123,2023.12.24,600
ST_102,IT_123,2023.12.25,600
ST_102,IT_123,2023.12.26,600
ST_102,IT_123,2023.12.27,600
ST_102,IT_123,2023.12.28,600
ST_102,IT_123,2023.12.29,600
ST_102,IT_123,2023.12.30,600
ST_102,IT_123,2023.12.31,600
ST_102,IT_124,2023.12.01,20
ST_102,IT_124,2023.12.02,20
ST_102,IT_124,2023.12.03,20
ST_102,IT_124,2023.12.04,20
ST_102,IT_124,2023.12.05,20
ST_102,IT_124,2023.12.06,20
ST_102,IT_124,2023.12.07,20
ST_102,IT_124,2023.12.08,20
ST_102,IT_124,2023.12.09,20
ST_102,IT_124,2023.12.10,20
ST_102,IT_124,2023.12.11,20
ST_102,IT_124,2023.12.12,20
ST_102,IT_124,2023.12.13,20
ST_102,IT_124,2023.12.14,20
ST_102,IT_124,2023.12.15,20
ST_102,IT_124,2023.12.16,20
ST_102,IT_124,2023.12.17,20
ST_102,IT_124,2023.12.18,20
ST_102,IT_124,2023.12.19,20
ST_102,IT_124,2023.12.20,20
ST_102,IT_124,2023.12.21,20
ST_102,IT_124,2023.12.22,20
ST_102,IT_124,2023.12.23,20
ST_102,IT_124,2023.12.24,20
ST_102,IT_124,2023.12.25,20
ST_102,IT_124,2023.12.26,20
ST_102,IT_124,2023.12.27,20
ST_102,IT_124,2023.12.28,20
ST_102,IT_124,2023.12.29,20
ST_102,IT_124,2023.12.30,20
ST_102,IT_124,2023.12.31,20
ST_102,IT_125,2023.12.01,14
ST_102,IT_125,2023.12.02,14
ST_102,IT_125,2023.12.03,14
ST_102,IT_125,2023.12.04,14
ST_102,IT_125,2023.12.05,14
ST_102,IT_125,2023.12.06,14
ST_102,IT_125,2023.12.07,14
ST_102,IT_125,2023.12.08,14
ST_102,IT_125,2023.12.09,14
ST_102,IT_125,2023.12.10,14
ST_102,IT_125,2023.12.11,14
ST_102,IT_125,2023.12.12,14
ST_102,IT_125,2023.12.13,14
ST_102,IT_125,2023.12.14,14
ST_102,IT_125,2023.12.15,14
ST_102,IT_125,2023.12.16,14
ST_102,IT_125,2023.12.17,14
ST_102,IT_125,2023.12.18,14
ST_102,IT_125,2023.12.19,14
ST_102,IT_125,2023.12.20,14
ST_102,IT_125,2023.12.21,14
ST_102,IT_125,2023.12.22,14
ST_102,IT_125,2023.12.23,14
ST_102,IT_125,2023.12.24,14
ST_102,IT_125,2023.12.25,14
ST_102,IT_125,2023.12.26,14
ST_102,IT_125,2023.12.27,14
ST_102,IT_125,2023.12.28,14
ST_102,IT_125,2023.12.29,14
ST_102,IT_125,2023.12.30,14
ST_102,IT_125,2023.12.31,14
ST_102,IT_126,2023.12.01,9
ST_102,IT_126,2023.12.02,9
ST_102,IT_126,2023.12.03,9
ST_102,IT_126,2023.12.04,9
ST_102,IT_126,2023.12.05,9
ST_102,IT_126,2023.12.06,9
ST_102,IT_126,2023.12.07,9
ST_102,IT_126,2023.12.08,9
ST_102,IT_126,2023.12.09,9
ST_102,IT_126,2023.12.10,9
ST_102,IT_126,2023.12.11,9
ST_102,IT_126,2023.12.12,9
ST_102,IT_126,2023.12.13,9
ST_102,IT_126,2023.12.14,9
ST_102,IT_126,2023.12.15,9
ST_102,IT_126,2023.12.16,9
ST_102,IT_126,2023.12.17,9
ST_102,IT_126,2023.12.18,9
ST_102,IT_126,2023.12.19,9
ST_102,IT_126,2023.12.20,9
ST_102,IT_126,2023.12.21,9
ST_102,IT_126,2023.12.22,9
ST_102,IT_126,2023.12.23,9
ST_102,IT_126,2023.12.24,9
ST_102,IT_126,2023.12.25,9
ST_102,IT_126,2023.12.26,9
ST_102,IT_126,2023.12.27,9
ST_102,IT_126,2023.12.28,9
ST_102,IT_126,2023.12.29,9
ST_102,IT_126,2023.12.30,9
ST_102,IT_126,2023.12.31,9
ST_102,IT_127,2023.12.01,20
ST_102,IT_127,2023.12.02,20
ST_102,IT_127,2023.12.03,20
ST_102,IT_127,2023.12.04,20
ST_102,IT_127,2023.12.05,20
ST_102,IT_127,2023.12.06,20
ST_102,IT_127,2023.12.07,20
ST_102,IT_127,2023.12.08,20
ST_102,IT_127,2023.12.09,20
ST_102,IT_127,2023.12.10,20
ST_102,IT_127,2023.12.11,20
ST_102,IT_127,2023.12.12,20
ST_102,IT_127,2023.12.13,20
ST_102,IT_127,2023.12.14,20
ST_102,IT_127,2023.12.15,20
ST_102,IT_127,2023.12.16,20
ST_102,IT_127,2023.12.17,20
ST_102,IT_127,2023.12.18,20
ST_102,IT_127,2023.12.19,20
ST_102,IT_127,2023.12.20,20
ST_102,IT_127,2023.12.21,20
ST_102,IT_127,2023.12.22,20
ST_102,IT_127,2023.12.23,20
ST_102,IT_127,2023.12.24,20
ST_102,IT_127,2023.12.25,20
ST_102,IT_127,2023.12.26,20
ST_102,IT_127,2023.12.27,20
ST_102,IT_127,2023.12.28,20
ST_102,IT_127,2023.12.29,20
ST_102,IT_127,2023.12.30,20
ST_102,IT_127,2023.12.31,20
ST_102,IT_129,2023.12.01,100
ST_102,IT_129,2023.12.02,100
ST_102,IT_129,2023.12.03,100
ST_102,IT_129,2023.12.04,100
ST_102,IT_129,2023.12.05,100
ST_102,IT_129,2023.12.06,100
ST_102,IT_129,2023.12.07,100
ST_102,IT_129,2023.12.08,100
ST_102,IT_129,2023.12.09,100
ST_102,IT_129,2023.12.10,100
ST_102,IT_129,2023.12.11,100
ST_102,IT_129,2023.12.12,100
ST_102,IT_129,2023.12.13,100
ST_102,IT_129,2023.12.14,100
ST_102,IT_129,2023.12.15,100
ST_102,IT_129,2023.12.16,100
ST_102,IT_129,2023.12.17,100
ST_102,IT_129,2023.12.18,100
ST_102,IT_129,2023.12.19,100
ST_102,IT_129,2023.12.20,100
ST_102,IT_129,2023.12.21,100
ST_102,IT_129,2023.12.22,100
ST_102,IT_129,2023.12.23,100
ST_102,IT_129,2023.12.24,100
ST_102,IT_129,2023.12.25,100
ST_102,IT_129,2023.12.26,100
ST_102,IT_129,2023.12.27,100
ST_102,IT_129,2023.12.28,100
ST_102,IT_129,2023.12.29,100
ST_102,IT_129,2023.12.30,100
ST_102,IT_129,2023.12.31,100
ST_102,IT_130,2023.12.01,103
ST_102,IT_130,2023.12.02,103
ST_102,IT_130,2023.12.03,103
ST_102,IT_130,2023.12.04,103
ST_102,IT_130,2023.12.05,103
ST_102,IT_130,2023.12.06,103
ST_102,IT_130,2023.12.07,103
ST_102,IT_130,2023.12.08,103
ST_102,IT_130,2023.12.09,103
ST_102,IT_130,2023.12.10,103
ST_102,IT_130,2023.12.11,103
ST_102,IT_130,2023.12.12,103
ST_102,IT_130,2023.12.13,103
ST_102,IT_130,2023.12.14,103
ST_102,IT_130,2023.12.15,103
ST_102,IT_130,2023.12.16,103
ST_102,IT_130,2023.12.17,103
ST_102,IT_130,2023.12.18,103
ST_102,IT_130,2023.12.19,103
ST_102,IT_130,2023.12.20,103
ST_102,IT_130,2023.12.21,103
ST_102,IT_130,2023.12.22,103
ST_102,IT_130,2023.12.23,103
ST_102,IT_130,2023.12.24,103
ST_102,IT_130,2023.12.25,103
ST_102,IT_130,2023.12.26,103
ST_102,IT_130,2023.12.27,103
ST_102,IT_130,2023.12.28,103
ST_102,IT_130,2023.12.29,103
ST_102,IT_130,2023.12.30,103
ST_102,IT_130,2023.12.31,103
ST_102,IT_132,2023.12.01,89
ST_102,IT_132,2023.12.02,89
ST_102,IT_132,2023.12.03,89
ST_102,IT_132,2023.12.04,89
ST_102,IT_132,2023.12.05,89
ST_102,IT_132,2023.12.06,89
ST_102,IT_132,2023.12.07,89
ST_102,IT_132,2023.12.08,89
ST_102,IT_132,2023.12.09,89
ST_102,IT_132,2023.12.10,89
ST_102,IT_132,2023.12.11,89
ST_102,IT_132,2023.12.12,89
ST_102,IT_132,2023.12.13,89
ST_102,IT_132,2023.12.14,89
ST_102,IT_132,2023.12.15,89
ST_102,IT_132,2023.12.16,89
ST_102,IT_132,2023.12.17,89
ST_102,IT_132,2023.12.18,89
ST_102,IT_132,2023.12.19,89
ST_102,IT_132,2023.12.20,89
ST_102,IT_132,2023.12.21,89
ST_102,IT_132,2023.12.22,89
ST_102,IT_132,2023.12.23,89
ST_102,IT_132,2023.12.24,89
ST_102,IT_132,2023.12.25,89
ST_102,IT_132,2023.12.26,89
ST_102,IT_132,2023.12.27,89
ST_102,IT_132,2023.12.28,89
ST_102,IT_132,2023.12.29,89
ST_102,IT_132,2023.12.30,89
ST_102,IT_132,2023.12.31,89
ST_102,IT_133,2023.12.01,25
ST_102,IT_133,2023.12.02,25
ST_102,IT_133,2023.12.03,25
ST_102,IT_133,2023.12.04,25
ST_102,IT_133,2023.12.05,25
ST_102,IT_133,2023.12.06,25
ST_102,IT_133,2023.12.07,25
ST_102,IT_133,2023.12.08,25
ST_102,IT_133,2023.12.09,25
ST_102,IT_133,2023.12.10,25
ST_102,IT_133,2023.12.11,25
ST_102,IT_133,2023.12.12,25
ST_102,IT_133,2023.12.13,25
ST_102,IT_133,2023.12.14,25
ST_102,IT_133,2023.12.15,25
ST_102,IT_133,2023.12.16,25
ST_102,IT_133,2023.12.17,25
ST_102,IT_133,2023.12.18,25
ST_102,IT_133,2023.12.19,25
ST_102,IT_133,2023.12.20,25
ST_102,IT_133,2023.12.21,25
ST_102,IT_133,2023.12.22,25
ST_102,IT_133,2023.12.23,25
ST_102,IT_133,2023.12.24,25
ST_102,IT_133,2023.12.25,25
ST_102,IT_133,2023.12.26,25
ST_102,IT_133,2023.12.27,25
ST_102,IT_133,2023.12.28,25
ST_102,IT_133,2023.12.29,25
ST_102,IT_133,2023.12.30,25
ST_102,IT_133,2023.12.31,25
ST_102,IT_134,2023.12.01,22
ST_102,IT_134,2023.12.02,22
ST_102,IT_134,2023.12.03,22
ST_102,IT_134,2023.12.04,22
ST_102,IT_134,2023.12.05,22
ST_102,IT_134,2023.12.06,22
ST_102,IT_134,2023.12.07,22
ST_102,IT_134,2023.12.08,22
ST_102,IT_134,2023.12.09,22
ST_102,IT_134,2023.12.10,22
ST_102,IT_134,2023.12.11,22
ST_102,IT_134,2023.12.12,22
ST_102,IT_134,2023.12.13,22
ST_102,IT_134,2023.12.14,22
ST_102,IT_134,2023.12.15,22
ST_102,IT_134,2023.12.16,22
ST_102,IT_134,2023.12.17,22
ST_102,IT_134,2023.12.18,22
ST_102,IT_134,2023.12.19,22
ST_102,IT_134,2023.12.20,22
ST_102,IT_134,2023.12.21,22
ST_102,IT_134,2023.12.22,22
ST_102,IT_134,2023.12.23,22
ST_102,IT_134,2023.12.24,22
ST_102,IT_134,2023.12.25,22
ST_102,IT_134,2023.12.26,22
ST_102,IT_134,2023.12.27,22
ST_102,IT_134,2023.12.28,22
ST_102,IT_134,2023.12.29,22
ST_102,IT_134,2023.12.30,22
ST_102,IT_134,2023.12.31,22
ST_102,IT_137,2023.12.01,20200
ST_102,IT_137,2023.12.02,20200
ST_102,IT_137,2023.12.03,20200
ST_102,IT_137,2023.12.04,20200
ST_102,IT_137,2023.12.05,20200
ST_102,IT_137,2023.12.06,20200
ST_102,IT_137,2023.12.07,20200
ST_102,IT_137,2023.12.08,20200
ST_102,IT_137,2023.12.09,20200
ST_102,IT_137,2023.12.10,20200
ST_102,IT_137,2023.12.11,20200
ST_102,IT_137,2023.12.12,20200
ST_102,IT_137,2023.12.13,20200
ST_102,IT_137,2023.12.14,20200
ST_102,IT_137,2023.12.15,20200
ST_102,IT_137,2023.12.16,20200
ST_102,IT_137,2023.12.17,20200
ST_102,IT_137,2023.12.18,20200
ST_102,IT_137,2023.12.19,20200
ST_102,IT_137,2023.12.20,20200
ST_102,IT_137,2023.12.21,20200
ST_102,IT_137,2023.12.22,20200
ST_102,IT_137,2023.12.23,20200
ST_102,IT_137,2023.12.24,20200
ST_102,IT_137,2023.12.25,20200
ST_102,IT_137,2023.12.26,20200
ST_102,IT_137,2023.12.27,20200
ST_102,IT_137,2023.12.28,20200
ST_102,IT_137,2023.12.29,20200
ST_102,IT_137,2023.12.30,20200
ST_102,IT_137,2023.12.31,20200
ST_102,IT_138,2023.12.01,3580
ST_102,IT_138,2023.12.02,3580
ST_102,IT_138,2023.12.03,3580
ST_102,IT_138,2023.12.04,3580
ST_102,IT_138,2023.12.05,3580
ST_102,IT_138,2023.12.06,3580
ST_102,IT_138,2023.12.07,3580
ST_102,IT_138,2023.12.08,3580
ST_102,IT_138,2023.12.09,3580
ST_102,IT_138,2023.12.10,3580
ST_102,IT_138,2023.12.11,3580
ST_102,IT_138,2023.12.12,3580
ST_102,IT_138,2023.12.13,3580
ST_102,IT_138,2023.12.14,3580
ST_102,IT_138,2023.12.15,3580
ST_102,IT_138,2023.12.16,3580
ST_102,IT_138,2023.12.17,3580
ST_102,IT_138,2023.12.18,3580
ST_102,IT_138,2023.12.19,3580
ST_102,IT_138,2023.12.20,3580
ST_102,IT_138,2023.12.21,3580
ST_102,IT_138,2023.12.22,3580
ST_102,IT_138,2023.12.23,3580
ST_102,IT_138,2023.12.24,3580
ST_102,IT_138,2023.12.25,3580
ST_102,IT_138,2023.12.26,3580
ST_102,IT_138,2023.12.27,3580
ST_102,IT_138,2023.12.28,3580
ST_102,IT_138,2023.12.29,3580
ST_102,IT_138,2023.12.30,3580
ST_102,IT_138,2023.12.31,3580
ST_102,IT_139,2023.12.01,13
ST_102,IT_139,2023.12.02,13
ST_102,IT_139,2023.12.03,13
ST_102,IT_139,2023.12.04,13
ST_102,IT_139,2023.12.05,13
ST_102,IT_139,2023.12.06,13
ST_102,IT_139,2023.12.07,13
ST_102,IT_139,2023.12.08,13
ST_102,IT_139,2023.12.09,13
ST_102,IT_139,2023.12.10,13
ST_102,IT_139,2023.12.11,13
ST_102,IT_139,2023.12.12,13
ST_102,IT_139,2023.12.13,13
ST_102,IT_139,2023.12.14,13
ST_102,IT_139,2023.12.15,13
ST_102,IT_139,2023.12.16,13
ST_102,IT_139,2023.12.17,13
ST_102,IT_139,2023.12.18,13
ST_102,IT_139,2023.12.19,13
ST_102,IT_139,2023.12.20,13
ST_102,IT_139,2023.12.21,13
ST_102,IT_139,2023.12.22,13
ST_102,IT_139,2023.12.23,13
ST_102,IT_139,2023.12.24,13
ST_102,IT_139,2023.12.25,13
ST_102,IT_139,2023.12.26,13
ST_102,IT_139,2023.12.27,13
ST_102,IT_139,2023.12.28,13
ST_102,IT_139,2023.12.29,13
ST_102,IT_139,2023.12.30,13
ST_102,IT_139,2023.12.31,13
ST_102,IT_140,2023.12.01,9
ST_102,IT_140,2023.12.02,9
ST_102,IT_140,2023.12.03,9
ST_102,IT_140,2023.12.04,9
ST_102,IT_140,2023.12.05,9
ST_102,IT_140,2023.12.06,9
ST_102,IT_140,2023.12.07,9
ST_102,IT_140,2023.12.08,9
ST_102,IT_140,2023.12.09,9
ST_102,IT_140,2023.12.10,9
ST_102,IT_140,2023.12.11,9
ST_102,IT_140,2023.12.12,9
ST_102,IT_140,2023.12.13,9
ST_102,IT_140,2023.12.14,9
ST_102,IT_140,2023.12.15,9
ST_102,IT_140,2023.12.16,9
ST_102,IT_140,2023.12.17,9
ST_102,IT_140,2023.12.18,9
ST_102,IT_140,2023.12.19,9
ST_102,IT_140,2023.12.20,9
ST_102,IT_140,2023.12.21,9
ST_102,IT_140,2023.12.22,9
ST_102,IT_140,2023.12.23,9
ST_102,IT_140,2023.12.24,9
ST_102,IT_140,2023.12.25,9
ST_102,IT_140,2023.12.26,9
ST_102,IT_140,2023.12.27,9
ST_102,IT_140,2023.12.28,9
ST_102,IT_140,2023.12.29,9
ST_102,IT_140,2023.12.30,9
ST_102,IT_140,2023.12.31,9
ST_102,IT_141,2023.12.01,22
ST_102,IT_141,2023.12.02,22
ST_102,IT_141,2023.12.03,22
ST_102,IT_141,2023.12.04,22
ST_102,IT_141,2023.12.05,22
ST_102,IT_141,2023.12.06,22
ST_102,IT_141,2023.12.07,22
ST_102,IT_141,2023.12.08,22
ST_102,IT_141,2023.12.09,22
ST_102,IT_141,2023.12.10,22
ST_102,IT_141,2023.12.11,22
ST_102,IT_141,2023.12.12,22
ST_102,IT_141,2023.12.13,22
ST_102,IT_141,2023.12.14,22
ST_102,IT_141,2023.12.15,22
ST_102,IT_141,2023.12.16,22
ST_102,IT_141,2023.12.17,22
ST_102,IT_141,2023.12.18,22
ST_102,IT_141,2023.12.19,22
ST_102,IT_141,2023.12.20,22
ST_102,IT_141,2023.12.21,22
ST_102,IT_141,2023.12.22,22
ST_102,IT_141,2023.12.23,22
ST_102,IT_141,2023.12.24,22
ST_102,IT_141,2023.12.25,22
ST_102,IT_141,2023.12.26,22
ST_102,IT_141,2023.12.27,22
ST_102,IT_141,2023.12.28,22
ST_102,IT_141,2023.12.29,22
ST_102,IT_141,2023.12.30,22
ST_102,IT_141,2023.12.31,22
ST_102,IT_142,2023.12.01,39
ST_102,IT_142,2023.12.02,39
ST_102,IT_142,2023.12.03,39
ST_102,IT_142,2023.12.04,39
ST_102,IT_142,2023.12.05,39
ST_102,IT_142,2023.12.06,39
ST_102,IT_142,2023.12.07,39
ST_102,IT_142,2023.12.08,39
ST_102,IT_142,2023.12.09,39
ST_102,IT_142,2023.12.10,39
ST_102,IT_142,2023.12.11,39
ST_102,IT_142,2023.12.12,39
ST_102,IT_142,2023.12.13,39
ST_102,IT_142,2023.12.14,39
ST_102,IT_142,2023.12.15,39
ST_102,IT_142,2023.12.16,39
ST_102,IT_142,2023.12.17,39
ST_102,IT_142,2023.12.18,39
ST_102,IT_142,2023.12.19,39
ST_102,IT_142,2023.12.20,39
ST_102,IT_142,2023.12.21,39
ST_102,IT_142,2023.12.22,39
ST_102,IT_142,2023.12.23,39
ST_102,IT_142,2023.12.24,39
ST_102,IT_142,2023.12.25,39
ST_102,IT_142,2023.12.26,39
ST_102,IT_142,2023.12.27,39
ST_102,IT_142,2023.12.28,39
ST_102,IT_142,2023.12.29,39
ST_102,IT_142,2023.12.30,39
ST_102,IT_142,2023.12.31,39
ST_102,IT_143,2023.12.01,9
ST_102,IT_143,2023.12.02,9
ST_102,IT_143,2023.12.03,9
ST_102,IT_143,2023.12.04,9
ST_102,IT_143,2023.12.05,9
ST_102,IT_143,2023.12.06,9
ST_102,IT_143,2023.12.07,9
ST_102,IT_143,2023.12.08,9
ST_102,IT_143,2023.12.09,9
ST_102,IT_143,2023.12.10,9
ST_102,IT_143,2023.12.11,9
ST_102,IT_143,2023.12.12,9
ST_102,IT_143,2023.12.13,9
ST_102,IT_143,2023.12.14,9
ST_102,IT_143,2023.12.15,9
ST_102,IT_143,2023.12.16,9
ST_102,IT_143,2023.12.17,9
ST_102,IT_143,2023.12.18,9
ST_102,IT_143,2023.12.19,9
ST_102,IT_143,2023.12.20,9
ST_102,IT_143,2023.12.21,9
ST_102,IT_143,2023.12.22,9
ST_102,IT_143,2023.12.23,9
ST_102,IT_143,2023.12.24,9
ST_102,IT_143,2023.12.25,9
ST_102,IT_143,2023.12.26,9
ST_102,IT_143,2023.12.27,9
ST_102,IT_143,2023.12.28,9
ST_102,IT_143,2023.12.29,9
ST_102,IT_143,2023.12.30,9
ST_102,IT_143,2023.12.31,9
ST_102,IT_144,2023.12.01,14
ST_102,IT_144,2023.12.02,14
ST_102,IT_144,2023.12.03,14
ST_102,IT_144,2023.12.04,14
ST_102,IT_144,2023.12.05,14
ST_102,IT_144,2023.12.06,14
ST_102,IT_144,2023.12.07,14
ST_102,IT_144,2023.12.08,14
ST_102,IT_144,2023.12.09,14
ST_102,IT_144,2023.12.10,14
ST_102,IT_144,2023.12.11,14
ST_102,IT_144,2023.12.12,14
ST_102,IT_144,2023.12.13,14
ST_102,IT_144,2023.12.14,14
ST_102,IT_144,2023.12.15,14
ST_102,IT_144,2023.12.16,14
ST_102,IT_144,2023.12.17,14
ST_102,IT_144,2023.12.18,14
ST_102,IT_144,2023.12.19,14
ST_102,IT_144,2023.12.20,14
ST_102,IT_144,2023.12.21,14
ST_102,IT_144,2023.12.22,14
ST_102,IT_144,2023.12.23,14
ST_102,IT_144,2023.12.24,14
ST_102,IT_144,2023.12.25,14
ST_102,IT_144,2023.12.26,14
ST_102,IT_144,2023.12.27,14
ST_102,IT_144,2023.12.28,14
ST_102,IT_144,2023.12.29,14
ST_102,IT_144,2023.12.30,14
ST_102,IT_144,2023.12.31,14
ST_102,IT_145,2023.12.01,0
ST_102,IT_145,2023.12.02,0
ST_102,IT_145,2023.12.03,0
ST_102,IT_145,2023.12.04,0
ST_102,IT_145,2023.12.05,0
ST_102,IT_145,2023.12.06,0
ST_102,IT_145,2023.12.07,0
ST_102,IT_145,2023.12.08,0
ST_102,IT_145,2023.12.09,0
ST_102,IT_145,2023.12.10,0
ST_102,IT_145,2023.12.11,0
ST_102,IT_145,2023.12.12,0
ST_102,IT_145,2023.12.13,0
ST_102,IT_145,2023.12.14,0
ST_102,IT_145,2023.12.15,0
ST_102,IT_145,2023.12.16,0
ST_102,IT_145,2023.12.17,0
ST_102,IT_145,2023.12.18,0
ST_102,IT_145,2023.12.19,0
ST_102,IT_145,2023.12.20,0
ST_102,IT_145,2023.12.21,0
ST_102,IT_145,2023.12.22,0
ST_102,IT_145,2023.12.23,0
ST_102,IT_145,2023.12.24,0
ST_102,IT_145,2023.12.25,0
ST_102,IT_145,2023.12.26,0
ST_102,IT_145,2023.12.27,0
ST_102,IT_145,2023.12.28,0
ST_102,IT_145,2023.12.29,0
ST_102,IT_145,2023.12.30,0
ST_102,IT_145,2023.12.31,0
ST_102,IT_146,2023.12.01,13
ST_102,IT_146,2023.12.02,13
ST_102,IT_146,2023.12.03,13
ST_102,IT_146,2023.12.04,13
ST_102,IT_146,2023.12.05,13
ST_102,IT_146,2023.12.06,13
ST_102,IT_146,2023.12.07,13
ST_102,IT_146,2023.12.08,13
ST_102,IT_146,2023.12.09,13
ST_102,IT_146,2023.12.10,13
ST_102,IT_146,2023.12.11,13
ST_102,IT_146,2023.12.12,13
ST_102,IT_146,2023.12.13,13
ST_102,IT_146,2023.12.14,13
ST_102,IT_146,2023.12.15,13
ST_102,IT_146,2023.12.16,13
ST_102,IT_146,2023.12.17,13
ST_102,IT_146,2023.12.18,13
ST_102,IT_146,2023.12.19,13
ST_102,IT_146,2023.12.20,13
ST_102,IT_146,2023.12.21,13
ST_102,IT_146,2023.12.22,13
ST_102,IT_146,2023.12.23,13
ST_102,IT_146,2023.12.24,13
ST_102,IT_146,2023.12.25,13
ST_102,IT_146,2023.12.26,13
ST_102,IT_146,2023.12.27,13
ST_102,IT_146,2023.12.28,13
ST_102,IT_146,2023.12.29,13
ST_102,IT_146,2023.12.30,13
ST_102,IT_146,2023.12.31,13
ST_102,IT_152,2023.12.01,5
ST_102,IT_152,2023.12.02,5
ST_102,IT_152,2023.12.03,5
ST_102,IT_152,2023.12.04,5
ST_102,IT_152,2023.12.05,5
ST_102,IT_152,2023.12.06,5
ST_102,IT_152,2023.12.07,5
ST_102,IT_152,2023.12.08,5
ST_102,IT_152,2023.12.09,5
ST_102,IT_152,2023.12.10,5
ST_102,IT_152,2023.12.11,5
ST_102,IT_152,2023.12.12,5
ST_102,IT_152,2023.12.13,5
ST_102,IT_152,2023.12.14,5
ST_102,IT_152,2023.12.15,5
ST_102,IT_152,2023.12.16,5
ST_102,IT_152,2023.12.17,5
ST_102,IT_152,2023.12.18,5
ST_102,IT_152,2023.12.19,5
ST_102,IT_152,2023.12.20,5
ST_102,IT_152,2023.12.21,5
ST_102,IT_152,2023.12.22,5
ST_102,IT_152,2023.12.23,5
ST_102,IT_152,2023.12.24,5
ST_102,IT_152,2023.12.25,5
ST_102,IT_152,2023.12.26,5
ST_102,IT_152,2023.12.27,5
ST_102,IT_152,2023.12.28,5
ST_102,IT_152,2023.12.29,5
ST_102,IT_152,2023.12.30,5
ST_102,IT_152,2023.12.31,5
ST_102,IT_153,2023.12.01,12
ST_102,IT_153,2023.12.02,12
ST_102,IT_153,2023.12.03,12
ST_102,IT_153,2023.12.04,12
ST_102,IT_153,2023.12.05,12
ST_102,IT_153,2023.12.06,12
ST_102,IT_153,2023.12.07,12
ST_102,IT_153,2023.12.08,12
ST_102,IT_153,2023.12.09,12
ST_102,IT_153,2023.12.10,12
ST_102,IT_153,2023.12.11,12
ST_102,IT_153,2023.12.12,12
ST_102,IT_153,2023.12.13,12
ST_102,IT_153,2023.12.14,12
ST_102,IT_153,2023.12.15,12
ST_102,IT_153,2023.12.16,12
ST_102,IT_153,2023.12.17,12
ST_102,IT_153,2023.12.18,12
ST_102,IT_153,2023.12.19,12
ST_102,IT_153,2023.12.20,12
ST_102,IT_153,2023.12.21,12
ST_102,IT_153,2023.12.22,12
ST_102,IT_153,2023.12.23,12
ST_102,IT_153,2023.12.24,12
ST_102,IT_153,2023.12.25,12
ST_102,IT_153,2023.12.26,12
ST_102,IT_153,2023.12.27,12
ST_102,IT_153,2023.12.28,12
ST_102,IT_153,2023.12.29,12
ST_102,IT_153,2023.12.30,12
ST_102,IT_153,2023.12.31,12
ST_102,IT_154,2023.12.01,14
ST_102,IT_154,2023.12.02,14
ST_102,IT_154,2023.12.03,14
ST_102,IT_154,2023.12.04,14
ST_102,IT_154,2023.12.05,14
ST_102,IT_154,2023.12.06,14
ST_102,IT_154,2023.12.07,14
ST_102,IT_154,2023.12.08,14
ST_102,IT_154,2023.12.09,14
ST_102,IT_154,2023.12.10,14
ST_102,IT_154,2023.12.11,14
ST_102,IT_154,2023.12.12,14
ST_102,IT_154,2023.12.13,14
ST_102,IT_154,2023.12.14,14
ST_102,IT_154,2023.12.15,14
ST_102,IT_154,2023.12.16,14
ST_102,IT_154,2023.12.17,14
ST_102,IT_154,2023.12.18,14
ST_102,IT_154,2023.12.19,14
ST_102,IT_154,2023.12.20,14
ST_102,IT_154,2023.12.21,14
ST_102,IT_154,2023.12.22,14
ST_102,IT_154,2023.12.23,14
ST_102,IT_154,2023.12.24,14
ST_102,IT_154,2023.12.25,14
ST_102,IT_154,2023.12.26,14
ST_102,IT_154,2023.12.27,14
ST_102,IT_154,2023.12.28,14
ST_102,IT_154,2023.12.29,14
ST_102,IT_154,2023.12.30,14
ST_102,IT_154,2023.12.31,14
ST_102,IT_155,2023.12.01,21
ST_102,IT_155,2023.12.02,21
ST_102,IT_155,2023.12.03,21
ST_102,IT_155,2023.12.04,21
ST_102,IT_155,2023.12.05,21
ST_102,IT_155,2023.12.06,21
ST_102,IT_155,2023.12.07,21
ST_102,IT_155,2023.12.08,21
ST_102,IT_155,2023.12.09,21
ST_102,IT_155,2023.12.10,21
ST_102,IT_155,2023.12.11,21
ST_102,IT_155,2023.12.12,21
ST_102,IT_155,2023.12.13,21
ST_102,IT_155,2023.12.14,21
ST_102,IT_155,2023.12.15,21
ST_102,IT_155,2023.12.16,21
ST_102,IT_155,2023.12.17,21
ST_102,IT_155,2023.12.18,21
ST_102,IT_155,2023.12.19,21
ST_102,IT_155,2023.12.20,21
ST_102,IT_155,2023.12.21,21
ST_102,IT_155,2023.12.22,21
ST_102,IT_155,2023.12.23,21
ST_102,IT_155,2023.12.24,21
ST_102,IT_155,2023.12.25,21
ST_102,IT_155,2023.12.26,21
ST_102,IT_155,2023.12.27,21
ST_102,IT_155,2023.12.28,21
ST_102,IT_155,2023.12.29,21
ST_102,IT_155,2023.12.30,21
ST_102,IT_155,2023.12.31,21
ST_102,IT_156,2023.12.01,21
ST_102,IT_156,2023.12.02,21
ST_102,IT_156,2023.12.03,21
ST_102,IT_156,2023.12.04,21
ST_102,IT_156,2023.12.05,21
ST_102,IT_156,2023.12.06,21
ST_102,IT_156,2023.12.07,21
ST_102,IT_156,2023.12.08,21
ST_102,IT_156,2023.12.09,21
ST_102,IT_156,2023.12.10,21
ST_102,IT_156,2023.12.11,21
ST_102,IT_156,2023.12.12,21
ST_102,IT_156,2023.12.13,21
ST_102,IT_156,2023.12.14,21
ST_102,IT_156,2023.12.15,21
ST_102,IT_156,2023.12.16,21
ST_102,IT_156,2023.12.17,21
ST_102,IT_156,2023.12.18,21
ST_102,IT_156,2023.12.19,21
ST_102,IT_156,2023.12.20,21
ST_102,IT_156,2023.12.21,21
ST_102,IT_156,2023.12.22,21
ST_102,IT_156,2023.12.23,21
ST_102,IT_156,2023.12.24,21
ST_102,IT_156,2023.12.25,21
ST_102,IT_156,2023.12.26,21
ST_102,IT_156,2023.12.27,21
ST_102,IT_156,2023.12.28,21
ST_102,IT_156,2023.12.29,21
ST_102,IT_156,2023.12.30,21
ST_102,IT_156,2023.12.31,21
ST_102,IT_157,2023.12.01,20
ST_102,IT_157,2023.12.02,20
ST_102,IT_157,2023.12.03,20
ST_102,IT_157,2023.12.04,20
ST_102,IT_157,2023.12.05,20
ST_102,IT_157,2023.12.06,20
ST_102,IT_157,2023.12.07,20
ST_102,IT_157,2023.12.08,20
ST_102,IT_157,2023.12.09,20
ST_102,IT_157,2023.12.10,20
ST_102,IT_157,2023.12.11,20
ST_102,IT_157,2023.12.12,20
ST_102,IT_157,2023.12.13,20
ST_102,IT_157,2023.12.14,20
ST_102,IT_157,2023.12.15,20
ST_102,IT_157,2023.12.16,20
ST_102,IT_157,2023.12.17,20
ST_102,IT_157,2023.12.18,20
ST_102,IT_157,2023.12.19,20
ST_102,IT_157,2023.12.20,20
ST_102,IT_157,2023.12.21,20
ST_102,IT_157,2023.12.22,20
ST_102,IT_157,2023.12.23,20
ST_102,IT_157,2023.12.24,20
ST_102,IT_157,2023.12.25,20
ST_102,IT_157,2023.12.26,20
ST_102,IT_157,2023.12.27,20
ST_102,IT_157,2023.12.28,20
ST_102,IT_157,2023.12.29,20
ST_102,IT_157,2023.12.30,20
ST_102,IT_157,2023.12.31,20
ST_102,IT_158,2023.12.01,4
ST_102,IT_158,2023.12.02,4
ST_102,IT_158,2023.12.03,4
ST_102,IT_158,2023.12.04,4
ST_102,IT_158,2023.12.05,4
ST_102,IT_158,2023.12.06,4
ST_102,IT_158,2023.12.07,4
ST_102,IT_158,2023.12.08,4
ST_102,IT_158,2023.12.09,4
ST_102,IT_158,2023.12.10,4
ST_102,IT_158,2023.12.11,4
ST_102,IT_158,2023.12.12,4
ST_102,IT_158,2023.12.13,4
ST_102,IT_158,2023.12.14,4
ST_102,IT_158,2023.12.15,4
ST_102,IT_158,2023.12.16,4
ST_102,IT_158,2023.12.17,4
ST_102,IT_158,2023.12.18,4
ST_102,IT_158,2023.12.19,4
ST_102,IT_158,2023.12.20,4
ST_102,IT_158,2023.12.21,4
ST_102,IT_158,2023.12.22,4
ST_102,IT_158,2023.12.23,4
ST_102,IT_158,2023.12.24,4
ST_102,IT_158,2023.12.25,4
ST_102,IT_158,2023.12.26,4
ST_102,IT_158,2023.12.27,4
ST_102,IT_158,2023.12.28,4
ST_102,IT_158,2023.12.29,4
ST_102,IT_158,2023.12.30,4
ST_102,IT_158,2023.12.31,4
ST_102,IT_159,2023.12.01,11
ST_102,IT_159,2023.12.02,11
ST_102,IT_159,2023.12.03,11
ST_102,IT_159,2023.12.04,11
ST_102,IT_159,2023.12.05,11
ST_102,IT_159,2023.12.06,11
ST_102,IT_159,2023.12.07,11
ST_102,IT_159,2023.12.08,11
ST_102,IT_159,2023.12.09,11
ST_102,IT_159,2023.12.10,11
ST_102,IT_159,2023.12.11,11
ST_102,IT_159,2023.12.12,11
ST_102,IT_159,2023.12.13,11
ST_102,IT_159,2023.12.14,11
ST_102,IT_159,2023.12.15,11
ST_102,IT_159,2023.12.16,11
ST_102,IT_159,2023.12.17,11
ST_102,IT_159,2023.12.18,11
ST_102,IT_159,2023.12.19,11
ST_102,IT_159,2023.12.20,11
ST_102,IT_159,2023.12.21,11
ST_102,IT_159,2023.12.22,11
ST_102,IT_159,2023.12.23,11
ST_102,IT_159,2023.12.24,11
ST_102,IT_159,2023.12.25,11
ST_102,IT_159,2023.12.26,11
ST_102,IT_159,2023.12.27,11
ST_102,IT_159,2023.12.28,11
ST_102,IT_159,2023.12.29,11
ST_102,IT_159,2023.12.30,11
ST_102,IT_159,2023.12.31,11
ST_102,IT_160,2023.12.01,8
ST_102,IT_160,2023.12.02,8
ST_102,IT_160,2023.12.03,8
ST_102,IT_160,2023.12.04,8
ST_102,IT_160,2023.12.05,8
ST_102,IT_160,2023.12.06,8
ST_102,IT_160,2023.12.07,8
ST_102,IT_160,2023.12.08,8
ST_102,IT_160,2023.12.09,8
ST_102,IT_160,2023.12.10,8
ST_102,IT_160,2023.12.11,8
ST_102,IT_160,2023.12.12,8
ST_102,IT_160,2023.12.13,8
ST_102,IT_160,2023.12.14,8
ST_102,IT_160,2023.12.15,8
ST_102,IT_160,2023.12.16,8
ST_102,IT_160,2023.12.17,8
ST_102,IT_160,2023.12.18,8
ST_102,IT_160,2023.12.19,8
ST_102,IT_160,2023.12.20,8
ST_102,IT_160,2023.12.21,8
ST_102,IT_160,2023.12.22,8
ST_102,IT_160,2023.12.23,8
ST_102,IT_160,2023.12.24,8
ST_102,IT_160,2023.12.25,8
ST_102,IT_160,2023.12.26,8
ST_102,IT_160,2023.12.27,8
ST_102,IT_160,2023.12.28,8
ST_102,IT_160,2023.12.29,8
ST_102,IT_160,2023.12.30,8
ST_102,IT_160,2023.12.31,8
ST_102,IT_162,2023.12.01,17
ST_102,IT_162,2023.12.02,17
ST_102,IT_162,2023.12.03,17
ST_102,IT_162,2023.12.04,17
ST_102,IT_162,2023.12.05,17
ST_102,IT_162,2023.12.06,17
ST_102,IT_162,2023.12.07,17
ST_102,IT_162,2023.12.08,17
ST_102,IT_162,2023.12.09,17
ST_102,IT_162,2023.12.10,17
ST_102,IT_162,2023.12.11,17
ST_102,IT_162,2023.12.12,17
ST_102,IT_162,2023.12.13,17
ST_102,IT_162,2023.12.14,17
ST_102,IT_162,2023.12.15,17
ST_102,IT_162,2023.12.16,17
ST_102,IT_162,2023.12.17,17
ST_102,IT_162,2023.12.18,17
ST_102,IT_162,2023.12.19,17
ST_102,IT_162,2023.12.20,17
ST_102,IT_162,2023.12.21,17
ST_102,IT_162,2023.12.22,17
ST_102,IT_162,2023.12.23,17
ST_102,IT_162,2023.12.24,17
ST_102,IT_162,2023.12.25,17
ST_102,IT_162,2023.12.26,17
ST_102,IT_162,2023.12.27,17
ST_102,IT_162,2023.12.28,17
ST_102,IT_162,2023.12.29,17
ST_102,IT_162,2023.12.30,17
ST_102,IT_162,2023.12.31,17
ST_102,IT_163,2023.12.01,5
ST_102,IT_163,2023.12.02,5
ST_102,IT_163,2023.12.03,5
ST_102,IT_163,2023.12.04,5
ST_102,IT_163,2023.12.05,5
ST_102,IT_163,2023.12.06,5
ST_102,IT_163,2023.12.07,5
ST_102,IT_163,2023.12.08,5
ST_102,IT_163,2023.12.09,5
ST_102,IT_163,2023.12.10,5
ST_102,IT_163,2023.12.11,5
ST_102,IT_163,2023.12.12,5
ST_102,IT_163,2023.12.13,5
ST_102,IT_163,2023.12.14,5
ST_102,IT_163,2023.12.15,5
ST_102,IT_163,2023.12.16,5
ST_102,IT_163,2023.12.17,5
ST_102,IT_163,2023.12.18,5
ST_102,IT_163,2023.12.19,5
ST_102,IT_163,2023.12.20,5
ST_102,IT_163,2023.12.21,5
ST_102,IT_163,2023.12.22,5
ST_102,IT_163,2023.12.23,5
ST_102,IT_163,2023.12.24,5
ST_102,IT_163,2023.12.25,5
ST_102,IT_163,2023.12.26,5
ST_102,IT_163,2023.12.27,5
ST_102,IT_163,2023.12.28,5
ST_102,IT_163,2023.12.29,5
ST_102,IT_163,2023.12.30,5
ST_102,IT_163,2023.12.31,5
ST_102,IT_164,2023.12.01,13
ST_102,IT_164,2023.12.02,13
ST_102,IT_164,2023.12.03,13
ST_102,IT_164,2023.12.04,13
ST_102,IT_164,2023.12.05,13
ST_102,IT_164,2023.12.06,13
ST_102,IT_164,2023.12.07,13
ST_102,IT_164,2023.12.08,13
ST_102,IT_164,2023.12.09,13
ST_102,IT_164,2023.12.10,13
ST_102,IT_164,2023.12.11,13
ST_102,IT_164,2023.12.12,13
ST_102,IT_164,2023.12.13,13
ST_102,IT_164,2023.12.14,13
ST_102,IT_164,2023.12.15,13
ST_102,IT_164,2023.12.16,13
ST_102,IT_164,2023.12.17,13
ST_102,IT_164,2023.12.18,13
ST_102,IT_164,2023.12.19,13
ST_102,IT_164,2023.12.20,13
ST_102,IT_164,2023.12.21,13
ST_102,IT_164,2023.12.22,13
ST_102,IT_164,2023.12.23,13
ST_102,IT_164,2023.12.24,13
ST_102,IT_164,2023.12.25,13
ST_102,IT_164,2023.12.26,13
ST_102,IT_164,2023.12.27,13
ST_102,IT_164,2023.12.28,13
ST_102,IT_164,2023.12.29,13
ST_102,IT_164,2023.12.30,13
ST_102,IT_164,2023.12.31,13
ST_102,IT_165,2023.12.01,175
ST_102,IT_165,2023.12.02,175
ST_102,IT_165,2023.12.03,175
ST_102,IT_165,2023.12.04,175
ST_102,IT_165,2023.12.05,175
ST_102,IT_165,2023.12.06,175
ST_102,IT_165,2023.12.07,175
ST_102,IT_165,2023.12.08,175
ST_102,IT_165,2023.12.09,175
ST_102,IT_165,2023.12.10,175
ST_102,IT_165,2023.12.11,175
ST_102,IT_165,2023.12.12,175
ST_102,IT_165,2023.12.13,175
ST_102,IT_165,2023.12.14,175
ST_102,IT_165,2023.12.15,175
ST_102,IT_165,2023.12.16,175
ST_102,IT_165,2023.12.17,175
ST_102,IT_165,2023.12.18,175
ST_102,IT_165,2023.12.19,175
ST_102,IT_165,2023.12.20,175
ST_102,IT_165,2023.12.21,175
ST_102,IT_165,2023.12.22,175
ST_102,IT_165,2023.12.23,175
ST_102,IT_165,2023.12.24,175
ST_102,IT_165,2023.12.25,175
ST_102,IT_165,2023.12.26,175
ST_102,IT_165,2023.12.27,175
ST_102,IT_165,2023.12.28,175
ST_102,IT_165,2023.12.29,175
ST_102,IT_165,2023.12.30,175
ST_102,IT_165,2023.12.31,175
ST_102,IT_167,2023.12.01,11
ST_102,IT_167,2023.12.02,11
ST_102,IT_167,2023.12.03,11
ST_102,IT_167,2023.12.04,11
ST_102,IT_167,2023.12.05,11
ST_102,IT_167,2023.12.06,11
ST_102,IT_167,2023.12.07,11
ST_102,IT_167,2023.12.08,11
ST_102,IT_167,2023.12.09,11
ST_102,IT_167,2023.12.10,11
ST_102,IT_167,2023.12.11,11
ST_102,IT_167,2023.12.12,11
ST_102,IT_167,2023.12.13,11
ST_102,IT_167,2023.12.14,11
ST_102,IT_167,2023.12.15,11
ST_102,IT_167,2023.12.16,11
ST_102,IT_167,2023.12.17,11
ST_102,IT_167,2023.12.18,11
ST_102,IT_167,2023.12.19,11
ST_102,IT_167,2023.12.20,11
ST_102,IT_167,2023.12.21,11
ST_102,IT_167,2023.12.22,11
ST_102,IT_167,2023.12.23,11
ST_102,IT_167,2023.12.24,11
ST_102,IT_167,2023.12.25,11
ST_102,IT_167,2023.12.26,11
ST_102,IT_167,2023.12.27,11
ST_102,IT_167,2023.12.28,11
ST_102,IT_167,2023.12.29,11
ST_102,IT_167,2023.12.30,11
ST_102,IT_167,2023.12.31,11
ST_102,IT_168,2023.12.01,0
ST_102,IT_168,2023.12.02,0
ST_102,IT_168,2023.12.03,0
ST_102,IT_168,2023.12.04,0
ST_102,IT_168,2023.12.05,0
ST_102,IT_168,2023.12.06,0
ST_102,IT_168,2023.12.07,0
ST_102,IT_168,2023.12.08,0
ST_102,IT_168,2023.12.09,0
ST_102,IT_168,2023.12.10,0
ST_102,IT_168,2023.12.11,0
ST_102,IT_168,2023.12.12,0
ST_102,IT_168,2023.12.13,0
ST_102,IT_168,2023.12.14,0
ST_102,IT_168,2023.12.15,0
ST_102,IT_168,2023.12.16,0
ST_102,IT_168,2023.12.17,0
ST_102,IT_168,2023.12.18,0
ST_102,IT_168,2023.12.19,0
ST_102,IT_168,2023.12.20,0
ST_102,IT_168,2023.12.21,0
ST_102,IT_168,2023.12.22,0
ST_102,IT_168,2023.12.23,0
ST_102,IT_168,2023.12.24,0
ST_102,IT_168,2023.12.25,0
ST_102,IT_168,2023.12.26,0
ST_102,IT_168,2023.12.27,0
ST_102,IT_168,2023.12.28,0
ST_102,IT_168,2023.12.29,0
ST_102,IT_168,2023.12.30,0
ST_102,IT_168,2023.12.31,0
ST_102,IT_169,2023.12.01,34
ST_102,IT_169,2023.12.02,34
ST_102,IT_169,2023.12.03,34
ST_102,IT_169,2023.12.04,34
ST_102,IT_169,2023.12.05,34
ST_102,IT_169,2023.12.06,34
ST_102,IT_169,2023.12.07,34
ST_102,IT_169,2023.12.08,34
ST_102,IT_169,2023.12.09,34
ST_102,IT_169,2023.12.10,34
ST_102,IT_169,2023.12.11,34
ST_102,IT_169,2023.12.12,34
ST_102,IT_169,2023.12.13,34
ST_102,IT_169,2023.12.14,34
ST_102,IT_169,2023.12.15,34
ST_102,IT_169,2023.12.16,34
ST_102,IT_169,2023.12.17,34
ST_102,IT_169,2023.12.18,34
ST_102,IT_169,2023.12.19,34
ST_102,IT_169,2023.12.20,34
ST_102,IT_169,2023.12.21,34
ST_102,IT_169,2023.12.22,34
ST_102,IT_169,2023.12.23,34
ST_102,IT_169,2023.12.24,34
ST_102,IT_169,2023.12.25,34
ST_102,IT_169,2023.12.26,34
ST_102,IT_169,2023.12.27,34
ST_102,IT_169,2023.12.28,34
ST_102,IT_169,2023.12.29,34
ST_102,IT_169,2023.12.30,34
ST_102,IT_169,2023.12.31,34
ST_102,IT_170,2023.12.01,16
ST_102,IT_170,2023.12.02,16
ST_102,IT_170,2023.12.03,16
ST_102,IT_170,2023.12.04,16
ST_102,IT_170,2023.12.05,16
ST_102,IT_170,2023.12.06,16
ST_102,IT_170,2023.12.07,16
ST_102,IT_170,2023.12.08,16
ST_102,IT_170,2023.12.09,16
ST_102,IT_170,2023.12.10,16
ST_102,IT_170,2023.12.11,16
ST_102,IT_170,2023.12.12,16
ST_102,IT_170,2023.12.13,16
ST_102,IT_170,2023.12.14,16
ST_102,IT_170,2023.12.15,16
ST_102,IT_170,2023.12.16,16
ST_102,IT_170,2023.12.17,16
ST_102,IT_170,2023.12.18,16
ST_102,IT_170,2023.12.19,16
ST_102,IT_170,2023.12.20,16
ST_102,IT_170,2023.12.21,16
ST_102,IT_170,2023.12.22,16
ST_102,IT_170,2023.12.23,16
ST_102,IT_170,2023.12.24,16
ST_102,IT_170,2023.12.25,16
ST_102,IT_170,2023.12.26,16
ST_102,IT_170,2023.12.27,16
ST_102,IT_170,2023.12.28,16
ST_102,IT_170,2023.12.29,16
ST_102,IT_170,2023.12.30,16
ST_102,IT_170,2023.12.31,16
ST_102,IT_171,2023.12.01,9
ST_102,IT_171,2023.12.02,9
ST_102,IT_171,2023.12.03,9
ST_102,IT_171,2023.12.04,9
ST_102,IT_171,2023.12.05,9
ST_102,IT_171,2023.12.06,9
ST_102,IT_171,2023.12.07,9
ST_102,IT_171,2023.12.08,9
ST_102,IT_171,2023.12.09,9
ST_102,IT_171,2023.12.10,9
ST_102,IT_171,2023.12.11,9
ST_102,IT_171,2023.12.12,9
ST_102,IT_171,2023.12.13,9
ST_102,IT_171,2023.12.14,9
ST_102,IT_171,2023.12.15,9
ST_102,IT_171,2023.12.16,9
ST_102,IT_171,2023.12.17,9
ST_102,IT_171,2023.12.18,9
ST_102,IT_171,2023.12.19,9
ST_102,IT_171,2023.12.20,9
ST_102,IT_171,2023.12.21,9
ST_102,IT_171,2023.12.22,9
ST_102,IT_171,2023.12.23,9
ST_102,IT_171,2023.12.24,9
ST_102,IT_171,2023.12.25,9
ST_102,IT_171,2023.12.26,9
ST_102,IT_171,2023.12.27,9
ST_102,IT_171,2023.12.28,9
ST_102,IT_171,2023.12.29,9
ST_102,IT_171,2023.12.30,9
ST_102,IT_171,2023.12.31,9
ST_102,IT_101,2024.01.01,4000
ST_102,IT_101,2024.01.02,4000
ST_102,IT_101,2024.01.03,4000
ST_102,IT_101,2024.01.04,4000
ST_102,IT_101,2024.01.05,4000
ST_102,IT_101,2024.01.06,4000
ST_102,IT_101,2024.01.07,4000
ST_102,IT_101,2024.01.08,4000
ST_102,IT_101,2024.01.09,4000
ST_102,IT_101,2024.01.10,4000
ST_102,IT_101,2024.01.11,4000
ST_102,IT_101,2024.01.12,4000
ST_102,IT_101,2024.01.13,4000
ST_102,IT_101,2024.01.14,4000
ST_102,IT_101,2024.01.15,4000
ST_102,IT_101,2024.01.16,4000
ST_102,IT_101,2024.01.17,4000
ST_102,IT_101,2024.01.18,4000
ST_102,IT_101,2024.01.19,4000
ST_102,IT_101,2024.01.20,4000
ST_102,IT_101,2024.01.21,4000
ST_102,IT_101,2024.01.22,4000
ST_102,IT_101,2024.01.23,4000
ST_102,IT_101,2024.01.24,4000
ST_102,IT_101,2024.01.25,4000
ST_102,IT_101,2024.01.26,4000
ST_102,IT_101,2024.01.27,4000
ST_102,IT_101,2024.01.28,4000
ST_102,IT_101,2024.01.29,4000
ST_102,IT_101,2024.01.30,4000
ST_102,IT_101,2024.01.31,4000
ST_102,IT_102,2024.01.01,8000
ST_102,IT_102,2024.01.02,8000
ST_102,IT_102,2024.01.03,8000
ST_102,IT_102,2024.01.04,8000
ST_102,IT_102,2024.01.05,8000
ST_102,IT_102,2024.01.06,8000
ST_102,IT_102,2024.01.07,8000
ST_102,IT_102,2024.01.08,8000
ST_102,IT_102,2024.01.09,8000
ST_102,IT_102,2024.01.10,8000
ST_102,IT_102,2024.01.11,8000
ST_102,IT_102,2024.01.12,8000
ST_102,IT_102,2024.01.13,8000
ST_102,IT_102,2024.01.14,8000
ST_102,IT_102,2024.01.15,8000
ST_102,IT_102,2024.01.16,8000
ST_102,IT_102,2024.01.17,8000
ST_102,IT_102,2024.01.18,8000
ST_102,IT_102,2024.01.19,8000
ST_102,IT_102,2024.01.20,8000
ST_102,IT_102,2024.01.21,8000
ST_102,IT_102,2024.01.22,8000
ST_102,IT_102,2024.01.23,8000
ST_102,IT_102,2024.01.24,8000
ST_102,IT_102,2024.01.25,8000
ST_102,IT_102,2024.01.26,8000
ST_102,IT_102,2024.01.27,8000
ST_102,IT_102,2024.01.28,8000
ST_102,IT_102,2024.01.29,8000
ST_102,IT_102,2024.01.30,8000
ST_102,IT_102,2024.01.31,8000
ST_102,IT_103,2024.01.01,8000
ST_102,IT_103,2024.01.02,8000
ST_102,IT_103,2024.01.03,8000
ST_102,IT_103,2024.01.04,8000
ST_102,IT_103,2024.01.05,8000
ST_102,IT_103,2024.01.06,8000
ST_102,IT_103,2024.01.07,8000
ST_102,IT_103,2024.01.08,8000
ST_102,IT_103,2024.01.09,8000
ST_102,IT_103,2024.01.10,8000
ST_102,IT_103,2024.01.11,8000
ST_102,IT_103,2024.01.12,8000
ST_102,IT_103,2024.01.13,8000
ST_102,IT_103,2024.01.14,8000
ST_102,IT_103,2024.01.15,8000
ST_102,IT_103,2024.01.16,8000
ST_102,IT_103,2024.01.17,8000
ST_102,IT_103,2024.01.18,8000
ST_102,IT_103,2024.01.19,8000
ST_102,IT_103,2024.01.20,8000
ST_102,IT_103,2024.01.21,8000
ST_102,IT_103,2024.01.22,8000
ST_102,IT_103,2024.01.23,8000
ST_102,IT_103,2024.01.24,8000
ST_102,IT_103,2024.01.25,8000
ST_102,IT_103,2024.01.26,8000
ST_102,IT_103,2024.01.27,8000
ST_102,IT_103,2024.01.28,8000
ST_102,IT_103,2024.01.29,8000
ST_102,IT_103,2024.01.30,8000
ST_102,IT_103,2024.01.31,8000
ST_102,IT_104,2024.01.01,0
ST_102,IT_104,2024.01.02,0
ST_102,IT_104,2024.01.03,0
ST_102,IT_104,2024.01.04,0
ST_102,IT_104,2024.01.05,0
ST_102,IT_104,2024.01.06,0
ST_102,IT_104,2024.01.07,0
ST_102,IT_104,2024.01.08,0
ST_102,IT_104,2024.01.09,0
ST_102,IT_104,2024.01.10,0
ST_102,IT_104,2024.01.11,0
ST_102,IT_104,2024.01.12,0
ST_102,IT_104,2024.01.13,0
ST_102,IT_104,2024.01.14,0
ST_102,IT_104,2024.01.15,0
ST_102,IT_104,2024.01.16,0
ST_102,IT_104,2024.01.17,0
ST_102,IT_104,2024.01.18,0
ST_102,IT_104,2024.01.19,0
ST_102,IT_104,2024.01.20,0
ST_102,IT_104,2024.01.21,0
ST_102,IT_104,2024.01.22,0
ST_102,IT_104,2024.01.23,0
ST_102,IT_104,2024.01.24,0
ST_102,IT_104,2024.01.25,0
ST_102,IT_104,2024.01.26,0
ST_102,IT_104,2024.01.27,0
ST_102,IT_104,2024.01.28,0
ST_102,IT_104,2024.01.29,0
ST_102,IT_104,2024.01.30,0
ST_102,IT_104,2024.01.31,0
ST_102,IT_105,2024.01.01,10000
ST_102,IT_105,2024.01.02,10000
ST_102,IT_105,2024.01.03,10000
ST_102,IT_105,2024.01.04,10000
ST_102,IT_105,2024.01.05,10000
ST_102,IT_105,2024.01.06,10000
ST_102,IT_105,2024.01.07,10000
ST_102,IT_105,2024.01.08,10000
ST_102,IT_105,2024.01.09,10000
ST_102,IT_105,2024.01.10,10000
ST_102,IT_105,2024.01.11,10000
ST_102,IT_105,2024.01.12,10000
ST_102,IT_105,2024.01.13,10000
ST_102,IT_105,2024.01.14,10000
ST_102,IT_105,2024.01.15,10000
ST_102,IT_105,2024.01.16,10000
ST_102,IT_105,2024.01.17,10000
ST_102,IT_105,2024.01.18,10000
ST_102,IT_105,2024.01.19,10000
ST_102,IT_105,2024.01.20,10000
ST_102,IT_105,2024.01.21,10000
ST_102,IT_105,2024.01.22,10000
ST_102,IT_105,2024.01.23,10000
ST_102,IT_105,2024.01.24,10000
ST_102,IT_105,2024.01.25,10000
ST_102,IT_105,2024.01.26,10000
ST_102,IT_105,2024.01.27,10000
ST_102,IT_105,2024.01.28,10000
ST_102,IT_105,2024.01.29,10000
ST_102,IT_105,2024.01.30,10000
ST_102,IT_105,2024.01.31,10000
ST_102,IT_106,2024.01.01,7000
ST_102,IT_106,2024.01.02,7000
ST_102,IT_106,2024.01.03,7000
ST_102,IT_106,2024.01.04,7000
ST_102,IT_106,2024.01.05,7000
ST_102,IT_106,2024.01.06,7000
ST_102,IT_106,2024.01.07,7000
ST_102,IT_106,2024.01.08,7000
ST_102,IT_106,2024.01.09,7000
ST_102,IT_106,2024.01.10,7000
ST_102,IT_106,2024.01.11,7000
ST_102,IT_106,2024.01.12,7000
ST_102,IT_106,2024.01.13,7000
ST_102,IT_106,2024.01.14,7000
ST_102,IT_106,2024.01.15,7000
ST_102,IT_106,2024.01.16,7000
ST_102,IT_106,2024.01.17,7000
ST_102,IT_106,2024.01.18,7000
ST_102,IT_106,2024.01.19,7000
ST_102,IT_106,2024.01.20,7000
ST_102,IT_106,2024.01.21,7000
ST_102,IT_106,2024.01.22,7000
ST_102,IT_106,2024.01.23,7000
ST_102,IT_106,2024.01.24,7000
ST_102,IT_106,2024.01.25,7000
ST_102,IT_106,2024.01.26,7000
ST_102,IT_106,2024.01.27,7000
ST_102,IT_106,2024.01.28,7000
ST_102,IT_106,2024.01.29,7000
ST_102,IT_106,2024.01.30,7000
ST_102,IT_106,2024.01.31,7000
ST_102,IT_107,2024.01.01,9000
ST_102,IT_107,2024.01.02,9000
ST_102,IT_107,2024.01.03,9000
ST_102,IT_107,2024.01.04,9000
ST_102,IT_107,2024.01.05,9000
ST_102,IT_107,2024.01.06,9000
ST_102,IT_107,2024.01.07,9000
ST_102,IT_107,2024.01.08,9000
ST_102,IT_107,2024.01.09,9000
ST_102,IT_107,2024.01.10,9000
ST_102,IT_107,2024.01.11,9000
ST_102,IT_107,2024.01.12,9000
ST_102,IT_107,2024.01.13,9000
ST_102,IT_107,2024.01.14,9000
ST_102,IT_107,2024.01.15,9000
ST_102,IT_107,2024.01.16,9000
ST_102,IT_107,2024.01.17,9000
ST_102,IT_107,2024.01.18,9000
ST_102,IT_107,2024.01.19,9000
ST_102,IT_107,2024.01.20,9000
ST_102,IT_107,2024.01.21,9000
ST_102,IT_107,2024.01.22,9000
ST_102,IT_107,2024.01.23,9000
ST_102,IT_107,2024.01.24,9000
ST_102,IT_107,2024.01.25,9000
ST_102,IT_107,2024.01.26,9000
ST_102,IT_107,2024.01.27,9000
ST_102,IT_107,2024.01.28,9000
ST_102,IT_107,2024.01.29,9000
ST_102,IT_107,2024.01.30,9000
ST_102,IT_107,2024.01.31,9000
ST_102,IT_108,2024.01.01,7000
ST_102,IT_108,2024.01.02,7000
ST_102,IT_108,2024.01.03,7000
ST_102,IT_108,2024.01.04,7000
ST_102,IT_108,2024.01.05,7000
ST_102,IT_108,2024.01.06,7000
ST_102,IT_108,2024.01.07,7000
ST_102,IT_108,2024.01.08,7000
ST_102,IT_108,2024.01.09,7000
ST_102,IT_108,2024.01.10,7000
ST_102,IT_108,2024.01.11,7000
ST_102,IT_108,2024.01.12,7000
ST_102,IT_108,2024.01.13,7000
ST_102,IT_108,2024.01.14,7000
ST_102,IT_108,2024.01.15,7000
ST_102,IT_108,2024.01.16,7000
ST_102,IT_108,2024.01.17,7000
ST_102,IT_108,2024.01.18,7000
ST_102,IT_108,2024.01.19,7000
ST_102,IT_108,2024.01.20,7000
ST_102,IT_108,2024.01.21,7000
ST_102,IT_108,2024.01.22,7000
ST_102,IT_108,2024.01.23,7000
ST_102,IT_108,2024.01.24,7000
ST_102,IT_108,2024.01.25,7000
ST_102,IT_108,2024.01.26,7000
ST_102,IT_108,2024.01.27,7000
ST_102,IT_108,2024.01.28,7000
ST_102,IT_108,2024.01.29,7000
ST_102,IT_108,2024.01.30,7000
ST_102,IT_108,2024.01.31,7000
ST_102,IT_109,2024.01.01,1000
ST_102,IT_109,2024.01.02,1000
ST_102,IT_109,2024.01.03,1000
ST_102,IT_109,2024.01.04,1000
ST_102,IT_109,2024.01.05,1000
ST_102,IT_109,2024.01.06,1000
ST_102,IT_109,2024.01.07,1000
ST_102,IT_109,2024.01.08,1000
ST_102,IT_109,2024.01.09,1000
ST_102,IT_109,2024.01.10,1000
ST_102,IT_109,2024.01.11,1000
ST_102,IT_109,2024.01.12,1000
ST_102,IT_109,2024.01.13,1000
ST_102,IT_109,2024.01.14,1000
ST_102,IT_109,2024.01.15,1000
ST_102,IT_109,2024.01.16,1000
ST_102,IT_109,2024.01.17,1000
ST_102,IT_109,2024.01.18,1000
ST_102,IT_109,2024.01.19,1000
ST_102,IT_109,2024.01.20,1000
ST_102,IT_109,2024.01.21,1000
ST_102,IT_109,2024.01.22,1000
ST_102,IT_109,2024.01.23,1000
ST_102,IT_109,2024.01.24,1000
ST_102,IT_109,2024.01.25,1000
ST_102,IT_109,2024.01.26,1000
ST_102,IT_109,2024.01.27,1000
ST_102,IT_109,2024.01.28,1000
ST_102,IT_109,2024.01.29,1000
ST_102,IT_109,2024.01.30,1000
ST_102,IT_109,2024.01.31,1000
ST_102,IT_110,2024.01.01,4000
ST_102,IT_110,2024.01.02,4000
ST_102,IT_110,2024.01.03,4000
ST_102,IT_110,2024.01.04,4000
ST_102,IT_110,2024.01.05,4000
ST_102,IT_110,2024.01.06,4000
ST_102,IT_110,2024.01.07,4000
ST_102,IT_110,2024.01.08,4000
ST_102,IT_110,2024.01.09,4000
ST_102,IT_110,2024.01.10,4000
ST_102,IT_110,2024.01.11,4000
ST_102,IT_110,2024.01.12,4000
ST_102,IT_110,2024.01.13,4000
ST_102,IT_110,2024.01.14,4000
ST_102,IT_110,2024.01.15,4000
ST_102,IT_110,2024.01.16,4000
ST_102,IT_110,2024.01.17,4000
ST_102,IT_110,2024.01.18,4000
ST_102,IT_110,2024.01.19,4000
ST_102,IT_110,2024.01.20,4000
ST_102,IT_110,2024.01.21,4000
ST_102,IT_110,2024.01.22,4000
ST_102,IT_110,2024.01.23,4000
ST_102,IT_110,2024.01.24,4000
ST_102,IT_110,2024.01.25,4000
ST_102,IT_110,2024.01.26,4000
ST_102,IT_110,2024.01.27,4000
ST_102,IT_110,2024.01.28,4000
ST_102,IT_110,2024.01.29,4000
ST_102,IT_110,2024.01.30,4000
ST_102,IT_110,2024.01.31,4000
ST_102,IT_111,2024.01.01,12000
ST_102,IT_111,2024.01.02,12000
ST_102,IT_111,2024.01.03,12000
ST_102,IT_111,2024.01.04,12000
ST_102,IT_111,2024.01.05,12000
ST_102,IT_111,2024.01.06,12000
ST_102,IT_111,2024.01.07,12000
ST_102,IT_111,2024.01.08,12000
ST_102,IT_111,2024.01.09,12000
ST_102,IT_111,2024.01.10,12000
ST_102,IT_111,2024.01.11,12000
ST_102,IT_111,2024.01.12,12000
ST_102,IT_111,2024.01.13,12000
ST_102,IT_111,2024.01.14,12000
ST_102,IT_111,2024.01.15,12000
ST_102,IT_111,2024.01.16,12000
ST_102,IT_111,2024.01.17,12000
ST_102,IT_111,2024.01.18,12000
ST_102,IT_111,2024.01.19,12000
ST_102,IT_111,2024.01.20,12000
ST_102,IT_111,2024.01.21,12000
ST_102,IT_111,2024.01.22,12000
ST_102,IT_111,2024.01.23,12000
ST_102,IT_111,2024.01.24,12000
ST_102,IT_111,2024.01.25,12000
ST_102,IT_111,2024.01.26,12000
ST_102,IT_111,2024.01.27,12000
ST_102,IT_111,2024.01.28,12000
ST_102,IT_111,2024.01.29,12000
ST_102,IT_111,2024.01.30,12000
ST_102,IT_111,2024.01.31,12000
ST_102,IT_112,2024.01.01,3000
ST_102,IT_112,2024.01.02,3000
ST_102,IT_112,2024.01.03,3000
ST_102,IT_112,2024.01.04,3000
ST_102,IT_112,2024.01.05,3000
ST_102,IT_112,2024.01.06,3000
ST_102,IT_112,2024.01.07,3000
ST_102,IT_112,2024.01.08,3000
ST_102,IT_112,2024.01.09,3000
ST_102,IT_112,2024.01.10,3000
ST_102,IT_112,2024.01.11,3000
ST_102,IT_112,2024.01.12,3000
ST_102,IT_112,2024.01.13,3000
ST_102,IT_112,2024.01.14,3000
ST_102,IT_112,2024.01.15,3000
ST_102,IT_112,2024.01.16,3000
ST_102,IT_112,2024.01.17,3000
ST_102,IT_112,2024.01.18,3000
ST_102,IT_112,2024.01.19,3000
ST_102,IT_112,2024.01.20,3000
ST_102,IT_112,2024.01.21,3000
ST_102,IT_112,2024.01.22,3000
ST_102,IT_112,2024.01.23,3000
ST_102,IT_112,2024.01.24,3000
ST_102,IT_112,2024.01.25,3000
ST_102,IT_112,2024.01.26,3000
ST_102,IT_112,2024.01.27,3000
ST_102,IT_112,2024.01.28,3000
ST_102,IT_112,2024.01.29,3000
ST_102,IT_112,2024.01.30,3000
ST_102,IT_112,2024.01.31,3000
ST_102,IT_113,2024.01.01,4200
ST_102,IT_113,2024.01.02,4200
ST_102,IT_113,2024.01.03,4200
ST_102,IT_113,2024.01.04,4200
ST_102,IT_113,2024.01.05,4200
ST_102,IT_113,2024.01.06,4200
ST_102,IT_113,2024.01.07,4200
ST_102,IT_113,2024.01.08,4200
ST_102,IT_113,2024.01.09,4200
ST_102,IT_113,2024.01.10,4200
ST_102,IT_113,2024.01.11,4200
ST_102,IT_113,2024.01.12,4200
ST_102,IT_113,2024.01.13,4200
ST_102,IT_113,2024.01.14,4200
ST_102,IT_113,2024.01.15,4200
ST_102,IT_113,2024.01.16,4200
ST_102,IT_113,2024.01.17,4200
ST_102,IT_113,2024.01.18,4200
ST_102,IT_113,2024.01.19,4200
ST_102,IT_113,2024.01.20,4200
ST_102,IT_113,2024.01.21,4200
ST_102,IT_113,2024.01.22,4200
ST_102,IT_113,2024.01.23,4200
ST_102,IT_113,2024.01.24,4200
ST_102,IT_113,2024.01.25,4200
ST_102,IT_113,2024.01.26,4200
ST_102,IT_113,2024.01.27,4200
ST_102,IT_113,2024.01.28,4200
ST_102,IT_113,2024.01.29,4200
ST_102,IT_113,2024.01.30,4200
ST_102,IT_113,2024.01.31,4200
ST_102,IT_114,2024.01.01,11000
ST_102,IT_114,2024.01.02,11000
ST_102,IT_114,2024.01.03,11000
ST_102,IT_114,2024.01.04,11000
ST_102,IT_114,2024.01.05,11000
ST_102,IT_114,2024.01.06,11000
ST_102,IT_114,2024.01.07,11000
ST_102,IT_114,2024.01.08,11000
ST_102,IT_114,2024.01.09,11000
ST_102,IT_114,2024.01.10,11000
ST_102,IT_114,2024.01.11,11000
ST_102,IT_114,2024.01.12,11000
ST_102,IT_114,2024.01.13,11000
ST_102,IT_114,2024.01.14,11000
ST_102,IT_114,2024.01.15,11000
ST_102,IT_114,2024.01.16,11000
ST_102,IT_114,2024.01.17,11000
ST_102,IT_114,2024.01.18,11000
ST_102,IT_114,2024.01.19,11000
ST_102,IT_114,2024.01.20,11000
ST_102,IT_114,2024.01.21,11000
ST_102,IT_114,2024.01.22,11000
ST_102,IT_114,2024.01.23,11000
ST_102,IT_114,2024.01.24,11000
ST_102,IT_114,2024.01.25,11000
ST_102,IT_114,2024.01.26,11000
ST_102,IT_114,2024.01.27,11000
ST_102,IT_114,2024.01.28,11000
ST_102,IT_114,2024.01.29,11000
ST_102,IT_114,2024.01.30,11000
ST_102,IT_114,2024.01.31,11000
ST_102,IT_115,2024.01.01,5500
ST_102,IT_115,2024.01.02,5500
ST_102,IT_115,2024.01.03,5500
ST_102,IT_115,2024.01.04,5500
ST_102,IT_115,2024.01.05,5500
ST_102,IT_115,2024.01.06,5500
ST_102,IT_115,2024.01.07,5500
ST_102,IT_115,2024.01.08,5500
ST_102,IT_115,2024.01.09,5500
ST_102,IT_115,2024.01.10,5500
ST_102,IT_115,2024.01.11,5500
ST_102,IT_115,2024.01.12,5500
ST_102,IT_115,2024.01.13,5500
ST_102,IT_115,2024.01.14,5500
ST_102,IT_115,2024.01.15,5500
ST_102,IT_115,2024.01.16,5500
ST_102,IT_115,2024.01.17,5500
ST_102,IT_115,2024.01.18,5500
ST_102,IT_115,2024.01.19,5500
ST_102,IT_115,2024.01.20,5500
ST_102,IT_115,2024.01.21,5500
ST_102,IT_115,2024.01.22,5500
ST_102,IT_115,2024.01.23,5500
ST_102,IT_115,2024.01.24,5500
ST_102,IT_115,2024.01.25,5500
ST_102,IT_115,2024.01.26,5500
ST_102,IT_115,2024.01.27,5500
ST_102,IT_115,2024.01.28,5500
ST_102,IT_115,2024.01.29,5500
ST_102,IT_115,2024.01.30,5500
ST_102,IT_115,2024.01.31,5500
ST_102,IT_116,2024.01.01,5000
ST_102,IT_116,2024.01.02,5000
ST_102,IT_116,2024.01.03,5000
ST_102,IT_116,2024.01.04,5000
ST_102,IT_116,2024.01.05,5000
ST_102,IT_116,2024.01.06,5000
ST_102,IT_116,2024.01.07,5000
ST_102,IT_116,2024.01.08,5000
ST_102,IT_116,2024.01.09,5000
ST_102,IT_116,2024.01.10,5000
ST_102,IT_116,2024.01.11,5000
ST_102,IT_116,2024.01.12,5000
ST_102,IT_116,2024.01.13,5000
ST_102,IT_116,2024.01.14,5000
ST_102,IT_116,2024.01.15,5000
ST_102,IT_116,2024.01.16,5000
ST_102,IT_116,2024.01.17,5000
ST_102,IT_116,2024.01.18,5000
ST_102,IT_116,2024.01.19,5000
ST_102,IT_116,2024.01.20,5000
ST_102,IT_116,2024.01.21,5000
ST_102,IT_116,2024.01.22,5000
ST_102,IT_116,2024.01.23,5000
ST_102,IT_116,2024.01.24,5000
ST_102,IT_116,2024.01.25,5000
ST_102,IT_116,2024.01.26,5000
ST_102,IT_116,2024.01.27,5000
ST_102,IT_116,2024.01.28,5000
ST_102,IT_116,2024.01.29,5000
ST_102,IT_116,2024.01.30,5000
ST_102,IT_116,2024.01.31,5000
ST_102,IT_117,2024.01.01,3200
ST_102,IT_117,2024.01.02,3200
ST_102,IT_117,2024.01.03,3200
ST_102,IT_117,2024.01.04,3200
ST_102,IT_117,2024.01.05,3200
ST_102,IT_117,2024.01.06,3200
ST_102,IT_117,2024.01.07,3200
ST_102,IT_117,2024.01.08,3200
ST_102,IT_117,2024.01.09,3200
ST_102,IT_117,2024.01.10,3200
ST_102,IT_117,2024.01.11,3200
ST_102,IT_117,2024.01.12,3200
ST_102,IT_117,2024.01.13,3200
ST_102,IT_117,2024.01.14,3200
ST_102,IT_117,2024.01.15,3200
ST_102,IT_117,2024.01.16,3200
ST_102,IT_117,2024.01.17,3200
ST_102,IT_117,2024.01.18,3200
ST_102,IT_117,2024.01.19,3200
ST_102,IT_117,2024.01.20,3200
ST_102,IT_117,2024.01.21,3200
ST_102,IT_117,2024.01.22,3200
ST_102,IT_117,2024.01.23,3200
ST_102,IT_117,2024.01.24,3200
ST_102,IT_117,2024.01.25,3200
ST_102,IT_117,2024.01.26,3200
ST_102,IT_117,2024.01.27,3200
ST_102,IT_117,2024.01.28,3200
ST_102,IT_117,2024.01.29,3200
ST_102,IT_117,2024.01.30,3200
ST_102,IT_117,2024.01.31,3200
ST_102,IT_118,2024.01.01,1200
ST_102,IT_118,2024.01.02,1200
ST_102,IT_118,2024.01.03,1200
ST_102,IT_118,2024.01.04,1200
ST_102,IT_118,2024.01.05,1200
ST_102,IT_118,2024.01.06,1200
ST_102,IT_118,2024.01.07,1200
ST_102,IT_118,2024.01.08,1200
ST_102,IT_118,2024.01.09,1200
ST_102,IT_118,2024.01.10,1200
ST_102,IT_118,2024.01.11,1200
ST_102,IT_118,2024.01.12,1200
ST_102,IT_118,2024.01.13,1200
ST_102,IT_118,2024.01.14,1200
ST_102,IT_118,2024.01.15,1200
ST_102,IT_118,2024.01.16,1200
ST_102,IT_118,2024.01.17,1200
ST_102,IT_118,2024.01.18,1200
ST_102,IT_118,2024.01.19,1200
ST_102,IT_118,2024.01.20,1200
ST_102,IT_118,2024.01.21,1200
ST_102,IT_118,2024.01.22,1200
ST_102,IT_118,2024.01.23,1200
ST_102,IT_118,2024.01.24,1200
ST_102,IT_118,2024.01.25,1200
ST_102,IT_118,2024.01.26,1200
ST_102,IT_118,2024.01.27,1200
ST_102,IT_118,2024.01.28,1200
ST_102,IT_118,2024.01.29,1200
ST_102,IT_118,2024.01.30,1200
ST_102,IT_118,2024.01.31,1200
ST_102,IT_119,2024.01.01,40000
ST_102,IT_119,2024.01.02,40000
ST_102,IT_119,2024.01.03,40000
ST_102,IT_119,2024.01.04,40000
ST_102,IT_119,2024.01.05,40000
ST_102,IT_119,2024.01.06,40000
ST_102,IT_119,2024.01.07,40000
ST_102,IT_119,2024.01.08,40000
ST_102,IT_119,2024.01.09,40000
ST_102,IT_119,2024.01.10,40000
ST_102,IT_119,2024.01.11,40000
ST_102,IT_119,2024.01.12,40000
ST_102,IT_119,2024.01.13,40000
ST_102,IT_119,2024.01.14,40000
ST_102,IT_119,2024.01.15,40000
ST_102,IT_119,2024.01.16,40000
ST_102,IT_119,2024.01.17,40000
ST_102,IT_119,2024.01.18,40000
ST_102,IT_119,2024.01.19,40000
ST_102,IT_119,2024.01.20,40000
ST_102,IT_119,2024.01.21,40000
ST_102,IT_119,2024.01.22,40000
ST_102,IT_119,2024.01.23,40000
ST_102,IT_119,2024.01.24,40000
ST_102,IT_119,2024.01.25,40000
ST_102,IT_119,2024.01.26,40000
ST_102,IT_119,2024.01.27,40000
ST_102,IT_119,2024.01.28,40000
ST_102,IT_119,2024.01.29,40000
ST_102,IT_119,2024.01.30,40000
ST_102,IT_119,2024.01.31,40000
ST_102,IT_120,2024.01.01,3
ST_102,IT_120,2024.01.02,3
ST_102,IT_120,2024.01.03,3
ST_102,IT_120,2024.01.04,3
ST_102,IT_120,2024.01.05,3
ST_102,IT_120,2024.01.06,3
ST_102,IT_120,2024.01.07,3
ST_102,IT_120,2024.01.08,3
ST_102,IT_120,2024.01.09,3
ST_102,IT_120,2024.01.10,3
ST_102,IT_120,2024.01.11,3
ST_102,IT_120,2024.01.12,3
ST_102,IT_120,2024.01.13,3
ST_102,IT_120,2024.01.14,3
ST_102,IT_120,2024.01.15,3
ST_102,IT_120,2024.01.16,3
ST_102,IT_120,2024.01.17,3
ST_102,IT_120,2024.01.18,3
ST_102,IT_120,2024.01.19,3
ST_102,IT_120,2024.01.20,3
ST_102,IT_120,2024.01.21,3
ST_102,IT_120,2024.01.22,3
ST_102,IT_120,2024.01.23,3
ST_102,IT_120,2024.01.24,3
ST_102,IT_120,2024.01.25,3
ST_102,IT_120,2024.01.26,3
ST_102,IT_120,2024.01.27,3
ST_102,IT_120,2024.01.28,3
ST_102,IT_120,2024.01.29,3
ST_102,IT_120,2024.01.30,3
ST_102,IT_120,2024.01.31,3
ST_102,IT_121,2024.01.01,3000
ST_102,IT_121,2024.01.02,3000
ST_102,IT_121,2024.01.03,3000
ST_102,IT_121,2024.01.04,3000
ST_102,IT_121,2024.01.05,3000
ST_102,IT_121,2024.01.06,3000
ST_102,IT_121,2024.01.07,3000
ST_102,IT_121,2024.01.08,3000
ST_102,IT_121,2024.01.09,3000
ST_102,IT_121,2024.01.10,3000
ST_102,IT_121,2024.01.11,3000
ST_102,IT_121,2024.01.12,3000
ST_102,IT_121,2024.01.13,3000
ST_102,IT_121,2024.01.14,3000
ST_102,IT_121,2024.01.15,3000
ST_102,IT_121,2024.01.16,3000
ST_102,IT_121,2024.01.17,3000
ST_102,IT_121,2024.01.18,3000
ST_102,IT_121,2024.01.19,3000
ST_102,IT_121,2024.01.20,3000
ST_102,IT_121,2024.01.21,3000
ST_102,IT_121,2024.01.22,3000
ST_102,IT_121,2024.01.23,3000
ST_102,IT_121,2024.01.24,3000
ST_102,IT_121,2024.01.25,3000
ST_102,IT_121,2024.01.26,3000
ST_102,IT_121,2024.01.27,3000
ST_102,IT_121,2024.01.28,3000
ST_102,IT_121,2024.01.29,3000
ST_102,IT_121,2024.01.30,3000
ST_102,IT_121,2024.01.31,3000
ST_102,IT_122,2024.01.01,5000
ST_102,IT_122,2024.01.02,5000
ST_102,IT_122,2024.01.03,5000
ST_102,IT_122,2024.01.04,5000
ST_102,IT_122,2024.01.05,5000
ST_102,IT_122,2024.01.06,5000
ST_102,IT_122,2024.01.07,5000
ST_102,IT_122,2024.01.08,5000
ST_102,IT_122,2024.01.09,5000
ST_102,IT_122,2024.01.10,5000
ST_102,IT_122,2024.01.11,5000
ST_102,IT_122,2024.01.12,5000
ST_102,IT_122,2024.01.13,5000
ST_102,IT_122,2024.01.14,5000
ST_102,IT_122,2024.01.15,5000
ST_102,IT_122,2024.01.16,5000
ST_102,IT_122,2024.01.17,5000
ST_102,IT_122,2024.01.18,5000
ST_102,IT_122,2024.01.19,5000
ST_102,IT_122,2024.01.20,5000
ST_102,IT_122,2024.01.21,5000
ST_102,IT_122,2024.01.22,5000
ST_102,IT_122,2024.01.23,5000
ST_102,IT_122,2024.01.24,5000
ST_102,IT_122,2024.01.25,5000
ST_102,IT_122,2024.01.26,5000
ST_102,IT_122,2024.01.27,5000
ST_102,IT_122,2024.01.28,5000
ST_102,IT_122,2024.01.29,5000
ST_102,IT_122,2024.01.30,5000
ST_102,IT_122,2024.01.31,5000
ST_102,IT_123,2024.01.01,600
ST_102,IT_123,2024.01.02,600
ST_102,IT_123,2024.01.03,600
ST_102,IT_123,2024.01.04,600
ST_102,IT_123,2024.01.05,600
ST_102,IT_123,2024.01.06,600
ST_102,IT_123,2024.01.07,600
ST_102,IT_123,2024.01.08,600
ST_102,IT_123,2024.01.09,600
ST_102,IT_123,2024.01.10,600
ST_102,IT_123,2024.01.11,600
ST_102,IT_123,2024.01.12,600
ST_102,IT_123,2024.01.13,600
ST_102,IT_123,2024.01.14,600
ST_102,IT_123,2024.01.15,600
ST_102,IT_123,2024.01.16,600
ST_102,IT_123,2024.01.17,600
ST_102,IT_123,2024.01.18,600
ST_102,IT_123,2024.01.19,600
ST_102,IT_123,2024.01.20,600
ST_102,IT_123,2024.01.21,600
ST_102,IT_123,2024.01.22,600
ST_102,IT_123,2024.01.23,600
ST_102,IT_123,2024.01.24,600
ST_102,IT_123,2024.01.25,600
ST_102,IT_123,2024.01.26,600
ST_102,IT_123,2024.01.27,600
ST_102,IT_123,2024.01.28,600
ST_102,IT_123,2024.01.29,600
ST_102,IT_123,2024.01.30,600
ST_102,IT_123,2024.01.31,600
ST_102,IT_124,2024.01.01,20
ST_102,IT_124,2024.01.02,20
ST_102,IT_124,2024.01.03,20
ST_102,IT_124,2024.01.04,20
ST_102,IT_124,2024.01.05,20
ST_102,IT_124,2024.01.06,20
ST_102,IT_124,2024.01.07,20
ST_102,IT_124,2024.01.08,20
ST_102,IT_124,2024.01.09,20
ST_102,IT_124,2024.01.10,20
ST_102,IT_124,2024.01.11,20
ST_102,IT_124,2024.01.12,20
ST_102,IT_124,2024.01.13,20
ST_102,IT_124,2024.01.14,20
ST_102,IT_124,2024.01.15,20
ST_102,IT_124,2024.01.16,20
ST_102,IT_124,2024.01.17,20
ST_102,IT_124,2024.01.18,20
ST_102,IT_124,2024.01.19,20
ST_102,IT_124,2024.01.20,20
ST_102,IT_124,2024.01.21,20
ST_102,IT_124,2024.01.22,20
ST_102,IT_124,2024.01.23,20
ST_102,IT_124,2024.01.24,20
ST_102,IT_124,2024.01.25,20
ST_102,IT_124,2024.01.26,20
ST_102,IT_124,2024.01.27,20
ST_102,IT_124,2024.01.28,20
ST_102,IT_124,2024.01.29,20
ST_102,IT_124,2024.01.30,20
ST_102,IT_124,2024.01.31,20
ST_102,IT_125,2024.01.01,20
ST_102,IT_125,2024.01.02,20
ST_102,IT_125,2024.01.03,20
ST_102,IT_125,2024.01.04,20
ST_102,IT_125,2024.01.05,20
ST_102,IT_125,2024.01.06,20
ST_102,IT_125,2024.01.07,20
ST_102,IT_125,2024.01.08,20
ST_102,IT_125,2024.01.09,20
ST_102,IT_125,2024.01.10,20
ST_102,IT_125,2024.01.11,20
ST_102,IT_125,2024.01.12,20
ST_102,IT_125,2024.01.13,20
ST_102,IT_125,2024.01.14,20
ST_102,IT_125,2024.01.15,20
ST_102,IT_125,2024.01.16,20
ST_102,IT_125,2024.01.17,20
ST_102,IT_125,2024.01.18,20
ST_102,IT_125,2024.01.19,20
ST_102,IT_125,2024.01.20,20
ST_102,IT_125,2024.01.21,20
ST_102,IT_125,2024.01.22,20
ST_102,IT_125,2024.01.23,20
ST_102,IT_125,2024.01.24,20
ST_102,IT_125,2024.01.25,20
ST_102,IT_125,2024.01.26,20
ST_102,IT_125,2024.01.27,20
ST_102,IT_125,2024.01.28,20
ST_102,IT_125,2024.01.29,20
ST_102,IT_125,2024.01.30,20
ST_102,IT_125,2024.01.31,20
ST_102,IT_126,2024.01.01,3
ST_102,IT_126,2024.01.02,3
ST_102,IT_126,2024.01.03,3
ST_102,IT_126,2024.01.04,3
ST_102,IT_126,2024.01.05,3
ST_102,IT_126,2024.01.06,3
ST_102,IT_126,2024.01.07,3
ST_102,IT_126,2024.01.08,3
ST_102,IT_126,2024.01.09,3
ST_102,IT_126,2024.01.10,3
ST_102,IT_126,2024.01.11,3
ST_102,IT_126,2024.01.12,3
ST_102,IT_126,2024.01.13,3
ST_102,IT_126,2024.01.14,3
ST_102,IT_126,2024.01.15,3
ST_102,IT_126,2024.01.16,3
ST_102,IT_126,2024.01.17,3
ST_102,IT_126,2024.01.18,3
ST_102,IT_126,2024.01.19,3
ST_102,IT_126,2024.01.20,3
ST_102,IT_126,2024.01.21,3
ST_102,IT_126,2024.01.22,3
ST_102,IT_126,2024.01.23,3
ST_102,IT_126,2024.01.24,3
ST_102,IT_126,2024.01.25,3
ST_102,IT_126,2024.01.26,3
ST_102,IT_126,2024.01.27,3
ST_102,IT_126,2024.01.28,3
ST_102,IT_126,2024.01.29,3
ST_102,IT_126,2024.01.30,3
ST_102,IT_126,2024.01.31,3
ST_102,IT_127,2024.01.01,11
ST_102,IT_127,2024.01.02,11
ST_102,IT_127,2024.01.03,11
ST_102,IT_127,2024.01.04,11
ST_102,IT_127,2024.01.05,11
ST_102,IT_127,2024.01.06,11
ST_102,IT_127,2024.01.07,11
ST_102,IT_127,2024.01.08,11
ST_102,IT_127,2024.01.09,11
ST_102,IT_127,2024.01.10,11
ST_102,IT_127,2024.01.11,11
ST_102,IT_127,2024.01.12,11
ST_102,IT_127,2024.01.13,11
ST_102,IT_127,2024.01.14,11
ST_102,IT_127,2024.01.15,11
ST_102,IT_127,2024.01.16,11
ST_102,IT_127,2024.01.17,11
ST_102,IT_127,2024.01.18,11
ST_102,IT_127,2024.01.19,11
ST_102,IT_127,2024.01.20,11
ST_102,IT_127,2024.01.21,11
ST_102,IT_127,2024.01.22,11
ST_102,IT_127,2024.01.23,11
ST_102,IT_127,2024.01.24,11
ST_102,IT_127,2024.01.25,11
ST_102,IT_127,2024.01.26,11
ST_102,IT_127,2024.01.27,11
ST_102,IT_127,2024.01.28,11
ST_102,IT_127,2024.01.29,11
ST_102,IT_127,2024.01.30,11
ST_102,IT_127,2024.01.31,11
ST_102,IT_129,2024.01.01,100
ST_102,IT_129,2024.01.02,100
ST_102,IT_129,2024.01.03,100
ST_102,IT_129,2024.01.04,100
ST_102,IT_129,2024.01.05,100
ST_102,IT_129,2024.01.06,100
ST_102,IT_129,2024.01.07,100
ST_102,IT_129,2024.01.08,100
ST_102,IT_129,2024.01.09,100
ST_102,IT_129,2024.01.10,100
ST_102,IT_129,2024.01.11,100
ST_102,IT_129,2024.01.12,100
ST_102,IT_129,2024.01.13,100
ST_102,IT_129,2024.01.14,100
ST_102,IT_129,2024.01.15,100
ST_102,IT_129,2024.01.16,100
ST_102,IT_129,2024.01.17,100
ST_102,IT_129,2024.01.18,100
ST_102,IT_129,2024.01.19,100
ST_102,IT_129,2024.01.20,100
ST_102,IT_129,2024.01.21,100
ST_102,IT_129,2024.01.22,100
ST_102,IT_129,2024.01.23,100
ST_102,IT_129,2024.01.24,100
ST_102,IT_129,2024.01.25,100
ST_102,IT_129,2024.01.26,100
ST_102,IT_129,2024.01.27,100
ST_102,IT_129,2024.01.28,100
ST_102,IT_129,2024.01.29,100
ST_102,IT_129,2024.01.30,100
ST_102,IT_129,2024.01.31,100
ST_102,IT_130,2024.01.01,85
ST_102,IT_130,2024.01.02,85
ST_102,IT_130,2024.01.03,85
ST_102,IT_130,2024.01.04,85
ST_102,IT_130,2024.01.05,85
ST_102,IT_130,2024.01.06,85
ST_102,IT_130,2024.01.07,85
ST_102,IT_130,2024.01.08,85
ST_102,IT_130,2024.01.09,85
ST_102,IT_130,2024.01.10,85
ST_102,IT_130,2024.01.11,85
ST_102,IT_130,2024.01.12,85
ST_102,IT_130,2024.01.13,85
ST_102,IT_130,2024.01.14,85
ST_102,IT_130,2024.01.15,85
ST_102,IT_130,2024.01.16,85
ST_102,IT_130,2024.01.17,85
ST_102,IT_130,2024.01.18,85
ST_102,IT_130,2024.01.19,85
ST_102,IT_130,2024.01.20,85
ST_102,IT_130,2024.01.21,85
ST_102,IT_130,2024.01.22,85
ST_102,IT_130,2024.01.23,85
ST_102,IT_130,2024.01.24,85
ST_102,IT_130,2024.01.25,85
ST_102,IT_130,2024.01.26,85
ST_102,IT_130,2024.01.27,85
ST_102,IT_130,2024.01.28,85
ST_102,IT_130,2024.01.29,85
ST_102,IT_130,2024.01.30,85
ST_102,IT_130,2024.01.31,85
ST_102,IT_132,2024.01.01,86
ST_102,IT_132,2024.01.02,86
ST_102,IT_132,2024.01.03,86
ST_102,IT_132,2024.01.04,86
ST_102,IT_132,2024.01.05,86
ST_102,IT_132,2024.01.06,86
ST_102,IT_132,2024.01.07,86
ST_102,IT_132,2024.01.08,86
ST_102,IT_132,2024.01.09,86
ST_102,IT_132,2024.01.10,86
ST_102,IT_132,2024.01.11,86
ST_102,IT_132,2024.01.12,86
ST_102,IT_132,2024.01.13,86
ST_102,IT_132,2024.01.14,86
ST_102,IT_132,2024.01.15,86
ST_102,IT_132,2024.01.16,86
ST_102,IT_132,2024.01.17,86
ST_102,IT_132,2024.01.18,86
ST_102,IT_132,2024.01.19,86
ST_102,IT_132,2024.01.20,86
ST_102,IT_132,2024.01.21,86
ST_102,IT_132,2024.01.22,86
ST_102,IT_132,2024.01.23,86
ST_102,IT_132,2024.01.24,86
ST_102,IT_132,2024.01.25,86
ST_102,IT_132,2024.01.26,86
ST_102,IT_132,2024.01.27,86
ST_102,IT_132,2024.01.28,86
ST_102,IT_132,2024.01.29,86
ST_102,IT_132,2024.01.30,86
ST_102,IT_132,2024.01.31,86
ST_102,IT_133,2024.01.01,27
ST_102,IT_133,2024.01.02,27
ST_102,IT_133,2024.01.03,27
ST_102,IT_133,2024.01.04,27
ST_102,IT_133,2024.01.05,27
ST_102,IT_133,2024.01.06,27
ST_102,IT_133,2024.01.07,27
ST_102,IT_133,2024.01.08,27
ST_102,IT_133,2024.01.09,27
ST_102,IT_133,2024.01.10,27
ST_102,IT_133,2024.01.11,27
ST_102,IT_133,2024.01.12,27
ST_102,IT_133,2024.01.13,27
ST_102,IT_133,2024.01.14,27
ST_102,IT_133,2024.01.15,27
ST_102,IT_133,2024.01.16,27
ST_102,IT_133,2024.01.17,27
ST_102,IT_133,2024.01.18,27
ST_102,IT_133,2024.01.19,27
ST_102,IT_133,2024.01.20,27
ST_102,IT_133,2024.01.21,27
ST_102,IT_133,2024.01.22,27
ST_102,IT_133,2024.01.23,27
ST_102,IT_133,2024.01.24,27
ST_102,IT_133,2024.01.25,27
ST_102,IT_133,2024.01.26,27
ST_102,IT_133,2024.01.27,27
ST_102,IT_133,2024.01.28,27
ST_102,IT_133,2024.01.29,27
ST_102,IT_133,2024.01.30,27
ST_102,IT_133,2024.01.31,27
ST_102,IT_134,2024.01.01,15
ST_102,IT_134,2024.01.02,15
ST_102,IT_134,2024.01.03,15
ST_102,IT_134,2024.01.04,15
ST_102,IT_134,2024.01.05,15
ST_102,IT_134,2024.01.06,15
ST_102,IT_134,2024.01.07,15
ST_102,IT_134,2024.01.08,15
ST_102,IT_134,2024.01.09,15
ST_102,IT_134,2024.01.10,15
ST_102,IT_134,2024.01.11,15
ST_102,IT_134,2024.01.12,15
ST_102,IT_134,2024.01.13,15
ST_102,IT_134,2024.01.14,15
ST_102,IT_134,2024.01.15,15
ST_102,IT_134,2024.01.16,15
ST_102,IT_134,2024.01.17,15
ST_102,IT_134,2024.01.18,15
ST_102,IT_134,2024.01.19,15
ST_102,IT_134,2024.01.20,15
ST_102,IT_134,2024.01.21,15
ST_102,IT_134,2024.01.22,15
ST_102,IT_134,2024.01.23,15
ST_102,IT_134,2024.01.24,15
ST_102,IT_134,2024.01.25,15
ST_102,IT_134,2024.01.26,15
ST_102,IT_134,2024.01.27,15
ST_102,IT_134,2024.01.28,15
ST_102,IT_134,2024.01.29,15
ST_102,IT_134,2024.01.30,15
ST_102,IT_134,2024.01.31,15
ST_102,IT_137,2024.01.01,19500
ST_102,IT_137,2024.01.02,19500
ST_102,IT_137,2024.01.03,19500
ST_102,IT_137,2024.01.04,19500
ST_102,IT_137,2024.01.05,19500
ST_102,IT_137,2024.01.06,19500
ST_102,IT_137,2024.01.07,19500
ST_102,IT_137,2024.01.08,19500
ST_102,IT_137,2024.01.09,19500
ST_102,IT_137,2024.01.10,19500
ST_102,IT_137,2024.01.11,19500
ST_102,IT_137,2024.01.12,19500
ST_102,IT_137,2024.01.13,19500
ST_102,IT_137,2024.01.14,19500
ST_102,IT_137,2024.01.15,19500
ST_102,IT_137,2024.01.16,19500
ST_102,IT_137,2024.01.17,19500
ST_102,IT_137,2024.01.18,19500
ST_102,IT_137,2024.01.19,19500
ST_102,IT_137,2024.01.20,19500
ST_102,IT_137,2024.01.21,19500
ST_102,IT_137,2024.01.22,19500
ST_102,IT_137,2024.01.23,19500
ST_102,IT_137,2024.01.24,19500
ST_102,IT_137,2024.01.25,19500
ST_102,IT_137,2024.01.26,19500
ST_102,IT_137,2024.01.27,19500
ST_102,IT_137,2024.01.28,19500
ST_102,IT_137,2024.01.29,19500
ST_102,IT_137,2024.01.30,19500
ST_102,IT_137,2024.01.31,19500
ST_102,IT_138,2024.01.01,3500
ST_102,IT_138,2024.01.02,3500
ST_102,IT_138,2024.01.03,3500
ST_102,IT_138,2024.01.04,3500
ST_102,IT_138,2024.01.05,3500
ST_102,IT_138,2024.01.06,3500
ST_102,IT_138,2024.01.07,3500
ST_102,IT_138,2024.01.08,3500
ST_102,IT_138,2024.01.09,3500
ST_102,IT_138,2024.01.10,3500
ST_102,IT_138,2024.01.11,3500
ST_102,IT_138,2024.01.12,3500
ST_102,IT_138,2024.01.13,3500
ST_102,IT_138,2024.01.14,3500
ST_102,IT_138,2024.01.15,3500
ST_102,IT_138,2024.01.16,3500
ST_102,IT_138,2024.01.17,3500
ST_102,IT_138,2024.01.18,3500
ST_102,IT_138,2024.01.19,3500
ST_102,IT_138,2024.01.20,3500
ST_102,IT_138,2024.01.21,3500
ST_102,IT_138,2024.01.22,3500
ST_102,IT_138,2024.01.23,3500
ST_102,IT_138,2024.01.24,3500
ST_102,IT_138,2024.01.25,3500
ST_102,IT_138,2024.01.26,3500
ST_102,IT_138,2024.01.27,3500
ST_102,IT_138,2024.01.28,3500
ST_102,IT_138,2024.01.29,3500
ST_102,IT_138,2024.01.30,3500
ST_102,IT_138,2024.01.31,3500
ST_102,IT_139,2024.01.01,12
ST_102,IT_139,2024.01.02,12
ST_102,IT_139,2024.01.03,12
ST_102,IT_139,2024.01.04,12
ST_102,IT_139,2024.01.05,12
ST_102,IT_139,2024.01.06,12
ST_102,IT_139,2024.01.07,12
ST_102,IT_139,2024.01.08,12
ST_102,IT_139,2024.01.09,12
ST_102,IT_139,2024.01.10,12
ST_102,IT_139,2024.01.11,12
ST_102,IT_139,2024.01.12,12
ST_102,IT_139,2024.01.13,12
ST_102,IT_139,2024.01.14,12
ST_102,IT_139,2024.01.15,12
ST_102,IT_139,2024.01.16,12
ST_102,IT_139,2024.01.17,12
ST_102,IT_139,2024.01.18,12
ST_102,IT_139,2024.01.19,12
ST_102,IT_139,2024.01.20,12
ST_102,IT_139,2024.01.21,12
ST_102,IT_139,2024.01.22,12
ST_102,IT_139,2024.01.23,12
ST_102,IT_139,2024.01.24,12
ST_102,IT_139,2024.01.25,12
ST_102,IT_139,2024.01.26,12
ST_102,IT_139,2024.01.27,12
ST_102,IT_139,2024.01.28,12
ST_102,IT_139,2024.01.29,12
ST_102,IT_139,2024.01.30,12
ST_102,IT_139,2024.01.31,12
ST_102,IT_140,2024.01.01,22
ST_102,IT_140,2024.01.02,22
ST_102,IT_140,2024.01.03,22
ST_102,IT_140,2024.01.04,22
ST_102,IT_140,2024.01.05,22
ST_102,IT_140,2024.01.06,22
ST_102,IT_140,2024.01.07,22
ST_102,IT_140,2024.01.08,22
ST_102,IT_140,2024.01.09,22
ST_102,IT_140,2024.01.10,22
ST_102,IT_140,2024.01.11,22
ST_102,IT_140,2024.01.12,22
ST_102,IT_140,2024.01.13,22
ST_102,IT_140,2024.01.14,22
ST_102,IT_140,2024.01.15,22
ST_102,IT_140,2024.01.16,22
ST_102,IT_140,2024.01.17,22
ST_102,IT_140,2024.01.18,22
ST_102,IT_140,2024.01.19,22
ST_102,IT_140,2024.01.20,22
ST_102,IT_140,2024.01.21,22
ST_102,IT_140,2024.01.22,22
ST_102,IT_140,2024.01.23,22
ST_102,IT_140,2024.01.24,22
ST_102,IT_140,2024.01.25,22
ST_102,IT_140,2024.01.26,22
ST_102,IT_140,2024.01.27,22
ST_102,IT_140,2024.01.28,22
ST_102,IT_140,2024.01.29,22
ST_102,IT_140,2024.01.30,22
ST_102,IT_140,2024.01.31,22
ST_102,IT_141,2024.01.01,12
ST_102,IT_141,2024.01.02,12
ST_102,IT_141,2024.01.03,12
ST_102,IT_141,2024.01.04,12
ST_102,IT_141,2024.01.05,12
ST_102,IT_141,2024.01.06,12
ST_102,IT_141,2024.01.07,12
ST_102,IT_141,2024.01.08,12
ST_102,IT_141,2024.01.09,12
ST_102,IT_141,2024.01.10,12
ST_102,IT_141,2024.01.11,12
ST_102,IT_141,2024.01.12,12
ST_102,IT_141,2024.01.13,12
ST_102,IT_141,2024.01.14,12
ST_102,IT_141,2024.01.15,12
ST_102,IT_141,2024.01.16,12
ST_102,IT_141,2024.01.17,12
ST_102,IT_141,2024.01.18,12
ST_102,IT_141,2024.01.19,12
ST_102,IT_141,2024.01.20,12
ST_102,IT_141,2024.01.21,12
ST_102,IT_141,2024.01.22,12
ST_102,IT_141,2024.01.23,12
ST_102,IT_141,2024.01.24,12
ST_102,IT_141,2024.01.25,12
ST_102,IT_141,2024.01.26,12
ST_102,IT_141,2024.01.27,12
ST_102,IT_141,2024.01.28,12
ST_102,IT_141,2024.01.29,12
ST_102,IT_141,2024.01.30,12
ST_102,IT_141,2024.01.31,12
ST_102,IT_142,2024.01.01,35
ST_102,IT_142,2024.01.02,35
ST_102,IT_142,2024.01.03,35
ST_102,IT_142,2024.01.04,35
ST_102,IT_142,2024.01.05,35
ST_102,IT_142,2024.01.06,35
ST_102,IT_142,2024.01.07,35
ST_102,IT_142,2024.01.08,35
ST_102,IT_142,2024.01.09,35
ST_102,IT_142,2024.01.10,35
ST_102,IT_142,2024.01.11,35
ST_102,IT_142,2024.01.12,35
ST_102,IT_142,2024.01.13,35
ST_102,IT_142,2024.01.14,35
ST_102,IT_142,2024.01.15,35
ST_102,IT_142,2024.01.16,35
ST_102,IT_142,2024.01.17,35
ST_102,IT_142,2024.01.18,35
ST_102,IT_142,2024.01.19,35
ST_102,IT_142,2024.01.20,35
ST_102,IT_142,2024.01.21,35
ST_102,IT_142,2024.01.22,35
ST_102,IT_142,2024.01.23,35
ST_102,IT_142,2024.01.24,35
ST_102,IT_142,2024.01.25,35
ST_102,IT_142,2024.01.26,35
ST_102,IT_142,2024.01.27,35
ST_102,IT_142,2024.01.28,35
ST_102,IT_142,2024.01.29,35
ST_102,IT_142,2024.01.30,35
ST_102,IT_142,2024.01.31,35
ST_102,IT_143,2024.01.01,8
ST_102,IT_143,2024.01.02,8
ST_102,IT_143,2024.01.03,8
ST_102,IT_143,2024.01.04,8
ST_102,IT_143,2024.01.05,8
ST_102,IT_143,2024.01.06,8
ST_102,IT_143,2024.01.07,8
ST_102,IT_143,2024.01.08,8
ST_102,IT_143,2024.01.09,8
ST_102,IT_143,2024.01.10,8
ST_102,IT_143,2024.01.11,8
ST_102,IT_143,2024.01.12,8
ST_102,IT_143,2024.01.13,8
ST_102,IT_143,2024.01.14,8
ST_102,IT_143,2024.01.15,8
ST_102,IT_143,2024.01.16,8
ST_102,IT_143,2024.01.17,8
ST_102,IT_143,2024.01.18,8
ST_102,IT_143,2024.01.19,8
ST_102,IT_143,2024.01.20,8
ST_102,IT_143,2024.01.21,8
ST_102,IT_143,2024.01.22,8
ST_102,IT_143,2024.01.23,8
ST_102,IT_143,2024.01.24,8
ST_102,IT_143,2024.01.25,8
ST_102,IT_143,2024.01.26,8
ST_102,IT_143,2024.01.27,8
ST_102,IT_143,2024.01.28,8
ST_102,IT_143,2024.01.29,8
ST_102,IT_143,2024.01.30,8
ST_102,IT_143,2024.01.31,8
ST_102,IT_144,2024.01.01,23
ST_102,IT_144,2024.01.02,23
ST_102,IT_144,2024.01.03,23
ST_102,IT_144,2024.01.04,23
ST_102,IT_144,2024.01.05,23
ST_102,IT_144,2024.01.06,23
ST_102,IT_144,2024.01.07,23
ST_102,IT_144,2024.01.08,23
ST_102,IT_144,2024.01.09,23
ST_102,IT_144,2024.01.10,23
ST_102,IT_144,2024.01.11,23
ST_102,IT_144,2024.01.12,23
ST_102,IT_144,2024.01.13,23
ST_102,IT_144,2024.01.14,23
ST_102,IT_144,2024.01.15,23
ST_102,IT_144,2024.01.16,23
ST_102,IT_144,2024.01.17,23
ST_102,IT_144,2024.01.18,23
ST_102,IT_144,2024.01.19,23
ST_102,IT_144,2024.01.20,23
ST_102,IT_144,2024.01.21,23
ST_102,IT_144,2024.01.22,23
ST_102,IT_144,2024.01.23,23
ST_102,IT_144,2024.01.24,23
ST_102,IT_144,2024.01.25,23
ST_102,IT_144,2024.01.26,23
ST_102,IT_144,2024.01.27,23
ST_102,IT_144,2024.01.28,23
ST_102,IT_144,2024.01.29,23
ST_102,IT_144,2024.01.30,23
ST_102,IT_144,2024.01.31,23
ST_102,IT_145,2024.01.01,21
ST_102,IT_145,2024.01.02,21
ST_102,IT_145,2024.01.03,21
ST_102,IT_145,2024.01.04,21
ST_102,IT_145,2024.01.05,21
ST_102,IT_145,2024.01.06,21
ST_102,IT_145,2024.01.07,21
ST_102,IT_145,2024.01.08,21
ST_102,IT_145,2024.01.09,21
ST_102,IT_145,2024.01.10,21
ST_102,IT_145,2024.01.11,21
ST_102,IT_145,2024.01.12,21
ST_102,IT_145,2024.01.13,21
ST_102,IT_145,2024.01.14,21
ST_102,IT_145,2024.01.15,21
ST_102,IT_145,2024.01.16,21
ST_102,IT_145,2024.01.17,21
ST_102,IT_145,2024.01.18,21
ST_102,IT_145,2024.01.19,21
ST_102,IT_145,2024.01.20,21
ST_102,IT_145,2024.01.21,21
ST_102,IT_145,2024.01.22,21
ST_102,IT_145,2024.01.23,21
ST_102,IT_145,2024.01.24,21
ST_102,IT_145,2024.01.25,21
ST_102,IT_145,2024.01.26,21
ST_102,IT_145,2024.01.27,21
ST_102,IT_145,2024.01.28,21
ST_102,IT_145,2024.01.29,21
ST_102,IT_145,2024.01.30,21
ST_102,IT_145,2024.01.31,21
ST_102,IT_146,2024.01.01,13
ST_102,IT_146,2024.01.02,13
ST_102,IT_146,2024.01.03,13
ST_102,IT_146,2024.01.04,13
ST_102,IT_146,2024.01.05,13
ST_102,IT_146,2024.01.06,13
ST_102,IT_146,2024.01.07,13
ST_102,IT_146,2024.01.08,13
ST_102,IT_146,2024.01.09,13
ST_102,IT_146,2024.01.10,13
ST_102,IT_146,2024.01.11,13
ST_102,IT_146,2024.01.12,13
ST_102,IT_146,2024.01.13,13
ST_102,IT_146,2024.01.14,13
ST_102,IT_146,2024.01.15,13
ST_102,IT_146,2024.01.16,13
ST_102,IT_146,2024.01.17,13
ST_102,IT_146,2024.01.18,13
ST_102,IT_146,2024.01.19,13
ST_102,IT_146,2024.01.20,13
ST_102,IT_146,2024.01.21,13
ST_102,IT_146,2024.01.22,13
ST_102,IT_146,2024.01.23,13
ST_102,IT_146,2024.01.24,13
ST_102,IT_146,2024.01.25,13
ST_102,IT_146,2024.01.26,13
ST_102,IT_146,2024.01.27,13
ST_102,IT_146,2024.01.28,13
ST_102,IT_146,2024.01.29,13
ST_102,IT_146,2024.01.30,13
ST_102,IT_146,2024.01.31,13
ST_102,IT_152,2024.01.01,27
ST_102,IT_152,2024.01.02,27
ST_102,IT_152,2024.01.03,27
ST_102,IT_152,2024.01.04,27
ST_102,IT_152,2024.01.05,27
ST_102,IT_152,2024.01.06,27
ST_102,IT_152,2024.01.07,27
ST_102,IT_152,2024.01.08,27
ST_102,IT_152,2024.01.09,27
ST_102,IT_152,2024.01.10,27
ST_102,IT_152,2024.01.11,27
ST_102,IT_152,2024.01.12,27
ST_102,IT_152,2024.01.13,27
ST_102,IT_152,2024.01.14,27
ST_102,IT_152,2024.01.15,27
ST_102,IT_152,2024.01.16,27
ST_102,IT_152,2024.01.17,27
ST_102,IT_152,2024.01.18,27
ST_102,IT_152,2024.01.19,27
ST_102,IT_152,2024.01.20,27
ST_102,IT_152,2024.01.21,27
ST_102,IT_152,2024.01.22,27
ST_102,IT_152,2024.01.23,27
ST_102,IT_152,2024.01.24,27
ST_102,IT_152,2024.01.25,27
ST_102,IT_152,2024.01.26,27
ST_102,IT_152,2024.01.27,27
ST_102,IT_152,2024.01.28,27
ST_102,IT_152,2024.01.29,27
ST_102,IT_152,2024.01.30,27
ST_102,IT_152,2024.01.31,27
ST_102,IT_153,2024.01.01,25
ST_102,IT_153,2024.01.02,25
ST_102,IT_153,2024.01.03,25
ST_102,IT_153,2024.01.04,25
ST_102,IT_153,2024.01.05,25
ST_102,IT_153,2024.01.06,25
ST_102,IT_153,2024.01.07,25
ST_102,IT_153,2024.01.08,25
ST_102,IT_153,2024.01.09,25
ST_102,IT_153,2024.01.10,25
ST_102,IT_153,2024.01.11,25
ST_102,IT_153,2024.01.12,25
ST_102,IT_153,2024.01.13,25
ST_102,IT_153,2024.01.14,25
ST_102,IT_153,2024.01.15,25
ST_102,IT_153,2024.01.16,25
ST_102,IT_153,2024.01.17,25
ST_102,IT_153,2024.01.18,25
ST_102,IT_153,2024.01.19,25
ST_102,IT_153,2024.01.20,25
ST_102,IT_153,2024.01.21,25
ST_102,IT_153,2024.01.22,25
ST_102,IT_153,2024.01.23,25
ST_102,IT_153,2024.01.24,25
ST_102,IT_153,2024.01.25,25
ST_102,IT_153,2024.01.26,25
ST_102,IT_153,2024.01.27,25
ST_102,IT_153,2024.01.28,25
ST_102,IT_153,2024.01.29,25
ST_102,IT_153,2024.01.30,25
ST_102,IT_153,2024.01.31,25
ST_102,IT_154,2024.01.01,27
ST_102,IT_154,2024.01.02,27
ST_102,IT_154,2024.01.03,27
ST_102,IT_154,2024.01.04,27
ST_102,IT_154,2024.01.05,27
ST_102,IT_154,2024.01.06,27
ST_102,IT_154,2024.01.07,27
ST_102,IT_154,2024.01.08,27
ST_102,IT_154,2024.01.09,27
ST_102,IT_154,2024.01.10,27
ST_102,IT_154,2024.01.11,27
ST_102,IT_154,2024.01.12,27
ST_102,IT_154,2024.01.13,27
ST_102,IT_154,2024.01.14,27
ST_102,IT_154,2024.01.15,27
ST_102,IT_154,2024.01.16,27
ST_102,IT_154,2024.01.17,27
ST_102,IT_154,2024.01.18,27
ST_102,IT_154,2024.01.19,27
ST_102,IT_154,2024.01.20,27
ST_102,IT_154,2024.01.21,27
ST_102,IT_154,2024.01.22,27
ST_102,IT_154,2024.01.23,27
ST_102,IT_154,2024.01.24,27
ST_102,IT_154,2024.01.25,27
ST_102,IT_154,2024.01.26,27
ST_102,IT_154,2024.01.27,27
ST_102,IT_154,2024.01.28,27
ST_102,IT_154,2024.01.29,27
ST_102,IT_154,2024.01.30,27
ST_102,IT_154,2024.01.31,27
ST_102,IT_155,2024.01.01,19
ST_102,IT_155,2024.01.02,19
ST_102,IT_155,2024.01.03,19
ST_102,IT_155,2024.01.04,19
ST_102,IT_155,2024.01.05,19
ST_102,IT_155,2024.01.06,19
ST_102,IT_155,2024.01.07,19
ST_102,IT_155,2024.01.08,19
ST_102,IT_155,2024.01.09,19
ST_102,IT_155,2024.01.10,19
ST_102,IT_155,2024.01.11,19
ST_102,IT_155,2024.01.12,19
ST_102,IT_155,2024.01.13,19
ST_102,IT_155,2024.01.14,19
ST_102,IT_155,2024.01.15,19
ST_102,IT_155,2024.01.16,19
ST_102,IT_155,2024.01.17,19
ST_102,IT_155,2024.01.18,19
ST_102,IT_155,2024.01.19,19
ST_102,IT_155,2024.01.20,19
ST_102,IT_155,2024.01.21,19
ST_102,IT_155,2024.01.22,19
ST_102,IT_155,2024.01.23,19
ST_102,IT_155,2024.01.24,19
ST_102,IT_155,2024.01.25,19
ST_102,IT_155,2024.01.26,19
ST_102,IT_155,2024.01.27,19
ST_102,IT_155,2024.01.28,19
ST_102,IT_155,2024.01.29,19
ST_102,IT_155,2024.01.30,19
ST_102,IT_155,2024.01.31,19
ST_102,IT_156,2024.01.01,18
ST_102,IT_156,2024.01.02,18
ST_102,IT_156,2024.01.03,18
ST_102,IT_156,2024.01.04,18
ST_102,IT_156,2024.01.05,18
ST_102,IT_156,2024.01.06,18
ST_102,IT_156,2024.01.07,18
ST_102,IT_156,2024.01.08,18
ST_102,IT_156,2024.01.09,18
ST_102,IT_156,2024.01.10,18
ST_102,IT_156,2024.01.11,18
ST_102,IT_156,2024.01.12,18
ST_102,IT_156,2024.01.13,18
ST_102,IT_156,2024.01.14,18
ST_102,IT_156,2024.01.15,18
ST_102,IT_156,2024.01.16,18
ST_102,IT_156,2024.01.17,18
ST_102,IT_156,2024.01.18,18
ST_102,IT_156,2024.01.19,18
ST_102,IT_156,2024.01.20,18
ST_102,IT_156,2024.01.21,18
ST_102,IT_156,2024.01.22,18
ST_102,IT_156,2024.01.23,18
ST_102,IT_156,2024.01.24,18
ST_102,IT_156,2024.01.25,18
ST_102,IT_156,2024.01.26,18
ST_102,IT_156,2024.01.27,18
ST_102,IT_156,2024.01.28,18
ST_102,IT_156,2024.01.29,18
ST_102,IT_156,2024.01.30,18
ST_102,IT_156,2024.01.31,18
ST_102,IT_157,2024.01.01,24
ST_102,IT_157,2024.01.02,24
ST_102,IT_157,2024.01.03,24
ST_102,IT_157,2024.01.04,24
ST_102,IT_157,2024.01.05,24
ST_102,IT_157,2024.01.06,24
ST_102,IT_157,2024.01.07,24
ST_102,IT_157,2024.01.08,24
ST_102,IT_157,2024.01.09,24
ST_102,IT_157,2024.01.10,24
ST_102,IT_157,2024.01.11,24
ST_102,IT_157,2024.01.12,24
ST_102,IT_157,2024.01.13,24
ST_102,IT_157,2024.01.14,24
ST_102,IT_157,2024.01.15,24
ST_102,IT_157,2024.01.16,24
ST_102,IT_157,2024.01.17,24
ST_102,IT_157,2024.01.18,24
ST_102,IT_157,2024.01.19,24
ST_102,IT_157,2024.01.20,24
ST_102,IT_157,2024.01.21,24
ST_102,IT_157,2024.01.22,24
ST_102,IT_157,2024.01.23,24
ST_102,IT_157,2024.01.24,24
ST_102,IT_157,2024.01.25,24
ST_102,IT_157,2024.01.26,24
ST_102,IT_157,2024.01.27,24
ST_102,IT_157,2024.01.28,24
ST_102,IT_157,2024.01.29,24
ST_102,IT_157,2024.01.30,24
ST_102,IT_157,2024.01.31,24
ST_102,IT_158,2024.01.01,25
ST_102,IT_158,2024.01.02,25
ST_102,IT_158,2024.01.03,25
ST_102,IT_158,2024.01.04,25
ST_102,IT_158,2024.01.05,25
ST_102,IT_158,2024.01.06,25
ST_102,IT_158,2024.01.07,25
ST_102,IT_158,2024.01.08,25
ST_102,IT_158,2024.01.09,25
ST_102,IT_158,2024.01.10,25
ST_102,IT_158,2024.01.11,25
ST_102,IT_158,2024.01.12,25
ST_102,IT_158,2024.01.13,25
ST_102,IT_158,2024.01.14,25
ST_102,IT_158,2024.01.15,25
ST_102,IT_158,2024.01.16,25
ST_102,IT_158,2024.01.17,25
ST_102,IT_158,2024.01.18,25
ST_102,IT_158,2024.01.19,25
ST_102,IT_158,2024.01.20,25
ST_102,IT_158,2024.01.21,25
ST_102,IT_158,2024.01.22,25
ST_102,IT_158,2024.01.23,25
ST_102,IT_158,2024.01.24,25
ST_102,IT_158,2024.01.25,25
ST_102,IT_158,2024.01.26,25
ST_102,IT_158,2024.01.27,25
ST_102,IT_158,2024.01.28,25
ST_102,IT_158,2024.01.29,25
ST_102,IT_158,2024.01.30,25
ST_102,IT_158,2024.01.31,25
ST_102,IT_159,2024.01.01,24
ST_102,IT_159,2024.01.02,24
ST_102,IT_159,2024.01.03,24
ST_102,IT_159,2024.01.04,24
ST_102,IT_159,2024.01.05,24
ST_102,IT_159,2024.01.06,24
ST_102,IT_159,2024.01.07,24
ST_102,IT_159,2024.01.08,24
ST_102,IT_159,2024.01.09,24
ST_102,IT_159,2024.01.10,24
ST_102,IT_159,2024.01.11,24
ST_102,IT_159,2024.01.12,24
ST_102,IT_159,2024.01.13,24
ST_102,IT_159,2024.01.14,24
ST_102,IT_159,2024.01.15,24
ST_102,IT_159,2024.01.16,24
ST_102,IT_159,2024.01.17,24
ST_102,IT_159,2024.01.18,24
ST_102,IT_159,2024.01.19,24
ST_102,IT_159,2024.01.20,24
ST_102,IT_159,2024.01.21,24
ST_102,IT_159,2024.01.22,24
ST_102,IT_159,2024.01.23,24
ST_102,IT_159,2024.01.24,24
ST_102,IT_159,2024.01.25,24
ST_102,IT_159,2024.01.26,24
ST_102,IT_159,2024.01.27,24
ST_102,IT_159,2024.01.28,24
ST_102,IT_159,2024.01.29,24
ST_102,IT_159,2024.01.30,24
ST_102,IT_159,2024.01.31,24
ST_102,IT_160,2024.01.01,26
ST_102,IT_160,2024.01.02,26
ST_102,IT_160,2024.01.03,26
ST_102,IT_160,2024.01.04,26
ST_102,IT_160,2024.01.05,26
ST_102,IT_160,2024.01.06,26
ST_102,IT_160,2024.01.07,26
ST_102,IT_160,2024.01.08,26
ST_102,IT_160,2024.01.09,26
ST_102,IT_160,2024.01.10,26
ST_102,IT_160,2024.01.11,26
ST_102,IT_160,2024.01.12,26
ST_102,IT_160,2024.01.13,26
ST_102,IT_160,2024.01.14,26
ST_102,IT_160,2024.01.15,26
ST_102,IT_160,2024.01.16,26
ST_102,IT_160,2024.01.17,26
ST_102,IT_160,2024.01.18,26
ST_102,IT_160,2024.01.19,26
ST_102,IT_160,2024.01.20,26
ST_102,IT_160,2024.01.21,26
ST_102,IT_160,2024.01.22,26
ST_102,IT_160,2024.01.23,26
ST_102,IT_160,2024.01.24,26
ST_102,IT_160,2024.01.25,26
ST_102,IT_160,2024.01.26,26
ST_102,IT_160,2024.01.27,26
ST_102,IT_160,2024.01.28,26
ST_102,IT_160,2024.01.29,26
ST_102,IT_160,2024.01.30,26
ST_102,IT_160,2024.01.31,26
ST_102,IT_162,2024.01.01,14
ST_102,IT_162,2024.01.02,14
ST_102,IT_162,2024.01.03,14
ST_102,IT_162,2024.01.04,14
ST_102,IT_162,2024.01.05,14
ST_102,IT_162,2024.01.06,14
ST_102,IT_162,2024.01.07,14
ST_102,IT_162,2024.01.08,14
ST_102,IT_162,2024.01.09,14
ST_102,IT_162,2024.01.10,14
ST_102,IT_162,2024.01.11,14
ST_102,IT_162,2024.01.12,14
ST_102,IT_162,2024.01.13,14
ST_102,IT_162,2024.01.14,14
ST_102,IT_162,2024.01.15,14
ST_102,IT_162,2024.01.16,14
ST_102,IT_162,2024.01.17,14
ST_102,IT_162,2024.01.18,14
ST_102,IT_162,2024.01.19,14
ST_102,IT_162,2024.01.20,14
ST_102,IT_162,2024.01.21,14
ST_102,IT_162,2024.01.22,14
ST_102,IT_162,2024.01.23,14
ST_102,IT_162,2024.01.24,14
ST_102,IT_162,2024.01.25,14
ST_102,IT_162,2024.01.26,14
ST_102,IT_162,2024.01.27,14
ST_102,IT_162,2024.01.28,14
ST_102,IT_162,2024.01.29,14
ST_102,IT_162,2024.01.30,14
ST_102,IT_162,2024.01.31,14
ST_102,IT_163,2024.01.01,4
ST_102,IT_163,2024.01.02,4
ST_102,IT_163,2024.01.03,4
ST_102,IT_163,2024.01.04,4
ST_102,IT_163,2024.01.05,4
ST_102,IT_163,2024.01.06,4
ST_102,IT_163,2024.01.07,4
ST_102,IT_163,2024.01.08,4
ST_102,IT_163,2024.01.09,4
ST_102,IT_163,2024.01.10,4
ST_102,IT_163,2024.01.11,4
ST_102,IT_163,2024.01.12,4
ST_102,IT_163,2024.01.13,4
ST_102,IT_163,2024.01.14,4
ST_102,IT_163,2024.01.15,4
ST_102,IT_163,2024.01.16,4
ST_102,IT_163,2024.01.17,4
ST_102,IT_163,2024.01.18,4
ST_102,IT_163,2024.01.19,4
ST_102,IT_163,2024.01.20,4
ST_102,IT_163,2024.01.21,4
ST_102,IT_163,2024.01.22,4
ST_102,IT_163,2024.01.23,4
ST_102,IT_163,2024.01.24,4
ST_102,IT_163,2024.01.25,4
ST_102,IT_163,2024.01.26,4
ST_102,IT_163,2024.01.27,4
ST_102,IT_163,2024.01.28,4
ST_102,IT_163,2024.01.29,4
ST_102,IT_163,2024.01.30,4
ST_102,IT_163,2024.01.31,4
ST_102,IT_164,2024.01.01,9
ST_102,IT_164,2024.01.02,9
ST_102,IT_164,2024.01.03,9
ST_102,IT_164,2024.01.04,9
ST_102,IT_164,2024.01.05,9
ST_102,IT_164,2024.01.06,9
ST_102,IT_164,2024.01.07,9
ST_102,IT_164,2024.01.08,9
ST_102,IT_164,2024.01.09,9
ST_102,IT_164,2024.01.10,9
ST_102,IT_164,2024.01.11,9
ST_102,IT_164,2024.01.12,9
ST_102,IT_164,2024.01.13,9
ST_102,IT_164,2024.01.14,9
ST_102,IT_164,2024.01.15,9
ST_102,IT_164,2024.01.16,9
ST_102,IT_164,2024.01.17,9
ST_102,IT_164,2024.01.18,9
ST_102,IT_164,2024.01.19,9
ST_102,IT_164,2024.01.20,9
ST_102,IT_164,2024.01.21,9
ST_102,IT_164,2024.01.22,9
ST_102,IT_164,2024.01.23,9
ST_102,IT_164,2024.01.24,9
ST_102,IT_164,2024.01.25,9
ST_102,IT_164,2024.01.26,9
ST_102,IT_164,2024.01.27,9
ST_102,IT_164,2024.01.28,9
ST_102,IT_164,2024.01.29,9
ST_102,IT_164,2024.01.30,9
ST_102,IT_164,2024.01.31,9
ST_102,IT_165,2024.01.01,235
ST_102,IT_165,2024.01.02,235
ST_102,IT_165,2024.01.03,235
ST_102,IT_165,2024.01.04,235
ST_102,IT_165,2024.01.05,235
ST_102,IT_165,2024.01.06,235
ST_102,IT_165,2024.01.07,235
ST_102,IT_165,2024.01.08,235
ST_102,IT_165,2024.01.09,235
ST_102,IT_165,2024.01.10,235
ST_102,IT_165,2024.01.11,235
ST_102,IT_165,2024.01.12,235
ST_102,IT_165,2024.01.13,235
ST_102,IT_165,2024.01.14,235
ST_102,IT_165,2024.01.15,235
ST_102,IT_165,2024.01.16,235
ST_102,IT_165,2024.01.17,235
ST_102,IT_165,2024.01.18,235
ST_102,IT_165,2024.01.19,235
ST_102,IT_165,2024.01.20,235
ST_102,IT_165,2024.01.21,235
ST_102,IT_165,2024.01.22,235
ST_102,IT_165,2024.01.23,235
ST_102,IT_165,2024.01.24,235
ST_102,IT_165,2024.01.25,235
ST_102,IT_165,2024.01.26,235
ST_102,IT_165,2024.01.27,235
ST_102,IT_165,2024.01.28,235
ST_102,IT_165,2024.01.29,235
ST_102,IT_165,2024.01.30,235
ST_102,IT_165,2024.01.31,235
ST_102,IT_167,2024.01.01,6
ST_102,IT_167,2024.01.02,6
ST_102,IT_167,2024.01.03,6
ST_102,IT_167,2024.01.04,6
ST_102,IT_167,2024.01.05,6
ST_102,IT_167,2024.01.06,6
ST_102,IT_167,2024.01.07,6
ST_102,IT_167,2024.01.08,6
ST_102,IT_167,2024.01.09,6
ST_102,IT_167,2024.01.10,6
ST_102,IT_167,2024.01.11,6
ST_102,IT_167,2024.01.12,6
ST_102,IT_167,2024.01.13,6
ST_102,IT_167,2024.01.14,6
ST_102,IT_167,2024.01.15,6
ST_102,IT_167,2024.01.16,6
ST_102,IT_167,2024.01.17,6
ST_102,IT_167,2024.01.18,6
ST_102,IT_167,2024.01.19,6
ST_102,IT_167,2024.01.20,6
ST_102,IT_167,2024.01.21,6
ST_102,IT_167,2024.01.22,6
ST_102,IT_167,2024.01.23,6
ST_102,IT_167,2024.01.24,6
ST_102,IT_167,2024.01.25,6
ST_102,IT_167,2024.01.26,6
ST_102,IT_167,2024.01.27,6
ST_102,IT_167,2024.01.28,6
ST_102,IT_167,2024.01.29,6
ST_102,IT_167,2024.01.30,6
ST_102,IT_167,2024.01.31,6
ST_102,IT_168,2024.01.01,45
ST_102,IT_168,2024.01.02,45
ST_102,IT_168,2024.01.03,45
ST_102,IT_168,2024.01.04,45
ST_102,IT_168,2024.01.05,45
ST_102,IT_168,2024.01.06,45
ST_102,IT_168,2024.01.07,45
ST_102,IT_168,2024.01.08,45
ST_102,IT_168,2024.01.09,45
ST_102,IT_168,2024.01.10,45
ST_102,IT_168,2024.01.11,45
ST_102,IT_168,2024.01.12,45
ST_102,IT_168,2024.01.13,45
ST_102,IT_168,2024.01.14,45
ST_102,IT_168,2024.01.15,45
ST_102,IT_168,2024.01.16,45
ST_102,IT_168,2024.01.17,45
ST_102,IT_168,2024.01.18,45
ST_102,IT_168,2024.01.19,45
ST_102,IT_168,2024.01.20,45
ST_102,IT_168,2024.01.21,45
ST_102,IT_168,2024.01.22,45
ST_102,IT_168,2024.01.23,45
ST_102,IT_168,2024.01.24,45
ST_102,IT_168,2024.01.25,45
ST_102,IT_168,2024.01.26,45
ST_102,IT_168,2024.01.27,45
ST_102,IT_168,2024.01.28,45
ST_102,IT_168,2024.01.29,45
ST_102,IT_168,2024.01.30,45
ST_102,IT_168,2024.01.31,45
ST_102,IT_169,2024.01.01,32
ST_102,IT_169,2024.01.02,32
ST_102,IT_169,2024.01.03,32
ST_102,IT_169,2024.01.04,32
ST_102,IT_169,2024.01.05,32
ST_102,IT_169,2024.01.06,32
ST_102,IT_169,2024.01.07,32
ST_102,IT_169,2024.01.08,32
ST_102,IT_169,2024.01.09,32
ST_102,IT_169,2024.01.10,32
ST_102,IT_169,2024.01.11,32
ST_102,IT_169,2024.01.12,32
ST_102,IT_169,2024.01.13,32
ST_102,IT_169,2024.01.14,32
ST_102,IT_169,2024.01.15,32
ST_102,IT_169,2024.01.16,32
ST_102,IT_169,2024.01.17,32
ST_102,IT_169,2024.01.18,32
ST_102,IT_169,2024.01.19,32
ST_102,IT_169,2024.01.20,32
ST_102,IT_169,2024.01.21,32
ST_102,IT_169,2024.01.22,32
ST_102,IT_169,2024.01.23,32
ST_102,IT_169,2024.01.24,32
ST_102,IT_169,2024.01.25,32
ST_102,IT_169,2024.01.26,32
ST_102,IT_169,2024.01.27,32
ST_102,IT_169,2024.01.28,32
ST_102,IT_169,2024.01.29,32
ST_102,IT_169,2024.01.30,32
ST_102,IT_169,2024.01.31,32
ST_102,IT_170,2024.01.01,46
ST_102,IT_170,2024.01.02,46
ST_102,IT_170,2024.01.03,46
ST_102,IT_170,2024.01.04,46
ST_102,IT_170,2024.01.05,46
ST_102,IT_170,2024.01.06,46
ST_102,IT_170,2024.01.07,46
ST_102,IT_170,2024.01.08,46
ST_102,IT_170,2024.01.09,46
ST_102,IT_170,2024.01.10,46
ST_102,IT_170,2024.01.11,46
ST_102,IT_170,2024.01.12,46
ST_102,IT_170,2024.01.13,46
ST_102,IT_170,2024.01.14,46
ST_102,IT_170,2024.01.15,46
ST_102,IT_170,2024.01.16,46
ST_102,IT_170,2024.01.17,46
ST_102,IT_170,2024.01.18,46
ST_102,IT_170,2024.01.19,46
ST_102,IT_170,2024.01.20,46
ST_102,IT_170,2024.01.21,46
ST_102,IT_170,2024.01.22,46
ST_102,IT_170,2024.01.23,46
ST_102,IT_170,2024.01.24,46
ST_102,IT_170,2024.01.25,46
ST_102,IT_170,2024.01.26,46
ST_102,IT_170,2024.01.27,46
ST_102,IT_170,2024.01.28,46
ST_102,IT_170,2024.01.29,46
ST_102,IT_170,2024.01.30,46
ST_102,IT_170,2024.01.31,46
ST_102,IT_171,2024.01.01,54
ST_102,IT_171,2024.01.02,54
ST_102,IT_171,2024.01.03,54
ST_102,IT_171,2024.01.04,54
ST_102,IT_171,2024.01.05,54
ST_102,IT_171,2024.01.06,54
ST_102,IT_171,2024.01.07,54
ST_102,IT_171,2024.01.08,54
ST_102,IT_171,2024.01.09,54
ST_102,IT_171,2024.01.10,54
ST_102,IT_171,2024.01.11,54
ST_102,IT_171,2024.01.12,54
ST_102,IT_171,2024.01.13,54
ST_102,IT_171,2024.01.14,54
ST_102,IT_171,2024.01.15,54
ST_102,IT_171,2024.01.16,54
ST_102,IT_171,2024.01.17,54
ST_102,IT_171,2024.01.18,54
ST_102,IT_171,2024.01.19,54
ST_102,IT_171,2024.01.20,54
ST_102,IT_171,2024.01.21,54
ST_102,IT_171,2024.01.22,54
ST_102,IT_171,2024.01.23,54
ST_102,IT_171,2024.01.24,54
ST_102,IT_171,2024.01.25,54
ST_102,IT_171,2024.01.26,54
ST_102,IT_171,2024.01.27,54
ST_102,IT_171,2024.01.28,54
ST_102,IT_171,2024.01.29,54
ST_102,IT_171,2024.01.30,54
ST_102,IT_171,2024.01.31,54
ST_102,IT_101,2024.02.01,4000
ST_102,IT_101,2024.02.02,4000
ST_102,IT_101,2024.02.03,4000
ST_102,IT_101,2024.02.04,4000
ST_102,IT_101,2024.02.05,4000
ST_102,IT_101,2024.02.06,4000
ST_102,IT_101,2024.02.07,4000
ST_102,IT_101,2024.02.08,4000
ST_102,IT_101,2024.02.09,4000
ST_102,IT_101,2024.02.10,4000
ST_102,IT_101,2024.02.11,4000
ST_102,IT_101,2024.02.12,4000
ST_102,IT_101,2024.02.13,4000
ST_102,IT_101,2024.02.14,4000
ST_102,IT_101,2024.02.15,4000
ST_102,IT_101,2024.02.16,4000
ST_102,IT_101,2024.02.17,4000
ST_102,IT_101,2024.02.18,4000
ST_102,IT_101,2024.02.19,4000
ST_102,IT_101,2024.02.20,4000
ST_102,IT_101,2024.02.21,4000
ST_102,IT_101,2024.02.22,4000
ST_102,IT_101,2024.02.23,4000
ST_102,IT_101,2024.02.24,4000
ST_102,IT_101,2024.02.25,4000
ST_102,IT_101,2024.02.26,4000
ST_102,IT_101,2024.02.27,4000
ST_102,IT_101,2024.02.28,4000
ST_102,IT_101,2024.02.29,4000
ST_102,IT_101,2024.02.30,4000
ST_102,IT_102,2024.02.01,2000
ST_102,IT_102,2024.02.02,2000
ST_102,IT_102,2024.02.03,2000
ST_102,IT_102,2024.02.04,2000
ST_102,IT_102,2024.02.05,2000
ST_102,IT_102,2024.02.06,2000
ST_102,IT_102,2024.02.07,2000
ST_102,IT_102,2024.02.08,2000
ST_102,IT_102,2024.02.09,2000
ST_102,IT_102,2024.02.10,2000
ST_102,IT_102,2024.02.11,2000
ST_102,IT_102,2024.02.12,2000
ST_102,IT_102,2024.02.13,2000
ST_102,IT_102,2024.02.14,2000
ST_102,IT_102,2024.02.15,2000
ST_102,IT_102,2024.02.16,2000
ST_102,IT_102,2024.02.17,2000
ST_102,IT_102,2024.02.18,2000
ST_102,IT_102,2024.02.19,2000
ST_102,IT_102,2024.02.20,2000
ST_102,IT_102,2024.02.21,2000
ST_102,IT_102,2024.02.22,2000
ST_102,IT_102,2024.02.23,2000
ST_102,IT_102,2024.02.24,2000
ST_102,IT_102,2024.02.25,2000
ST_102,IT_102,2024.02.26,2000
ST_102,IT_102,2024.02.27,2000
ST_102,IT_102,2024.02.28,2000
ST_102,IT_102,2024.02.29,2000
ST_102,IT_102,2024.02.30,2000
ST_102,IT_103,2024.02.01,7000
ST_102,IT_103,2024.02.02,7000
ST_102,IT_103,2024.02.03,7000
ST_102,IT_103,2024.02.04,7000
ST_102,IT_103,2024.02.05,7000
ST_102,IT_103,2024.02.06,7000
ST_102,IT_103,2024.02.07,7000
ST_102,IT_103,2024.02.08,7000
ST_102,IT_103,2024.02.09,7000
ST_102,IT_103,2024.02.10,7000
ST_102,IT_103,2024.02.11,7000
ST_102,IT_103,2024.02.12,7000
ST_102,IT_103,2024.02.13,7000
ST_102,IT_103,2024.02.14,7000
ST_102,IT_103,2024.02.15,7000
ST_102,IT_103,2024.02.16,7000
ST_102,IT_103,2024.02.17,7000
ST_102,IT_103,2024.02.18,7000
ST_102,IT_103,2024.02.19,7000
ST_102,IT_103,2024.02.20,7000
ST_102,IT_103,2024.02.21,7000
ST_102,IT_103,2024.02.22,7000
ST_102,IT_103,2024.02.23,7000
ST_102,IT_103,2024.02.24,7000
ST_102,IT_103,2024.02.25,7000
ST_102,IT_103,2024.02.26,7000
ST_102,IT_103,2024.02.27,7000
ST_102,IT_103,2024.02.28,7000
ST_102,IT_103,2024.02.29,7000
ST_102,IT_103,2024.02.30,7000
ST_102,IT_104,2024.02.01,0
ST_102,IT_104,2024.02.02,0
ST_102,IT_104,2024.02.03,0
ST_102,IT_104,2024.02.04,0
ST_102,IT_104,2024.02.05,0
ST_102,IT_104,2024.02.06,0
ST_102,IT_104,2024.02.07,0
ST_102,IT_104,2024.02.08,0
ST_102,IT_104,2024.02.09,0
ST_102,IT_104,2024.02.10,0
ST_102,IT_104,2024.02.11,0
ST_102,IT_104,2024.02.12,0
ST_102,IT_104,2024.02.13,0
ST_102,IT_104,2024.02.14,0
ST_102,IT_104,2024.02.15,0
ST_102,IT_104,2024.02.16,0
ST_102,IT_104,2024.02.17,0
ST_102,IT_104,2024.02.18,0
ST_102,IT_104,2024.02.19,0
ST_102,IT_104,2024.02.20,0
ST_102,IT_104,2024.02.21,0
ST_102,IT_104,2024.02.22,0
ST_102,IT_104,2024.02.23,0
ST_102,IT_104,2024.02.24,0
ST_102,IT_104,2024.02.25,0
ST_102,IT_104,2024.02.26,0
ST_102,IT_104,2024.02.27,0
ST_102,IT_104,2024.02.28,0
ST_102,IT_104,2024.02.29,0
ST_102,IT_104,2024.02.30,0
ST_102,IT_105,2024.02.01,17000
ST_102,IT_105,2024.02.02,17000
ST_102,IT_105,2024.02.03,17000
ST_102,IT_105,2024.02.04,17000
ST_102,IT_105,2024.02.05,17000
ST_102,IT_105,2024.02.06,17000
ST_102,IT_105,2024.02.07,17000
ST_102,IT_105,2024.02.08,17000
ST_102,IT_105,2024.02.09,17000
ST_102,IT_105,2024.02.10,17000
ST_102,IT_105,2024.02.11,17000
ST_102,IT_105,2024.02.12,17000
ST_102,IT_105,2024.02.13,17000
ST_102,IT_105,2024.02.14,17000
ST_102,IT_105,2024.02.15,17000
ST_102,IT_105,2024.02.16,17000
ST_102,IT_105,2024.02.17,17000
ST_102,IT_105,2024.02.18,17000
ST_102,IT_105,2024.02.19,17000
ST_102,IT_105,2024.02.20,17000
ST_102,IT_105,2024.02.21,17000
ST_102,IT_105,2024.02.22,17000
ST_102,IT_105,2024.02.23,17000
ST_102,IT_105,2024.02.24,17000
ST_102,IT_105,2024.02.25,17000
ST_102,IT_105,2024.02.26,17000
ST_102,IT_105,2024.02.27,17000
ST_102,IT_105,2024.02.28,17000
ST_102,IT_105,2024.02.29,17000
ST_102,IT_105,2024.02.30,17000
ST_102,IT_106,2024.02.01,7000
ST_102,IT_106,2024.02.02,7000
ST_102,IT_106,2024.02.03,7000
ST_102,IT_106,2024.02.04,7000
ST_102,IT_106,2024.02.05,7000
ST_102,IT_106,2024.02.06,7000
ST_102,IT_106,2024.02.07,7000
ST_102,IT_106,2024.02.08,7000
ST_102,IT_106,2024.02.09,7000
ST_102,IT_106,2024.02.10,7000
ST_102,IT_106,2024.02.11,7000
ST_102,IT_106,2024.02.12,7000
ST_102,IT_106,2024.02.13,7000
ST_102,IT_106,2024.02.14,7000
ST_102,IT_106,2024.02.15,7000
ST_102,IT_106,2024.02.16,7000
ST_102,IT_106,2024.02.17,7000
ST_102,IT_106,2024.02.18,7000
ST_102,IT_106,2024.02.19,7000
ST_102,IT_106,2024.02.20,7000
ST_102,IT_106,2024.02.21,7000
ST_102,IT_106,2024.02.22,7000
ST_102,IT_106,2024.02.23,7000
ST_102,IT_106,2024.02.24,7000
ST_102,IT_106,2024.02.25,7000
ST_102,IT_106,2024.02.26,7000
ST_102,IT_106,2024.02.27,7000
ST_102,IT_106,2024.02.28,7000
ST_102,IT_106,2024.02.29,7000
ST_102,IT_106,2024.02.30,7000
ST_102,IT_107,2024.02.01,16000
ST_102,IT_107,2024.02.02,16000
ST_102,IT_107,2024.02.03,16000
ST_102,IT_107,2024.02.04,16000
ST_102,IT_107,2024.02.05,16000
ST_102,IT_107,2024.02.06,16000
ST_102,IT_107,2024.02.07,16000
ST_102,IT_107,2024.02.08,16000
ST_102,IT_107,2024.02.09,16000
ST_102,IT_107,2024.02.10,16000
ST_102,IT_107,2024.02.11,16000
ST_102,IT_107,2024.02.12,16000
ST_102,IT_107,2024.02.13,16000
ST_102,IT_107,2024.02.14,16000
ST_102,IT_107,2024.02.15,16000
ST_102,IT_107,2024.02.16,16000
ST_102,IT_107,2024.02.17,16000
ST_102,IT_107,2024.02.18,16000
ST_102,IT_107,2024.02.19,16000
ST_102,IT_107,2024.02.20,16000
ST_102,IT_107,2024.02.21,16000
ST_102,IT_107,2024.02.22,16000
ST_102,IT_107,2024.02.23,16000
ST_102,IT_107,2024.02.24,16000
ST_102,IT_107,2024.02.25,16000
ST_102,IT_107,2024.02.26,16000
ST_102,IT_107,2024.02.27,16000
ST_102,IT_107,2024.02.28,16000
ST_102,IT_107,2024.02.29,16000
ST_102,IT_107,2024.02.30,16000
ST_102,IT_108,2024.02.01,8000
ST_102,IT_108,2024.02.02,8000
ST_102,IT_108,2024.02.03,8000
ST_102,IT_108,2024.02.04,8000
ST_102,IT_108,2024.02.05,8000
ST_102,IT_108,2024.02.06,8000
ST_102,IT_108,2024.02.07,8000
ST_102,IT_108,2024.02.08,8000
ST_102,IT_108,2024.02.09,8000
ST_102,IT_108,2024.02.10,8000
ST_102,IT_108,2024.02.11,8000
ST_102,IT_108,2024.02.12,8000
ST_102,IT_108,2024.02.13,8000
ST_102,IT_108,2024.02.14,8000
ST_102,IT_108,2024.02.15,8000
ST_102,IT_108,2024.02.16,8000
ST_102,IT_108,2024.02.17,8000
ST_102,IT_108,2024.02.18,8000
ST_102,IT_108,2024.02.19,8000
ST_102,IT_108,2024.02.20,8000
ST_102,IT_108,2024.02.21,8000
ST_102,IT_108,2024.02.22,8000
ST_102,IT_108,2024.02.23,8000
ST_102,IT_108,2024.02.24,8000
ST_102,IT_108,2024.02.25,8000
ST_102,IT_108,2024.02.26,8000
ST_102,IT_108,2024.02.27,8000
ST_102,IT_108,2024.02.28,8000
ST_102,IT_108,2024.02.29,8000
ST_102,IT_108,2024.02.30,8000
ST_102,IT_109,2024.02.01,0
ST_102,IT_109,2024.02.02,0
ST_102,IT_109,2024.02.03,0
ST_102,IT_109,2024.02.04,0
ST_102,IT_109,2024.02.05,0
ST_102,IT_109,2024.02.06,0
ST_102,IT_109,2024.02.07,0
ST_102,IT_109,2024.02.08,0
ST_102,IT_109,2024.02.09,0
ST_102,IT_109,2024.02.10,0
ST_102,IT_109,2024.02.11,0
ST_102,IT_109,2024.02.12,0
ST_102,IT_109,2024.02.13,0
ST_102,IT_109,2024.02.14,0
ST_102,IT_109,2024.02.15,0
ST_102,IT_109,2024.02.16,0
ST_102,IT_109,2024.02.17,0
ST_102,IT_109,2024.02.18,0
ST_102,IT_109,2024.02.19,0
ST_102,IT_109,2024.02.20,0
ST_102,IT_109,2024.02.21,0
ST_102,IT_109,2024.02.22,0
ST_102,IT_109,2024.02.23,0
ST_102,IT_109,2024.02.24,0
ST_102,IT_109,2024.02.25,0
ST_102,IT_109,2024.02.26,0
ST_102,IT_109,2024.02.27,0
ST_102,IT_109,2024.02.28,0
ST_102,IT_109,2024.02.29,0
ST_102,IT_109,2024.02.30,0
ST_102,IT_110,2024.02.01,4000
ST_102,IT_110,2024.02.02,4000
ST_102,IT_110,2024.02.03,4000
ST_102,IT_110,2024.02.04,4000
ST_102,IT_110,2024.02.05,4000
ST_102,IT_110,2024.02.06,4000
ST_102,IT_110,2024.02.07,4000
ST_102,IT_110,2024.02.08,4000
ST_102,IT_110,2024.02.09,4000
ST_102,IT_110,2024.02.10,4000
ST_102,IT_110,2024.02.11,4000
ST_102,IT_110,2024.02.12,4000
ST_102,IT_110,2024.02.13,4000
ST_102,IT_110,2024.02.14,4000
ST_102,IT_110,2024.02.15,4000
ST_102,IT_110,2024.02.16,4000
ST_102,IT_110,2024.02.17,4000
ST_102,IT_110,2024.02.18,4000
ST_102,IT_110,2024.02.19,4000
ST_102,IT_110,2024.02.20,4000
ST_102,IT_110,2024.02.21,4000
ST_102,IT_110,2024.02.22,4000
ST_102,IT_110,2024.02.23,4000
ST_102,IT_110,2024.02.24,4000
ST_102,IT_110,2024.02.25,4000
ST_102,IT_110,2024.02.26,4000
ST_102,IT_110,2024.02.27,4000
ST_102,IT_110,2024.02.28,4000
ST_102,IT_110,2024.02.29,4000
ST_102,IT_110,2024.02.30,4000
ST_102,IT_111,2024.02.01,20000
ST_102,IT_111,2024.02.02,20000
ST_102,IT_111,2024.02.03,20000
ST_102,IT_111,2024.02.04,20000
ST_102,IT_111,2024.02.05,20000
ST_102,IT_111,2024.02.06,20000
ST_102,IT_111,2024.02.07,20000
ST_102,IT_111,2024.02.08,20000
ST_102,IT_111,2024.02.09,20000
ST_102,IT_111,2024.02.10,20000
ST_102,IT_111,2024.02.11,20000
ST_102,IT_111,2024.02.12,20000
ST_102,IT_111,2024.02.13,20000
ST_102,IT_111,2024.02.14,20000
ST_102,IT_111,2024.02.15,20000
ST_102,IT_111,2024.02.16,20000
ST_102,IT_111,2024.02.17,20000
ST_102,IT_111,2024.02.18,20000
ST_102,IT_111,2024.02.19,20000
ST_102,IT_111,2024.02.20,20000
ST_102,IT_111,2024.02.21,20000
ST_102,IT_111,2024.02.22,20000
ST_102,IT_111,2024.02.23,20000
ST_102,IT_111,2024.02.24,20000
ST_102,IT_111,2024.02.25,20000
ST_102,IT_111,2024.02.26,20000
ST_102,IT_111,2024.02.27,20000
ST_102,IT_111,2024.02.28,20000
ST_102,IT_111,2024.02.29,20000
ST_102,IT_111,2024.02.30,20000
ST_102,IT_112,2024.02.01,18500
ST_102,IT_112,2024.02.02,18500
ST_102,IT_112,2024.02.03,18500
ST_102,IT_112,2024.02.04,18500
ST_102,IT_112,2024.02.05,18500
ST_102,IT_112,2024.02.06,18500
ST_102,IT_112,2024.02.07,18500
ST_102,IT_112,2024.02.08,18500
ST_102,IT_112,2024.02.09,18500
ST_102,IT_112,2024.02.10,18500
ST_102,IT_112,2024.02.11,18500
ST_102,IT_112,2024.02.12,18500
ST_102,IT_112,2024.02.13,18500
ST_102,IT_112,2024.02.14,18500
ST_102,IT_112,2024.02.15,18500
ST_102,IT_112,2024.02.16,18500
ST_102,IT_112,2024.02.17,18500
ST_102,IT_112,2024.02.18,18500
ST_102,IT_112,2024.02.19,18500
ST_102,IT_112,2024.02.20,18500
ST_102,IT_112,2024.02.21,18500
ST_102,IT_112,2024.02.22,18500
ST_102,IT_112,2024.02.23,18500
ST_102,IT_112,2024.02.24,18500
ST_102,IT_112,2024.02.25,18500
ST_102,IT_112,2024.02.26,18500
ST_102,IT_112,2024.02.27,18500
ST_102,IT_112,2024.02.28,18500
ST_102,IT_112,2024.02.29,18500
ST_102,IT_112,2024.02.30,18500
ST_102,IT_113,2024.02.01,3600
ST_102,IT_113,2024.02.02,3600
ST_102,IT_113,2024.02.03,3600
ST_102,IT_113,2024.02.04,3600
ST_102,IT_113,2024.02.05,3600
ST_102,IT_113,2024.02.06,3600
ST_102,IT_113,2024.02.07,3600
ST_102,IT_113,2024.02.08,3600
ST_102,IT_113,2024.02.09,3600
ST_102,IT_113,2024.02.10,3600
ST_102,IT_113,2024.02.11,3600
ST_102,IT_113,2024.02.12,3600
ST_102,IT_113,2024.02.13,3600
ST_102,IT_113,2024.02.14,3600
ST_102,IT_113,2024.02.15,3600
ST_102,IT_113,2024.02.16,3600
ST_102,IT_113,2024.02.17,3600
ST_102,IT_113,2024.02.18,3600
ST_102,IT_113,2024.02.19,3600
ST_102,IT_113,2024.02.20,3600
ST_102,IT_113,2024.02.21,3600
ST_102,IT_113,2024.02.22,3600
ST_102,IT_113,2024.02.23,3600
ST_102,IT_113,2024.02.24,3600
ST_102,IT_113,2024.02.25,3600
ST_102,IT_113,2024.02.26,3600
ST_102,IT_113,2024.02.27,3600
ST_102,IT_113,2024.02.28,3600
ST_102,IT_113,2024.02.29,3600
ST_102,IT_113,2024.02.30,3600
ST_102,IT_114,2024.02.01,7500
ST_102,IT_114,2024.02.02,7500
ST_102,IT_114,2024.02.03,7500
ST_102,IT_114,2024.02.04,7500
ST_102,IT_114,2024.02.05,7500
ST_102,IT_114,2024.02.06,7500
ST_102,IT_114,2024.02.07,7500
ST_102,IT_114,2024.02.08,7500
ST_102,IT_114,2024.02.09,7500
ST_102,IT_114,2024.02.10,7500
ST_102,IT_114,2024.02.11,7500
ST_102,IT_114,2024.02.12,7500
ST_102,IT_114,2024.02.13,7500
ST_102,IT_114,2024.02.14,7500
ST_102,IT_114,2024.02.15,7500
ST_102,IT_114,2024.02.16,7500
ST_102,IT_114,2024.02.17,7500
ST_102,IT_114,2024.02.18,7500
ST_102,IT_114,2024.02.19,7500
ST_102,IT_114,2024.02.20,7500
ST_102,IT_114,2024.02.21,7500
ST_102,IT_114,2024.02.22,7500
ST_102,IT_114,2024.02.23,7500
ST_102,IT_114,2024.02.24,7500
ST_102,IT_114,2024.02.25,7500
ST_102,IT_114,2024.02.26,7500
ST_102,IT_114,2024.02.27,7500
ST_102,IT_114,2024.02.28,7500
ST_102,IT_114,2024.02.29,7500
ST_102,IT_114,2024.02.30,7500
ST_102,IT_115,2024.02.01,5250
ST_102,IT_115,2024.02.02,5250
ST_102,IT_115,2024.02.03,5250
ST_102,IT_115,2024.02.04,5250
ST_102,IT_115,2024.02.05,5250
ST_102,IT_115,2024.02.06,5250
ST_102,IT_115,2024.02.07,5250
ST_102,IT_115,2024.02.08,5250
ST_102,IT_115,2024.02.09,5250
ST_102,IT_115,2024.02.10,5250
ST_102,IT_115,2024.02.11,5250
ST_102,IT_115,2024.02.12,5250
ST_102,IT_115,2024.02.13,5250
ST_102,IT_115,2024.02.14,5250
ST_102,IT_115,2024.02.15,5250
ST_102,IT_115,2024.02.16,5250
ST_102,IT_115,2024.02.17,5250
ST_102,IT_115,2024.02.18,5250
ST_102,IT_115,2024.02.19,5250
ST_102,IT_115,2024.02.20,5250
ST_102,IT_115,2024.02.21,5250
ST_102,IT_115,2024.02.22,5250
ST_102,IT_115,2024.02.23,5250
ST_102,IT_115,2024.02.24,5250
ST_102,IT_115,2024.02.25,5250
ST_102,IT_115,2024.02.26,5250
ST_102,IT_115,2024.02.27,5250
ST_102,IT_115,2024.02.28,5250
ST_102,IT_115,2024.02.29,5250
ST_102,IT_115,2024.02.30,5250
ST_102,IT_116,2024.02.01,5000
ST_102,IT_116,2024.02.02,5000
ST_102,IT_116,2024.02.03,5000
ST_102,IT_116,2024.02.04,5000
ST_102,IT_116,2024.02.05,5000
ST_102,IT_116,2024.02.06,5000
ST_102,IT_116,2024.02.07,5000
ST_102,IT_116,2024.02.08,5000
ST_102,IT_116,2024.02.09,5000
ST_102,IT_116,2024.02.10,5000
ST_102,IT_116,2024.02.11,5000
ST_102,IT_116,2024.02.12,5000
ST_102,IT_116,2024.02.13,5000
ST_102,IT_116,2024.02.14,5000
ST_102,IT_116,2024.02.15,5000
ST_102,IT_116,2024.02.16,5000
ST_102,IT_116,2024.02.17,5000
ST_102,IT_116,2024.02.18,5000
ST_102,IT_116,2024.02.19,5000
ST_102,IT_116,2024.02.20,5000
ST_102,IT_116,2024.02.21,5000
ST_102,IT_116,2024.02.22,5000
ST_102,IT_116,2024.02.23,5000
ST_102,IT_116,2024.02.24,5000
ST_102,IT_116,2024.02.25,5000
ST_102,IT_116,2024.02.26,5000
ST_102,IT_116,2024.02.27,5000
ST_102,IT_116,2024.02.28,5000
ST_102,IT_116,2024.02.29,5000
ST_102,IT_116,2024.02.30,5000
ST_102,IT_117,2024.02.01,6200
ST_102,IT_117,2024.02.02,6200
ST_102,IT_117,2024.02.03,6200
ST_102,IT_117,2024.02.04,6200
ST_102,IT_117,2024.02.05,6200
ST_102,IT_117,2024.02.06,6200
ST_102,IT_117,2024.02.07,6200
ST_102,IT_117,2024.02.08,6200
ST_102,IT_117,2024.02.09,6200
ST_102,IT_117,2024.02.10,6200
ST_102,IT_117,2024.02.11,6200
ST_102,IT_117,2024.02.12,6200
ST_102,IT_117,2024.02.13,6200
ST_102,IT_117,2024.02.14,6200
ST_102,IT_117,2024.02.15,6200
ST_102,IT_117,2024.02.16,6200
ST_102,IT_117,2024.02.17,6200
ST_102,IT_117,2024.02.18,6200
ST_102,IT_117,2024.02.19,6200
ST_102,IT_117,2024.02.20,6200
ST_102,IT_117,2024.02.21,6200
ST_102,IT_117,2024.02.22,6200
ST_102,IT_117,2024.02.23,6200
ST_102,IT_117,2024.02.24,6200
ST_102,IT_117,2024.02.25,6200
ST_102,IT_117,2024.02.26,6200
ST_102,IT_117,2024.02.27,6200
ST_102,IT_117,2024.02.28,6200
ST_102,IT_117,2024.02.29,6200
ST_102,IT_117,2024.02.30,6200
ST_102,IT_118,2024.02.01,600
ST_102,IT_118,2024.02.02,600
ST_102,IT_118,2024.02.03,600
ST_102,IT_118,2024.02.04,600
ST_102,IT_118,2024.02.05,600
ST_102,IT_118,2024.02.06,600
ST_102,IT_118,2024.02.07,600
ST_102,IT_118,2024.02.08,600
ST_102,IT_118,2024.02.09,600
ST_102,IT_118,2024.02.10,600
ST_102,IT_118,2024.02.11,600
ST_102,IT_118,2024.02.12,600
ST_102,IT_118,2024.02.13,600
ST_102,IT_118,2024.02.14,600
ST_102,IT_118,2024.02.15,600
ST_102,IT_118,2024.02.16,600
ST_102,IT_118,2024.02.17,600
ST_102,IT_118,2024.02.18,600
ST_102,IT_118,2024.02.19,600
ST_102,IT_118,2024.02.20,600
ST_102,IT_118,2024.02.21,600
ST_102,IT_118,2024.02.22,600
ST_102,IT_118,2024.02.23,600
ST_102,IT_118,2024.02.24,600
ST_102,IT_118,2024.02.25,600
ST_102,IT_118,2024.02.26,600
ST_102,IT_118,2024.02.27,600
ST_102,IT_118,2024.02.28,600
ST_102,IT_118,2024.02.29,600
ST_102,IT_118,2024.02.30,600
ST_102,IT_119,2024.02.01,40000
ST_102,IT_119,2024.02.02,40000
ST_102,IT_119,2024.02.03,40000
ST_102,IT_119,2024.02.04,40000
ST_102,IT_119,2024.02.05,40000
ST_102,IT_119,2024.02.06,40000
ST_102,IT_119,2024.02.07,40000
ST_102,IT_119,2024.02.08,40000
ST_102,IT_119,2024.02.09,40000
ST_102,IT_119,2024.02.10,40000
ST_102,IT_119,2024.02.11,40000
ST_102,IT_119,2024.02.12,40000
ST_102,IT_119,2024.02.13,40000
ST_102,IT_119,2024.02.14,40000
ST_102,IT_119,2024.02.15,40000
ST_102,IT_119,2024.02.16,40000
ST_102,IT_119,2024.02.17,40000
ST_102,IT_119,2024.02.18,40000
ST_102,IT_119,2024.02.19,40000
ST_102,IT_119,2024.02.20,40000
ST_102,IT_119,2024.02.21,40000
ST_102,IT_119,2024.02.22,40000
ST_102,IT_119,2024.02.23,40000
ST_102,IT_119,2024.02.24,40000
ST_102,IT_119,2024.02.25,40000
ST_102,IT_119,2024.02.26,40000
ST_102,IT_119,2024.02.27,40000
ST_102,IT_119,2024.02.28,40000
ST_102,IT_119,2024.02.29,40000
ST_102,IT_119,2024.02.30,40000
ST_102,IT_120,2024.02.01,3
ST_102,IT_120,2024.02.02,3
ST_102,IT_120,2024.02.03,3
ST_102,IT_120,2024.02.04,3
ST_102,IT_120,2024.02.05,3
ST_102,IT_120,2024.02.06,3
ST_102,IT_120,2024.02.07,3
ST_102,IT_120,2024.02.08,3
ST_102,IT_120,2024.02.09,3
ST_102,IT_120,2024.02.10,3
ST_102,IT_120,2024.02.11,3
ST_102,IT_120,2024.02.12,3
ST_102,IT_120,2024.02.13,3
ST_102,IT_120,2024.02.14,3
ST_102,IT_120,2024.02.15,3
ST_102,IT_120,2024.02.16,3
ST_102,IT_120,2024.02.17,3
ST_102,IT_120,2024.02.18,3
ST_102,IT_120,2024.02.19,3
ST_102,IT_120,2024.02.20,3
ST_102,IT_120,2024.02.21,3
ST_102,IT_120,2024.02.22,3
ST_102,IT_120,2024.02.23,3
ST_102,IT_120,2024.02.24,3
ST_102,IT_120,2024.02.25,3
ST_102,IT_120,2024.02.26,3
ST_102,IT_120,2024.02.27,3
ST_102,IT_120,2024.02.28,3
ST_102,IT_120,2024.02.29,3
ST_102,IT_120,2024.02.30,3
ST_102,IT_121,2024.02.01,3000
ST_102,IT_121,2024.02.02,3000
ST_102,IT_121,2024.02.03,3000
ST_102,IT_121,2024.02.04,3000
ST_102,IT_121,2024.02.05,3000
ST_102,IT_121,2024.02.06,3000
ST_102,IT_121,2024.02.07,3000
ST_102,IT_121,2024.02.08,3000
ST_102,IT_121,2024.02.09,3000
ST_102,IT_121,2024.02.10,3000
ST_102,IT_121,2024.02.11,3000
ST_102,IT_121,2024.02.12,3000
ST_102,IT_121,2024.02.13,3000
ST_102,IT_121,2024.02.14,3000
ST_102,IT_121,2024.02.15,3000
ST_102,IT_121,2024.02.16,3000
ST_102,IT_121,2024.02.17,3000
ST_102,IT_121,2024.02.18,3000
ST_102,IT_121,2024.02.19,3000
ST_102,IT_121,2024.02.20,3000
ST_102,IT_121,2024.02.21,3000
ST_102,IT_121,2024.02.22,3000
ST_102,IT_121,2024.02.23,3000
ST_102,IT_121,2024.02.24,3000
ST_102,IT_121,2024.02.25,3000
ST_102,IT_121,2024.02.26,3000
ST_102,IT_121,2024.02.27,3000
ST_102,IT_121,2024.02.28,3000
ST_102,IT_121,2024.02.29,3000
ST_102,IT_121,2024.02.30,3000
ST_102,IT_122,2024.02.01,5000
ST_102,IT_122,2024.02.02,5000
ST_102,IT_122,2024.02.03,5000
ST_102,IT_122,2024.02.04,5000
ST_102,IT_122,2024.02.05,5000
ST_102,IT_122,2024.02.06,5000
ST_102,IT_122,2024.02.07,5000
ST_102,IT_122,2024.02.08,5000
ST_102,IT_122,2024.02.09,5000
ST_102,IT_122,2024.02.10,5000
ST_102,IT_122,2024.02.11,5000
ST_102,IT_122,2024.02.12,5000
ST_102,IT_122,2024.02.13,5000
ST_102,IT_122,2024.02.14,5000
ST_102,IT_122,2024.02.15,5000
ST_102,IT_122,2024.02.16,5000
ST_102,IT_122,2024.02.17,5000
ST_102,IT_122,2024.02.18,5000
ST_102,IT_122,2024.02.19,5000
ST_102,IT_122,2024.02.20,5000
ST_102,IT_122,2024.02.21,5000
ST_102,IT_122,2024.02.22,5000
ST_102,IT_122,2024.02.23,5000
ST_102,IT_122,2024.02.24,5000
ST_102,IT_122,2024.02.25,5000
ST_102,IT_122,2024.02.26,5000
ST_102,IT_122,2024.02.27,5000
ST_102,IT_122,2024.02.28,5000
ST_102,IT_122,2024.02.29,5000
ST_102,IT_122,2024.02.30,5000
ST_102,IT_123,2024.02.01,600
ST_102,IT_123,2024.02.02,600
ST_102,IT_123,2024.02.03,600
ST_102,IT_123,2024.02.04,600
ST_102,IT_123,2024.02.05,600
ST_102,IT_123,2024.02.06,600
ST_102,IT_123,2024.02.07,600
ST_102,IT_123,2024.02.08,600
ST_102,IT_123,2024.02.09,600
ST_102,IT_123,2024.02.10,600
ST_102,IT_123,2024.02.11,600
ST_102,IT_123,2024.02.12,600
ST_102,IT_123,2024.02.13,600
ST_102,IT_123,2024.02.14,600
ST_102,IT_123,2024.02.15,600
ST_102,IT_123,2024.02.16,600
ST_102,IT_123,2024.02.17,600
ST_102,IT_123,2024.02.18,600
ST_102,IT_123,2024.02.19,600
ST_102,IT_123,2024.02.20,600
ST_102,IT_123,2024.02.21,600
ST_102,IT_123,2024.02.22,600
ST_102,IT_123,2024.02.23,600
ST_102,IT_123,2024.02.24,600
ST_102,IT_123,2024.02.25,600
ST_102,IT_123,2024.02.26,600
ST_102,IT_123,2024.02.27,600
ST_102,IT_123,2024.02.28,600
ST_102,IT_123,2024.02.29,600
ST_102,IT_123,2024.02.30,600
ST_102,IT_124,2024.02.01,20
ST_102,IT_124,2024.02.02,20
ST_102,IT_124,2024.02.03,20
ST_102,IT_124,2024.02.04,20
ST_102,IT_124,2024.02.05,20
ST_102,IT_124,2024.02.06,20
ST_102,IT_124,2024.02.07,20
ST_102,IT_124,2024.02.08,20
ST_102,IT_124,2024.02.09,20
ST_102,IT_124,2024.02.10,20
ST_102,IT_124,2024.02.11,20
ST_102,IT_124,2024.02.12,20
ST_102,IT_124,2024.02.13,20
ST_102,IT_124,2024.02.14,20
ST_102,IT_124,2024.02.15,20
ST_102,IT_124,2024.02.16,20
ST_102,IT_124,2024.02.17,20
ST_102,IT_124,2024.02.18,20
ST_102,IT_124,2024.02.19,20
ST_102,IT_124,2024.02.20,20
ST_102,IT_124,2024.02.21,20
ST_102,IT_124,2024.02.22,20
ST_102,IT_124,2024.02.23,20
ST_102,IT_124,2024.02.24,20
ST_102,IT_124,2024.02.25,20
ST_102,IT_124,2024.02.26,20
ST_102,IT_124,2024.02.27,20
ST_102,IT_124,2024.02.28,20
ST_102,IT_124,2024.02.29,20
ST_102,IT_124,2024.02.30,20
ST_102,IT_125,2024.02.01,14
ST_102,IT_125,2024.02.02,14
ST_102,IT_125,2024.02.03,14
ST_102,IT_125,2024.02.04,14
ST_102,IT_125,2024.02.05,14
ST_102,IT_125,2024.02.06,14
ST_102,IT_125,2024.02.07,14
ST_102,IT_125,2024.02.08,14
ST_102,IT_125,2024.02.09,14
ST_102,IT_125,2024.02.10,14
ST_102,IT_125,2024.02.11,14
ST_102,IT_125,2024.02.12,14
ST_102,IT_125,2024.02.13,14
ST_102,IT_125,2024.02.14,14
ST_102,IT_125,2024.02.15,14
ST_102,IT_125,2024.02.16,14
ST_102,IT_125,2024.02.17,14
ST_102,IT_125,2024.02.18,14
ST_102,IT_125,2024.02.19,14
ST_102,IT_125,2024.02.20,14
ST_102,IT_125,2024.02.21,14
ST_102,IT_125,2024.02.22,14
ST_102,IT_125,2024.02.23,14
ST_102,IT_125,2024.02.24,14
ST_102,IT_125,2024.02.25,14
ST_102,IT_125,2024.02.26,14
ST_102,IT_125,2024.02.27,14
ST_102,IT_125,2024.02.28,14
ST_102,IT_125,2024.02.29,14
ST_102,IT_125,2024.02.30,14
ST_102,IT_126,2024.02.01,48
ST_102,IT_126,2024.02.02,48
ST_102,IT_126,2024.02.03,48
ST_102,IT_126,2024.02.04,48
ST_102,IT_126,2024.02.05,48
ST_102,IT_126,2024.02.06,48
ST_102,IT_126,2024.02.07,48
ST_102,IT_126,2024.02.08,48
ST_102,IT_126,2024.02.09,48
ST_102,IT_126,2024.02.10,48
ST_102,IT_126,2024.02.11,48
ST_102,IT_126,2024.02.12,48
ST_102,IT_126,2024.02.13,48
ST_102,IT_126,2024.02.14,48
ST_102,IT_126,2024.02.15,48
ST_102,IT_126,2024.02.16,48
ST_102,IT_126,2024.02.17,48
ST_102,IT_126,2024.02.18,48
ST_102,IT_126,2024.02.19,48
ST_102,IT_126,2024.02.20,48
ST_102,IT_126,2024.02.21,48
ST_102,IT_126,2024.02.22,48
ST_102,IT_126,2024.02.23,48
ST_102,IT_126,2024.02.24,48
ST_102,IT_126,2024.02.25,48
ST_102,IT_126,2024.02.26,48
ST_102,IT_126,2024.02.27,48
ST_102,IT_126,2024.02.28,48
ST_102,IT_126,2024.02.29,48
ST_102,IT_126,2024.02.30,48
ST_102,IT_127,2024.02.01,0
ST_102,IT_127,2024.02.02,0
ST_102,IT_127,2024.02.03,0
ST_102,IT_127,2024.02.04,0
ST_102,IT_127,2024.02.05,0
ST_102,IT_127,2024.02.06,0
ST_102,IT_127,2024.02.07,0
ST_102,IT_127,2024.02.08,0
ST_102,IT_127,2024.02.09,0
ST_102,IT_127,2024.02.10,0
ST_102,IT_127,2024.02.11,0
ST_102,IT_127,2024.02.12,0
ST_102,IT_127,2024.02.13,0
ST_102,IT_127,2024.02.14,0
ST_102,IT_127,2024.02.15,0
ST_102,IT_127,2024.02.16,0
ST_102,IT_127,2024.02.17,0
ST_102,IT_127,2024.02.18,0
ST_102,IT_127,2024.02.19,0
ST_102,IT_127,2024.02.20,0
ST_102,IT_127,2024.02.21,0
ST_102,IT_127,2024.02.22,0
ST_102,IT_127,2024.02.23,0
ST_102,IT_127,2024.02.24,0
ST_102,IT_127,2024.02.25,0
ST_102,IT_127,2024.02.26,0
ST_102,IT_127,2024.02.27,0
ST_102,IT_127,2024.02.28,0
ST_102,IT_127,2024.02.29,0
ST_102,IT_127,2024.02.30,0
ST_102,IT_128,2024.02.01,30
ST_102,IT_128,2024.02.02,30
ST_102,IT_128,2024.02.03,30
ST_102,IT_128,2024.02.04,30
ST_102,IT_128,2024.02.05,30
ST_102,IT_128,2024.02.06,30
ST_102,IT_128,2024.02.07,30
ST_102,IT_128,2024.02.08,30
ST_102,IT_128,2024.02.09,30
ST_102,IT_128,2024.02.10,30
ST_102,IT_128,2024.02.11,30
ST_102,IT_128,2024.02.12,30
ST_102,IT_128,2024.02.13,30
ST_102,IT_128,2024.02.14,30
ST_102,IT_128,2024.02.15,30
ST_102,IT_128,2024.02.16,30
ST_102,IT_128,2024.02.17,30
ST_102,IT_128,2024.02.18,30
ST_102,IT_128,2024.02.19,30
ST_102,IT_128,2024.02.20,30
ST_102,IT_128,2024.02.21,30
ST_102,IT_128,2024.02.22,30
ST_102,IT_128,2024.02.23,30
ST_102,IT_128,2024.02.24,30
ST_102,IT_128,2024.02.25,30
ST_102,IT_128,2024.02.26,30
ST_102,IT_128,2024.02.27,30
ST_102,IT_128,2024.02.28,30
ST_102,IT_128,2024.02.29,30
ST_102,IT_128,2024.02.30,30
ST_102,IT_129,2024.02.01,220
ST_102,IT_129,2024.02.02,220
ST_102,IT_129,2024.02.03,220
ST_102,IT_129,2024.02.04,220
ST_102,IT_129,2024.02.05,220
ST_102,IT_129,2024.02.06,220
ST_102,IT_129,2024.02.07,220
ST_102,IT_129,2024.02.08,220
ST_102,IT_129,2024.02.09,220
ST_102,IT_129,2024.02.10,220
ST_102,IT_129,2024.02.11,220
ST_102,IT_129,2024.02.12,220
ST_102,IT_129,2024.02.13,220
ST_102,IT_129,2024.02.14,220
ST_102,IT_129,2024.02.15,220
ST_102,IT_129,2024.02.16,220
ST_102,IT_129,2024.02.17,220
ST_102,IT_129,2024.02.18,220
ST_102,IT_129,2024.02.19,220
ST_102,IT_129,2024.02.20,220
ST_102,IT_129,2024.02.21,220
ST_102,IT_129,2024.02.22,220
ST_102,IT_129,2024.02.23,220
ST_102,IT_129,2024.02.24,220
ST_102,IT_129,2024.02.25,220
ST_102,IT_129,2024.02.26,220
ST_102,IT_129,2024.02.27,220
ST_102,IT_129,2024.02.28,220
ST_102,IT_129,2024.02.29,220
ST_102,IT_129,2024.02.30,220
ST_102,IT_130,2024.02.01,184
ST_102,IT_130,2024.02.02,184
ST_102,IT_130,2024.02.03,184
ST_102,IT_130,2024.02.04,184
ST_102,IT_130,2024.02.05,184
ST_102,IT_130,2024.02.06,184
ST_102,IT_130,2024.02.07,184
ST_102,IT_130,2024.02.08,184
ST_102,IT_130,2024.02.09,184
ST_102,IT_130,2024.02.10,184
ST_102,IT_130,2024.02.11,184
ST_102,IT_130,2024.02.12,184
ST_102,IT_130,2024.02.13,184
ST_102,IT_130,2024.02.14,184
ST_102,IT_130,2024.02.15,184
ST_102,IT_130,2024.02.16,184
ST_102,IT_130,2024.02.17,184
ST_102,IT_130,2024.02.18,184
ST_102,IT_130,2024.02.19,184
ST_102,IT_130,2024.02.20,184
ST_102,IT_130,2024.02.21,184
ST_102,IT_130,2024.02.22,184
ST_102,IT_130,2024.02.23,184
ST_102,IT_130,2024.02.24,184
ST_102,IT_130,2024.02.25,184
ST_102,IT_130,2024.02.26,184
ST_102,IT_130,2024.02.27,184
ST_102,IT_130,2024.02.28,184
ST_102,IT_130,2024.02.29,184
ST_102,IT_130,2024.02.30,184
ST_102,IT_132,2024.02.01,136
ST_102,IT_132,2024.02.02,136
ST_102,IT_132,2024.02.03,136
ST_102,IT_132,2024.02.04,136
ST_102,IT_132,2024.02.05,136
ST_102,IT_132,2024.02.06,136
ST_102,IT_132,2024.02.07,136
ST_102,IT_132,2024.02.08,136
ST_102,IT_132,2024.02.09,136
ST_102,IT_132,2024.02.10,136
ST_102,IT_132,2024.02.11,136
ST_102,IT_132,2024.02.12,136
ST_102,IT_132,2024.02.13,136
ST_102,IT_132,2024.02.14,136
ST_102,IT_132,2024.02.15,136
ST_102,IT_132,2024.02.16,136
ST_102,IT_132,2024.02.17,136
ST_102,IT_132,2024.02.18,136
ST_102,IT_132,2024.02.19,136
ST_102,IT_132,2024.02.20,136
ST_102,IT_132,2024.02.21,136
ST_102,IT_132,2024.02.22,136
ST_102,IT_132,2024.02.23,136
ST_102,IT_132,2024.02.24,136
ST_102,IT_132,2024.02.25,136
ST_102,IT_132,2024.02.26,136
ST_102,IT_132,2024.02.27,136
ST_102,IT_132,2024.02.28,136
ST_102,IT_132,2024.02.29,136
ST_102,IT_132,2024.02.30,136
ST_102,IT_133,2024.02.01,62
ST_102,IT_133,2024.02.02,62
ST_102,IT_133,2024.02.03,62
ST_102,IT_133,2024.02.04,62
ST_102,IT_133,2024.02.05,62
ST_102,IT_133,2024.02.06,62
ST_102,IT_133,2024.02.07,62
ST_102,IT_133,2024.02.08,62
ST_102,IT_133,2024.02.09,62
ST_102,IT_133,2024.02.10,62
ST_102,IT_133,2024.02.11,62
ST_102,IT_133,2024.02.12,62
ST_102,IT_133,2024.02.13,62
ST_102,IT_133,2024.02.14,62
ST_102,IT_133,2024.02.15,62
ST_102,IT_133,2024.02.16,62
ST_102,IT_133,2024.02.17,62
ST_102,IT_133,2024.02.18,62
ST_102,IT_133,2024.02.19,62
ST_102,IT_133,2024.02.20,62
ST_102,IT_133,2024.02.21,62
ST_102,IT_133,2024.02.22,62
ST_102,IT_133,2024.02.23,62
ST_102,IT_133,2024.02.24,62
ST_102,IT_133,2024.02.25,62
ST_102,IT_133,2024.02.26,62
ST_102,IT_133,2024.02.27,62
ST_102,IT_133,2024.02.28,62
ST_102,IT_133,2024.02.29,62
ST_102,IT_133,2024.02.30,62
ST_102,IT_134,2024.02.01,21
ST_102,IT_134,2024.02.02,21
ST_102,IT_134,2024.02.03,21
ST_102,IT_134,2024.02.04,21
ST_102,IT_134,2024.02.05,21
ST_102,IT_134,2024.02.06,21
ST_102,IT_134,2024.02.07,21
ST_102,IT_134,2024.02.08,21
ST_102,IT_134,2024.02.09,21
ST_102,IT_134,2024.02.10,21
ST_102,IT_134,2024.02.11,21
ST_102,IT_134,2024.02.12,21
ST_102,IT_134,2024.02.13,21
ST_102,IT_134,2024.02.14,21
ST_102,IT_134,2024.02.15,21
ST_102,IT_134,2024.02.16,21
ST_102,IT_134,2024.02.17,21
ST_102,IT_134,2024.02.18,21
ST_102,IT_134,2024.02.19,21
ST_102,IT_134,2024.02.20,21
ST_102,IT_134,2024.02.21,21
ST_102,IT_134,2024.02.22,21
ST_102,IT_134,2024.02.23,21
ST_102,IT_134,2024.02.24,21
ST_102,IT_134,2024.02.25,21
ST_102,IT_134,2024.02.26,21
ST_102,IT_134,2024.02.27,21
ST_102,IT_134,2024.02.28,21
ST_102,IT_134,2024.02.29,21
ST_102,IT_134,2024.02.30,21
ST_102,IT_137,2024.02.01,17800
ST_102,IT_137,2024.02.02,17800
ST_102,IT_137,2024.02.03,17800
ST_102,IT_137,2024.02.04,17800
ST_102,IT_137,2024.02.05,17800
ST_102,IT_137,2024.02.06,17800
ST_102,IT_137,2024.02.07,17800
ST_102,IT_137,2024.02.08,17800
ST_102,IT_137,2024.02.09,17800
ST_102,IT_137,2024.02.10,17800
ST_102,IT_137,2024.02.11,17800
ST_102,IT_137,2024.02.12,17800
ST_102,IT_137,2024.02.13,17800
ST_102,IT_137,2024.02.14,17800
ST_102,IT_137,2024.02.15,17800
ST_102,IT_137,2024.02.16,17800
ST_102,IT_137,2024.02.17,17800
ST_102,IT_137,2024.02.18,17800
ST_102,IT_137,2024.02.19,17800
ST_102,IT_137,2024.02.20,17800
ST_102,IT_137,2024.02.21,17800
ST_102,IT_137,2024.02.22,17800
ST_102,IT_137,2024.02.23,17800
ST_102,IT_137,2024.02.24,17800
ST_102,IT_137,2024.02.25,17800
ST_102,IT_137,2024.02.26,17800
ST_102,IT_137,2024.02.27,17800
ST_102,IT_137,2024.02.28,17800
ST_102,IT_137,2024.02.29,17800
ST_102,IT_137,2024.02.30,17800
ST_102,IT_138,2024.02.01,3500
ST_102,IT_138,2024.02.02,3500
ST_102,IT_138,2024.02.03,3500
ST_102,IT_138,2024.02.04,3500
ST_102,IT_138,2024.02.05,3500
ST_102,IT_138,2024.02.06,3500
ST_102,IT_138,2024.02.07,3500
ST_102,IT_138,2024.02.08,3500
ST_102,IT_138,2024.02.09,3500
ST_102,IT_138,2024.02.10,3500
ST_102,IT_138,2024.02.11,3500
ST_102,IT_138,2024.02.12,3500
ST_102,IT_138,2024.02.13,3500
ST_102,IT_138,2024.02.14,3500
ST_102,IT_138,2024.02.15,3500
ST_102,IT_138,2024.02.16,3500
ST_102,IT_138,2024.02.17,3500
ST_102,IT_138,2024.02.18,3500
ST_102,IT_138,2024.02.19,3500
ST_102,IT_138,2024.02.20,3500
ST_102,IT_138,2024.02.21,3500
ST_102,IT_138,2024.02.22,3500
ST_102,IT_138,2024.02.23,3500
ST_102,IT_138,2024.02.24,3500
ST_102,IT_138,2024.02.25,3500
ST_102,IT_138,2024.02.26,3500
ST_102,IT_138,2024.02.27,3500
ST_102,IT_138,2024.02.28,3500
ST_102,IT_138,2024.02.29,3500
ST_102,IT_138,2024.02.30,3500
ST_102,IT_139,2024.02.01,18
ST_102,IT_139,2024.02.02,18
ST_102,IT_139,2024.02.03,18
ST_102,IT_139,2024.02.04,18
ST_102,IT_139,2024.02.05,18
ST_102,IT_139,2024.02.06,18
ST_102,IT_139,2024.02.07,18
ST_102,IT_139,2024.02.08,18
ST_102,IT_139,2024.02.09,18
ST_102,IT_139,2024.02.10,18
ST_102,IT_139,2024.02.11,18
ST_102,IT_139,2024.02.12,18
ST_102,IT_139,2024.02.13,18
ST_102,IT_139,2024.02.14,18
ST_102,IT_139,2024.02.15,18
ST_102,IT_139,2024.02.16,18
ST_102,IT_139,2024.02.17,18
ST_102,IT_139,2024.02.18,18
ST_102,IT_139,2024.02.19,18
ST_102,IT_139,2024.02.20,18
ST_102,IT_139,2024.02.21,18
ST_102,IT_139,2024.02.22,18
ST_102,IT_139,2024.02.23,18
ST_102,IT_139,2024.02.24,18
ST_102,IT_139,2024.02.25,18
ST_102,IT_139,2024.02.26,18
ST_102,IT_139,2024.02.27,18
ST_102,IT_139,2024.02.28,18
ST_102,IT_139,2024.02.29,18
ST_102,IT_139,2024.02.30,18
ST_102,IT_140,2024.02.01,44
ST_102,IT_140,2024.02.02,44
ST_102,IT_140,2024.02.03,44
ST_102,IT_140,2024.02.04,44
ST_102,IT_140,2024.02.05,44
ST_102,IT_140,2024.02.06,44
ST_102,IT_140,2024.02.07,44
ST_102,IT_140,2024.02.08,44
ST_102,IT_140,2024.02.09,44
ST_102,IT_140,2024.02.10,44
ST_102,IT_140,2024.02.11,44
ST_102,IT_140,2024.02.12,44
ST_102,IT_140,2024.02.13,44
ST_102,IT_140,2024.02.14,44
ST_102,IT_140,2024.02.15,44
ST_102,IT_140,2024.02.16,44
ST_102,IT_140,2024.02.17,44
ST_102,IT_140,2024.02.18,44
ST_102,IT_140,2024.02.19,44
ST_102,IT_140,2024.02.20,44
ST_102,IT_140,2024.02.21,44
ST_102,IT_140,2024.02.22,44
ST_102,IT_140,2024.02.23,44
ST_102,IT_140,2024.02.24,44
ST_102,IT_140,2024.02.25,44
ST_102,IT_140,2024.02.26,44
ST_102,IT_140,2024.02.27,44
ST_102,IT_140,2024.02.28,44
ST_102,IT_140,2024.02.29,44
ST_102,IT_140,2024.02.30,44
ST_102,IT_141,2024.02.01,33
ST_102,IT_141,2024.02.02,33
ST_102,IT_141,2024.02.03,33
ST_102,IT_141,2024.02.04,33
ST_102,IT_141,2024.02.05,33
ST_102,IT_141,2024.02.06,33
ST_102,IT_141,2024.02.07,33
ST_102,IT_141,2024.02.08,33
ST_102,IT_141,2024.02.09,33
ST_102,IT_141,2024.02.10,33
ST_102,IT_141,2024.02.11,33
ST_102,IT_141,2024.02.12,33
ST_102,IT_141,2024.02.13,33
ST_102,IT_141,2024.02.14,33
ST_102,IT_141,2024.02.15,33
ST_102,IT_141,2024.02.16,33
ST_102,IT_141,2024.02.17,33
ST_102,IT_141,2024.02.18,33
ST_102,IT_141,2024.02.19,33
ST_102,IT_141,2024.02.20,33
ST_102,IT_141,2024.02.21,33
ST_102,IT_141,2024.02.22,33
ST_102,IT_141,2024.02.23,33
ST_102,IT_141,2024.02.24,33
ST_102,IT_141,2024.02.25,33
ST_102,IT_141,2024.02.26,33
ST_102,IT_141,2024.02.27,33
ST_102,IT_141,2024.02.28,33
ST_102,IT_141,2024.02.29,33
ST_102,IT_141,2024.02.30,33
ST_102,IT_142,2024.02.01,51
ST_102,IT_142,2024.02.02,51
ST_102,IT_142,2024.02.03,51
ST_102,IT_142,2024.02.04,51
ST_102,IT_142,2024.02.05,51
ST_102,IT_142,2024.02.06,51
ST_102,IT_142,2024.02.07,51
ST_102,IT_142,2024.02.08,51
ST_102,IT_142,2024.02.09,51
ST_102,IT_142,2024.02.10,51
ST_102,IT_142,2024.02.11,51
ST_102,IT_142,2024.02.12,51
ST_102,IT_142,2024.02.13,51
ST_102,IT_142,2024.02.14,51
ST_102,IT_142,2024.02.15,51
ST_102,IT_142,2024.02.16,51
ST_102,IT_142,2024.02.17,51
ST_102,IT_142,2024.02.18,51
ST_102,IT_142,2024.02.19,51
ST_102,IT_142,2024.02.20,51
ST_102,IT_142,2024.02.21,51
ST_102,IT_142,2024.02.22,51
ST_102,IT_142,2024.02.23,51
ST_102,IT_142,2024.02.24,51
ST_102,IT_142,2024.02.25,51
ST_102,IT_142,2024.02.26,51
ST_102,IT_142,2024.02.27,51
ST_102,IT_142,2024.02.28,51
ST_102,IT_142,2024.02.29,51
ST_102,IT_142,2024.02.30,51
ST_102,IT_143,2024.02.01,16
ST_102,IT_143,2024.02.02,16
ST_102,IT_143,2024.02.03,16
ST_102,IT_143,2024.02.04,16
ST_102,IT_143,2024.02.05,16
ST_102,IT_143,2024.02.06,16
ST_102,IT_143,2024.02.07,16
ST_102,IT_143,2024.02.08,16
ST_102,IT_143,2024.02.09,16
ST_102,IT_143,2024.02.10,16
ST_102,IT_143,2024.02.11,16
ST_102,IT_143,2024.02.12,16
ST_102,IT_143,2024.02.13,16
ST_102,IT_143,2024.02.14,16
ST_102,IT_143,2024.02.15,16
ST_102,IT_143,2024.02.16,16
ST_102,IT_143,2024.02.17,16
ST_102,IT_143,2024.02.18,16
ST_102,IT_143,2024.02.19,16
ST_102,IT_143,2024.02.20,16
ST_102,IT_143,2024.02.21,16
ST_102,IT_143,2024.02.22,16
ST_102,IT_143,2024.02.23,16
ST_102,IT_143,2024.02.24,16
ST_102,IT_143,2024.02.25,16
ST_102,IT_143,2024.02.26,16
ST_102,IT_143,2024.02.27,16
ST_102,IT_143,2024.02.28,16
ST_102,IT_143,2024.02.29,16
ST_102,IT_143,2024.02.30,16
ST_102,IT_144,2024.02.01,17
ST_102,IT_144,2024.02.02,17
ST_102,IT_144,2024.02.03,17
ST_102,IT_144,2024.02.04,17
ST_102,IT_144,2024.02.05,17
ST_102,IT_144,2024.02.06,17
ST_102,IT_144,2024.02.07,17
ST_102,IT_144,2024.02.08,17
ST_102,IT_144,2024.02.09,17
ST_102,IT_144,2024.02.10,17
ST_102,IT_144,2024.02.11,17
ST_102,IT_144,2024.02.12,17
ST_102,IT_144,2024.02.13,17
ST_102,IT_144,2024.02.14,17
ST_102,IT_144,2024.02.15,17
ST_102,IT_144,2024.02.16,17
ST_102,IT_144,2024.02.17,17
ST_102,IT_144,2024.02.18,17
ST_102,IT_144,2024.02.19,17
ST_102,IT_144,2024.02.20,17
ST_102,IT_144,2024.02.21,17
ST_102,IT_144,2024.02.22,17
ST_102,IT_144,2024.02.23,17
ST_102,IT_144,2024.02.24,17
ST_102,IT_144,2024.02.25,17
ST_102,IT_144,2024.02.26,17
ST_102,IT_144,2024.02.27,17
ST_102,IT_144,2024.02.28,17
ST_102,IT_144,2024.02.29,17
ST_102,IT_144,2024.02.30,17
ST_102,IT_145,2024.02.01,13
ST_102,IT_145,2024.02.02,13
ST_102,IT_145,2024.02.03,13
ST_102,IT_145,2024.02.04,13
ST_102,IT_145,2024.02.05,13
ST_102,IT_145,2024.02.06,13
ST_102,IT_145,2024.02.07,13
ST_102,IT_145,2024.02.08,13
ST_102,IT_145,2024.02.09,13
ST_102,IT_145,2024.02.10,13
ST_102,IT_145,2024.02.11,13
ST_102,IT_145,2024.02.12,13
ST_102,IT_145,2024.02.13,13
ST_102,IT_145,2024.02.14,13
ST_102,IT_145,2024.02.15,13
ST_102,IT_145,2024.02.16,13
ST_102,IT_145,2024.02.17,13
ST_102,IT_145,2024.02.18,13
ST_102,IT_145,2024.02.19,13
ST_102,IT_145,2024.02.20,13
ST_102,IT_145,2024.02.21,13
ST_102,IT_145,2024.02.22,13
ST_102,IT_145,2024.02.23,13
ST_102,IT_145,2024.02.24,13
ST_102,IT_145,2024.02.25,13
ST_102,IT_145,2024.02.26,13
ST_102,IT_145,2024.02.27,13
ST_102,IT_145,2024.02.28,13
ST_102,IT_145,2024.02.29,13
ST_102,IT_145,2024.02.30,13
ST_102,IT_146,2024.02.01,24
ST_102,IT_146,2024.02.02,24
ST_102,IT_146,2024.02.03,24
ST_102,IT_146,2024.02.04,24
ST_102,IT_146,2024.02.05,24
ST_102,IT_146,2024.02.06,24
ST_102,IT_146,2024.02.07,24
ST_102,IT_146,2024.02.08,24
ST_102,IT_146,2024.02.09,24
ST_102,IT_146,2024.02.10,24
ST_102,IT_146,2024.02.11,24
ST_102,IT_146,2024.02.12,24
ST_102,IT_146,2024.02.13,24
ST_102,IT_146,2024.02.14,24
ST_102,IT_146,2024.02.15,24
ST_102,IT_146,2024.02.16,24
ST_102,IT_146,2024.02.17,24
ST_102,IT_146,2024.02.18,24
ST_102,IT_146,2024.02.19,24
ST_102,IT_146,2024.02.20,24
ST_102,IT_146,2024.02.21,24
ST_102,IT_146,2024.02.22,24
ST_102,IT_146,2024.02.23,24
ST_102,IT_146,2024.02.24,24
ST_102,IT_146,2024.02.25,24
ST_102,IT_146,2024.02.26,24
ST_102,IT_146,2024.02.27,24
ST_102,IT_146,2024.02.28,24
ST_102,IT_146,2024.02.29,24
ST_102,IT_146,2024.02.30,24
ST_102,IT_152,2024.02.01,33
ST_102,IT_152,2024.02.02,33
ST_102,IT_152,2024.02.03,33
ST_102,IT_152,2024.02.04,33
ST_102,IT_152,2024.02.05,33
ST_102,IT_152,2024.02.06,33
ST_102,IT_152,2024.02.07,33
ST_102,IT_152,2024.02.08,33
ST_102,IT_152,2024.02.09,33
ST_102,IT_152,2024.02.10,33
ST_102,IT_152,2024.02.11,33
ST_102,IT_152,2024.02.12,33
ST_102,IT_152,2024.02.13,33
ST_102,IT_152,2024.02.14,33
ST_102,IT_152,2024.02.15,33
ST_102,IT_152,2024.02.16,33
ST_102,IT_152,2024.02.17,33
ST_102,IT_152,2024.02.18,33
ST_102,IT_152,2024.02.19,33
ST_102,IT_152,2024.02.20,33
ST_102,IT_152,2024.02.21,33
ST_102,IT_152,2024.02.22,33
ST_102,IT_152,2024.02.23,33
ST_102,IT_152,2024.02.24,33
ST_102,IT_152,2024.02.25,33
ST_102,IT_152,2024.02.26,33
ST_102,IT_152,2024.02.27,33
ST_102,IT_152,2024.02.28,33
ST_102,IT_152,2024.02.29,33
ST_102,IT_152,2024.02.30,33
ST_102,IT_153,2024.02.01,28
ST_102,IT_153,2024.02.02,28
ST_102,IT_153,2024.02.03,28
ST_102,IT_153,2024.02.04,28
ST_102,IT_153,2024.02.05,28
ST_102,IT_153,2024.02.06,28
ST_102,IT_153,2024.02.07,28
ST_102,IT_153,2024.02.08,28
ST_102,IT_153,2024.02.09,28
ST_102,IT_153,2024.02.10,28
ST_102,IT_153,2024.02.11,28
ST_102,IT_153,2024.02.12,28
ST_102,IT_153,2024.02.13,28
ST_102,IT_153,2024.02.14,28
ST_102,IT_153,2024.02.15,28
ST_102,IT_153,2024.02.16,28
ST_102,IT_153,2024.02.17,28
ST_102,IT_153,2024.02.18,28
ST_102,IT_153,2024.02.19,28
ST_102,IT_153,2024.02.20,28
ST_102,IT_153,2024.02.21,28
ST_102,IT_153,2024.02.22,28
ST_102,IT_153,2024.02.23,28
ST_102,IT_153,2024.02.24,28
ST_102,IT_153,2024.02.25,28
ST_102,IT_153,2024.02.26,28
ST_102,IT_153,2024.02.27,28
ST_102,IT_153,2024.02.28,28
ST_102,IT_153,2024.02.29,28
ST_102,IT_153,2024.02.30,28
ST_102,IT_154,2024.02.01,48
ST_102,IT_154,2024.02.02,48
ST_102,IT_154,2024.02.03,48
ST_102,IT_154,2024.02.04,48
ST_102,IT_154,2024.02.05,48
ST_102,IT_154,2024.02.06,48
ST_102,IT_154,2024.02.07,48
ST_102,IT_154,2024.02.08,48
ST_102,IT_154,2024.02.09,48
ST_102,IT_154,2024.02.10,48
ST_102,IT_154,2024.02.11,48
ST_102,IT_154,2024.02.12,48
ST_102,IT_154,2024.02.13,48
ST_102,IT_154,2024.02.14,48
ST_102,IT_154,2024.02.15,48
ST_102,IT_154,2024.02.16,48
ST_102,IT_154,2024.02.17,48
ST_102,IT_154,2024.02.18,48
ST_102,IT_154,2024.02.19,48
ST_102,IT_154,2024.02.20,48
ST_102,IT_154,2024.02.21,48
ST_102,IT_154,2024.02.22,48
ST_102,IT_154,2024.02.23,48
ST_102,IT_154,2024.02.24,48
ST_102,IT_154,2024.02.25,48
ST_102,IT_154,2024.02.26,48
ST_102,IT_154,2024.02.27,48
ST_102,IT_154,2024.02.28,48
ST_102,IT_154,2024.02.29,48
ST_102,IT_154,2024.02.30,48
ST_102,IT_155,2024.02.01,30
ST_102,IT_155,2024.02.02,30
ST_102,IT_155,2024.02.03,30
ST_102,IT_155,2024.02.04,30
ST_102,IT_155,2024.02.05,30
ST_102,IT_155,2024.02.06,30
ST_102,IT_155,2024.02.07,30
ST_102,IT_155,2024.02.08,30
ST_102,IT_155,2024.02.09,30
ST_102,IT_155,2024.02.10,30
ST_102,IT_155,2024.02.11,30
ST_102,IT_155,2024.02.12,30
ST_102,IT_155,2024.02.13,30
ST_102,IT_155,2024.02.14,30
ST_102,IT_155,2024.02.15,30
ST_102,IT_155,2024.02.16,30
ST_102,IT_155,2024.02.17,30
ST_102,IT_155,2024.02.18,30
ST_102,IT_155,2024.02.19,30
ST_102,IT_155,2024.02.20,30
ST_102,IT_155,2024.02.21,30
ST_102,IT_155,2024.02.22,30
ST_102,IT_155,2024.02.23,30
ST_102,IT_155,2024.02.24,30
ST_102,IT_155,2024.02.25,30
ST_102,IT_155,2024.02.26,30
ST_102,IT_155,2024.02.27,30
ST_102,IT_155,2024.02.28,30
ST_102,IT_155,2024.02.29,30
ST_102,IT_155,2024.02.30,30
ST_102,IT_156,2024.02.01,27
ST_102,IT_156,2024.02.02,27
ST_102,IT_156,2024.02.03,27
ST_102,IT_156,2024.02.04,27
ST_102,IT_156,2024.02.05,27
ST_102,IT_156,2024.02.06,27
ST_102,IT_156,2024.02.07,27
ST_102,IT_156,2024.02.08,27
ST_102,IT_156,2024.02.09,27
ST_102,IT_156,2024.02.10,27
ST_102,IT_156,2024.02.11,27
ST_102,IT_156,2024.02.12,27
ST_102,IT_156,2024.02.13,27
ST_102,IT_156,2024.02.14,27
ST_102,IT_156,2024.02.15,27
ST_102,IT_156,2024.02.16,27
ST_102,IT_156,2024.02.17,27
ST_102,IT_156,2024.02.18,27
ST_102,IT_156,2024.02.19,27
ST_102,IT_156,2024.02.20,27
ST_102,IT_156,2024.02.21,27
ST_102,IT_156,2024.02.22,27
ST_102,IT_156,2024.02.23,27
ST_102,IT_156,2024.02.24,27
ST_102,IT_156,2024.02.25,27
ST_102,IT_156,2024.02.26,27
ST_102,IT_156,2024.02.27,27
ST_102,IT_156,2024.02.28,27
ST_102,IT_156,2024.02.29,27
ST_102,IT_156,2024.02.30,27
ST_102,IT_157,2024.02.01,65
ST_102,IT_157,2024.02.02,65
ST_102,IT_157,2024.02.03,65
ST_102,IT_157,2024.02.04,65
ST_102,IT_157,2024.02.05,65
ST_102,IT_157,2024.02.06,65
ST_102,IT_157,2024.02.07,65
ST_102,IT_157,2024.02.08,65
ST_102,IT_157,2024.02.09,65
ST_102,IT_157,2024.02.10,65
ST_102,IT_157,2024.02.11,65
ST_102,IT_157,2024.02.12,65
ST_102,IT_157,2024.02.13,65
ST_102,IT_157,2024.02.14,65
ST_102,IT_157,2024.02.15,65
ST_102,IT_157,2024.02.16,65
ST_102,IT_157,2024.02.17,65
ST_102,IT_157,2024.02.18,65
ST_102,IT_157,2024.02.19,65
ST_102,IT_157,2024.02.20,65
ST_102,IT_157,2024.02.21,65
ST_102,IT_157,2024.02.22,65
ST_102,IT_157,2024.02.23,65
ST_102,IT_157,2024.02.24,65
ST_102,IT_157,2024.02.25,65
ST_102,IT_157,2024.02.26,65
ST_102,IT_157,2024.02.27,65
ST_102,IT_157,2024.02.28,65
ST_102,IT_157,2024.02.29,65
ST_102,IT_157,2024.02.30,65
ST_102,IT_158,2024.02.01,44
ST_102,IT_158,2024.02.02,44
ST_102,IT_158,2024.02.03,44
ST_102,IT_158,2024.02.04,44
ST_102,IT_158,2024.02.05,44
ST_102,IT_158,2024.02.06,44
ST_102,IT_158,2024.02.07,44
ST_102,IT_158,2024.02.08,44
ST_102,IT_158,2024.02.09,44
ST_102,IT_158,2024.02.10,44
ST_102,IT_158,2024.02.11,44
ST_102,IT_158,2024.02.12,44
ST_102,IT_158,2024.02.13,44
ST_102,IT_158,2024.02.14,44
ST_102,IT_158,2024.02.15,44
ST_102,IT_158,2024.02.16,44
ST_102,IT_158,2024.02.17,44
ST_102,IT_158,2024.02.18,44
ST_102,IT_158,2024.02.19,44
ST_102,IT_158,2024.02.20,44
ST_102,IT_158,2024.02.21,44
ST_102,IT_158,2024.02.22,44
ST_102,IT_158,2024.02.23,44
ST_102,IT_158,2024.02.24,44
ST_102,IT_158,2024.02.25,44
ST_102,IT_158,2024.02.26,44
ST_102,IT_158,2024.02.27,44
ST_102,IT_158,2024.02.28,44
ST_102,IT_158,2024.02.29,44
ST_102,IT_158,2024.02.30,44
ST_102,IT_159,2024.02.01,25
ST_102,IT_159,2024.02.02,25
ST_102,IT_159,2024.02.03,25
ST_102,IT_159,2024.02.04,25
ST_102,IT_159,2024.02.05,25
ST_102,IT_159,2024.02.06,25
ST_102,IT_159,2024.02.07,25
ST_102,IT_159,2024.02.08,25
ST_102,IT_159,2024.02.09,25
ST_102,IT_159,2024.02.10,25
ST_102,IT_159,2024.02.11,25
ST_102,IT_159,2024.02.12,25
ST_102,IT_159,2024.02.13,25
ST_102,IT_159,2024.02.14,25
ST_102,IT_159,2024.02.15,25
ST_102,IT_159,2024.02.16,25
ST_102,IT_159,2024.02.17,25
ST_102,IT_159,2024.02.18,25
ST_102,IT_159,2024.02.19,25
ST_102,IT_159,2024.02.20,25
ST_102,IT_159,2024.02.21,25
ST_102,IT_159,2024.02.22,25
ST_102,IT_159,2024.02.23,25
ST_102,IT_159,2024.02.24,25
ST_102,IT_159,2024.02.25,25
ST_102,IT_159,2024.02.26,25
ST_102,IT_159,2024.02.27,25
ST_102,IT_159,2024.02.28,25
ST_102,IT_159,2024.02.29,25
ST_102,IT_159,2024.02.30,25
ST_102,IT_160,2024.02.01,8
ST_102,IT_160,2024.02.02,8
ST_102,IT_160,2024.02.03,8
ST_102,IT_160,2024.02.04,8
ST_102,IT_160,2024.02.05,8
ST_102,IT_160,2024.02.06,8
ST_102,IT_160,2024.02.07,8
ST_102,IT_160,2024.02.08,8
ST_102,IT_160,2024.02.09,8
ST_102,IT_160,2024.02.10,8
ST_102,IT_160,2024.02.11,8
ST_102,IT_160,2024.02.12,8
ST_102,IT_160,2024.02.13,8
ST_102,IT_160,2024.02.14,8
ST_102,IT_160,2024.02.15,8
ST_102,IT_160,2024.02.16,8
ST_102,IT_160,2024.02.17,8
ST_102,IT_160,2024.02.18,8
ST_102,IT_160,2024.02.19,8
ST_102,IT_160,2024.02.20,8
ST_102,IT_160,2024.02.21,8
ST_102,IT_160,2024.02.22,8
ST_102,IT_160,2024.02.23,8
ST_102,IT_160,2024.02.24,8
ST_102,IT_160,2024.02.25,8
ST_102,IT_160,2024.02.26,8
ST_102,IT_160,2024.02.27,8
ST_102,IT_160,2024.02.28,8
ST_102,IT_160,2024.02.29,8
ST_102,IT_160,2024.02.30,8
ST_102,IT_162,2024.02.01,15
ST_102,IT_162,2024.02.02,15
ST_102,IT_162,2024.02.03,15
ST_102,IT_162,2024.02.04,15
ST_102,IT_162,2024.02.05,15
ST_102,IT_162,2024.02.06,15
ST_102,IT_162,2024.02.07,15
ST_102,IT_162,2024.02.08,15
ST_102,IT_162,2024.02.09,15
ST_102,IT_162,2024.02.10,15
ST_102,IT_162,2024.02.11,15
ST_102,IT_162,2024.02.12,15
ST_102,IT_162,2024.02.13,15
ST_102,IT_162,2024.02.14,15
ST_102,IT_162,2024.02.15,15
ST_102,IT_162,2024.02.16,15
ST_102,IT_162,2024.02.17,15
ST_102,IT_162,2024.02.18,15
ST_102,IT_162,2024.02.19,15
ST_102,IT_162,2024.02.20,15
ST_102,IT_162,2024.02.21,15
ST_102,IT_162,2024.02.22,15
ST_102,IT_162,2024.02.23,15
ST_102,IT_162,2024.02.24,15
ST_102,IT_162,2024.02.25,15
ST_102,IT_162,2024.02.26,15
ST_102,IT_162,2024.02.27,15
ST_102,IT_162,2024.02.28,15
ST_102,IT_162,2024.02.29,15
ST_102,IT_162,2024.02.30,15
ST_102,IT_163,2024.02.01,5
ST_102,IT_163,2024.02.02,5
ST_102,IT_163,2024.02.03,5
ST_102,IT_163,2024.02.04,5
ST_102,IT_163,2024.02.05,5
ST_102,IT_163,2024.02.06,5
ST_102,IT_163,2024.02.07,5
ST_102,IT_163,2024.02.08,5
ST_102,IT_163,2024.02.09,5
ST_102,IT_163,2024.02.10,5
ST_102,IT_163,2024.02.11,5
ST_102,IT_163,2024.02.12,5
ST_102,IT_163,2024.02.13,5
ST_102,IT_163,2024.02.14,5
ST_102,IT_163,2024.02.15,5
ST_102,IT_163,2024.02.16,5
ST_102,IT_163,2024.02.17,5
ST_102,IT_163,2024.02.18,5
ST_102,IT_163,2024.02.19,5
ST_102,IT_163,2024.02.20,5
ST_102,IT_163,2024.02.21,5
ST_102,IT_163,2024.02.22,5
ST_102,IT_163,2024.02.23,5
ST_102,IT_163,2024.02.24,5
ST_102,IT_163,2024.02.25,5
ST_102,IT_163,2024.02.26,5
ST_102,IT_163,2024.02.27,5
ST_102,IT_163,2024.02.28,5
ST_102,IT_163,2024.02.29,5
ST_102,IT_163,2024.02.30,5
ST_102,IT_164,2024.02.01,34
ST_102,IT_164,2024.02.02,34
ST_102,IT_164,2024.02.03,34
ST_102,IT_164,2024.02.04,34
ST_102,IT_164,2024.02.05,34
ST_102,IT_164,2024.02.06,34
ST_102,IT_164,2024.02.07,34
ST_102,IT_164,2024.02.08,34
ST_102,IT_164,2024.02.09,34
ST_102,IT_164,2024.02.10,34
ST_102,IT_164,2024.02.11,34
ST_102,IT_164,2024.02.12,34
ST_102,IT_164,2024.02.13,34
ST_102,IT_164,2024.02.14,34
ST_102,IT_164,2024.02.15,34
ST_102,IT_164,2024.02.16,34
ST_102,IT_164,2024.02.17,34
ST_102,IT_164,2024.02.18,34
ST_102,IT_164,2024.02.19,34
ST_102,IT_164,2024.02.20,34
ST_102,IT_164,2024.02.21,34
ST_102,IT_164,2024.02.22,34
ST_102,IT_164,2024.02.23,34
ST_102,IT_164,2024.02.24,34
ST_102,IT_164,2024.02.25,34
ST_102,IT_164,2024.02.26,34
ST_102,IT_164,2024.02.27,34
ST_102,IT_164,2024.02.28,34
ST_102,IT_164,2024.02.29,34
ST_102,IT_164,2024.02.30,34
ST_102,IT_165,2024.02.01,371
ST_102,IT_165,2024.02.02,371
ST_102,IT_165,2024.02.03,371
ST_102,IT_165,2024.02.04,371
ST_102,IT_165,2024.02.05,371
ST_102,IT_165,2024.02.06,371
ST_102,IT_165,2024.02.07,371
ST_102,IT_165,2024.02.08,371
ST_102,IT_165,2024.02.09,371
ST_102,IT_165,2024.02.10,371
ST_102,IT_165,2024.02.11,371
ST_102,IT_165,2024.02.12,371
ST_102,IT_165,2024.02.13,371
ST_102,IT_165,2024.02.14,371
ST_102,IT_165,2024.02.15,371
ST_102,IT_165,2024.02.16,371
ST_102,IT_165,2024.02.17,371
ST_102,IT_165,2024.02.18,371
ST_102,IT_165,2024.02.19,371
ST_102,IT_165,2024.02.20,371
ST_102,IT_165,2024.02.21,371
ST_102,IT_165,2024.02.22,371
ST_102,IT_165,2024.02.23,371
ST_102,IT_165,2024.02.24,371
ST_102,IT_165,2024.02.25,371
ST_102,IT_165,2024.02.26,371
ST_102,IT_165,2024.02.27,371
ST_102,IT_165,2024.02.28,371
ST_102,IT_165,2024.02.29,371
ST_102,IT_165,2024.02.30,371
ST_102,IT_167,2024.02.01,36
ST_102,IT_167,2024.02.02,36
ST_102,IT_167,2024.02.03,36
ST_102,IT_167,2024.02.04,36
ST_102,IT_167,2024.02.05,36
ST_102,IT_167,2024.02.06,36
ST_102,IT_167,2024.02.07,36
ST_102,IT_167,2024.02.08,36
ST_102,IT_167,2024.02.09,36
ST_102,IT_167,2024.02.10,36
ST_102,IT_167,2024.02.11,36
ST_102,IT_167,2024.02.12,36
ST_102,IT_167,2024.02.13,36
ST_102,IT_167,2024.02.14,36
ST_102,IT_167,2024.02.15,36
ST_102,IT_167,2024.02.16,36
ST_102,IT_167,2024.02.17,36
ST_102,IT_167,2024.02.18,36
ST_102,IT_167,2024.02.19,36
ST_102,IT_167,2024.02.20,36
ST_102,IT_167,2024.02.21,36
ST_102,IT_167,2024.02.22,36
ST_102,IT_167,2024.02.23,36
ST_102,IT_167,2024.02.24,36
ST_102,IT_167,2024.02.25,36
ST_102,IT_167,2024.02.26,36
ST_102,IT_167,2024.02.27,36
ST_102,IT_167,2024.02.28,36
ST_102,IT_167,2024.02.29,36
ST_102,IT_167,2024.02.30,36
ST_102,IT_168,2024.02.01,36
ST_102,IT_168,2024.02.02,36
ST_102,IT_168,2024.02.03,36
ST_102,IT_168,2024.02.04,36
ST_102,IT_168,2024.02.05,36
ST_102,IT_168,2024.02.06,36
ST_102,IT_168,2024.02.07,36
ST_102,IT_168,2024.02.08,36
ST_102,IT_168,2024.02.09,36
ST_102,IT_168,2024.02.10,36
ST_102,IT_168,2024.02.11,36
ST_102,IT_168,2024.02.12,36
ST_102,IT_168,2024.02.13,36
ST_102,IT_168,2024.02.14,36
ST_102,IT_168,2024.02.15,36
ST_102,IT_168,2024.02.16,36
ST_102,IT_168,2024.02.17,36
ST_102,IT_168,2024.02.18,36
ST_102,IT_168,2024.02.19,36
ST_102,IT_168,2024.02.20,36
ST_102,IT_168,2024.02.21,36
ST_102,IT_168,2024.02.22,36
ST_102,IT_168,2024.02.23,36
ST_102,IT_168,2024.02.24,36
ST_102,IT_168,2024.02.25,36
ST_102,IT_168,2024.02.26,36
ST_102,IT_168,2024.02.27,36
ST_102,IT_168,2024.02.28,36
ST_102,IT_168,2024.02.29,36
ST_102,IT_168,2024.02.30,36
ST_102,IT_169,2024.02.01,29
ST_102,IT_169,2024.02.02,29
ST_102,IT_169,2024.02.03,29
ST_102,IT_169,2024.02.04,29
ST_102,IT_169,2024.02.05,29
ST_102,IT_169,2024.02.06,29
ST_102,IT_169,2024.02.07,29
ST_102,IT_169,2024.02.08,29
ST_102,IT_169,2024.02.09,29
ST_102,IT_169,2024.02.10,29
ST_102,IT_169,2024.02.11,29
ST_102,IT_169,2024.02.12,29
ST_102,IT_169,2024.02.13,29
ST_102,IT_169,2024.02.14,29
ST_102,IT_169,2024.02.15,29
ST_102,IT_169,2024.02.16,29
ST_102,IT_169,2024.02.17,29
ST_102,IT_169,2024.02.18,29
ST_102,IT_169,2024.02.19,29
ST_102,IT_169,2024.02.20,29
ST_102,IT_169,2024.02.21,29
ST_102,IT_169,2024.02.22,29
ST_102,IT_169,2024.02.23,29
ST_102,IT_169,2024.02.24,29
ST_102,IT_169,2024.02.25,29
ST_102,IT_169,2024.02.26,29
ST_102,IT_169,2024.02.27,29
ST_102,IT_169,2024.02.28,29
ST_102,IT_169,2024.02.29,29
ST_102,IT_169,2024.02.30,29
ST_102,IT_170,2024.02.01,41
ST_102,IT_170,2024.02.02,41
ST_102,IT_170,2024.02.03,41
ST_102,IT_170,2024.02.04,41
ST_102,IT_170,2024.02.05,41
ST_102,IT_170,2024.02.06,41
ST_102,IT_170,2024.02.07,41
ST_102,IT_170,2024.02.08,41
ST_102,IT_170,2024.02.09,41
ST_102,IT_170,2024.02.10,41
ST_102,IT_170,2024.02.11,41
ST_102,IT_170,2024.02.12,41
ST_102,IT_170,2024.02.13,41
ST_102,IT_170,2024.02.14,41
ST_102,IT_170,2024.02.15,41
ST_102,IT_170,2024.02.16,41
ST_102,IT_170,2024.02.17,41
ST_102,IT_170,2024.02.18,41
ST_102,IT_170,2024.02.19,41
ST_102,IT_170,2024.02.20,41
ST_102,IT_170,2024.02.21,41
ST_102,IT_170,2024.02.22,41
ST_102,IT_170,2024.02.23,41
ST_102,IT_170,2024.02.24,41
ST_102,IT_170,2024.02.25,41
ST_102,IT_170,2024.02.26,41
ST_102,IT_170,2024.02.27,41
ST_102,IT_170,2024.02.28,41
ST_102,IT_170,2024.02.29,41
ST_102,IT_170,2024.02.30,41
ST_102,IT_171,2024.02.01,49
ST_102,IT_171,2024.02.02,49
ST_102,IT_171,2024.02.03,49
ST_102,IT_171,2024.02.04,49
ST_102,IT_171,2024.02.05,49
ST_102,IT_171,2024.02.06,49
ST_102,IT_171,2024.02.07,49
ST_102,IT_171,2024.02.08,49
ST_102,IT_171,2024.02.09,49
ST_102,IT_171,2024.02.10,49
ST_102,IT_171,2024.02.11,49
ST_102,IT_171,2024.02.12,49
ST_102,IT_171,2024.02.13,49
ST_102,IT_171,2024.02.14,49
ST_102,IT_171,2024.02.15,49
ST_102,IT_171,2024.02.16,49
ST_102,IT_171,2024.02.17,49
ST_102,IT_171,2024.02.18,49
ST_102,IT_171,2024.02.19,49
ST_102,IT_171,2024.02.20,49
ST_102,IT_171,2024.02.21,49
ST_102,IT_171,2024.02.22,49
ST_102,IT_171,2024.02.23,49
ST_102,IT_171,2024.02.24,49
ST_102,IT_171,2024.02.25,49
ST_102,IT_171,2024.02.26,49
ST_102,IT_171,2024.02.27,49
ST_102,IT_171,2024.02.28,49
ST_102,IT_171,2024.02.29,49
ST_102,IT_171,2024.02.30,49
ST_102,IT_101,2024.03.01,4000
ST_102,IT_101,2024.03.02,4000
ST_102,IT_101,2024.03.03,4000
ST_102,IT_101,2024.03.04,4000
ST_102,IT_101,2024.03.05,4000
ST_102,IT_101,2024.03.06,4000
ST_102,IT_101,2024.03.07,4000
ST_102,IT_101,2024.03.08,4000
ST_102,IT_101,2024.03.09,4000
ST_102,IT_101,2024.03.10,4000
ST_102,IT_101,2024.03.11,4000
ST_102,IT_101,2024.03.12,4000
ST_102,IT_101,2024.03.13,4000
ST_102,IT_101,2024.03.14,4000
ST_102,IT_101,2024.03.15,4000
ST_102,IT_101,2024.03.16,4000
ST_102,IT_101,2024.03.17,4000
ST_102,IT_101,2024.03.18,4000
ST_102,IT_101,2024.03.19,4000
ST_102,IT_101,2024.03.20,4000
ST_102,IT_101,2024.03.21,4000
ST_102,IT_101,2024.03.22,4000
ST_102,IT_101,2024.03.23,4000
ST_102,IT_101,2024.03.24,4000
ST_102,IT_101,2024.03.25,4000
ST_102,IT_101,2024.03.26,4000
ST_102,IT_101,2024.03.27,4000
ST_102,IT_101,2024.03.28,4000
ST_102,IT_101,2024.03.29,4000
ST_102,IT_101,2024.03.30,4000
ST_102,IT_101,2024.03.31,4000
ST_102,IT_102,2024.03.01,4000
ST_102,IT_102,2024.03.02,4000
ST_102,IT_102,2024.03.03,4000
ST_102,IT_102,2024.03.04,4000
ST_102,IT_102,2024.03.05,4000
ST_102,IT_102,2024.03.06,4000
ST_102,IT_102,2024.03.07,4000
ST_102,IT_102,2024.03.08,4000
ST_102,IT_102,2024.03.09,4000
ST_102,IT_102,2024.03.10,4000
ST_102,IT_102,2024.03.11,4000
ST_102,IT_102,2024.03.12,4000
ST_102,IT_102,2024.03.13,4000
ST_102,IT_102,2024.03.14,4000
ST_102,IT_102,2024.03.15,4000
ST_102,IT_102,2024.03.16,4000
ST_102,IT_102,2024.03.17,4000
ST_102,IT_102,2024.03.18,4000
ST_102,IT_102,2024.03.19,4000
ST_102,IT_102,2024.03.20,4000
ST_102,IT_102,2024.03.21,4000
ST_102,IT_102,2024.03.22,4000
ST_102,IT_102,2024.03.23,4000
ST_102,IT_102,2024.03.24,4000
ST_102,IT_102,2024.03.25,4000
ST_102,IT_102,2024.03.26,4000
ST_102,IT_102,2024.03.27,4000
ST_102,IT_102,2024.03.28,4000
ST_102,IT_102,2024.03.29,4000
ST_102,IT_102,2024.03.30,4000
ST_102,IT_102,2024.03.31,4000
ST_102,IT_103,2024.03.01,4000
ST_102,IT_103,2024.03.02,4000
ST_102,IT_103,2024.03.03,4000
ST_102,IT_103,2024.03.04,4000
ST_102,IT_103,2024.03.05,4000
ST_102,IT_103,2024.03.06,4000
ST_102,IT_103,2024.03.07,4000
ST_102,IT_103,2024.03.08,4000
ST_102,IT_103,2024.03.09,4000
ST_102,IT_103,2024.03.10,4000
ST_102,IT_103,2024.03.11,4000
ST_102,IT_103,2024.03.12,4000
ST_102,IT_103,2024.03.13,4000
ST_102,IT_103,2024.03.14,4000
ST_102,IT_103,2024.03.15,4000
ST_102,IT_103,2024.03.16,4000
ST_102,IT_103,2024.03.17,4000
ST_102,IT_103,2024.03.18,4000
ST_102,IT_103,2024.03.19,4000
ST_102,IT_103,2024.03.20,4000
ST_102,IT_103,2024.03.21,4000
ST_102,IT_103,2024.03.22,4000
ST_102,IT_103,2024.03.23,4000
ST_102,IT_103,2024.03.24,4000
ST_102,IT_103,2024.03.25,4000
ST_102,IT_103,2024.03.26,4000
ST_102,IT_103,2024.03.27,4000
ST_102,IT_103,2024.03.28,4000
ST_102,IT_103,2024.03.29,4000
ST_102,IT_103,2024.03.30,4000
ST_102,IT_103,2024.03.31,4000
ST_102,IT_104,2024.03.01,0
ST_102,IT_104,2024.03.02,0
ST_102,IT_104,2024.03.03,0
ST_102,IT_104,2024.03.04,0
ST_102,IT_104,2024.03.05,0
ST_102,IT_104,2024.03.06,0
ST_102,IT_104,2024.03.07,0
ST_102,IT_104,2024.03.08,0
ST_102,IT_104,2024.03.09,0
ST_102,IT_104,2024.03.10,0
ST_102,IT_104,2024.03.11,0
ST_102,IT_104,2024.03.12,0
ST_102,IT_104,2024.03.13,0
ST_102,IT_104,2024.03.14,0
ST_102,IT_104,2024.03.15,0
ST_102,IT_104,2024.03.16,0
ST_102,IT_104,2024.03.17,0
ST_102,IT_104,2024.03.18,0
ST_102,IT_104,2024.03.19,0
ST_102,IT_104,2024.03.20,0
ST_102,IT_104,2024.03.21,0
ST_102,IT_104,2024.03.22,0
ST_102,IT_104,2024.03.23,0
ST_102,IT_104,2024.03.24,0
ST_102,IT_104,2024.03.25,0
ST_102,IT_104,2024.03.26,0
ST_102,IT_104,2024.03.27,0
ST_102,IT_104,2024.03.28,0
ST_102,IT_104,2024.03.29,0
ST_102,IT_104,2024.03.30,0
ST_102,IT_104,2024.03.31,0
ST_102,IT_105,2024.03.01,15000
ST_102,IT_105,2024.03.02,15000
ST_102,IT_105,2024.03.03,15000
ST_102,IT_105,2024.03.04,15000
ST_102,IT_105,2024.03.05,15000
ST_102,IT_105,2024.03.06,15000
ST_102,IT_105,2024.03.07,15000
ST_102,IT_105,2024.03.08,15000
ST_102,IT_105,2024.03.09,15000
ST_102,IT_105,2024.03.10,15000
ST_102,IT_105,2024.03.11,15000
ST_102,IT_105,2024.03.12,15000
ST_102,IT_105,2024.03.13,15000
ST_102,IT_105,2024.03.14,15000
ST_102,IT_105,2024.03.15,15000
ST_102,IT_105,2024.03.16,15000
ST_102,IT_105,2024.03.17,15000
ST_102,IT_105,2024.03.18,15000
ST_102,IT_105,2024.03.19,15000
ST_102,IT_105,2024.03.20,15000
ST_102,IT_105,2024.03.21,15000
ST_102,IT_105,2024.03.22,15000
ST_102,IT_105,2024.03.23,15000
ST_102,IT_105,2024.03.24,15000
ST_102,IT_105,2024.03.25,15000
ST_102,IT_105,2024.03.26,15000
ST_102,IT_105,2024.03.27,15000
ST_102,IT_105,2024.03.28,15000
ST_102,IT_105,2024.03.29,15000
ST_102,IT_105,2024.03.30,15000
ST_102,IT_105,2024.03.31,15000
ST_102,IT_106,2024.03.01,6000
ST_102,IT_106,2024.03.02,6000
ST_102,IT_106,2024.03.03,6000
ST_102,IT_106,2024.03.04,6000
ST_102,IT_106,2024.03.05,6000
ST_102,IT_106,2024.03.06,6000
ST_102,IT_106,2024.03.07,6000
ST_102,IT_106,2024.03.08,6000
ST_102,IT_106,2024.03.09,6000
ST_102,IT_106,2024.03.10,6000
ST_102,IT_106,2024.03.11,6000
ST_102,IT_106,2024.03.12,6000
ST_102,IT_106,2024.03.13,6000
ST_102,IT_106,2024.03.14,6000
ST_102,IT_106,2024.03.15,6000
ST_102,IT_106,2024.03.16,6000
ST_102,IT_106,2024.03.17,6000
ST_102,IT_106,2024.03.18,6000
ST_102,IT_106,2024.03.19,6000
ST_102,IT_106,2024.03.20,6000
ST_102,IT_106,2024.03.21,6000
ST_102,IT_106,2024.03.22,6000
ST_102,IT_106,2024.03.23,6000
ST_102,IT_106,2024.03.24,6000
ST_102,IT_106,2024.03.25,6000
ST_102,IT_106,2024.03.26,6000
ST_102,IT_106,2024.03.27,6000
ST_102,IT_106,2024.03.28,6000
ST_102,IT_106,2024.03.29,6000
ST_102,IT_106,2024.03.30,6000
ST_102,IT_106,2024.03.31,6000
ST_102,IT_107,2024.03.01,15000
ST_102,IT_107,2024.03.02,15000
ST_102,IT_107,2024.03.03,15000
ST_102,IT_107,2024.03.04,15000
ST_102,IT_107,2024.03.05,15000
ST_102,IT_107,2024.03.06,15000
ST_102,IT_107,2024.03.07,15000
ST_102,IT_107,2024.03.08,15000
ST_102,IT_107,2024.03.09,15000
ST_102,IT_107,2024.03.10,15000
ST_102,IT_107,2024.03.11,15000
ST_102,IT_107,2024.03.12,15000
ST_102,IT_107,2024.03.13,15000
ST_102,IT_107,2024.03.14,15000
ST_102,IT_107,2024.03.15,15000
ST_102,IT_107,2024.03.16,15000
ST_102,IT_107,2024.03.17,15000
ST_102,IT_107,2024.03.18,15000
ST_102,IT_107,2024.03.19,15000
ST_102,IT_107,2024.03.20,15000
ST_102,IT_107,2024.03.21,15000
ST_102,IT_107,2024.03.22,15000
ST_102,IT_107,2024.03.23,15000
ST_102,IT_107,2024.03.24,15000
ST_102,IT_107,2024.03.25,15000
ST_102,IT_107,2024.03.26,15000
ST_102,IT_107,2024.03.27,15000
ST_102,IT_107,2024.03.28,15000
ST_102,IT_107,2024.03.29,15000
ST_102,IT_107,2024.03.30,15000
ST_102,IT_107,2024.03.31,15000
ST_102,IT_108,2024.03.01,7000
ST_102,IT_108,2024.03.02,7000
ST_102,IT_108,2024.03.03,7000
ST_102,IT_108,2024.03.04,7000
ST_102,IT_108,2024.03.05,7000
ST_102,IT_108,2024.03.06,7000
ST_102,IT_108,2024.03.07,7000
ST_102,IT_108,2024.03.08,7000
ST_102,IT_108,2024.03.09,7000
ST_102,IT_108,2024.03.10,7000
ST_102,IT_108,2024.03.11,7000
ST_102,IT_108,2024.03.12,7000
ST_102,IT_108,2024.03.13,7000
ST_102,IT_108,2024.03.14,7000
ST_102,IT_108,2024.03.15,7000
ST_102,IT_108,2024.03.16,7000
ST_102,IT_108,2024.03.17,7000
ST_102,IT_108,2024.03.18,7000
ST_102,IT_108,2024.03.19,7000
ST_102,IT_108,2024.03.20,7000
ST_102,IT_108,2024.03.21,7000
ST_102,IT_108,2024.03.22,7000
ST_102,IT_108,2024.03.23,7000
ST_102,IT_108,2024.03.24,7000
ST_102,IT_108,2024.03.25,7000
ST_102,IT_108,2024.03.26,7000
ST_102,IT_108,2024.03.27,7000
ST_102,IT_108,2024.03.28,7000
ST_102,IT_108,2024.03.29,7000
ST_102,IT_108,2024.03.30,7000
ST_102,IT_108,2024.03.31,7000
ST_102,IT_109,2024.03.01,0
ST_102,IT_109,2024.03.02,0
ST_102,IT_109,2024.03.03,0
ST_102,IT_109,2024.03.04,0
ST_102,IT_109,2024.03.05,0
ST_102,IT_109,2024.03.06,0
ST_102,IT_109,2024.03.07,0
ST_102,IT_109,2024.03.08,0
ST_102,IT_109,2024.03.09,0
ST_102,IT_109,2024.03.10,0
ST_102,IT_109,2024.03.11,0
ST_102,IT_109,2024.03.12,0
ST_102,IT_109,2024.03.13,0
ST_102,IT_109,2024.03.14,0
ST_102,IT_109,2024.03.15,0
ST_102,IT_109,2024.03.16,0
ST_102,IT_109,2024.03.17,0
ST_102,IT_109,2024.03.18,0
ST_102,IT_109,2024.03.19,0
ST_102,IT_109,2024.03.20,0
ST_102,IT_109,2024.03.21,0
ST_102,IT_109,2024.03.22,0
ST_102,IT_109,2024.03.23,0
ST_102,IT_109,2024.03.24,0
ST_102,IT_109,2024.03.25,0
ST_102,IT_109,2024.03.26,0
ST_102,IT_109,2024.03.27,0
ST_102,IT_109,2024.03.28,0
ST_102,IT_109,2024.03.29,0
ST_102,IT_109,2024.03.30,0
ST_102,IT_109,2024.03.31,0
ST_102,IT_110,2024.03.01,4000
ST_102,IT_110,2024.03.02,4000
ST_102,IT_110,2024.03.03,4000
ST_102,IT_110,2024.03.04,4000
ST_102,IT_110,2024.03.05,4000
ST_102,IT_110,2024.03.06,4000
ST_102,IT_110,2024.03.07,4000
ST_102,IT_110,2024.03.08,4000
ST_102,IT_110,2024.03.09,4000
ST_102,IT_110,2024.03.10,4000
ST_102,IT_110,2024.03.11,4000
ST_102,IT_110,2024.03.12,4000
ST_102,IT_110,2024.03.13,4000
ST_102,IT_110,2024.03.14,4000
ST_102,IT_110,2024.03.15,4000
ST_102,IT_110,2024.03.16,4000
ST_102,IT_110,2024.03.17,4000
ST_102,IT_110,2024.03.18,4000
ST_102,IT_110,2024.03.19,4000
ST_102,IT_110,2024.03.20,4000
ST_102,IT_110,2024.03.21,4000
ST_102,IT_110,2024.03.22,4000
ST_102,IT_110,2024.03.23,4000
ST_102,IT_110,2024.03.24,4000
ST_102,IT_110,2024.03.25,4000
ST_102,IT_110,2024.03.26,4000
ST_102,IT_110,2024.03.27,4000
ST_102,IT_110,2024.03.28,4000
ST_102,IT_110,2024.03.29,4000
ST_102,IT_110,2024.03.30,4000
ST_102,IT_110,2024.03.31,4000
ST_102,IT_111,2024.03.01,24000
ST_102,IT_111,2024.03.02,24000
ST_102,IT_111,2024.03.03,24000
ST_102,IT_111,2024.03.04,24000
ST_102,IT_111,2024.03.05,24000
ST_102,IT_111,2024.03.06,24000
ST_102,IT_111,2024.03.07,24000
ST_102,IT_111,2024.03.08,24000
ST_102,IT_111,2024.03.09,24000
ST_102,IT_111,2024.03.10,24000
ST_102,IT_111,2024.03.11,24000
ST_102,IT_111,2024.03.12,24000
ST_102,IT_111,2024.03.13,24000
ST_102,IT_111,2024.03.14,24000
ST_102,IT_111,2024.03.15,24000
ST_102,IT_111,2024.03.16,24000
ST_102,IT_111,2024.03.17,24000
ST_102,IT_111,2024.03.18,24000
ST_102,IT_111,2024.03.19,24000
ST_102,IT_111,2024.03.20,24000
ST_102,IT_111,2024.03.21,24000
ST_102,IT_111,2024.03.22,24000
ST_102,IT_111,2024.03.23,24000
ST_102,IT_111,2024.03.24,24000
ST_102,IT_111,2024.03.25,24000
ST_102,IT_111,2024.03.26,24000
ST_102,IT_111,2024.03.27,24000
ST_102,IT_111,2024.03.28,24000
ST_102,IT_111,2024.03.29,24000
ST_102,IT_111,2024.03.30,24000
ST_102,IT_111,2024.03.31,24000
ST_102,IT_112,2024.03.01,11000
ST_102,IT_112,2024.03.02,11000
ST_102,IT_112,2024.03.03,11000
ST_102,IT_112,2024.03.04,11000
ST_102,IT_112,2024.03.05,11000
ST_102,IT_112,2024.03.06,11000
ST_102,IT_112,2024.03.07,11000
ST_102,IT_112,2024.03.08,11000
ST_102,IT_112,2024.03.09,11000
ST_102,IT_112,2024.03.10,11000
ST_102,IT_112,2024.03.11,11000
ST_102,IT_112,2024.03.12,11000
ST_102,IT_112,2024.03.13,11000
ST_102,IT_112,2024.03.14,11000
ST_102,IT_112,2024.03.15,11000
ST_102,IT_112,2024.03.16,11000
ST_102,IT_112,2024.03.17,11000
ST_102,IT_112,2024.03.18,11000
ST_102,IT_112,2024.03.19,11000
ST_102,IT_112,2024.03.20,11000
ST_102,IT_112,2024.03.21,11000
ST_102,IT_112,2024.03.22,11000
ST_102,IT_112,2024.03.23,11000
ST_102,IT_112,2024.03.24,11000
ST_102,IT_112,2024.03.25,11000
ST_102,IT_112,2024.03.26,11000
ST_102,IT_112,2024.03.27,11000
ST_102,IT_112,2024.03.28,11000
ST_102,IT_112,2024.03.29,11000
ST_102,IT_112,2024.03.30,11000
ST_102,IT_112,2024.03.31,11000
ST_102,IT_113,2024.03.01,3000
ST_102,IT_113,2024.03.02,3000
ST_102,IT_113,2024.03.03,3000
ST_102,IT_113,2024.03.04,3000
ST_102,IT_113,2024.03.05,3000
ST_102,IT_113,2024.03.06,3000
ST_102,IT_113,2024.03.07,3000
ST_102,IT_113,2024.03.08,3000
ST_102,IT_113,2024.03.09,3000
ST_102,IT_113,2024.03.10,3000
ST_102,IT_113,2024.03.11,3000
ST_102,IT_113,2024.03.12,3000
ST_102,IT_113,2024.03.13,3000
ST_102,IT_113,2024.03.14,3000
ST_102,IT_113,2024.03.15,3000
ST_102,IT_113,2024.03.16,3000
ST_102,IT_113,2024.03.17,3000
ST_102,IT_113,2024.03.18,3000
ST_102,IT_113,2024.03.19,3000
ST_102,IT_113,2024.03.20,3000
ST_102,IT_113,2024.03.21,3000
ST_102,IT_113,2024.03.22,3000
ST_102,IT_113,2024.03.23,3000
ST_102,IT_113,2024.03.24,3000
ST_102,IT_113,2024.03.25,3000
ST_102,IT_113,2024.03.26,3000
ST_102,IT_113,2024.03.27,3000
ST_102,IT_113,2024.03.28,3000
ST_102,IT_113,2024.03.29,3000
ST_102,IT_113,2024.03.30,3000
ST_102,IT_113,2024.03.31,3000
ST_102,IT_114,2024.03.01,13500
ST_102,IT_114,2024.03.02,13500
ST_102,IT_114,2024.03.03,13500
ST_102,IT_114,2024.03.04,13500
ST_102,IT_114,2024.03.05,13500
ST_102,IT_114,2024.03.06,13500
ST_102,IT_114,2024.03.07,13500
ST_102,IT_114,2024.03.08,13500
ST_102,IT_114,2024.03.09,13500
ST_102,IT_114,2024.03.10,13500
ST_102,IT_114,2024.03.11,13500
ST_102,IT_114,2024.03.12,13500
ST_102,IT_114,2024.03.13,13500
ST_102,IT_114,2024.03.14,13500
ST_102,IT_114,2024.03.15,13500
ST_102,IT_114,2024.03.16,13500
ST_102,IT_114,2024.03.17,13500
ST_102,IT_114,2024.03.18,13500
ST_102,IT_114,2024.03.19,13500
ST_102,IT_114,2024.03.20,13500
ST_102,IT_114,2024.03.21,13500
ST_102,IT_114,2024.03.22,13500
ST_102,IT_114,2024.03.23,13500
ST_102,IT_114,2024.03.24,13500
ST_102,IT_114,2024.03.25,13500
ST_102,IT_114,2024.03.26,13500
ST_102,IT_114,2024.03.27,13500
ST_102,IT_114,2024.03.28,13500
ST_102,IT_114,2024.03.29,13500
ST_102,IT_114,2024.03.30,13500
ST_102,IT_114,2024.03.31,13500
ST_102,IT_115,2024.03.01,4750
ST_102,IT_115,2024.03.02,4750
ST_102,IT_115,2024.03.03,4750
ST_102,IT_115,2024.03.04,4750
ST_102,IT_115,2024.03.05,4750
ST_102,IT_115,2024.03.06,4750
ST_102,IT_115,2024.03.07,4750
ST_102,IT_115,2024.03.08,4750
ST_102,IT_115,2024.03.09,4750
ST_102,IT_115,2024.03.10,4750
ST_102,IT_115,2024.03.11,4750
ST_102,IT_115,2024.03.12,4750
ST_102,IT_115,2024.03.13,4750
ST_102,IT_115,2024.03.14,4750
ST_102,IT_115,2024.03.15,4750
ST_102,IT_115,2024.03.16,4750
ST_102,IT_115,2024.03.17,4750
ST_102,IT_115,2024.03.18,4750
ST_102,IT_115,2024.03.19,4750
ST_102,IT_115,2024.03.20,4750
ST_102,IT_115,2024.03.21,4750
ST_102,IT_115,2024.03.22,4750
ST_102,IT_115,2024.03.23,4750
ST_102,IT_115,2024.03.24,4750
ST_102,IT_115,2024.03.25,4750
ST_102,IT_115,2024.03.26,4750
ST_102,IT_115,2024.03.27,4750
ST_102,IT_115,2024.03.28,4750
ST_102,IT_115,2024.03.29,4750
ST_102,IT_115,2024.03.30,4750
ST_102,IT_115,2024.03.31,4750
ST_102,IT_116,2024.03.01,4800
ST_102,IT_116,2024.03.02,4800
ST_102,IT_116,2024.03.03,4800
ST_102,IT_116,2024.03.04,4800
ST_102,IT_116,2024.03.05,4800
ST_102,IT_116,2024.03.06,4800
ST_102,IT_116,2024.03.07,4800
ST_102,IT_116,2024.03.08,4800
ST_102,IT_116,2024.03.09,4800
ST_102,IT_116,2024.03.10,4800
ST_102,IT_116,2024.03.11,4800
ST_102,IT_116,2024.03.12,4800
ST_102,IT_116,2024.03.13,4800
ST_102,IT_116,2024.03.14,4800
ST_102,IT_116,2024.03.15,4800
ST_102,IT_116,2024.03.16,4800
ST_102,IT_116,2024.03.17,4800
ST_102,IT_116,2024.03.18,4800
ST_102,IT_116,2024.03.19,4800
ST_102,IT_116,2024.03.20,4800
ST_102,IT_116,2024.03.21,4800
ST_102,IT_116,2024.03.22,4800
ST_102,IT_116,2024.03.23,4800
ST_102,IT_116,2024.03.24,4800
ST_102,IT_116,2024.03.25,4800
ST_102,IT_116,2024.03.26,4800
ST_102,IT_116,2024.03.27,4800
ST_102,IT_116,2024.03.28,4800
ST_102,IT_116,2024.03.29,4800
ST_102,IT_116,2024.03.30,4800
ST_102,IT_116,2024.03.31,4800
ST_102,IT_117,2024.03.01,6200
ST_102,IT_117,2024.03.02,6200
ST_102,IT_117,2024.03.03,6200
ST_102,IT_117,2024.03.04,6200
ST_102,IT_117,2024.03.05,6200
ST_102,IT_117,2024.03.06,6200
ST_102,IT_117,2024.03.07,6200
ST_102,IT_117,2024.03.08,6200
ST_102,IT_117,2024.03.09,6200
ST_102,IT_117,2024.03.10,6200
ST_102,IT_117,2024.03.11,6200
ST_102,IT_117,2024.03.12,6200
ST_102,IT_117,2024.03.13,6200
ST_102,IT_117,2024.03.14,6200
ST_102,IT_117,2024.03.15,6200
ST_102,IT_117,2024.03.16,6200
ST_102,IT_117,2024.03.17,6200
ST_102,IT_117,2024.03.18,6200
ST_102,IT_117,2024.03.19,6200
ST_102,IT_117,2024.03.20,6200
ST_102,IT_117,2024.03.21,6200
ST_102,IT_117,2024.03.22,6200
ST_102,IT_117,2024.03.23,6200
ST_102,IT_117,2024.03.24,6200
ST_102,IT_117,2024.03.25,6200
ST_102,IT_117,2024.03.26,6200
ST_102,IT_117,2024.03.27,6200
ST_102,IT_117,2024.03.28,6200
ST_102,IT_117,2024.03.29,6200
ST_102,IT_117,2024.03.30,6200
ST_102,IT_117,2024.03.31,6200
ST_102,IT_118,2024.03.01,1000
ST_102,IT_118,2024.03.02,1000
ST_102,IT_118,2024.03.03,1000
ST_102,IT_118,2024.03.04,1000
ST_102,IT_118,2024.03.05,1000
ST_102,IT_118,2024.03.06,1000
ST_102,IT_118,2024.03.07,1000
ST_102,IT_118,2024.03.08,1000
ST_102,IT_118,2024.03.09,1000
ST_102,IT_118,2024.03.10,1000
ST_102,IT_118,2024.03.11,1000
ST_102,IT_118,2024.03.12,1000
ST_102,IT_118,2024.03.13,1000
ST_102,IT_118,2024.03.14,1000
ST_102,IT_118,2024.03.15,1000
ST_102,IT_118,2024.03.16,1000
ST_102,IT_118,2024.03.17,1000
ST_102,IT_118,2024.03.18,1000
ST_102,IT_118,2024.03.19,1000
ST_102,IT_118,2024.03.20,1000
ST_102,IT_118,2024.03.21,1000
ST_102,IT_118,2024.03.22,1000
ST_102,IT_118,2024.03.23,1000
ST_102,IT_118,2024.03.24,1000
ST_102,IT_118,2024.03.25,1000
ST_102,IT_118,2024.03.26,1000
ST_102,IT_118,2024.03.27,1000
ST_102,IT_118,2024.03.28,1000
ST_102,IT_118,2024.03.29,1000
ST_102,IT_118,2024.03.30,1000
ST_102,IT_118,2024.03.31,1000
ST_102,IT_119,2024.03.01,32000
ST_102,IT_119,2024.03.02,32000
ST_102,IT_119,2024.03.03,32000
ST_102,IT_119,2024.03.04,32000
ST_102,IT_119,2024.03.05,32000
ST_102,IT_119,2024.03.06,32000
ST_102,IT_119,2024.03.07,32000
ST_102,IT_119,2024.03.08,32000
ST_102,IT_119,2024.03.09,32000
ST_102,IT_119,2024.03.10,32000
ST_102,IT_119,2024.03.11,32000
ST_102,IT_119,2024.03.12,32000
ST_102,IT_119,2024.03.13,32000
ST_102,IT_119,2024.03.14,32000
ST_102,IT_119,2024.03.15,32000
ST_102,IT_119,2024.03.16,32000
ST_102,IT_119,2024.03.17,32000
ST_102,IT_119,2024.03.18,32000
ST_102,IT_119,2024.03.19,32000
ST_102,IT_119,2024.03.20,32000
ST_102,IT_119,2024.03.21,32000
ST_102,IT_119,2024.03.22,32000
ST_102,IT_119,2024.03.23,32000
ST_102,IT_119,2024.03.24,32000
ST_102,IT_119,2024.03.25,32000
ST_102,IT_119,2024.03.26,32000
ST_102,IT_119,2024.03.27,32000
ST_102,IT_119,2024.03.28,32000
ST_102,IT_119,2024.03.29,32000
ST_102,IT_119,2024.03.30,32000
ST_102,IT_119,2024.03.31,32000
ST_102,IT_120,2024.03.01,3
ST_102,IT_120,2024.03.02,3
ST_102,IT_120,2024.03.03,3
ST_102,IT_120,2024.03.04,3
ST_102,IT_120,2024.03.05,3
ST_102,IT_120,2024.03.06,3
ST_102,IT_120,2024.03.07,3
ST_102,IT_120,2024.03.08,3
ST_102,IT_120,2024.03.09,3
ST_102,IT_120,2024.03.10,3
ST_102,IT_120,2024.03.11,3
ST_102,IT_120,2024.03.12,3
ST_102,IT_120,2024.03.13,3
ST_102,IT_120,2024.03.14,3
ST_102,IT_120,2024.03.15,3
ST_102,IT_120,2024.03.16,3
ST_102,IT_120,2024.03.17,3
ST_102,IT_120,2024.03.18,3
ST_102,IT_120,2024.03.19,3
ST_102,IT_120,2024.03.20,3
ST_102,IT_120,2024.03.21,3
ST_102,IT_120,2024.03.22,3
ST_102,IT_120,2024.03.23,3
ST_102,IT_120,2024.03.24,3
ST_102,IT_120,2024.03.25,3
ST_102,IT_120,2024.03.26,3
ST_102,IT_120,2024.03.27,3
ST_102,IT_120,2024.03.28,3
ST_102,IT_120,2024.03.29,3
ST_102,IT_120,2024.03.30,3
ST_102,IT_120,2024.03.31,3
ST_102,IT_121,2024.03.01,3000
ST_102,IT_121,2024.03.02,3000
ST_102,IT_121,2024.03.03,3000
ST_102,IT_121,2024.03.04,3000
ST_102,IT_121,2024.03.05,3000
ST_102,IT_121,2024.03.06,3000
ST_102,IT_121,2024.03.07,3000
ST_102,IT_121,2024.03.08,3000
ST_102,IT_121,2024.03.09,3000
ST_102,IT_121,2024.03.10,3000
ST_102,IT_121,2024.03.11,3000
ST_102,IT_121,2024.03.12,3000
ST_102,IT_121,2024.03.13,3000
ST_102,IT_121,2024.03.14,3000
ST_102,IT_121,2024.03.15,3000
ST_102,IT_121,2024.03.16,3000
ST_102,IT_121,2024.03.17,3000
ST_102,IT_121,2024.03.18,3000
ST_102,IT_121,2024.03.19,3000
ST_102,IT_121,2024.03.20,3000
ST_102,IT_121,2024.03.21,3000
ST_102,IT_121,2024.03.22,3000
ST_102,IT_121,2024.03.23,3000
ST_102,IT_121,2024.03.24,3000
ST_102,IT_121,2024.03.25,3000
ST_102,IT_121,2024.03.26,3000
ST_102,IT_121,2024.03.27,3000
ST_102,IT_121,2024.03.28,3000
ST_102,IT_121,2024.03.29,3000
ST_102,IT_121,2024.03.30,3000
ST_102,IT_121,2024.03.31,3000
ST_102,IT_122,2024.03.01,4000
ST_102,IT_122,2024.03.02,4000
ST_102,IT_122,2024.03.03,4000
ST_102,IT_122,2024.03.04,4000
ST_102,IT_122,2024.03.05,4000
ST_102,IT_122,2024.03.06,4000
ST_102,IT_122,2024.03.07,4000
ST_102,IT_122,2024.03.08,4000
ST_102,IT_122,2024.03.09,4000
ST_102,IT_122,2024.03.10,4000
ST_102,IT_122,2024.03.11,4000
ST_102,IT_122,2024.03.12,4000
ST_102,IT_122,2024.03.13,4000
ST_102,IT_122,2024.03.14,4000
ST_102,IT_122,2024.03.15,4000
ST_102,IT_122,2024.03.16,4000
ST_102,IT_122,2024.03.17,4000
ST_102,IT_122,2024.03.18,4000
ST_102,IT_122,2024.03.19,4000
ST_102,IT_122,2024.03.20,4000
ST_102,IT_122,2024.03.21,4000
ST_102,IT_122,2024.03.22,4000
ST_102,IT_122,2024.03.23,4000
ST_102,IT_122,2024.03.24,4000
ST_102,IT_122,2024.03.25,4000
ST_102,IT_122,2024.03.26,4000
ST_102,IT_122,2024.03.27,4000
ST_102,IT_122,2024.03.28,4000
ST_102,IT_122,2024.03.29,4000
ST_102,IT_122,2024.03.30,4000
ST_102,IT_122,2024.03.31,4000
ST_102,IT_123,2024.03.01,600
ST_102,IT_123,2024.03.02,600
ST_102,IT_123,2024.03.03,600
ST_102,IT_123,2024.03.04,600
ST_102,IT_123,2024.03.05,600
ST_102,IT_123,2024.03.06,600
ST_102,IT_123,2024.03.07,600
ST_102,IT_123,2024.03.08,600
ST_102,IT_123,2024.03.09,600
ST_102,IT_123,2024.03.10,600
ST_102,IT_123,2024.03.11,600
ST_102,IT_123,2024.03.12,600
ST_102,IT_123,2024.03.13,600
ST_102,IT_123,2024.03.14,600
ST_102,IT_123,2024.03.15,600
ST_102,IT_123,2024.03.16,600
ST_102,IT_123,2024.03.17,600
ST_102,IT_123,2024.03.18,600
ST_102,IT_123,2024.03.19,600
ST_102,IT_123,2024.03.20,600
ST_102,IT_123,2024.03.21,600
ST_102,IT_123,2024.03.22,600
ST_102,IT_123,2024.03.23,600
ST_102,IT_123,2024.03.24,600
ST_102,IT_123,2024.03.25,600
ST_102,IT_123,2024.03.26,600
ST_102,IT_123,2024.03.27,600
ST_102,IT_123,2024.03.28,600
ST_102,IT_123,2024.03.29,600
ST_102,IT_123,2024.03.30,600
ST_102,IT_123,2024.03.31,600
ST_102,IT_124,2024.03.01,44
ST_102,IT_124,2024.03.02,44
ST_102,IT_124,2024.03.03,44
ST_102,IT_124,2024.03.04,44
ST_102,IT_124,2024.03.05,44
ST_102,IT_124,2024.03.06,44
ST_102,IT_124,2024.03.07,44
ST_102,IT_124,2024.03.08,44
ST_102,IT_124,2024.03.09,44
ST_102,IT_124,2024.03.10,44
ST_102,IT_124,2024.03.11,44
ST_102,IT_124,2024.03.12,44
ST_102,IT_124,2024.03.13,44
ST_102,IT_124,2024.03.14,44
ST_102,IT_124,2024.03.15,44
ST_102,IT_124,2024.03.16,44
ST_102,IT_124,2024.03.17,44
ST_102,IT_124,2024.03.18,44
ST_102,IT_124,2024.03.19,44
ST_102,IT_124,2024.03.20,44
ST_102,IT_124,2024.03.21,44
ST_102,IT_124,2024.03.22,44
ST_102,IT_124,2024.03.23,44
ST_102,IT_124,2024.03.24,44
ST_102,IT_124,2024.03.25,44
ST_102,IT_124,2024.03.26,44
ST_102,IT_124,2024.03.27,44
ST_102,IT_124,2024.03.28,44
ST_102,IT_124,2024.03.29,44
ST_102,IT_124,2024.03.30,44
ST_102,IT_124,2024.03.31,44
ST_102,IT_125,2024.03.01,54
ST_102,IT_125,2024.03.02,54
ST_102,IT_125,2024.03.03,54
ST_102,IT_125,2024.03.04,54
ST_102,IT_125,2024.03.05,54
ST_102,IT_125,2024.03.06,54
ST_102,IT_125,2024.03.07,54
ST_102,IT_125,2024.03.08,54
ST_102,IT_125,2024.03.09,54
ST_102,IT_125,2024.03.10,54
ST_102,IT_125,2024.03.11,54
ST_102,IT_125,2024.03.12,54
ST_102,IT_125,2024.03.13,54
ST_102,IT_125,2024.03.14,54
ST_102,IT_125,2024.03.15,54
ST_102,IT_125,2024.03.16,54
ST_102,IT_125,2024.03.17,54
ST_102,IT_125,2024.03.18,54
ST_102,IT_125,2024.03.19,54
ST_102,IT_125,2024.03.20,54
ST_102,IT_125,2024.03.21,54
ST_102,IT_125,2024.03.22,54
ST_102,IT_125,2024.03.23,54
ST_102,IT_125,2024.03.24,54
ST_102,IT_125,2024.03.25,54
ST_102,IT_125,2024.03.26,54
ST_102,IT_125,2024.03.27,54
ST_102,IT_125,2024.03.28,54
ST_102,IT_125,2024.03.29,54
ST_102,IT_125,2024.03.30,54
ST_102,IT_125,2024.03.31,54
ST_102,IT_126,2024.03.01,54
ST_102,IT_126,2024.03.02,54
ST_102,IT_126,2024.03.03,54
ST_102,IT_126,2024.03.04,54
ST_102,IT_126,2024.03.05,54
ST_102,IT_126,2024.03.06,54
ST_102,IT_126,2024.03.07,54
ST_102,IT_126,2024.03.08,54
ST_102,IT_126,2024.03.09,54
ST_102,IT_126,2024.03.10,54
ST_102,IT_126,2024.03.11,54
ST_102,IT_126,2024.03.12,54
ST_102,IT_126,2024.03.13,54
ST_102,IT_126,2024.03.14,54
ST_102,IT_126,2024.03.15,54
ST_102,IT_126,2024.03.16,54
ST_102,IT_126,2024.03.17,54
ST_102,IT_126,2024.03.18,54
ST_102,IT_126,2024.03.19,54
ST_102,IT_126,2024.03.20,54
ST_102,IT_126,2024.03.21,54
ST_102,IT_126,2024.03.22,54
ST_102,IT_126,2024.03.23,54
ST_102,IT_126,2024.03.24,54
ST_102,IT_126,2024.03.25,54
ST_102,IT_126,2024.03.26,54
ST_102,IT_126,2024.03.27,54
ST_102,IT_126,2024.03.28,54
ST_102,IT_126,2024.03.29,54
ST_102,IT_126,2024.03.30,54
ST_102,IT_126,2024.03.31,54
ST_102,IT_127,2024.03.01,0
ST_102,IT_127,2024.03.02,0
ST_102,IT_127,2024.03.03,0
ST_102,IT_127,2024.03.04,0
ST_102,IT_127,2024.03.05,0
ST_102,IT_127,2024.03.06,0
ST_102,IT_127,2024.03.07,0
ST_102,IT_127,2024.03.08,0
ST_102,IT_127,2024.03.09,0
ST_102,IT_127,2024.03.10,0
ST_102,IT_127,2024.03.11,0
ST_102,IT_127,2024.03.12,0
ST_102,IT_127,2024.03.13,0
ST_102,IT_127,2024.03.14,0
ST_102,IT_127,2024.03.15,0
ST_102,IT_127,2024.03.16,0
ST_102,IT_127,2024.03.17,0
ST_102,IT_127,2024.03.18,0
ST_102,IT_127,2024.03.19,0
ST_102,IT_127,2024.03.20,0
ST_102,IT_127,2024.03.21,0
ST_102,IT_127,2024.03.22,0
ST_102,IT_127,2024.03.23,0
ST_102,IT_127,2024.03.24,0
ST_102,IT_127,2024.03.25,0
ST_102,IT_127,2024.03.26,0
ST_102,IT_127,2024.03.27,0
ST_102,IT_127,2024.03.28,0
ST_102,IT_127,2024.03.29,0
ST_102,IT_127,2024.03.30,0
ST_102,IT_127,2024.03.31,0
ST_102,IT_128,2024.03.01,30
ST_102,IT_128,2024.03.02,30
ST_102,IT_128,2024.03.03,30
ST_102,IT_128,2024.03.04,30
ST_102,IT_128,2024.03.05,30
ST_102,IT_128,2024.03.06,30
ST_102,IT_128,2024.03.07,30
ST_102,IT_128,2024.03.08,30
ST_102,IT_128,2024.03.09,30
ST_102,IT_128,2024.03.10,30
ST_102,IT_128,2024.03.11,30
ST_102,IT_128,2024.03.12,30
ST_102,IT_128,2024.03.13,30
ST_102,IT_128,2024.03.14,30
ST_102,IT_128,2024.03.15,30
ST_102,IT_128,2024.03.16,30
ST_102,IT_128,2024.03.17,30
ST_102,IT_128,2024.03.18,30
ST_102,IT_128,2024.03.19,30
ST_102,IT_128,2024.03.20,30
ST_102,IT_128,2024.03.21,30
ST_102,IT_128,2024.03.22,30
ST_102,IT_128,2024.03.23,30
ST_102,IT_128,2024.03.24,30
ST_102,IT_128,2024.03.25,30
ST_102,IT_128,2024.03.26,30
ST_102,IT_128,2024.03.27,30
ST_102,IT_128,2024.03.28,30
ST_102,IT_128,2024.03.29,30
ST_102,IT_128,2024.03.30,30
ST_102,IT_128,2024.03.31,30
ST_102,IT_129,2024.03.01,120
ST_102,IT_129,2024.03.02,120
ST_102,IT_129,2024.03.03,120
ST_102,IT_129,2024.03.04,120
ST_102,IT_129,2024.03.05,120
ST_102,IT_129,2024.03.06,120
ST_102,IT_129,2024.03.07,120
ST_102,IT_129,2024.03.08,120
ST_102,IT_129,2024.03.09,120
ST_102,IT_129,2024.03.10,120
ST_102,IT_129,2024.03.11,120
ST_102,IT_129,2024.03.12,120
ST_102,IT_129,2024.03.13,120
ST_102,IT_129,2024.03.14,120
ST_102,IT_129,2024.03.15,120
ST_102,IT_129,2024.03.16,120
ST_102,IT_129,2024.03.17,120
ST_102,IT_129,2024.03.18,120
ST_102,IT_129,2024.03.19,120
ST_102,IT_129,2024.03.20,120
ST_102,IT_129,2024.03.21,120
ST_102,IT_129,2024.03.22,120
ST_102,IT_129,2024.03.23,120
ST_102,IT_129,2024.03.24,120
ST_102,IT_129,2024.03.25,120
ST_102,IT_129,2024.03.26,120
ST_102,IT_129,2024.03.27,120
ST_102,IT_129,2024.03.28,120
ST_102,IT_129,2024.03.29,120
ST_102,IT_129,2024.03.30,120
ST_102,IT_129,2024.03.31,120
ST_102,IT_130,2024.03.01,210
ST_102,IT_130,2024.03.02,210
ST_102,IT_130,2024.03.03,210
ST_102,IT_130,2024.03.04,210
ST_102,IT_130,2024.03.05,210
ST_102,IT_130,2024.03.06,210
ST_102,IT_130,2024.03.07,210
ST_102,IT_130,2024.03.08,210
ST_102,IT_130,2024.03.09,210
ST_102,IT_130,2024.03.10,210
ST_102,IT_130,2024.03.11,210
ST_102,IT_130,2024.03.12,210
ST_102,IT_130,2024.03.13,210
ST_102,IT_130,2024.03.14,210
ST_102,IT_130,2024.03.15,210
ST_102,IT_130,2024.03.16,210
ST_102,IT_130,2024.03.17,210
ST_102,IT_130,2024.03.18,210
ST_102,IT_130,2024.03.19,210
ST_102,IT_130,2024.03.20,210
ST_102,IT_130,2024.03.21,210
ST_102,IT_130,2024.03.22,210
ST_102,IT_130,2024.03.23,210
ST_102,IT_130,2024.03.24,210
ST_102,IT_130,2024.03.25,210
ST_102,IT_130,2024.03.26,210
ST_102,IT_130,2024.03.27,210
ST_102,IT_130,2024.03.28,210
ST_102,IT_130,2024.03.29,210
ST_102,IT_130,2024.03.30,210
ST_102,IT_130,2024.03.31,210
ST_102,IT_132,2024.03.01,179
ST_102,IT_132,2024.03.02,179
ST_102,IT_132,2024.03.03,179
ST_102,IT_132,2024.03.04,179
ST_102,IT_132,2024.03.05,179
ST_102,IT_132,2024.03.06,179
ST_102,IT_132,2024.03.07,179
ST_102,IT_132,2024.03.08,179
ST_102,IT_132,2024.03.09,179
ST_102,IT_132,2024.03.10,179
ST_102,IT_132,2024.03.11,179
ST_102,IT_132,2024.03.12,179
ST_102,IT_132,2024.03.13,179
ST_102,IT_132,2024.03.14,179
ST_102,IT_132,2024.03.15,179
ST_102,IT_132,2024.03.16,179
ST_102,IT_132,2024.03.17,179
ST_102,IT_132,2024.03.18,179
ST_102,IT_132,2024.03.19,179
ST_102,IT_132,2024.03.20,179
ST_102,IT_132,2024.03.21,179
ST_102,IT_132,2024.03.22,179
ST_102,IT_132,2024.03.23,179
ST_102,IT_132,2024.03.24,179
ST_102,IT_132,2024.03.25,179
ST_102,IT_132,2024.03.26,179
ST_102,IT_132,2024.03.27,179
ST_102,IT_132,2024.03.28,179
ST_102,IT_132,2024.03.29,179
ST_102,IT_132,2024.03.30,179
ST_102,IT_132,2024.03.31,179
ST_102,IT_133,2024.03.01,7
ST_102,IT_133,2024.03.02,7
ST_102,IT_133,2024.03.03,7
ST_102,IT_133,2024.03.04,7
ST_102,IT_133,2024.03.05,7
ST_102,IT_133,2024.03.06,7
ST_102,IT_133,2024.03.07,7
ST_102,IT_133,2024.03.08,7
ST_102,IT_133,2024.03.09,7
ST_102,IT_133,2024.03.10,7
ST_102,IT_133,2024.03.11,7
ST_102,IT_133,2024.03.12,7
ST_102,IT_133,2024.03.13,7
ST_102,IT_133,2024.03.14,7
ST_102,IT_133,2024.03.15,7
ST_102,IT_133,2024.03.16,7
ST_102,IT_133,2024.03.17,7
ST_102,IT_133,2024.03.18,7
ST_102,IT_133,2024.03.19,7
ST_102,IT_133,2024.03.20,7
ST_102,IT_133,2024.03.21,7
ST_102,IT_133,2024.03.22,7
ST_102,IT_133,2024.03.23,7
ST_102,IT_133,2024.03.24,7
ST_102,IT_133,2024.03.25,7
ST_102,IT_133,2024.03.26,7
ST_102,IT_133,2024.03.27,7
ST_102,IT_133,2024.03.28,7
ST_102,IT_133,2024.03.29,7
ST_102,IT_133,2024.03.30,7
ST_102,IT_133,2024.03.31,7
ST_102,IT_134,2024.03.01,25
ST_102,IT_134,2024.03.02,25
ST_102,IT_134,2024.03.03,25
ST_102,IT_134,2024.03.04,25
ST_102,IT_134,2024.03.05,25
ST_102,IT_134,2024.03.06,25
ST_102,IT_134,2024.03.07,25
ST_102,IT_134,2024.03.08,25
ST_102,IT_134,2024.03.09,25
ST_102,IT_134,2024.03.10,25
ST_102,IT_134,2024.03.11,25
ST_102,IT_134,2024.03.12,25
ST_102,IT_134,2024.03.13,25
ST_102,IT_134,2024.03.14,25
ST_102,IT_134,2024.03.15,25
ST_102,IT_134,2024.03.16,25
ST_102,IT_134,2024.03.17,25
ST_102,IT_134,2024.03.18,25
ST_102,IT_134,2024.03.19,25
ST_102,IT_134,2024.03.20,25
ST_102,IT_134,2024.03.21,25
ST_102,IT_134,2024.03.22,25
ST_102,IT_134,2024.03.23,25
ST_102,IT_134,2024.03.24,25
ST_102,IT_134,2024.03.25,25
ST_102,IT_134,2024.03.26,25
ST_102,IT_134,2024.03.27,25
ST_102,IT_134,2024.03.28,25
ST_102,IT_134,2024.03.29,25
ST_102,IT_134,2024.03.30,25
ST_102,IT_134,2024.03.31,25
ST_102,IT_135,2024.03.01,40
ST_102,IT_135,2024.03.02,40
ST_102,IT_135,2024.03.03,40
ST_102,IT_135,2024.03.04,40
ST_102,IT_135,2024.03.05,40
ST_102,IT_135,2024.03.06,40
ST_102,IT_135,2024.03.07,40
ST_102,IT_135,2024.03.08,40
ST_102,IT_135,2024.03.09,40
ST_102,IT_135,2024.03.10,40
ST_102,IT_135,2024.03.11,40
ST_102,IT_135,2024.03.12,40
ST_102,IT_135,2024.03.13,40
ST_102,IT_135,2024.03.14,40
ST_102,IT_135,2024.03.15,40
ST_102,IT_135,2024.03.16,40
ST_102,IT_135,2024.03.17,40
ST_102,IT_135,2024.03.18,40
ST_102,IT_135,2024.03.19,40
ST_102,IT_135,2024.03.20,40
ST_102,IT_135,2024.03.21,40
ST_102,IT_135,2024.03.22,40
ST_102,IT_135,2024.03.23,40
ST_102,IT_135,2024.03.24,40
ST_102,IT_135,2024.03.25,40
ST_102,IT_135,2024.03.26,40
ST_102,IT_135,2024.03.27,40
ST_102,IT_135,2024.03.28,40
ST_102,IT_135,2024.03.29,40
ST_102,IT_135,2024.03.30,40
ST_102,IT_135,2024.03.31,40
ST_102,IT_136,2024.03.01,0
ST_102,IT_136,2024.03.02,0
ST_102,IT_136,2024.03.03,0
ST_102,IT_136,2024.03.04,0
ST_102,IT_136,2024.03.05,0
ST_102,IT_136,2024.03.06,0
ST_102,IT_136,2024.03.07,0
ST_102,IT_136,2024.03.08,0
ST_102,IT_136,2024.03.09,0
ST_102,IT_136,2024.03.10,0
ST_102,IT_136,2024.03.11,0
ST_102,IT_136,2024.03.12,0
ST_102,IT_136,2024.03.13,0
ST_102,IT_136,2024.03.14,0
ST_102,IT_136,2024.03.15,0
ST_102,IT_136,2024.03.16,0
ST_102,IT_136,2024.03.17,0
ST_102,IT_136,2024.03.18,0
ST_102,IT_136,2024.03.19,0
ST_102,IT_136,2024.03.20,0
ST_102,IT_136,2024.03.21,0
ST_102,IT_136,2024.03.22,0
ST_102,IT_136,2024.03.23,0
ST_102,IT_136,2024.03.24,0
ST_102,IT_136,2024.03.25,0
ST_102,IT_136,2024.03.26,0
ST_102,IT_136,2024.03.27,0
ST_102,IT_136,2024.03.28,0
ST_102,IT_136,2024.03.29,0
ST_102,IT_136,2024.03.30,0
ST_102,IT_136,2024.03.31,0
ST_102,IT_137,2024.03.01,14600
ST_102,IT_137,2024.03.02,14600
ST_102,IT_137,2024.03.03,14600
ST_102,IT_137,2024.03.04,14600
ST_102,IT_137,2024.03.05,14600
ST_102,IT_137,2024.03.06,14600
ST_102,IT_137,2024.03.07,14600
ST_102,IT_137,2024.03.08,14600
ST_102,IT_137,2024.03.09,14600
ST_102,IT_137,2024.03.10,14600
ST_102,IT_137,2024.03.11,14600
ST_102,IT_137,2024.03.12,14600
ST_102,IT_137,2024.03.13,14600
ST_102,IT_137,2024.03.14,14600
ST_102,IT_137,2024.03.15,14600
ST_102,IT_137,2024.03.16,14600
ST_102,IT_137,2024.03.17,14600
ST_102,IT_137,2024.03.18,14600
ST_102,IT_137,2024.03.19,14600
ST_102,IT_137,2024.03.20,14600
ST_102,IT_137,2024.03.21,14600
ST_102,IT_137,2024.03.22,14600
ST_102,IT_137,2024.03.23,14600
ST_102,IT_137,2024.03.24,14600
ST_102,IT_137,2024.03.25,14600
ST_102,IT_137,2024.03.26,14600
ST_102,IT_137,2024.03.27,14600
ST_102,IT_137,2024.03.28,14600
ST_102,IT_137,2024.03.29,14600
ST_102,IT_137,2024.03.30,14600
ST_102,IT_137,2024.03.31,14600
ST_102,IT_138,2024.03.01,3500
ST_102,IT_138,2024.03.02,3500
ST_102,IT_138,2024.03.03,3500
ST_102,IT_138,2024.03.04,3500
ST_102,IT_138,2024.03.05,3500
ST_102,IT_138,2024.03.06,3500
ST_102,IT_138,2024.03.07,3500
ST_102,IT_138,2024.03.08,3500
ST_102,IT_138,2024.03.09,3500
ST_102,IT_138,2024.03.10,3500
ST_102,IT_138,2024.03.11,3500
ST_102,IT_138,2024.03.12,3500
ST_102,IT_138,2024.03.13,3500
ST_102,IT_138,2024.03.14,3500
ST_102,IT_138,2024.03.15,3500
ST_102,IT_138,2024.03.16,3500
ST_102,IT_138,2024.03.17,3500
ST_102,IT_138,2024.03.18,3500
ST_102,IT_138,2024.03.19,3500
ST_102,IT_138,2024.03.20,3500
ST_102,IT_138,2024.03.21,3500
ST_102,IT_138,2024.03.22,3500
ST_102,IT_138,2024.03.23,3500
ST_102,IT_138,2024.03.24,3500
ST_102,IT_138,2024.03.25,3500
ST_102,IT_138,2024.03.26,3500
ST_102,IT_138,2024.03.27,3500
ST_102,IT_138,2024.03.28,3500
ST_102,IT_138,2024.03.29,3500
ST_102,IT_138,2024.03.30,3500
ST_102,IT_138,2024.03.31,3500
ST_102,IT_139,2024.03.01,13
ST_102,IT_139,2024.03.02,13
ST_102,IT_139,2024.03.03,13
ST_102,IT_139,2024.03.04,13
ST_102,IT_139,2024.03.05,13
ST_102,IT_139,2024.03.06,13
ST_102,IT_139,2024.03.07,13
ST_102,IT_139,2024.03.08,13
ST_102,IT_139,2024.03.09,13
ST_102,IT_139,2024.03.10,13
ST_102,IT_139,2024.03.11,13
ST_102,IT_139,2024.03.12,13
ST_102,IT_139,2024.03.13,13
ST_102,IT_139,2024.03.14,13
ST_102,IT_139,2024.03.15,13
ST_102,IT_139,2024.03.16,13
ST_102,IT_139,2024.03.17,13
ST_102,IT_139,2024.03.18,13
ST_102,IT_139,2024.03.19,13
ST_102,IT_139,2024.03.20,13
ST_102,IT_139,2024.03.21,13
ST_102,IT_139,2024.03.22,13
ST_102,IT_139,2024.03.23,13
ST_102,IT_139,2024.03.24,13
ST_102,IT_139,2024.03.25,13
ST_102,IT_139,2024.03.26,13
ST_102,IT_139,2024.03.27,13
ST_102,IT_139,2024.03.28,13
ST_102,IT_139,2024.03.29,13
ST_102,IT_139,2024.03.30,13
ST_102,IT_139,2024.03.31,13
ST_102,IT_140,2024.03.01,41
ST_102,IT_140,2024.03.02,41
ST_102,IT_140,2024.03.03,41
ST_102,IT_140,2024.03.04,41
ST_102,IT_140,2024.03.05,41
ST_102,IT_140,2024.03.06,41
ST_102,IT_140,2024.03.07,41
ST_102,IT_140,2024.03.08,41
ST_102,IT_140,2024.03.09,41
ST_102,IT_140,2024.03.10,41
ST_102,IT_140,2024.03.11,41
ST_102,IT_140,2024.03.12,41
ST_102,IT_140,2024.03.13,41
ST_102,IT_140,2024.03.14,41
ST_102,IT_140,2024.03.15,41
ST_102,IT_140,2024.03.16,41
ST_102,IT_140,2024.03.17,41
ST_102,IT_140,2024.03.18,41
ST_102,IT_140,2024.03.19,41
ST_102,IT_140,2024.03.20,41
ST_102,IT_140,2024.03.21,41
ST_102,IT_140,2024.03.22,41
ST_102,IT_140,2024.03.23,41
ST_102,IT_140,2024.03.24,41
ST_102,IT_140,2024.03.25,41
ST_102,IT_140,2024.03.26,41
ST_102,IT_140,2024.03.27,41
ST_102,IT_140,2024.03.28,41
ST_102,IT_140,2024.03.29,41
ST_102,IT_140,2024.03.30,41
ST_102,IT_140,2024.03.31,41
ST_102,IT_141,2024.03.01,32
ST_102,IT_141,2024.03.02,32
ST_102,IT_141,2024.03.03,32
ST_102,IT_141,2024.03.04,32
ST_102,IT_141,2024.03.05,32
ST_102,IT_141,2024.03.06,32
ST_102,IT_141,2024.03.07,32
ST_102,IT_141,2024.03.08,32
ST_102,IT_141,2024.03.09,32
ST_102,IT_141,2024.03.10,32
ST_102,IT_141,2024.03.11,32
ST_102,IT_141,2024.03.12,32
ST_102,IT_141,2024.03.13,32
ST_102,IT_141,2024.03.14,32
ST_102,IT_141,2024.03.15,32
ST_102,IT_141,2024.03.16,32
ST_102,IT_141,2024.03.17,32
ST_102,IT_141,2024.03.18,32
ST_102,IT_141,2024.03.19,32
ST_102,IT_141,2024.03.20,32
ST_102,IT_141,2024.03.21,32
ST_102,IT_141,2024.03.22,32
ST_102,IT_141,2024.03.23,32
ST_102,IT_141,2024.03.24,32
ST_102,IT_141,2024.03.25,32
ST_102,IT_141,2024.03.26,32
ST_102,IT_141,2024.03.27,32
ST_102,IT_141,2024.03.28,32
ST_102,IT_141,2024.03.29,32
ST_102,IT_141,2024.03.30,32
ST_102,IT_141,2024.03.31,32
ST_102,IT_142,2024.03.01,53
ST_102,IT_142,2024.03.02,53
ST_102,IT_142,2024.03.03,53
ST_102,IT_142,2024.03.04,53
ST_102,IT_142,2024.03.05,53
ST_102,IT_142,2024.03.06,53
ST_102,IT_142,2024.03.07,53
ST_102,IT_142,2024.03.08,53
ST_102,IT_142,2024.03.09,53
ST_102,IT_142,2024.03.10,53
ST_102,IT_142,2024.03.11,53
ST_102,IT_142,2024.03.12,53
ST_102,IT_142,2024.03.13,53
ST_102,IT_142,2024.03.14,53
ST_102,IT_142,2024.03.15,53
ST_102,IT_142,2024.03.16,53
ST_102,IT_142,2024.03.17,53
ST_102,IT_142,2024.03.18,53
ST_102,IT_142,2024.03.19,53
ST_102,IT_142,2024.03.20,53
ST_102,IT_142,2024.03.21,53
ST_102,IT_142,2024.03.22,53
ST_102,IT_142,2024.03.23,53
ST_102,IT_142,2024.03.24,53
ST_102,IT_142,2024.03.25,53
ST_102,IT_142,2024.03.26,53
ST_102,IT_142,2024.03.27,53
ST_102,IT_142,2024.03.28,53
ST_102,IT_142,2024.03.29,53
ST_102,IT_142,2024.03.30,53
ST_102,IT_142,2024.03.31,53
ST_102,IT_143,2024.03.01,11
ST_102,IT_143,2024.03.02,11
ST_102,IT_143,2024.03.03,11
ST_102,IT_143,2024.03.04,11
ST_102,IT_143,2024.03.05,11
ST_102,IT_143,2024.03.06,11
ST_102,IT_143,2024.03.07,11
ST_102,IT_143,2024.03.08,11
ST_102,IT_143,2024.03.09,11
ST_102,IT_143,2024.03.10,11
ST_102,IT_143,2024.03.11,11
ST_102,IT_143,2024.03.12,11
ST_102,IT_143,2024.03.13,11
ST_102,IT_143,2024.03.14,11
ST_102,IT_143,2024.03.15,11
ST_102,IT_143,2024.03.16,11
ST_102,IT_143,2024.03.17,11
ST_102,IT_143,2024.03.18,11
ST_102,IT_143,2024.03.19,11
ST_102,IT_143,2024.03.20,11
ST_102,IT_143,2024.03.21,11
ST_102,IT_143,2024.03.22,11
ST_102,IT_143,2024.03.23,11
ST_102,IT_143,2024.03.24,11
ST_102,IT_143,2024.03.25,11
ST_102,IT_143,2024.03.26,11
ST_102,IT_143,2024.03.27,11
ST_102,IT_143,2024.03.28,11
ST_102,IT_143,2024.03.29,11
ST_102,IT_143,2024.03.30,11
ST_102,IT_143,2024.03.31,11
ST_102,IT_144,2024.03.01,6
ST_102,IT_144,2024.03.02,6
ST_102,IT_144,2024.03.03,6
ST_102,IT_144,2024.03.04,6
ST_102,IT_144,2024.03.05,6
ST_102,IT_144,2024.03.06,6
ST_102,IT_144,2024.03.07,6
ST_102,IT_144,2024.03.08,6
ST_102,IT_144,2024.03.09,6
ST_102,IT_144,2024.03.10,6
ST_102,IT_144,2024.03.11,6
ST_102,IT_144,2024.03.12,6
ST_102,IT_144,2024.03.13,6
ST_102,IT_144,2024.03.14,6
ST_102,IT_144,2024.03.15,6
ST_102,IT_144,2024.03.16,6
ST_102,IT_144,2024.03.17,6
ST_102,IT_144,2024.03.18,6
ST_102,IT_144,2024.03.19,6
ST_102,IT_144,2024.03.20,6
ST_102,IT_144,2024.03.21,6
ST_102,IT_144,2024.03.22,6
ST_102,IT_144,2024.03.23,6
ST_102,IT_144,2024.03.24,6
ST_102,IT_144,2024.03.25,6
ST_102,IT_144,2024.03.26,6
ST_102,IT_144,2024.03.27,6
ST_102,IT_144,2024.03.28,6
ST_102,IT_144,2024.03.29,6
ST_102,IT_144,2024.03.30,6
ST_102,IT_144,2024.03.31,6
ST_102,IT_145,2024.03.01,26
ST_102,IT_145,2024.03.02,26
ST_102,IT_145,2024.03.03,26
ST_102,IT_145,2024.03.04,26
ST_102,IT_145,2024.03.05,26
ST_102,IT_145,2024.03.06,26
ST_102,IT_145,2024.03.07,26
ST_102,IT_145,2024.03.08,26
ST_102,IT_145,2024.03.09,26
ST_102,IT_145,2024.03.10,26
ST_102,IT_145,2024.03.11,26
ST_102,IT_145,2024.03.12,26
ST_102,IT_145,2024.03.13,26
ST_102,IT_145,2024.03.14,26
ST_102,IT_145,2024.03.15,26
ST_102,IT_145,2024.03.16,26
ST_102,IT_145,2024.03.17,26
ST_102,IT_145,2024.03.18,26
ST_102,IT_145,2024.03.19,26
ST_102,IT_145,2024.03.20,26
ST_102,IT_145,2024.03.21,26
ST_102,IT_145,2024.03.22,26
ST_102,IT_145,2024.03.23,26
ST_102,IT_145,2024.03.24,26
ST_102,IT_145,2024.03.25,26
ST_102,IT_145,2024.03.26,26
ST_102,IT_145,2024.03.27,26
ST_102,IT_145,2024.03.28,26
ST_102,IT_145,2024.03.29,26
ST_102,IT_145,2024.03.30,26
ST_102,IT_145,2024.03.31,26
ST_102,IT_146,2024.03.01,21
ST_102,IT_146,2024.03.02,21
ST_102,IT_146,2024.03.03,21
ST_102,IT_146,2024.03.04,21
ST_102,IT_146,2024.03.05,21
ST_102,IT_146,2024.03.06,21
ST_102,IT_146,2024.03.07,21
ST_102,IT_146,2024.03.08,21
ST_102,IT_146,2024.03.09,21
ST_102,IT_146,2024.03.10,21
ST_102,IT_146,2024.03.11,21
ST_102,IT_146,2024.03.12,21
ST_102,IT_146,2024.03.13,21
ST_102,IT_146,2024.03.14,21
ST_102,IT_146,2024.03.15,21
ST_102,IT_146,2024.03.16,21
ST_102,IT_146,2024.03.17,21
ST_102,IT_146,2024.03.18,21
ST_102,IT_146,2024.03.19,21
ST_102,IT_146,2024.03.20,21
ST_102,IT_146,2024.03.21,21
ST_102,IT_146,2024.03.22,21
ST_102,IT_146,2024.03.23,21
ST_102,IT_146,2024.03.24,21
ST_102,IT_146,2024.03.25,21
ST_102,IT_146,2024.03.26,21
ST_102,IT_146,2024.03.27,21
ST_102,IT_146,2024.03.28,21
ST_102,IT_146,2024.03.29,21
ST_102,IT_146,2024.03.30,21
ST_102,IT_146,2024.03.31,21
ST_102,IT_152,2024.03.01,24
ST_102,IT_152,2024.03.02,24
ST_102,IT_152,2024.03.03,24
ST_102,IT_152,2024.03.04,24
ST_102,IT_152,2024.03.05,24
ST_102,IT_152,2024.03.06,24
ST_102,IT_152,2024.03.07,24
ST_102,IT_152,2024.03.08,24
ST_102,IT_152,2024.03.09,24
ST_102,IT_152,2024.03.10,24
ST_102,IT_152,2024.03.11,24
ST_102,IT_152,2024.03.12,24
ST_102,IT_152,2024.03.13,24
ST_102,IT_152,2024.03.14,24
ST_102,IT_152,2024.03.15,24
ST_102,IT_152,2024.03.16,24
ST_102,IT_152,2024.03.17,24
ST_102,IT_152,2024.03.18,24
ST_102,IT_152,2024.03.19,24
ST_102,IT_152,2024.03.20,24
ST_102,IT_152,2024.03.21,24
ST_102,IT_152,2024.03.22,24
ST_102,IT_152,2024.03.23,24
ST_102,IT_152,2024.03.24,24
ST_102,IT_152,2024.03.25,24
ST_102,IT_152,2024.03.26,24
ST_102,IT_152,2024.03.27,24
ST_102,IT_152,2024.03.28,24
ST_102,IT_152,2024.03.29,24
ST_102,IT_152,2024.03.30,24
ST_102,IT_152,2024.03.31,24
ST_102,IT_153,2024.03.01,29
ST_102,IT_153,2024.03.02,29
ST_102,IT_153,2024.03.03,29
ST_102,IT_153,2024.03.04,29
ST_102,IT_153,2024.03.05,29
ST_102,IT_153,2024.03.06,29
ST_102,IT_153,2024.03.07,29
ST_102,IT_153,2024.03.08,29
ST_102,IT_153,2024.03.09,29
ST_102,IT_153,2024.03.10,29
ST_102,IT_153,2024.03.11,29
ST_102,IT_153,2024.03.12,29
ST_102,IT_153,2024.03.13,29
ST_102,IT_153,2024.03.14,29
ST_102,IT_153,2024.03.15,29
ST_102,IT_153,2024.03.16,29
ST_102,IT_153,2024.03.17,29
ST_102,IT_153,2024.03.18,29
ST_102,IT_153,2024.03.19,29
ST_102,IT_153,2024.03.20,29
ST_102,IT_153,2024.03.21,29
ST_102,IT_153,2024.03.22,29
ST_102,IT_153,2024.03.23,29
ST_102,IT_153,2024.03.24,29
ST_102,IT_153,2024.03.25,29
ST_102,IT_153,2024.03.26,29
ST_102,IT_153,2024.03.27,29
ST_102,IT_153,2024.03.28,29
ST_102,IT_153,2024.03.29,29
ST_102,IT_153,2024.03.30,29
ST_102,IT_153,2024.03.31,29
ST_102,IT_154,2024.03.01,57
ST_102,IT_154,2024.03.02,57
ST_102,IT_154,2024.03.03,57
ST_102,IT_154,2024.03.04,57
ST_102,IT_154,2024.03.05,57
ST_102,IT_154,2024.03.06,57
ST_102,IT_154,2024.03.07,57
ST_102,IT_154,2024.03.08,57
ST_102,IT_154,2024.03.09,57
ST_102,IT_154,2024.03.10,57
ST_102,IT_154,2024.03.11,57
ST_102,IT_154,2024.03.12,57
ST_102,IT_154,2024.03.13,57
ST_102,IT_154,2024.03.14,57
ST_102,IT_154,2024.03.15,57
ST_102,IT_154,2024.03.16,57
ST_102,IT_154,2024.03.17,57
ST_102,IT_154,2024.03.18,57
ST_102,IT_154,2024.03.19,57
ST_102,IT_154,2024.03.20,57
ST_102,IT_154,2024.03.21,57
ST_102,IT_154,2024.03.22,57
ST_102,IT_154,2024.03.23,57
ST_102,IT_154,2024.03.24,57
ST_102,IT_154,2024.03.25,57
ST_102,IT_154,2024.03.26,57
ST_102,IT_154,2024.03.27,57
ST_102,IT_154,2024.03.28,57
ST_102,IT_154,2024.03.29,57
ST_102,IT_154,2024.03.30,57
ST_102,IT_154,2024.03.31,57
ST_102,IT_155,2024.03.01,39
ST_102,IT_155,2024.03.02,39
ST_102,IT_155,2024.03.03,39
ST_102,IT_155,2024.03.04,39
ST_102,IT_155,2024.03.05,39
ST_102,IT_155,2024.03.06,39
ST_102,IT_155,2024.03.07,39
ST_102,IT_155,2024.03.08,39
ST_102,IT_155,2024.03.09,39
ST_102,IT_155,2024.03.10,39
ST_102,IT_155,2024.03.11,39
ST_102,IT_155,2024.03.12,39
ST_102,IT_155,2024.03.13,39
ST_102,IT_155,2024.03.14,39
ST_102,IT_155,2024.03.15,39
ST_102,IT_155,2024.03.16,39
ST_102,IT_155,2024.03.17,39
ST_102,IT_155,2024.03.18,39
ST_102,IT_155,2024.03.19,39
ST_102,IT_155,2024.03.20,39
ST_102,IT_155,2024.03.21,39
ST_102,IT_155,2024.03.22,39
ST_102,IT_155,2024.03.23,39
ST_102,IT_155,2024.03.24,39
ST_102,IT_155,2024.03.25,39
ST_102,IT_155,2024.03.26,39
ST_102,IT_155,2024.03.27,39
ST_102,IT_155,2024.03.28,39
ST_102,IT_155,2024.03.29,39
ST_102,IT_155,2024.03.30,39
ST_102,IT_155,2024.03.31,39
ST_102,IT_156,2024.03.01,29
ST_102,IT_156,2024.03.02,29
ST_102,IT_156,2024.03.03,29
ST_102,IT_156,2024.03.04,29
ST_102,IT_156,2024.03.05,29
ST_102,IT_156,2024.03.06,29
ST_102,IT_156,2024.03.07,29
ST_102,IT_156,2024.03.08,29
ST_102,IT_156,2024.03.09,29
ST_102,IT_156,2024.03.10,29
ST_102,IT_156,2024.03.11,29
ST_102,IT_156,2024.03.12,29
ST_102,IT_156,2024.03.13,29
ST_102,IT_156,2024.03.14,29
ST_102,IT_156,2024.03.15,29
ST_102,IT_156,2024.03.16,29
ST_102,IT_156,2024.03.17,29
ST_102,IT_156,2024.03.18,29
ST_102,IT_156,2024.03.19,29
ST_102,IT_156,2024.03.20,29
ST_102,IT_156,2024.03.21,29
ST_102,IT_156,2024.03.22,29
ST_102,IT_156,2024.03.23,29
ST_102,IT_156,2024.03.24,29
ST_102,IT_156,2024.03.25,29
ST_102,IT_156,2024.03.26,29
ST_102,IT_156,2024.03.27,29
ST_102,IT_156,2024.03.28,29
ST_102,IT_156,2024.03.29,29
ST_102,IT_156,2024.03.30,29
ST_102,IT_156,2024.03.31,29
ST_102,IT_157,2024.03.01,65
ST_102,IT_157,2024.03.02,65
ST_102,IT_157,2024.03.03,65
ST_102,IT_157,2024.03.04,65
ST_102,IT_157,2024.03.05,65
ST_102,IT_157,2024.03.06,65
ST_102,IT_157,2024.03.07,65
ST_102,IT_157,2024.03.08,65
ST_102,IT_157,2024.03.09,65
ST_102,IT_157,2024.03.10,65
ST_102,IT_157,2024.03.11,65
ST_102,IT_157,2024.03.12,65
ST_102,IT_157,2024.03.13,65
ST_102,IT_157,2024.03.14,65
ST_102,IT_157,2024.03.15,65
ST_102,IT_157,2024.03.16,65
ST_102,IT_157,2024.03.17,65
ST_102,IT_157,2024.03.18,65
ST_102,IT_157,2024.03.19,65
ST_102,IT_157,2024.03.20,65
ST_102,IT_157,2024.03.21,65
ST_102,IT_157,2024.03.22,65
ST_102,IT_157,2024.03.23,65
ST_102,IT_157,2024.03.24,65
ST_102,IT_157,2024.03.25,65
ST_102,IT_157,2024.03.26,65
ST_102,IT_157,2024.03.27,65
ST_102,IT_157,2024.03.28,65
ST_102,IT_157,2024.03.29,65
ST_102,IT_157,2024.03.30,65
ST_102,IT_157,2024.03.31,65
ST_102,IT_158,2024.03.01,47
ST_102,IT_158,2024.03.02,47
ST_102,IT_158,2024.03.03,47
ST_102,IT_158,2024.03.04,47
ST_102,IT_158,2024.03.05,47
ST_102,IT_158,2024.03.06,47
ST_102,IT_158,2024.03.07,47
ST_102,IT_158,2024.03.08,47
ST_102,IT_158,2024.03.09,47
ST_102,IT_158,2024.03.10,47
ST_102,IT_158,2024.03.11,47
ST_102,IT_158,2024.03.12,47
ST_102,IT_158,2024.03.13,47
ST_102,IT_158,2024.03.14,47
ST_102,IT_158,2024.03.15,47
ST_102,IT_158,2024.03.16,47
ST_102,IT_158,2024.03.17,47
ST_102,IT_158,2024.03.18,47
ST_102,IT_158,2024.03.19,47
ST_102,IT_158,2024.03.20,47
ST_102,IT_158,2024.03.21,47
ST_102,IT_158,2024.03.22,47
ST_102,IT_158,2024.03.23,47
ST_102,IT_158,2024.03.24,47
ST_102,IT_158,2024.03.25,47
ST_102,IT_158,2024.03.26,47
ST_102,IT_158,2024.03.27,47
ST_102,IT_158,2024.03.28,47
ST_102,IT_158,2024.03.29,47
ST_102,IT_158,2024.03.30,47
ST_102,IT_158,2024.03.31,47
ST_102,IT_159,2024.03.01,20
ST_102,IT_159,2024.03.02,20
ST_102,IT_159,2024.03.03,20
ST_102,IT_159,2024.03.04,20
ST_102,IT_159,2024.03.05,20
ST_102,IT_159,2024.03.06,20
ST_102,IT_159,2024.03.07,20
ST_102,IT_159,2024.03.08,20
ST_102,IT_159,2024.03.09,20
ST_102,IT_159,2024.03.10,20
ST_102,IT_159,2024.03.11,20
ST_102,IT_159,2024.03.12,20
ST_102,IT_159,2024.03.13,20
ST_102,IT_159,2024.03.14,20
ST_102,IT_159,2024.03.15,20
ST_102,IT_159,2024.03.16,20
ST_102,IT_159,2024.03.17,20
ST_102,IT_159,2024.03.18,20
ST_102,IT_159,2024.03.19,20
ST_102,IT_159,2024.03.20,20
ST_102,IT_159,2024.03.21,20
ST_102,IT_159,2024.03.22,20
ST_102,IT_159,2024.03.23,20
ST_102,IT_159,2024.03.24,20
ST_102,IT_159,2024.03.25,20
ST_102,IT_159,2024.03.26,20
ST_102,IT_159,2024.03.27,20
ST_102,IT_159,2024.03.28,20
ST_102,IT_159,2024.03.29,20
ST_102,IT_159,2024.03.30,20
ST_102,IT_159,2024.03.31,20
ST_102,IT_160,2024.03.01,28
ST_102,IT_160,2024.03.02,28
ST_102,IT_160,2024.03.03,28
ST_102,IT_160,2024.03.04,28
ST_102,IT_160,2024.03.05,28
ST_102,IT_160,2024.03.06,28
ST_102,IT_160,2024.03.07,28
ST_102,IT_160,2024.03.08,28
ST_102,IT_160,2024.03.09,28
ST_102,IT_160,2024.03.10,28
ST_102,IT_160,2024.03.11,28
ST_102,IT_160,2024.03.12,28
ST_102,IT_160,2024.03.13,28
ST_102,IT_160,2024.03.14,28
ST_102,IT_160,2024.03.15,28
ST_102,IT_160,2024.03.16,28
ST_102,IT_160,2024.03.17,28
ST_102,IT_160,2024.03.18,28
ST_102,IT_160,2024.03.19,28
ST_102,IT_160,2024.03.20,28
ST_102,IT_160,2024.03.21,28
ST_102,IT_160,2024.03.22,28
ST_102,IT_160,2024.03.23,28
ST_102,IT_160,2024.03.24,28
ST_102,IT_160,2024.03.25,28
ST_102,IT_160,2024.03.26,28
ST_102,IT_160,2024.03.27,28
ST_102,IT_160,2024.03.28,28
ST_102,IT_160,2024.03.29,28
ST_102,IT_160,2024.03.30,28
ST_102,IT_160,2024.03.31,28
ST_102,IT_162,2024.03.01,20
ST_102,IT_162,2024.03.02,20
ST_102,IT_162,2024.03.03,20
ST_102,IT_162,2024.03.04,20
ST_102,IT_162,2024.03.05,20
ST_102,IT_162,2024.03.06,20
ST_102,IT_162,2024.03.07,20
ST_102,IT_162,2024.03.08,20
ST_102,IT_162,2024.03.09,20
ST_102,IT_162,2024.03.10,20
ST_102,IT_162,2024.03.11,20
ST_102,IT_162,2024.03.12,20
ST_102,IT_162,2024.03.13,20
ST_102,IT_162,2024.03.14,20
ST_102,IT_162,2024.03.15,20
ST_102,IT_162,2024.03.16,20
ST_102,IT_162,2024.03.17,20
ST_102,IT_162,2024.03.18,20
ST_102,IT_162,2024.03.19,20
ST_102,IT_162,2024.03.20,20
ST_102,IT_162,2024.03.21,20
ST_102,IT_162,2024.03.22,20
ST_102,IT_162,2024.03.23,20
ST_102,IT_162,2024.03.24,20
ST_102,IT_162,2024.03.25,20
ST_102,IT_162,2024.03.26,20
ST_102,IT_162,2024.03.27,20
ST_102,IT_162,2024.03.28,20
ST_102,IT_162,2024.03.29,20
ST_102,IT_162,2024.03.30,20
ST_102,IT_162,2024.03.31,20
ST_102,IT_163,2024.03.01,12
ST_102,IT_163,2024.03.02,12
ST_102,IT_163,2024.03.03,12
ST_102,IT_163,2024.03.04,12
ST_102,IT_163,2024.03.05,12
ST_102,IT_163,2024.03.06,12
ST_102,IT_163,2024.03.07,12
ST_102,IT_163,2024.03.08,12
ST_102,IT_163,2024.03.09,12
ST_102,IT_163,2024.03.10,12
ST_102,IT_163,2024.03.11,12
ST_102,IT_163,2024.03.12,12
ST_102,IT_163,2024.03.13,12
ST_102,IT_163,2024.03.14,12
ST_102,IT_163,2024.03.15,12
ST_102,IT_163,2024.03.16,12
ST_102,IT_163,2024.03.17,12
ST_102,IT_163,2024.03.18,12
ST_102,IT_163,2024.03.19,12
ST_102,IT_163,2024.03.20,12
ST_102,IT_163,2024.03.21,12
ST_102,IT_163,2024.03.22,12
ST_102,IT_163,2024.03.23,12
ST_102,IT_163,2024.03.24,12
ST_102,IT_163,2024.03.25,12
ST_102,IT_163,2024.03.26,12
ST_102,IT_163,2024.03.27,12
ST_102,IT_163,2024.03.28,12
ST_102,IT_163,2024.03.29,12
ST_102,IT_163,2024.03.30,12
ST_102,IT_163,2024.03.31,12
ST_102,IT_164,2024.03.01,33
ST_102,IT_164,2024.03.02,33
ST_102,IT_164,2024.03.03,33
ST_102,IT_164,2024.03.04,33
ST_102,IT_164,2024.03.05,33
ST_102,IT_164,2024.03.06,33
ST_102,IT_164,2024.03.07,33
ST_102,IT_164,2024.03.08,33
ST_102,IT_164,2024.03.09,33
ST_102,IT_164,2024.03.10,33
ST_102,IT_164,2024.03.11,33
ST_102,IT_164,2024.03.12,33
ST_102,IT_164,2024.03.13,33
ST_102,IT_164,2024.03.14,33
ST_102,IT_164,2024.03.15,33
ST_102,IT_164,2024.03.16,33
ST_102,IT_164,2024.03.17,33
ST_102,IT_164,2024.03.18,33
ST_102,IT_164,2024.03.19,33
ST_102,IT_164,2024.03.20,33
ST_102,IT_164,2024.03.21,33
ST_102,IT_164,2024.03.22,33
ST_102,IT_164,2024.03.23,33
ST_102,IT_164,2024.03.24,33
ST_102,IT_164,2024.03.25,33
ST_102,IT_164,2024.03.26,33
ST_102,IT_164,2024.03.27,33
ST_102,IT_164,2024.03.28,33
ST_102,IT_164,2024.03.29,33
ST_102,IT_164,2024.03.30,33
ST_102,IT_164,2024.03.31,33
ST_102,IT_165,2024.03.01,400
ST_102,IT_165,2024.03.02,400
ST_102,IT_165,2024.03.03,400
ST_102,IT_165,2024.03.04,400
ST_102,IT_165,2024.03.05,400
ST_102,IT_165,2024.03.06,400
ST_102,IT_165,2024.03.07,400
ST_102,IT_165,2024.03.08,400
ST_102,IT_165,2024.03.09,400
ST_102,IT_165,2024.03.10,400
ST_102,IT_165,2024.03.11,400
ST_102,IT_165,2024.03.12,400
ST_102,IT_165,2024.03.13,400
ST_102,IT_165,2024.03.14,400
ST_102,IT_165,2024.03.15,400
ST_102,IT_165,2024.03.16,400
ST_102,IT_165,2024.03.17,400
ST_102,IT_165,2024.03.18,400
ST_102,IT_165,2024.03.19,400
ST_102,IT_165,2024.03.20,400
ST_102,IT_165,2024.03.21,400
ST_102,IT_165,2024.03.22,400
ST_102,IT_165,2024.03.23,400
ST_102,IT_165,2024.03.24,400
ST_102,IT_165,2024.03.25,400
ST_102,IT_165,2024.03.26,400
ST_102,IT_165,2024.03.27,400
ST_102,IT_165,2024.03.28,400
ST_102,IT_165,2024.03.29,400
ST_102,IT_165,2024.03.30,400
ST_102,IT_165,2024.03.31,400
ST_102,IT_167,2024.03.01,23
ST_102,IT_167,2024.03.02,23
ST_102,IT_167,2024.03.03,23
ST_102,IT_167,2024.03.04,23
ST_102,IT_167,2024.03.05,23
ST_102,IT_167,2024.03.06,23
ST_102,IT_167,2024.03.07,23
ST_102,IT_167,2024.03.08,23
ST_102,IT_167,2024.03.09,23
ST_102,IT_167,2024.03.10,23
ST_102,IT_167,2024.03.11,23
ST_102,IT_167,2024.03.12,23
ST_102,IT_167,2024.03.13,23
ST_102,IT_167,2024.03.14,23
ST_102,IT_167,2024.03.15,23
ST_102,IT_167,2024.03.16,23
ST_102,IT_167,2024.03.17,23
ST_102,IT_167,2024.03.18,23
ST_102,IT_167,2024.03.19,23
ST_102,IT_167,2024.03.20,23
ST_102,IT_167,2024.03.21,23
ST_102,IT_167,2024.03.22,23
ST_102,IT_167,2024.03.23,23
ST_102,IT_167,2024.03.24,23
ST_102,IT_167,2024.03.25,23
ST_102,IT_167,2024.03.26,23
ST_102,IT_167,2024.03.27,23
ST_102,IT_167,2024.03.28,23
ST_102,IT_167,2024.03.29,23
ST_102,IT_167,2024.03.30,23
ST_102,IT_167,2024.03.31,23
ST_102,IT_168,2024.03.01,26
ST_102,IT_168,2024.03.02,26
ST_102,IT_168,2024.03.03,26
ST_102,IT_168,2024.03.04,26
ST_102,IT_168,2024.03.05,26
ST_102,IT_168,2024.03.06,26
ST_102,IT_168,2024.03.07,26
ST_102,IT_168,2024.03.08,26
ST_102,IT_168,2024.03.09,26
ST_102,IT_168,2024.03.10,26
ST_102,IT_168,2024.03.11,26
ST_102,IT_168,2024.03.12,26
ST_102,IT_168,2024.03.13,26
ST_102,IT_168,2024.03.14,26
ST_102,IT_168,2024.03.15,26
ST_102,IT_168,2024.03.16,26
ST_102,IT_168,2024.03.17,26
ST_102,IT_168,2024.03.18,26
ST_102,IT_168,2024.03.19,26
ST_102,IT_168,2024.03.20,26
ST_102,IT_168,2024.03.21,26
ST_102,IT_168,2024.03.22,26
ST_102,IT_168,2024.03.23,26
ST_102,IT_168,2024.03.24,26
ST_102,IT_168,2024.03.25,26
ST_102,IT_168,2024.03.26,26
ST_102,IT_168,2024.03.27,26
ST_102,IT_168,2024.03.28,26
ST_102,IT_168,2024.03.29,26
ST_102,IT_168,2024.03.30,26
ST_102,IT_168,2024.03.31,26
ST_102,IT_169,2024.03.01,23
ST_102,IT_169,2024.03.02,23
ST_102,IT_169,2024.03.03,23
ST_102,IT_169,2024.03.04,23
ST_102,IT_169,2024.03.05,23
ST_102,IT_169,2024.03.06,23
ST_102,IT_169,2024.03.07,23
ST_102,IT_169,2024.03.08,23
ST_102,IT_169,2024.03.09,23
ST_102,IT_169,2024.03.10,23
ST_102,IT_169,2024.03.11,23
ST_102,IT_169,2024.03.12,23
ST_102,IT_169,2024.03.13,23
ST_102,IT_169,2024.03.14,23
ST_102,IT_169,2024.03.15,23
ST_102,IT_169,2024.03.16,23
ST_102,IT_169,2024.03.17,23
ST_102,IT_169,2024.03.18,23
ST_102,IT_169,2024.03.19,23
ST_102,IT_169,2024.03.20,23
ST_102,IT_169,2024.03.21,23
ST_102,IT_169,2024.03.22,23
ST_102,IT_169,2024.03.23,23
ST_102,IT_169,2024.03.24,23
ST_102,IT_169,2024.03.25,23
ST_102,IT_169,2024.03.26,23
ST_102,IT_169,2024.03.27,23
ST_102,IT_169,2024.03.28,23
ST_102,IT_169,2024.03.29,23
ST_102,IT_169,2024.03.30,23
ST_102,IT_169,2024.03.31,23
ST_102,IT_170,2024.03.01,36
ST_102,IT_170,2024.03.02,36
ST_102,IT_170,2024.03.03,36
ST_102,IT_170,2024.03.04,36
ST_102,IT_170,2024.03.05,36
ST_102,IT_170,2024.03.06,36
ST_102,IT_170,2024.03.07,36
ST_102,IT_170,2024.03.08,36
ST_102,IT_170,2024.03.09,36
ST_102,IT_170,2024.03.10,36
ST_102,IT_170,2024.03.11,36
ST_102,IT_170,2024.03.12,36
ST_102,IT_170,2024.03.13,36
ST_102,IT_170,2024.03.14,36
ST_102,IT_170,2024.03.15,36
ST_102,IT_170,2024.03.16,36
ST_102,IT_170,2024.03.17,36
ST_102,IT_170,2024.03.18,36
ST_102,IT_170,2024.03.19,36
ST_102,IT_170,2024.03.20,36
ST_102,IT_170,2024.03.21,36
ST_102,IT_170,2024.03.22,36
ST_102,IT_170,2024.03.23,36
ST_102,IT_170,2024.03.24,36
ST_102,IT_170,2024.03.25,36
ST_102,IT_170,2024.03.26,36
ST_102,IT_170,2024.03.27,36
ST_102,IT_170,2024.03.28,36
ST_102,IT_170,2024.03.29,36
ST_102,IT_170,2024.03.30,36
ST_102,IT_170,2024.03.31,36
ST_102,IT_171,2024.03.01,43
ST_102,IT_171,2024.03.02,43
ST_102,IT_171,2024.03.03,43
ST_102,IT_171,2024.03.04,43
ST_102,IT_171,2024.03.05,43
ST_102,IT_171,2024.03.06,43
ST_102,IT_171,2024.03.07,43
ST_102,IT_171,2024.03.08,43
ST_102,IT_171,2024.03.09,43
ST_102,IT_171,2024.03.10,43
ST_102,IT_171,2024.03.11,43
ST_102,IT_171,2024.03.12,43
ST_102,IT_171,2024.03.13,43
ST_102,IT_171,2024.03.14,43
ST_102,IT_171,2024.03.15,43
ST_102,IT_171,2024.03.16,43
ST_102,IT_171,2024.03.17,43
ST_102,IT_171,2024.03.18,43
ST_102,IT_171,2024.03.19,43
ST_102,IT_171,2024.03.20,43
ST_102,IT_171,2024.03.21,43
ST_102,IT_171,2024.03.22,43
ST_102,IT_171,2024.03.23,43
ST_102,IT_171,2024.03.24,43
ST_102,IT_171,2024.03.25,43
ST_102,IT_171,2024.03.26,43
ST_102,IT_171,2024.03.27,43
ST_102,IT_171,2024.03.28,43
ST_102,IT_171,2024.03.29,43
ST_102,IT_171,2024.03.30,43
ST_102,IT_171,2024.03.31,43
ST_102,IT_101,2024.04.01,4000
ST_102,IT_101,2024.04.02,4000
ST_102,IT_101,2024.04.03,4000
ST_102,IT_101,2024.04.04,4000
ST_102,IT_101,2024.04.05,4000
ST_102,IT_101,2024.04.06,4000
ST_102,IT_101,2024.04.07,4000
ST_102,IT_101,2024.04.08,4000
ST_102,IT_101,2024.04.09,4000
ST_102,IT_101,2024.04.10,4000
ST_102,IT_101,2024.04.11,4000
ST_102,IT_101,2024.04.12,4000
ST_102,IT_101,2024.04.13,4000
ST_102,IT_101,2024.04.14,4000
ST_102,IT_101,2024.04.15,4000
ST_102,IT_101,2024.04.16,4000
ST_102,IT_101,2024.04.17,4000
ST_102,IT_101,2024.04.18,4000
ST_102,IT_101,2024.04.19,4000
ST_102,IT_101,2024.04.20,4000
ST_102,IT_101,2024.04.21,4000
ST_102,IT_101,2024.04.22,4000
ST_102,IT_101,2024.04.23,4000
ST_102,IT_101,2024.04.24,4000
ST_102,IT_101,2024.04.25,4000
ST_102,IT_101,2024.04.26,4000
ST_102,IT_101,2024.04.27,4000
ST_102,IT_101,2024.04.28,4000
ST_102,IT_101,2024.04.29,4000
ST_102,IT_101,2024.04.30,4000
ST_102,IT_102,2024.04.01,3000
ST_102,IT_102,2024.04.02,3000
ST_102,IT_102,2024.04.03,3000
ST_102,IT_102,2024.04.04,3000
ST_102,IT_102,2024.04.05,3000
ST_102,IT_102,2024.04.06,3000
ST_102,IT_102,2024.04.07,3000
ST_102,IT_102,2024.04.08,3000
ST_102,IT_102,2024.04.09,3000
ST_102,IT_102,2024.04.10,3000
ST_102,IT_102,2024.04.11,3000
ST_102,IT_102,2024.04.12,3000
ST_102,IT_102,2024.04.13,3000
ST_102,IT_102,2024.04.14,3000
ST_102,IT_102,2024.04.15,3000
ST_102,IT_102,2024.04.16,3000
ST_102,IT_102,2024.04.17,3000
ST_102,IT_102,2024.04.18,3000
ST_102,IT_102,2024.04.19,3000
ST_102,IT_102,2024.04.20,3000
ST_102,IT_102,2024.04.21,3000
ST_102,IT_102,2024.04.22,3000
ST_102,IT_102,2024.04.23,3000
ST_102,IT_102,2024.04.24,3000
ST_102,IT_102,2024.04.25,3000
ST_102,IT_102,2024.04.26,3000
ST_102,IT_102,2024.04.27,3000
ST_102,IT_102,2024.04.28,3000
ST_102,IT_102,2024.04.29,3000
ST_102,IT_102,2024.04.30,3000
ST_102,IT_103,2024.04.01,4000
ST_102,IT_103,2024.04.02,4000
ST_102,IT_103,2024.04.03,4000
ST_102,IT_103,2024.04.04,4000
ST_102,IT_103,2024.04.05,4000
ST_102,IT_103,2024.04.06,4000
ST_102,IT_103,2024.04.07,4000
ST_102,IT_103,2024.04.08,4000
ST_102,IT_103,2024.04.09,4000
ST_102,IT_103,2024.04.10,4000
ST_102,IT_103,2024.04.11,4000
ST_102,IT_103,2024.04.12,4000
ST_102,IT_103,2024.04.13,4000
ST_102,IT_103,2024.04.14,4000
ST_102,IT_103,2024.04.15,4000
ST_102,IT_103,2024.04.16,4000
ST_102,IT_103,2024.04.17,4000
ST_102,IT_103,2024.04.18,4000
ST_102,IT_103,2024.04.19,4000
ST_102,IT_103,2024.04.20,4000
ST_102,IT_103,2024.04.21,4000
ST_102,IT_103,2024.04.22,4000
ST_102,IT_103,2024.04.23,4000
ST_102,IT_103,2024.04.24,4000
ST_102,IT_103,2024.04.25,4000
ST_102,IT_103,2024.04.26,4000
ST_102,IT_103,2024.04.27,4000
ST_102,IT_103,2024.04.28,4000
ST_102,IT_103,2024.04.29,4000
ST_102,IT_103,2024.04.30,4000
ST_102,IT_104,2024.04.01,0
ST_102,IT_104,2024.04.02,0
ST_102,IT_104,2024.04.03,0
ST_102,IT_104,2024.04.04,0
ST_102,IT_104,2024.04.05,0
ST_102,IT_104,2024.04.06,0
ST_102,IT_104,2024.04.07,0
ST_102,IT_104,2024.04.08,0
ST_102,IT_104,2024.04.09,0
ST_102,IT_104,2024.04.10,0
ST_102,IT_104,2024.04.11,0
ST_102,IT_104,2024.04.12,0
ST_102,IT_104,2024.04.13,0
ST_102,IT_104,2024.04.14,0
ST_102,IT_104,2024.04.15,0
ST_102,IT_104,2024.04.16,0
ST_102,IT_104,2024.04.17,0
ST_102,IT_104,2024.04.18,0
ST_102,IT_104,2024.04.19,0
ST_102,IT_104,2024.04.20,0
ST_102,IT_104,2024.04.21,0
ST_102,IT_104,2024.04.22,0
ST_102,IT_104,2024.04.23,0
ST_102,IT_104,2024.04.24,0
ST_102,IT_104,2024.04.25,0
ST_102,IT_104,2024.04.26,0
ST_102,IT_104,2024.04.27,0
ST_102,IT_104,2024.04.28,0
ST_102,IT_104,2024.04.29,0
ST_102,IT_104,2024.04.30,0
ST_102,IT_105,2024.04.01,13000
ST_102,IT_105,2024.04.02,13000
ST_102,IT_105,2024.04.03,13000
ST_102,IT_105,2024.04.04,13000
ST_102,IT_105,2024.04.05,13000
ST_102,IT_105,2024.04.06,13000
ST_102,IT_105,2024.04.07,13000
ST_102,IT_105,2024.04.08,13000
ST_102,IT_105,2024.04.09,13000
ST_102,IT_105,2024.04.10,13000
ST_102,IT_105,2024.04.11,13000
ST_102,IT_105,2024.04.12,13000
ST_102,IT_105,2024.04.13,13000
ST_102,IT_105,2024.04.14,13000
ST_102,IT_105,2024.04.15,13000
ST_102,IT_105,2024.04.16,13000
ST_102,IT_105,2024.04.17,13000
ST_102,IT_105,2024.04.18,13000
ST_102,IT_105,2024.04.19,13000
ST_102,IT_105,2024.04.20,13000
ST_102,IT_105,2024.04.21,13000
ST_102,IT_105,2024.04.22,13000
ST_102,IT_105,2024.04.23,13000
ST_102,IT_105,2024.04.24,13000
ST_102,IT_105,2024.04.25,13000
ST_102,IT_105,2024.04.26,13000
ST_102,IT_105,2024.04.27,13000
ST_102,IT_105,2024.04.28,13000
ST_102,IT_105,2024.04.29,13000
ST_102,IT_105,2024.04.30,13000
ST_102,IT_106,2024.04.01,9000
ST_102,IT_106,2024.04.02,9000
ST_102,IT_106,2024.04.03,9000
ST_102,IT_106,2024.04.04,9000
ST_102,IT_106,2024.04.05,9000
ST_102,IT_106,2024.04.06,9000
ST_102,IT_106,2024.04.07,9000
ST_102,IT_106,2024.04.08,9000
ST_102,IT_106,2024.04.09,9000
ST_102,IT_106,2024.04.10,9000
ST_102,IT_106,2024.04.11,9000
ST_102,IT_106,2024.04.12,9000
ST_102,IT_106,2024.04.13,9000
ST_102,IT_106,2024.04.14,9000
ST_102,IT_106,2024.04.15,9000
ST_102,IT_106,2024.04.16,9000
ST_102,IT_106,2024.04.17,9000
ST_102,IT_106,2024.04.18,9000
ST_102,IT_106,2024.04.19,9000
ST_102,IT_106,2024.04.20,9000
ST_102,IT_106,2024.04.21,9000
ST_102,IT_106,2024.04.22,9000
ST_102,IT_106,2024.04.23,9000
ST_102,IT_106,2024.04.24,9000
ST_102,IT_106,2024.04.25,9000
ST_102,IT_106,2024.04.26,9000
ST_102,IT_106,2024.04.27,9000
ST_102,IT_106,2024.04.28,9000
ST_102,IT_106,2024.04.29,9000
ST_102,IT_106,2024.04.30,9000
ST_102,IT_107,2024.04.01,13000
ST_102,IT_107,2024.04.02,13000
ST_102,IT_107,2024.04.03,13000
ST_102,IT_107,2024.04.04,13000
ST_102,IT_107,2024.04.05,13000
ST_102,IT_107,2024.04.06,13000
ST_102,IT_107,2024.04.07,13000
ST_102,IT_107,2024.04.08,13000
ST_102,IT_107,2024.04.09,13000
ST_102,IT_107,2024.04.10,13000
ST_102,IT_107,2024.04.11,13000
ST_102,IT_107,2024.04.12,13000
ST_102,IT_107,2024.04.13,13000
ST_102,IT_107,2024.04.14,13000
ST_102,IT_107,2024.04.15,13000
ST_102,IT_107,2024.04.16,13000
ST_102,IT_107,2024.04.17,13000
ST_102,IT_107,2024.04.18,13000
ST_102,IT_107,2024.04.19,13000
ST_102,IT_107,2024.04.20,13000
ST_102,IT_107,2024.04.21,13000
ST_102,IT_107,2024.04.22,13000
ST_102,IT_107,2024.04.23,13000
ST_102,IT_107,2024.04.24,13000
ST_102,IT_107,2024.04.25,13000
ST_102,IT_107,2024.04.26,13000
ST_102,IT_107,2024.04.27,13000
ST_102,IT_107,2024.04.28,13000
ST_102,IT_107,2024.04.29,13000
ST_102,IT_107,2024.04.30,13000
ST_102,IT_108,2024.04.01,8000
ST_102,IT_108,2024.04.02,8000
ST_102,IT_108,2024.04.03,8000
ST_102,IT_108,2024.04.04,8000
ST_102,IT_108,2024.04.05,8000
ST_102,IT_108,2024.04.06,8000
ST_102,IT_108,2024.04.07,8000
ST_102,IT_108,2024.04.08,8000
ST_102,IT_108,2024.04.09,8000
ST_102,IT_108,2024.04.10,8000
ST_102,IT_108,2024.04.11,8000
ST_102,IT_108,2024.04.12,8000
ST_102,IT_108,2024.04.13,8000
ST_102,IT_108,2024.04.14,8000
ST_102,IT_108,2024.04.15,8000
ST_102,IT_108,2024.04.16,8000
ST_102,IT_108,2024.04.17,8000
ST_102,IT_108,2024.04.18,8000
ST_102,IT_108,2024.04.19,8000
ST_102,IT_108,2024.04.20,8000
ST_102,IT_108,2024.04.21,8000
ST_102,IT_108,2024.04.22,8000
ST_102,IT_108,2024.04.23,8000
ST_102,IT_108,2024.04.24,8000
ST_102,IT_108,2024.04.25,8000
ST_102,IT_108,2024.04.26,8000
ST_102,IT_108,2024.04.27,8000
ST_102,IT_108,2024.04.28,8000
ST_102,IT_108,2024.04.29,8000
ST_102,IT_108,2024.04.30,8000
ST_102,IT_109,2024.04.01,0
ST_102,IT_109,2024.04.02,0
ST_102,IT_109,2024.04.03,0
ST_102,IT_109,2024.04.04,0
ST_102,IT_109,2024.04.05,0
ST_102,IT_109,2024.04.06,0
ST_102,IT_109,2024.04.07,0
ST_102,IT_109,2024.04.08,0
ST_102,IT_109,2024.04.09,0
ST_102,IT_109,2024.04.10,0
ST_102,IT_109,2024.04.11,0
ST_102,IT_109,2024.04.12,0
ST_102,IT_109,2024.04.13,0
ST_102,IT_109,2024.04.14,0
ST_102,IT_109,2024.04.15,0
ST_102,IT_109,2024.04.16,0
ST_102,IT_109,2024.04.17,0
ST_102,IT_109,2024.04.18,0
ST_102,IT_109,2024.04.19,0
ST_102,IT_109,2024.04.20,0
ST_102,IT_109,2024.04.21,0
ST_102,IT_109,2024.04.22,0
ST_102,IT_109,2024.04.23,0
ST_102,IT_109,2024.04.24,0
ST_102,IT_109,2024.04.25,0
ST_102,IT_109,2024.04.26,0
ST_102,IT_109,2024.04.27,0
ST_102,IT_109,2024.04.28,0
ST_102,IT_109,2024.04.29,0
ST_102,IT_109,2024.04.30,0
ST_102,IT_110,2024.04.01,3000
ST_102,IT_110,2024.04.02,3000
ST_102,IT_110,2024.04.03,3000
ST_102,IT_110,2024.04.04,3000
ST_102,IT_110,2024.04.05,3000
ST_102,IT_110,2024.04.06,3000
ST_102,IT_110,2024.04.07,3000
ST_102,IT_110,2024.04.08,3000
ST_102,IT_110,2024.04.09,3000
ST_102,IT_110,2024.04.10,3000
ST_102,IT_110,2024.04.11,3000
ST_102,IT_110,2024.04.12,3000
ST_102,IT_110,2024.04.13,3000
ST_102,IT_110,2024.04.14,3000
ST_102,IT_110,2024.04.15,3000
ST_102,IT_110,2024.04.16,3000
ST_102,IT_110,2024.04.17,3000
ST_102,IT_110,2024.04.18,3000
ST_102,IT_110,2024.04.19,3000
ST_102,IT_110,2024.04.20,3000
ST_102,IT_110,2024.04.21,3000
ST_102,IT_110,2024.04.22,3000
ST_102,IT_110,2024.04.23,3000
ST_102,IT_110,2024.04.24,3000
ST_102,IT_110,2024.04.25,3000
ST_102,IT_110,2024.04.26,3000
ST_102,IT_110,2024.04.27,3000
ST_102,IT_110,2024.04.28,3000
ST_102,IT_110,2024.04.29,3000
ST_102,IT_110,2024.04.30,3000
ST_102,IT_111,2024.04.01,14000
ST_102,IT_111,2024.04.02,14000
ST_102,IT_111,2024.04.03,14000
ST_102,IT_111,2024.04.04,14000
ST_102,IT_111,2024.04.05,14000
ST_102,IT_111,2024.04.06,14000
ST_102,IT_111,2024.04.07,14000
ST_102,IT_111,2024.04.08,14000
ST_102,IT_111,2024.04.09,14000
ST_102,IT_111,2024.04.10,14000
ST_102,IT_111,2024.04.11,14000
ST_102,IT_111,2024.04.12,14000
ST_102,IT_111,2024.04.13,14000
ST_102,IT_111,2024.04.14,14000
ST_102,IT_111,2024.04.15,14000
ST_102,IT_111,2024.04.16,14000
ST_102,IT_111,2024.04.17,14000
ST_102,IT_111,2024.04.18,14000
ST_102,IT_111,2024.04.19,14000
ST_102,IT_111,2024.04.20,14000
ST_102,IT_111,2024.04.21,14000
ST_102,IT_111,2024.04.22,14000
ST_102,IT_111,2024.04.23,14000
ST_102,IT_111,2024.04.24,14000
ST_102,IT_111,2024.04.25,14000
ST_102,IT_111,2024.04.26,14000
ST_102,IT_111,2024.04.27,14000
ST_102,IT_111,2024.04.28,14000
ST_102,IT_111,2024.04.29,14000
ST_102,IT_111,2024.04.30,14000
ST_102,IT_112,2024.04.01,8500
ST_102,IT_112,2024.04.02,8500
ST_102,IT_112,2024.04.03,8500
ST_102,IT_112,2024.04.04,8500
ST_102,IT_112,2024.04.05,8500
ST_102,IT_112,2024.04.06,8500
ST_102,IT_112,2024.04.07,8500
ST_102,IT_112,2024.04.08,8500
ST_102,IT_112,2024.04.09,8500
ST_102,IT_112,2024.04.10,8500
ST_102,IT_112,2024.04.11,8500
ST_102,IT_112,2024.04.12,8500
ST_102,IT_112,2024.04.13,8500
ST_102,IT_112,2024.04.14,8500
ST_102,IT_112,2024.04.15,8500
ST_102,IT_112,2024.04.16,8500
ST_102,IT_112,2024.04.17,8500
ST_102,IT_112,2024.04.18,8500
ST_102,IT_112,2024.04.19,8500
ST_102,IT_112,2024.04.20,8500
ST_102,IT_112,2024.04.21,8500
ST_102,IT_112,2024.04.22,8500
ST_102,IT_112,2024.04.23,8500
ST_102,IT_112,2024.04.24,8500
ST_102,IT_112,2024.04.25,8500
ST_102,IT_112,2024.04.26,8500
ST_102,IT_112,2024.04.27,8500
ST_102,IT_112,2024.04.28,8500
ST_102,IT_112,2024.04.29,8500
ST_102,IT_112,2024.04.30,8500
ST_102,IT_113,2024.04.01,5000
ST_102,IT_113,2024.04.02,5000
ST_102,IT_113,2024.04.03,5000
ST_102,IT_113,2024.04.04,5000
ST_102,IT_113,2024.04.05,5000
ST_102,IT_113,2024.04.06,5000
ST_102,IT_113,2024.04.07,5000
ST_102,IT_113,2024.04.08,5000
ST_102,IT_113,2024.04.09,5000
ST_102,IT_113,2024.04.10,5000
ST_102,IT_113,2024.04.11,5000
ST_102,IT_113,2024.04.12,5000
ST_102,IT_113,2024.04.13,5000
ST_102,IT_113,2024.04.14,5000
ST_102,IT_113,2024.04.15,5000
ST_102,IT_113,2024.04.16,5000
ST_102,IT_113,2024.04.17,5000
ST_102,IT_113,2024.04.18,5000
ST_102,IT_113,2024.04.19,5000
ST_102,IT_113,2024.04.20,5000
ST_102,IT_113,2024.04.21,5000
ST_102,IT_113,2024.04.22,5000
ST_102,IT_113,2024.04.23,5000
ST_102,IT_113,2024.04.24,5000
ST_102,IT_113,2024.04.25,5000
ST_102,IT_113,2024.04.26,5000
ST_102,IT_113,2024.04.27,5000
ST_102,IT_113,2024.04.28,5000
ST_102,IT_113,2024.04.29,5000
ST_102,IT_113,2024.04.30,5000
ST_102,IT_114,2024.04.01,4000
ST_102,IT_114,2024.04.02,4000
ST_102,IT_114,2024.04.03,4000
ST_102,IT_114,2024.04.04,4000
ST_102,IT_114,2024.04.05,4000
ST_102,IT_114,2024.04.06,4000
ST_102,IT_114,2024.04.07,4000
ST_102,IT_114,2024.04.08,4000
ST_102,IT_114,2024.04.09,4000
ST_102,IT_114,2024.04.10,4000
ST_102,IT_114,2024.04.11,4000
ST_102,IT_114,2024.04.12,4000
ST_102,IT_114,2024.04.13,4000
ST_102,IT_114,2024.04.14,4000
ST_102,IT_114,2024.04.15,4000
ST_102,IT_114,2024.04.16,4000
ST_102,IT_114,2024.04.17,4000
ST_102,IT_114,2024.04.18,4000
ST_102,IT_114,2024.04.19,4000
ST_102,IT_114,2024.04.20,4000
ST_102,IT_114,2024.04.21,4000
ST_102,IT_114,2024.04.22,4000
ST_102,IT_114,2024.04.23,4000
ST_102,IT_114,2024.04.24,4000
ST_102,IT_114,2024.04.25,4000
ST_102,IT_114,2024.04.26,4000
ST_102,IT_114,2024.04.27,4000
ST_102,IT_114,2024.04.28,4000
ST_102,IT_114,2024.04.29,4000
ST_102,IT_114,2024.04.30,4000
ST_102,IT_115,2024.04.01,4500
ST_102,IT_115,2024.04.02,4500
ST_102,IT_115,2024.04.03,4500
ST_102,IT_115,2024.04.04,4500
ST_102,IT_115,2024.04.05,4500
ST_102,IT_115,2024.04.06,4500
ST_102,IT_115,2024.04.07,4500
ST_102,IT_115,2024.04.08,4500
ST_102,IT_115,2024.04.09,4500
ST_102,IT_115,2024.04.10,4500
ST_102,IT_115,2024.04.11,4500
ST_102,IT_115,2024.04.12,4500
ST_102,IT_115,2024.04.13,4500
ST_102,IT_115,2024.04.14,4500
ST_102,IT_115,2024.04.15,4500
ST_102,IT_115,2024.04.16,4500
ST_102,IT_115,2024.04.17,4500
ST_102,IT_115,2024.04.18,4500
ST_102,IT_115,2024.04.19,4500
ST_102,IT_115,2024.04.20,4500
ST_102,IT_115,2024.04.21,4500
ST_102,IT_115,2024.04.22,4500
ST_102,IT_115,2024.04.23,4500
ST_102,IT_115,2024.04.24,4500
ST_102,IT_115,2024.04.25,4500
ST_102,IT_115,2024.04.26,4500
ST_102,IT_115,2024.04.27,4500
ST_102,IT_115,2024.04.28,4500
ST_102,IT_115,2024.04.29,4500
ST_102,IT_115,2024.04.30,4500
ST_102,IT_116,2024.04.01,4800
ST_102,IT_116,2024.04.02,4800
ST_102,IT_116,2024.04.03,4800
ST_102,IT_116,2024.04.04,4800
ST_102,IT_116,2024.04.05,4800
ST_102,IT_116,2024.04.06,4800
ST_102,IT_116,2024.04.07,4800
ST_102,IT_116,2024.04.08,4800
ST_102,IT_116,2024.04.09,4800
ST_102,IT_116,2024.04.10,4800
ST_102,IT_116,2024.04.11,4800
ST_102,IT_116,2024.04.12,4800
ST_102,IT_116,2024.04.13,4800
ST_102,IT_116,2024.04.14,4800
ST_102,IT_116,2024.04.15,4800
ST_102,IT_116,2024.04.16,4800
ST_102,IT_116,2024.04.17,4800
ST_102,IT_116,2024.04.18,4800
ST_102,IT_116,2024.04.19,4800
ST_102,IT_116,2024.04.20,4800
ST_102,IT_116,2024.04.21,4800
ST_102,IT_116,2024.04.22,4800
ST_102,IT_116,2024.04.23,4800
ST_102,IT_116,2024.04.24,4800
ST_102,IT_116,2024.04.25,4800
ST_102,IT_116,2024.04.26,4800
ST_102,IT_116,2024.04.27,4800
ST_102,IT_116,2024.04.28,4800
ST_102,IT_116,2024.04.29,4800
ST_102,IT_116,2024.04.30,4800
ST_102,IT_117,2024.04.01,5800
ST_102,IT_117,2024.04.02,5800
ST_102,IT_117,2024.04.03,5800
ST_102,IT_117,2024.04.04,5800
ST_102,IT_117,2024.04.05,5800
ST_102,IT_117,2024.04.06,5800
ST_102,IT_117,2024.04.07,5800
ST_102,IT_117,2024.04.08,5800
ST_102,IT_117,2024.04.09,5800
ST_102,IT_117,2024.04.10,5800
ST_102,IT_117,2024.04.11,5800
ST_102,IT_117,2024.04.12,5800
ST_102,IT_117,2024.04.13,5800
ST_102,IT_117,2024.04.14,5800
ST_102,IT_117,2024.04.15,5800
ST_102,IT_117,2024.04.16,5800
ST_102,IT_117,2024.04.17,5800
ST_102,IT_117,2024.04.18,5800
ST_102,IT_117,2024.04.19,5800
ST_102,IT_117,2024.04.20,5800
ST_102,IT_117,2024.04.21,5800
ST_102,IT_117,2024.04.22,5800
ST_102,IT_117,2024.04.23,5800
ST_102,IT_117,2024.04.24,5800
ST_102,IT_117,2024.04.25,5800
ST_102,IT_117,2024.04.26,5800
ST_102,IT_117,2024.04.27,5800
ST_102,IT_117,2024.04.28,5800
ST_102,IT_117,2024.04.29,5800
ST_102,IT_117,2024.04.30,5800
ST_102,IT_118,2024.04.01,1000
ST_102,IT_118,2024.04.02,1000
ST_102,IT_118,2024.04.03,1000
ST_102,IT_118,2024.04.04,1000
ST_102,IT_118,2024.04.05,1000
ST_102,IT_118,2024.04.06,1000
ST_102,IT_118,2024.04.07,1000
ST_102,IT_118,2024.04.08,1000
ST_102,IT_118,2024.04.09,1000
ST_102,IT_118,2024.04.10,1000
ST_102,IT_118,2024.04.11,1000
ST_102,IT_118,2024.04.12,1000
ST_102,IT_118,2024.04.13,1000
ST_102,IT_118,2024.04.14,1000
ST_102,IT_118,2024.04.15,1000
ST_102,IT_118,2024.04.16,1000
ST_102,IT_118,2024.04.17,1000
ST_102,IT_118,2024.04.18,1000
ST_102,IT_118,2024.04.19,1000
ST_102,IT_118,2024.04.20,1000
ST_102,IT_118,2024.04.21,1000
ST_102,IT_118,2024.04.22,1000
ST_102,IT_118,2024.04.23,1000
ST_102,IT_118,2024.04.24,1000
ST_102,IT_118,2024.04.25,1000
ST_102,IT_118,2024.04.26,1000
ST_102,IT_118,2024.04.27,1000
ST_102,IT_118,2024.04.28,1000
ST_102,IT_118,2024.04.29,1000
ST_102,IT_118,2024.04.30,1000
ST_102,IT_119,2024.04.01,48000
ST_102,IT_119,2024.04.02,48000
ST_102,IT_119,2024.04.03,48000
ST_102,IT_119,2024.04.04,48000
ST_102,IT_119,2024.04.05,48000
ST_102,IT_119,2024.04.06,48000
ST_102,IT_119,2024.04.07,48000
ST_102,IT_119,2024.04.08,48000
ST_102,IT_119,2024.04.09,48000
ST_102,IT_119,2024.04.10,48000
ST_102,IT_119,2024.04.11,48000
ST_102,IT_119,2024.04.12,48000
ST_102,IT_119,2024.04.13,48000
ST_102,IT_119,2024.04.14,48000
ST_102,IT_119,2024.04.15,48000
ST_102,IT_119,2024.04.16,48000
ST_102,IT_119,2024.04.17,48000
ST_102,IT_119,2024.04.18,48000
ST_102,IT_119,2024.04.19,48000
ST_102,IT_119,2024.04.20,48000
ST_102,IT_119,2024.04.21,48000
ST_102,IT_119,2024.04.22,48000
ST_102,IT_119,2024.04.23,48000
ST_102,IT_119,2024.04.24,48000
ST_102,IT_119,2024.04.25,48000
ST_102,IT_119,2024.04.26,48000
ST_102,IT_119,2024.04.27,48000
ST_102,IT_119,2024.04.28,48000
ST_102,IT_119,2024.04.29,48000
ST_102,IT_119,2024.04.30,48000
ST_102,IT_120,2024.04.01,3
ST_102,IT_120,2024.04.02,3
ST_102,IT_120,2024.04.03,3
ST_102,IT_120,2024.04.04,3
ST_102,IT_120,2024.04.05,3
ST_102,IT_120,2024.04.06,3
ST_102,IT_120,2024.04.07,3
ST_102,IT_120,2024.04.08,3
ST_102,IT_120,2024.04.09,3
ST_102,IT_120,2024.04.10,3
ST_102,IT_120,2024.04.11,3
ST_102,IT_120,2024.04.12,3
ST_102,IT_120,2024.04.13,3
ST_102,IT_120,2024.04.14,3
ST_102,IT_120,2024.04.15,3
ST_102,IT_120,2024.04.16,3
ST_102,IT_120,2024.04.17,3
ST_102,IT_120,2024.04.18,3
ST_102,IT_120,2024.04.19,3
ST_102,IT_120,2024.04.20,3
ST_102,IT_120,2024.04.21,3
ST_102,IT_120,2024.04.22,3
ST_102,IT_120,2024.04.23,3
ST_102,IT_120,2024.04.24,3
ST_102,IT_120,2024.04.25,3
ST_102,IT_120,2024.04.26,3
ST_102,IT_120,2024.04.27,3
ST_102,IT_120,2024.04.28,3
ST_102,IT_120,2024.04.29,3
ST_102,IT_120,2024.04.30,3
ST_102,IT_121,2024.04.01,3000
ST_102,IT_121,2024.04.02,3000
ST_102,IT_121,2024.04.03,3000
ST_102,IT_121,2024.04.04,3000
ST_102,IT_121,2024.04.05,3000
ST_102,IT_121,2024.04.06,3000
ST_102,IT_121,2024.04.07,3000
ST_102,IT_121,2024.04.08,3000
ST_102,IT_121,2024.04.09,3000
ST_102,IT_121,2024.04.10,3000
ST_102,IT_121,2024.04.11,3000
ST_102,IT_121,2024.04.12,3000
ST_102,IT_121,2024.04.13,3000
ST_102,IT_121,2024.04.14,3000
ST_102,IT_121,2024.04.15,3000
ST_102,IT_121,2024.04.16,3000
ST_102,IT_121,2024.04.17,3000
ST_102,IT_121,2024.04.18,3000
ST_102,IT_121,2024.04.19,3000
ST_102,IT_121,2024.04.20,3000
ST_102,IT_121,2024.04.21,3000
ST_102,IT_121,2024.04.22,3000
ST_102,IT_121,2024.04.23,3000
ST_102,IT_121,2024.04.24,3000
ST_102,IT_121,2024.04.25,3000
ST_102,IT_121,2024.04.26,3000
ST_102,IT_121,2024.04.27,3000
ST_102,IT_121,2024.04.28,3000
ST_102,IT_121,2024.04.29,3000
ST_102,IT_121,2024.04.30,3000
ST_102,IT_122,2024.04.01,3000
ST_102,IT_122,2024.04.02,3000
ST_102,IT_122,2024.04.03,3000
ST_102,IT_122,2024.04.04,3000
ST_102,IT_122,2024.04.05,3000
ST_102,IT_122,2024.04.06,3000
ST_102,IT_122,2024.04.07,3000
ST_102,IT_122,2024.04.08,3000
ST_102,IT_122,2024.04.09,3000
ST_102,IT_122,2024.04.10,3000
ST_102,IT_122,2024.04.11,3000
ST_102,IT_122,2024.04.12,3000
ST_102,IT_122,2024.04.13,3000
ST_102,IT_122,2024.04.14,3000
ST_102,IT_122,2024.04.15,3000
ST_102,IT_122,2024.04.16,3000
ST_102,IT_122,2024.04.17,3000
ST_102,IT_122,2024.04.18,3000
ST_102,IT_122,2024.04.19,3000
ST_102,IT_122,2024.04.20,3000
ST_102,IT_122,2024.04.21,3000
ST_102,IT_122,2024.04.22,3000
ST_102,IT_122,2024.04.23,3000
ST_102,IT_122,2024.04.24,3000
ST_102,IT_122,2024.04.25,3000
ST_102,IT_122,2024.04.26,3000
ST_102,IT_122,2024.04.27,3000
ST_102,IT_122,2024.04.28,3000
ST_102,IT_122,2024.04.29,3000
ST_102,IT_122,2024.04.30,3000
ST_102,IT_123,2024.04.01,400
ST_102,IT_123,2024.04.02,400
ST_102,IT_123,2024.04.03,400
ST_102,IT_123,2024.04.04,400
ST_102,IT_123,2024.04.05,400
ST_102,IT_123,2024.04.06,400
ST_102,IT_123,2024.04.07,400
ST_102,IT_123,2024.04.08,400
ST_102,IT_123,2024.04.09,400
ST_102,IT_123,2024.04.10,400
ST_102,IT_123,2024.04.11,400
ST_102,IT_123,2024.04.12,400
ST_102,IT_123,2024.04.13,400
ST_102,IT_123,2024.04.14,400
ST_102,IT_123,2024.04.15,400
ST_102,IT_123,2024.04.16,400
ST_102,IT_123,2024.04.17,400
ST_102,IT_123,2024.04.18,400
ST_102,IT_123,2024.04.19,400
ST_102,IT_123,2024.04.20,400
ST_102,IT_123,2024.04.21,400
ST_102,IT_123,2024.04.22,400
ST_102,IT_123,2024.04.23,400
ST_102,IT_123,2024.04.24,400
ST_102,IT_123,2024.04.25,400
ST_102,IT_123,2024.04.26,400
ST_102,IT_123,2024.04.27,400
ST_102,IT_123,2024.04.28,400
ST_102,IT_123,2024.04.29,400
ST_102,IT_123,2024.04.30,400
ST_102,IT_124,2024.04.01,38
ST_102,IT_124,2024.04.02,38
ST_102,IT_124,2024.04.03,38
ST_102,IT_124,2024.04.04,38
ST_102,IT_124,2024.04.05,38
ST_102,IT_124,2024.04.06,38
ST_102,IT_124,2024.04.07,38
ST_102,IT_124,2024.04.08,38
ST_102,IT_124,2024.04.09,38
ST_102,IT_124,2024.04.10,38
ST_102,IT_124,2024.04.11,38
ST_102,IT_124,2024.04.12,38
ST_102,IT_124,2024.04.13,38
ST_102,IT_124,2024.04.14,38
ST_102,IT_124,2024.04.15,38
ST_102,IT_124,2024.04.16,38
ST_102,IT_124,2024.04.17,38
ST_102,IT_124,2024.04.18,38
ST_102,IT_124,2024.04.19,38
ST_102,IT_124,2024.04.20,38
ST_102,IT_124,2024.04.21,38
ST_102,IT_124,2024.04.22,38
ST_102,IT_124,2024.04.23,38
ST_102,IT_124,2024.04.24,38
ST_102,IT_124,2024.04.25,38
ST_102,IT_124,2024.04.26,38
ST_102,IT_124,2024.04.27,38
ST_102,IT_124,2024.04.28,38
ST_102,IT_124,2024.04.29,38
ST_102,IT_124,2024.04.30,38
ST_102,IT_125,2024.04.01,18
ST_102,IT_125,2024.04.02,18
ST_102,IT_125,2024.04.03,18
ST_102,IT_125,2024.04.04,18
ST_102,IT_125,2024.04.05,18
ST_102,IT_125,2024.04.06,18
ST_102,IT_125,2024.04.07,18
ST_102,IT_125,2024.04.08,18
ST_102,IT_125,2024.04.09,18
ST_102,IT_125,2024.04.10,18
ST_102,IT_125,2024.04.11,18
ST_102,IT_125,2024.04.12,18
ST_102,IT_125,2024.04.13,18
ST_102,IT_125,2024.04.14,18
ST_102,IT_125,2024.04.15,18
ST_102,IT_125,2024.04.16,18
ST_102,IT_125,2024.04.17,18
ST_102,IT_125,2024.04.18,18
ST_102,IT_125,2024.04.19,18
ST_102,IT_125,2024.04.20,18
ST_102,IT_125,2024.04.21,18
ST_102,IT_125,2024.04.22,18
ST_102,IT_125,2024.04.23,18
ST_102,IT_125,2024.04.24,18
ST_102,IT_125,2024.04.25,18
ST_102,IT_125,2024.04.26,18
ST_102,IT_125,2024.04.27,18
ST_102,IT_125,2024.04.28,18
ST_102,IT_125,2024.04.29,18
ST_102,IT_125,2024.04.30,18
ST_102,IT_126,2024.04.01,6
ST_102,IT_126,2024.04.02,6
ST_102,IT_126,2024.04.03,6
ST_102,IT_126,2024.04.04,6
ST_102,IT_126,2024.04.05,6
ST_102,IT_126,2024.04.06,6
ST_102,IT_126,2024.04.07,6
ST_102,IT_126,2024.04.08,6
ST_102,IT_126,2024.04.09,6
ST_102,IT_126,2024.04.10,6
ST_102,IT_126,2024.04.11,6
ST_102,IT_126,2024.04.12,6
ST_102,IT_126,2024.04.13,6
ST_102,IT_126,2024.04.14,6
ST_102,IT_126,2024.04.15,6
ST_102,IT_126,2024.04.16,6
ST_102,IT_126,2024.04.17,6
ST_102,IT_126,2024.04.18,6
ST_102,IT_126,2024.04.19,6
ST_102,IT_126,2024.04.20,6
ST_102,IT_126,2024.04.21,6
ST_102,IT_126,2024.04.22,6
ST_102,IT_126,2024.04.23,6
ST_102,IT_126,2024.04.24,6
ST_102,IT_126,2024.04.25,6
ST_102,IT_126,2024.04.26,6
ST_102,IT_126,2024.04.27,6
ST_102,IT_126,2024.04.28,6
ST_102,IT_126,2024.04.29,6
ST_102,IT_126,2024.04.30,6
ST_102,IT_127,2024.04.01,0
ST_102,IT_127,2024.04.02,0
ST_102,IT_127,2024.04.03,0
ST_102,IT_127,2024.04.04,0
ST_102,IT_127,2024.04.05,0
ST_102,IT_127,2024.04.06,0
ST_102,IT_127,2024.04.07,0
ST_102,IT_127,2024.04.08,0
ST_102,IT_127,2024.04.09,0
ST_102,IT_127,2024.04.10,0
ST_102,IT_127,2024.04.11,0
ST_102,IT_127,2024.04.12,0
ST_102,IT_127,2024.04.13,0
ST_102,IT_127,2024.04.14,0
ST_102,IT_127,2024.04.15,0
ST_102,IT_127,2024.04.16,0
ST_102,IT_127,2024.04.17,0
ST_102,IT_127,2024.04.18,0
ST_102,IT_127,2024.04.19,0
ST_102,IT_127,2024.04.20,0
ST_102,IT_127,2024.04.21,0
ST_102,IT_127,2024.04.22,0
ST_102,IT_127,2024.04.23,0
ST_102,IT_127,2024.04.24,0
ST_102,IT_127,2024.04.25,0
ST_102,IT_127,2024.04.26,0
ST_102,IT_127,2024.04.27,0
ST_102,IT_127,2024.04.28,0
ST_102,IT_127,2024.04.29,0
ST_102,IT_127,2024.04.30,0
ST_102,IT_128,2024.04.01,18
ST_102,IT_128,2024.04.02,18
ST_102,IT_128,2024.04.03,18
ST_102,IT_128,2024.04.04,18
ST_102,IT_128,2024.04.05,18
ST_102,IT_128,2024.04.06,18
ST_102,IT_128,2024.04.07,18
ST_102,IT_128,2024.04.08,18
ST_102,IT_128,2024.04.09,18
ST_102,IT_128,2024.04.10,18
ST_102,IT_128,2024.04.11,18
ST_102,IT_128,2024.04.12,18
ST_102,IT_128,2024.04.13,18
ST_102,IT_128,2024.04.14,18
ST_102,IT_128,2024.04.15,18
ST_102,IT_128,2024.04.16,18
ST_102,IT_128,2024.04.17,18
ST_102,IT_128,2024.04.18,18
ST_102,IT_128,2024.04.19,18
ST_102,IT_128,2024.04.20,18
ST_102,IT_128,2024.04.21,18
ST_102,IT_128,2024.04.22,18
ST_102,IT_128,2024.04.23,18
ST_102,IT_128,2024.04.24,18
ST_102,IT_128,2024.04.25,18
ST_102,IT_128,2024.04.26,18
ST_102,IT_128,2024.04.27,18
ST_102,IT_128,2024.04.28,18
ST_102,IT_128,2024.04.29,18
ST_102,IT_128,2024.04.30,18
ST_102,IT_129,2024.04.01,60
ST_102,IT_129,2024.04.02,60
ST_102,IT_129,2024.04.03,60
ST_102,IT_129,2024.04.04,60
ST_102,IT_129,2024.04.05,60
ST_102,IT_129,2024.04.06,60
ST_102,IT_129,2024.04.07,60
ST_102,IT_129,2024.04.08,60
ST_102,IT_129,2024.04.09,60
ST_102,IT_129,2024.04.10,60
ST_102,IT_129,2024.04.11,60
ST_102,IT_129,2024.04.12,60
ST_102,IT_129,2024.04.13,60
ST_102,IT_129,2024.04.14,60
ST_102,IT_129,2024.04.15,60
ST_102,IT_129,2024.04.16,60
ST_102,IT_129,2024.04.17,60
ST_102,IT_129,2024.04.18,60
ST_102,IT_129,2024.04.19,60
ST_102,IT_129,2024.04.20,60
ST_102,IT_129,2024.04.21,60
ST_102,IT_129,2024.04.22,60
ST_102,IT_129,2024.04.23,60
ST_102,IT_129,2024.04.24,60
ST_102,IT_129,2024.04.25,60
ST_102,IT_129,2024.04.26,60
ST_102,IT_129,2024.04.27,60
ST_102,IT_129,2024.04.28,60
ST_102,IT_129,2024.04.29,60
ST_102,IT_129,2024.04.30,60
ST_102,IT_130,2024.04.01,56
ST_102,IT_130,2024.04.02,56
ST_102,IT_130,2024.04.03,56
ST_102,IT_130,2024.04.04,56
ST_102,IT_130,2024.04.05,56
ST_102,IT_130,2024.04.06,56
ST_102,IT_130,2024.04.07,56
ST_102,IT_130,2024.04.08,56
ST_102,IT_130,2024.04.09,56
ST_102,IT_130,2024.04.10,56
ST_102,IT_130,2024.04.11,56
ST_102,IT_130,2024.04.12,56
ST_102,IT_130,2024.04.13,56
ST_102,IT_130,2024.04.14,56
ST_102,IT_130,2024.04.15,56
ST_102,IT_130,2024.04.16,56
ST_102,IT_130,2024.04.17,56
ST_102,IT_130,2024.04.18,56
ST_102,IT_130,2024.04.19,56
ST_102,IT_130,2024.04.20,56
ST_102,IT_130,2024.04.21,56
ST_102,IT_130,2024.04.22,56
ST_102,IT_130,2024.04.23,56
ST_102,IT_130,2024.04.24,56
ST_102,IT_130,2024.04.25,56
ST_102,IT_130,2024.04.26,56
ST_102,IT_130,2024.04.27,56
ST_102,IT_130,2024.04.28,56
ST_102,IT_130,2024.04.29,56
ST_102,IT_130,2024.04.30,56
ST_102,IT_131,2024.04.01,0
ST_102,IT_131,2024.04.02,0
ST_102,IT_131,2024.04.03,0
ST_102,IT_131,2024.04.04,0
ST_102,IT_131,2024.04.05,0
ST_102,IT_131,2024.04.06,0
ST_102,IT_131,2024.04.07,0
ST_102,IT_131,2024.04.08,0
ST_102,IT_131,2024.04.09,0
ST_102,IT_131,2024.04.10,0
ST_102,IT_131,2024.04.11,0
ST_102,IT_131,2024.04.12,0
ST_102,IT_131,2024.04.13,0
ST_102,IT_131,2024.04.14,0
ST_102,IT_131,2024.04.15,0
ST_102,IT_131,2024.04.16,0
ST_102,IT_131,2024.04.17,0
ST_102,IT_131,2024.04.18,0
ST_102,IT_131,2024.04.19,0
ST_102,IT_131,2024.04.20,0
ST_102,IT_131,2024.04.21,0
ST_102,IT_131,2024.04.22,0
ST_102,IT_131,2024.04.23,0
ST_102,IT_131,2024.04.24,0
ST_102,IT_131,2024.04.25,0
ST_102,IT_131,2024.04.26,0
ST_102,IT_131,2024.04.27,0
ST_102,IT_131,2024.04.28,0
ST_102,IT_131,2024.04.29,0
ST_102,IT_131,2024.04.30,0
ST_102,IT_132,2024.04.01,99
ST_102,IT_132,2024.04.02,99
ST_102,IT_132,2024.04.03,99
ST_102,IT_132,2024.04.04,99
ST_102,IT_132,2024.04.05,99
ST_102,IT_132,2024.04.06,99
ST_102,IT_132,2024.04.07,99
ST_102,IT_132,2024.04.08,99
ST_102,IT_132,2024.04.09,99
ST_102,IT_132,2024.04.10,99
ST_102,IT_132,2024.04.11,99
ST_102,IT_132,2024.04.12,99
ST_102,IT_132,2024.04.13,99
ST_102,IT_132,2024.04.14,99
ST_102,IT_132,2024.04.15,99
ST_102,IT_132,2024.04.16,99
ST_102,IT_132,2024.04.17,99
ST_102,IT_132,2024.04.18,99
ST_102,IT_132,2024.04.19,99
ST_102,IT_132,2024.04.20,99
ST_102,IT_132,2024.04.21,99
ST_102,IT_132,2024.04.22,99
ST_102,IT_132,2024.04.23,99
ST_102,IT_132,2024.04.24,99
ST_102,IT_132,2024.04.25,99
ST_102,IT_132,2024.04.26,99
ST_102,IT_132,2024.04.27,99
ST_102,IT_132,2024.04.28,99
ST_102,IT_132,2024.04.29,99
ST_102,IT_132,2024.04.30,99
ST_102,IT_133,2024.04.01,0
ST_102,IT_133,2024.04.02,0
ST_102,IT_133,2024.04.03,0
ST_102,IT_133,2024.04.04,0
ST_102,IT_133,2024.04.05,0
ST_102,IT_133,2024.04.06,0
ST_102,IT_133,2024.04.07,0
ST_102,IT_133,2024.04.08,0
ST_102,IT_133,2024.04.09,0
ST_102,IT_133,2024.04.10,0
ST_102,IT_133,2024.04.11,0
ST_102,IT_133,2024.04.12,0
ST_102,IT_133,2024.04.13,0
ST_102,IT_133,2024.04.14,0
ST_102,IT_133,2024.04.15,0
ST_102,IT_133,2024.04.16,0
ST_102,IT_133,2024.04.17,0
ST_102,IT_133,2024.04.18,0
ST_102,IT_133,2024.04.19,0
ST_102,IT_133,2024.04.20,0
ST_102,IT_133,2024.04.21,0
ST_102,IT_133,2024.04.22,0
ST_102,IT_133,2024.04.23,0
ST_102,IT_133,2024.04.24,0
ST_102,IT_133,2024.04.25,0
ST_102,IT_133,2024.04.26,0
ST_102,IT_133,2024.04.27,0
ST_102,IT_133,2024.04.28,0
ST_102,IT_133,2024.04.29,0
ST_102,IT_133,2024.04.30,0
ST_102,IT_134,2024.04.01,7
ST_102,IT_134,2024.04.02,7
ST_102,IT_134,2024.04.03,7
ST_102,IT_134,2024.04.04,7
ST_102,IT_134,2024.04.05,7
ST_102,IT_134,2024.04.06,7
ST_102,IT_134,2024.04.07,7
ST_102,IT_134,2024.04.08,7
ST_102,IT_134,2024.04.09,7
ST_102,IT_134,2024.04.10,7
ST_102,IT_134,2024.04.11,7
ST_102,IT_134,2024.04.12,7
ST_102,IT_134,2024.04.13,7
ST_102,IT_134,2024.04.14,7
ST_102,IT_134,2024.04.15,7
ST_102,IT_134,2024.04.16,7
ST_102,IT_134,2024.04.17,7
ST_102,IT_134,2024.04.18,7
ST_102,IT_134,2024.04.19,7
ST_102,IT_134,2024.04.20,7
ST_102,IT_134,2024.04.21,7
ST_102,IT_134,2024.04.22,7
ST_102,IT_134,2024.04.23,7
ST_102,IT_134,2024.04.24,7
ST_102,IT_134,2024.04.25,7
ST_102,IT_134,2024.04.26,7
ST_102,IT_134,2024.04.27,7
ST_102,IT_134,2024.04.28,7
ST_102,IT_134,2024.04.29,7
ST_102,IT_134,2024.04.30,7
ST_102,IT_135,2024.04.01,50
ST_102,IT_135,2024.04.02,50
ST_102,IT_135,2024.04.03,50
ST_102,IT_135,2024.04.04,50
ST_102,IT_135,2024.04.05,50
ST_102,IT_135,2024.04.06,50
ST_102,IT_135,2024.04.07,50
ST_102,IT_135,2024.04.08,50
ST_102,IT_135,2024.04.09,50
ST_102,IT_135,2024.04.10,50
ST_102,IT_135,2024.04.11,50
ST_102,IT_135,2024.04.12,50
ST_102,IT_135,2024.04.13,50
ST_102,IT_135,2024.04.14,50
ST_102,IT_135,2024.04.15,50
ST_102,IT_135,2024.04.16,50
ST_102,IT_135,2024.04.17,50
ST_102,IT_135,2024.04.18,50
ST_102,IT_135,2024.04.19,50
ST_102,IT_135,2024.04.20,50
ST_102,IT_135,2024.04.21,50
ST_102,IT_135,2024.04.22,50
ST_102,IT_135,2024.04.23,50
ST_102,IT_135,2024.04.24,50
ST_102,IT_135,2024.04.25,50
ST_102,IT_135,2024.04.26,50
ST_102,IT_135,2024.04.27,50
ST_102,IT_135,2024.04.28,50
ST_102,IT_135,2024.04.29,50
ST_102,IT_135,2024.04.30,50
ST_102,IT_136,2024.04.01,0
ST_102,IT_136,2024.04.02,0
ST_102,IT_136,2024.04.03,0
ST_102,IT_136,2024.04.04,0
ST_102,IT_136,2024.04.05,0
ST_102,IT_136,2024.04.06,0
ST_102,IT_136,2024.04.07,0
ST_102,IT_136,2024.04.08,0
ST_102,IT_136,2024.04.09,0
ST_102,IT_136,2024.04.10,0
ST_102,IT_136,2024.04.11,0
ST_102,IT_136,2024.04.12,0
ST_102,IT_136,2024.04.13,0
ST_102,IT_136,2024.04.14,0
ST_102,IT_136,2024.04.15,0
ST_102,IT_136,2024.04.16,0
ST_102,IT_136,2024.04.17,0
ST_102,IT_136,2024.04.18,0
ST_102,IT_136,2024.04.19,0
ST_102,IT_136,2024.04.20,0
ST_102,IT_136,2024.04.21,0
ST_102,IT_136,2024.04.22,0
ST_102,IT_136,2024.04.23,0
ST_102,IT_136,2024.04.24,0
ST_102,IT_136,2024.04.25,0
ST_102,IT_136,2024.04.26,0
ST_102,IT_136,2024.04.27,0
ST_102,IT_136,2024.04.28,0
ST_102,IT_136,2024.04.29,0
ST_102,IT_136,2024.04.30,0
ST_102,IT_137,2024.04.01,11900
ST_102,IT_137,2024.04.02,11900
ST_102,IT_137,2024.04.03,11900
ST_102,IT_137,2024.04.04,11900
ST_102,IT_137,2024.04.05,11900
ST_102,IT_137,2024.04.06,11900
ST_102,IT_137,2024.04.07,11900
ST_102,IT_137,2024.04.08,11900
ST_102,IT_137,2024.04.09,11900
ST_102,IT_137,2024.04.10,11900
ST_102,IT_137,2024.04.11,11900
ST_102,IT_137,2024.04.12,11900
ST_102,IT_137,2024.04.13,11900
ST_102,IT_137,2024.04.14,11900
ST_102,IT_137,2024.04.15,11900
ST_102,IT_137,2024.04.16,11900
ST_102,IT_137,2024.04.17,11900
ST_102,IT_137,2024.04.18,11900
ST_102,IT_137,2024.04.19,11900
ST_102,IT_137,2024.04.20,11900
ST_102,IT_137,2024.04.21,11900
ST_102,IT_137,2024.04.22,11900
ST_102,IT_137,2024.04.23,11900
ST_102,IT_137,2024.04.24,11900
ST_102,IT_137,2024.04.25,11900
ST_102,IT_137,2024.04.26,11900
ST_102,IT_137,2024.04.27,11900
ST_102,IT_137,2024.04.28,11900
ST_102,IT_137,2024.04.29,11900
ST_102,IT_137,2024.04.30,11900
ST_102,IT_138,2024.04.01,3300
ST_102,IT_138,2024.04.02,3300
ST_102,IT_138,2024.04.03,3300
ST_102,IT_138,2024.04.04,3300
ST_102,IT_138,2024.04.05,3300
ST_102,IT_138,2024.04.06,3300
ST_102,IT_138,2024.04.07,3300
ST_102,IT_138,2024.04.08,3300
ST_102,IT_138,2024.04.09,3300
ST_102,IT_138,2024.04.10,3300
ST_102,IT_138,2024.04.11,3300
ST_102,IT_138,2024.04.12,3300
ST_102,IT_138,2024.04.13,3300
ST_102,IT_138,2024.04.14,3300
ST_102,IT_138,2024.04.15,3300
ST_102,IT_138,2024.04.16,3300
ST_102,IT_138,2024.04.17,3300
ST_102,IT_138,2024.04.18,3300
ST_102,IT_138,2024.04.19,3300
ST_102,IT_138,2024.04.20,3300
ST_102,IT_138,2024.04.21,3300
ST_102,IT_138,2024.04.22,3300
ST_102,IT_138,2024.04.23,3300
ST_102,IT_138,2024.04.24,3300
ST_102,IT_138,2024.04.25,3300
ST_102,IT_138,2024.04.26,3300
ST_102,IT_138,2024.04.27,3300
ST_102,IT_138,2024.04.28,3300
ST_102,IT_138,2024.04.29,3300
ST_102,IT_138,2024.04.30,3300
ST_102,IT_139,2024.04.01,14
ST_102,IT_139,2024.04.02,14
ST_102,IT_139,2024.04.03,14
ST_102,IT_139,2024.04.04,14
ST_102,IT_139,2024.04.05,14
ST_102,IT_139,2024.04.06,14
ST_102,IT_139,2024.04.07,14
ST_102,IT_139,2024.04.08,14
ST_102,IT_139,2024.04.09,14
ST_102,IT_139,2024.04.10,14
ST_102,IT_139,2024.04.11,14
ST_102,IT_139,2024.04.12,14
ST_102,IT_139,2024.04.13,14
ST_102,IT_139,2024.04.14,14
ST_102,IT_139,2024.04.15,14
ST_102,IT_139,2024.04.16,14
ST_102,IT_139,2024.04.17,14
ST_102,IT_139,2024.04.18,14
ST_102,IT_139,2024.04.19,14
ST_102,IT_139,2024.04.20,14
ST_102,IT_139,2024.04.21,14
ST_102,IT_139,2024.04.22,14
ST_102,IT_139,2024.04.23,14
ST_102,IT_139,2024.04.24,14
ST_102,IT_139,2024.04.25,14
ST_102,IT_139,2024.04.26,14
ST_102,IT_139,2024.04.27,14
ST_102,IT_139,2024.04.28,14
ST_102,IT_139,2024.04.29,14
ST_102,IT_139,2024.04.30,14
ST_102,IT_140,2024.04.01,22
ST_102,IT_140,2024.04.02,22
ST_102,IT_140,2024.04.03,22
ST_102,IT_140,2024.04.04,22
ST_102,IT_140,2024.04.05,22
ST_102,IT_140,2024.04.06,22
ST_102,IT_140,2024.04.07,22
ST_102,IT_140,2024.04.08,22
ST_102,IT_140,2024.04.09,22
ST_102,IT_140,2024.04.10,22
ST_102,IT_140,2024.04.11,22
ST_102,IT_140,2024.04.12,22
ST_102,IT_140,2024.04.13,22
ST_102,IT_140,2024.04.14,22
ST_102,IT_140,2024.04.15,22
ST_102,IT_140,2024.04.16,22
ST_102,IT_140,2024.04.17,22
ST_102,IT_140,2024.04.18,22
ST_102,IT_140,2024.04.19,22
ST_102,IT_140,2024.04.20,22
ST_102,IT_140,2024.04.21,22
ST_102,IT_140,2024.04.22,22
ST_102,IT_140,2024.04.23,22
ST_102,IT_140,2024.04.24,22
ST_102,IT_140,2024.04.25,22
ST_102,IT_140,2024.04.26,22
ST_102,IT_140,2024.04.27,22
ST_102,IT_140,2024.04.28,22
ST_102,IT_140,2024.04.29,22
ST_102,IT_140,2024.04.30,22
ST_102,IT_141,2024.04.01,15
ST_102,IT_141,2024.04.02,15
ST_102,IT_141,2024.04.03,15
ST_102,IT_141,2024.04.04,15
ST_102,IT_141,2024.04.05,15
ST_102,IT_141,2024.04.06,15
ST_102,IT_141,2024.04.07,15
ST_102,IT_141,2024.04.08,15
ST_102,IT_141,2024.04.09,15
ST_102,IT_141,2024.04.10,15
ST_102,IT_141,2024.04.11,15
ST_102,IT_141,2024.04.12,15
ST_102,IT_141,2024.04.13,15
ST_102,IT_141,2024.04.14,15
ST_102,IT_141,2024.04.15,15
ST_102,IT_141,2024.04.16,15
ST_102,IT_141,2024.04.17,15
ST_102,IT_141,2024.04.18,15
ST_102,IT_141,2024.04.19,15
ST_102,IT_141,2024.04.20,15
ST_102,IT_141,2024.04.21,15
ST_102,IT_141,2024.04.22,15
ST_102,IT_141,2024.04.23,15
ST_102,IT_141,2024.04.24,15
ST_102,IT_141,2024.04.25,15
ST_102,IT_141,2024.04.26,15
ST_102,IT_141,2024.04.27,15
ST_102,IT_141,2024.04.28,15
ST_102,IT_141,2024.04.29,15
ST_102,IT_141,2024.04.30,15
ST_102,IT_142,2024.04.01,36
ST_102,IT_142,2024.04.02,36
ST_102,IT_142,2024.04.03,36
ST_102,IT_142,2024.04.04,36
ST_102,IT_142,2024.04.05,36
ST_102,IT_142,2024.04.06,36
ST_102,IT_142,2024.04.07,36
ST_102,IT_142,2024.04.08,36
ST_102,IT_142,2024.04.09,36
ST_102,IT_142,2024.04.10,36
ST_102,IT_142,2024.04.11,36
ST_102,IT_142,2024.04.12,36
ST_102,IT_142,2024.04.13,36
ST_102,IT_142,2024.04.14,36
ST_102,IT_142,2024.04.15,36
ST_102,IT_142,2024.04.16,36
ST_102,IT_142,2024.04.17,36
ST_102,IT_142,2024.04.18,36
ST_102,IT_142,2024.04.19,36
ST_102,IT_142,2024.04.20,36
ST_102,IT_142,2024.04.21,36
ST_102,IT_142,2024.04.22,36
ST_102,IT_142,2024.04.23,36
ST_102,IT_142,2024.04.24,36
ST_102,IT_142,2024.04.25,36
ST_102,IT_142,2024.04.26,36
ST_102,IT_142,2024.04.27,36
ST_102,IT_142,2024.04.28,36
ST_102,IT_142,2024.04.29,36
ST_102,IT_142,2024.04.30,36
ST_102,IT_143,2024.04.01,16
ST_102,IT_143,2024.04.02,16
ST_102,IT_143,2024.04.03,16
ST_102,IT_143,2024.04.04,16
ST_102,IT_143,2024.04.05,16
ST_102,IT_143,2024.04.06,16
ST_102,IT_143,2024.04.07,16
ST_102,IT_143,2024.04.08,16
ST_102,IT_143,2024.04.09,16
ST_102,IT_143,2024.04.10,16
ST_102,IT_143,2024.04.11,16
ST_102,IT_143,2024.04.12,16
ST_102,IT_143,2024.04.13,16
ST_102,IT_143,2024.04.14,16
ST_102,IT_143,2024.04.15,16
ST_102,IT_143,2024.04.16,16
ST_102,IT_143,2024.04.17,16
ST_102,IT_143,2024.04.18,16
ST_102,IT_143,2024.04.19,16
ST_102,IT_143,2024.04.20,16
ST_102,IT_143,2024.04.21,16
ST_102,IT_143,2024.04.22,16
ST_102,IT_143,2024.04.23,16
ST_102,IT_143,2024.04.24,16
ST_102,IT_143,2024.04.25,16
ST_102,IT_143,2024.04.26,16
ST_102,IT_143,2024.04.27,16
ST_102,IT_143,2024.04.28,16
ST_102,IT_143,2024.04.29,16
ST_102,IT_143,2024.04.30,16
ST_102,IT_144,2024.04.01,20
ST_102,IT_144,2024.04.02,20
ST_102,IT_144,2024.04.03,20
ST_102,IT_144,2024.04.04,20
ST_102,IT_144,2024.04.05,20
ST_102,IT_144,2024.04.06,20
ST_102,IT_144,2024.04.07,20
ST_102,IT_144,2024.04.08,20
ST_102,IT_144,2024.04.09,20
ST_102,IT_144,2024.04.10,20
ST_102,IT_144,2024.04.11,20
ST_102,IT_144,2024.04.12,20
ST_102,IT_144,2024.04.13,20
ST_102,IT_144,2024.04.14,20
ST_102,IT_144,2024.04.15,20
ST_102,IT_144,2024.04.16,20
ST_102,IT_144,2024.04.17,20
ST_102,IT_144,2024.04.18,20
ST_102,IT_144,2024.04.19,20
ST_102,IT_144,2024.04.20,20
ST_102,IT_144,2024.04.21,20
ST_102,IT_144,2024.04.22,20
ST_102,IT_144,2024.04.23,20
ST_102,IT_144,2024.04.24,20
ST_102,IT_144,2024.04.25,20
ST_102,IT_144,2024.04.26,20
ST_102,IT_144,2024.04.27,20
ST_102,IT_144,2024.04.28,20
ST_102,IT_144,2024.04.29,20
ST_102,IT_144,2024.04.30,20
ST_102,IT_145,2024.04.01,18
ST_102,IT_145,2024.04.02,18
ST_102,IT_145,2024.04.03,18
ST_102,IT_145,2024.04.04,18
ST_102,IT_145,2024.04.05,18
ST_102,IT_145,2024.04.06,18
ST_102,IT_145,2024.04.07,18
ST_102,IT_145,2024.04.08,18
ST_102,IT_145,2024.04.09,18
ST_102,IT_145,2024.04.10,18
ST_102,IT_145,2024.04.11,18
ST_102,IT_145,2024.04.12,18
ST_102,IT_145,2024.04.13,18
ST_102,IT_145,2024.04.14,18
ST_102,IT_145,2024.04.15,18
ST_102,IT_145,2024.04.16,18
ST_102,IT_145,2024.04.17,18
ST_102,IT_145,2024.04.18,18
ST_102,IT_145,2024.04.19,18
ST_102,IT_145,2024.04.20,18
ST_102,IT_145,2024.04.21,18
ST_102,IT_145,2024.04.22,18
ST_102,IT_145,2024.04.23,18
ST_102,IT_145,2024.04.24,18
ST_102,IT_145,2024.04.25,18
ST_102,IT_145,2024.04.26,18
ST_102,IT_145,2024.04.27,18
ST_102,IT_145,2024.04.28,18
ST_102,IT_145,2024.04.29,18
ST_102,IT_145,2024.04.30,18
ST_102,IT_146,2024.04.01,22
ST_102,IT_146,2024.04.02,22
ST_102,IT_146,2024.04.03,22
ST_102,IT_146,2024.04.04,22
ST_102,IT_146,2024.04.05,22
ST_102,IT_146,2024.04.06,22
ST_102,IT_146,2024.04.07,22
ST_102,IT_146,2024.04.08,22
ST_102,IT_146,2024.04.09,22
ST_102,IT_146,2024.04.10,22
ST_102,IT_146,2024.04.11,22
ST_102,IT_146,2024.04.12,22
ST_102,IT_146,2024.04.13,22
ST_102,IT_146,2024.04.14,22
ST_102,IT_146,2024.04.15,22
ST_102,IT_146,2024.04.16,22
ST_102,IT_146,2024.04.17,22
ST_102,IT_146,2024.04.18,22
ST_102,IT_146,2024.04.19,22
ST_102,IT_146,2024.04.20,22
ST_102,IT_146,2024.04.21,22
ST_102,IT_146,2024.04.22,22
ST_102,IT_146,2024.04.23,22
ST_102,IT_146,2024.04.24,22
ST_102,IT_146,2024.04.25,22
ST_102,IT_146,2024.04.26,22
ST_102,IT_146,2024.04.27,22
ST_102,IT_146,2024.04.28,22
ST_102,IT_146,2024.04.29,22
ST_102,IT_146,2024.04.30,22
ST_102,IT_147,2024.04.01,12
ST_102,IT_147,2024.04.02,12
ST_102,IT_147,2024.04.03,12
ST_102,IT_147,2024.04.04,12
ST_102,IT_147,2024.04.05,12
ST_102,IT_147,2024.04.06,12
ST_102,IT_147,2024.04.07,12
ST_102,IT_147,2024.04.08,12
ST_102,IT_147,2024.04.09,12
ST_102,IT_147,2024.04.10,12
ST_102,IT_147,2024.04.11,12
ST_102,IT_147,2024.04.12,12
ST_102,IT_147,2024.04.13,12
ST_102,IT_147,2024.04.14,12
ST_102,IT_147,2024.04.15,12
ST_102,IT_147,2024.04.16,12
ST_102,IT_147,2024.04.17,12
ST_102,IT_147,2024.04.18,12
ST_102,IT_147,2024.04.19,12
ST_102,IT_147,2024.04.20,12
ST_102,IT_147,2024.04.21,12
ST_102,IT_147,2024.04.22,12
ST_102,IT_147,2024.04.23,12
ST_102,IT_147,2024.04.24,12
ST_102,IT_147,2024.04.25,12
ST_102,IT_147,2024.04.26,12
ST_102,IT_147,2024.04.27,12
ST_102,IT_147,2024.04.28,12
ST_102,IT_147,2024.04.29,12
ST_102,IT_147,2024.04.30,12
ST_102,IT_148,2024.04.01,12
ST_102,IT_148,2024.04.02,12
ST_102,IT_148,2024.04.03,12
ST_102,IT_148,2024.04.04,12
ST_102,IT_148,2024.04.05,12
ST_102,IT_148,2024.04.06,12
ST_102,IT_148,2024.04.07,12
ST_102,IT_148,2024.04.08,12
ST_102,IT_148,2024.04.09,12
ST_102,IT_148,2024.04.10,12
ST_102,IT_148,2024.04.11,12
ST_102,IT_148,2024.04.12,12
ST_102,IT_148,2024.04.13,12
ST_102,IT_148,2024.04.14,12
ST_102,IT_148,2024.04.15,12
ST_102,IT_148,2024.04.16,12
ST_102,IT_148,2024.04.17,12
ST_102,IT_148,2024.04.18,12
ST_102,IT_148,2024.04.19,12
ST_102,IT_148,2024.04.20,12
ST_102,IT_148,2024.04.21,12
ST_102,IT_148,2024.04.22,12
ST_102,IT_148,2024.04.23,12
ST_102,IT_148,2024.04.24,12
ST_102,IT_148,2024.04.25,12
ST_102,IT_148,2024.04.26,12
ST_102,IT_148,2024.04.27,12
ST_102,IT_148,2024.04.28,12
ST_102,IT_148,2024.04.29,12
ST_102,IT_148,2024.04.30,12
ST_102,IT_152,2024.04.01,8
ST_102,IT_152,2024.04.02,8
ST_102,IT_152,2024.04.03,8
ST_102,IT_152,2024.04.04,8
ST_102,IT_152,2024.04.05,8
ST_102,IT_152,2024.04.06,8
ST_102,IT_152,2024.04.07,8
ST_102,IT_152,2024.04.08,8
ST_102,IT_152,2024.04.09,8
ST_102,IT_152,2024.04.10,8
ST_102,IT_152,2024.04.11,8
ST_102,IT_152,2024.04.12,8
ST_102,IT_152,2024.04.13,8
ST_102,IT_152,2024.04.14,8
ST_102,IT_152,2024.04.15,8
ST_102,IT_152,2024.04.16,8
ST_102,IT_152,2024.04.17,8
ST_102,IT_152,2024.04.18,8
ST_102,IT_152,2024.04.19,8
ST_102,IT_152,2024.04.20,8
ST_102,IT_152,2024.04.21,8
ST_102,IT_152,2024.04.22,8
ST_102,IT_152,2024.04.23,8
ST_102,IT_152,2024.04.24,8
ST_102,IT_152,2024.04.25,8
ST_102,IT_152,2024.04.26,8
ST_102,IT_152,2024.04.27,8
ST_102,IT_152,2024.04.28,8
ST_102,IT_152,2024.04.29,8
ST_102,IT_152,2024.04.30,8
ST_102,IT_153,2024.04.01,7
ST_102,IT_153,2024.04.02,7
ST_102,IT_153,2024.04.03,7
ST_102,IT_153,2024.04.04,7
ST_102,IT_153,2024.04.05,7
ST_102,IT_153,2024.04.06,7
ST_102,IT_153,2024.04.07,7
ST_102,IT_153,2024.04.08,7
ST_102,IT_153,2024.04.09,7
ST_102,IT_153,2024.04.10,7
ST_102,IT_153,2024.04.11,7
ST_102,IT_153,2024.04.12,7
ST_102,IT_153,2024.04.13,7
ST_102,IT_153,2024.04.14,7
ST_102,IT_153,2024.04.15,7
ST_102,IT_153,2024.04.16,7
ST_102,IT_153,2024.04.17,7
ST_102,IT_153,2024.04.18,7
ST_102,IT_153,2024.04.19,7
ST_102,IT_153,2024.04.20,7
ST_102,IT_153,2024.04.21,7
ST_102,IT_153,2024.04.22,7
ST_102,IT_153,2024.04.23,7
ST_102,IT_153,2024.04.24,7
ST_102,IT_153,2024.04.25,7
ST_102,IT_153,2024.04.26,7
ST_102,IT_153,2024.04.27,7
ST_102,IT_153,2024.04.28,7
ST_102,IT_153,2024.04.29,7
ST_102,IT_153,2024.04.30,7
ST_102,IT_154,2024.04.01,38
ST_102,IT_154,2024.04.02,38
ST_102,IT_154,2024.04.03,38
ST_102,IT_154,2024.04.04,38
ST_102,IT_154,2024.04.05,38
ST_102,IT_154,2024.04.06,38
ST_102,IT_154,2024.04.07,38
ST_102,IT_154,2024.04.08,38
ST_102,IT_154,2024.04.09,38
ST_102,IT_154,2024.04.10,38
ST_102,IT_154,2024.04.11,38
ST_102,IT_154,2024.04.12,38
ST_102,IT_154,2024.04.13,38
ST_102,IT_154,2024.04.14,38
ST_102,IT_154,2024.04.15,38
ST_102,IT_154,2024.04.16,38
ST_102,IT_154,2024.04.17,38
ST_102,IT_154,2024.04.18,38
ST_102,IT_154,2024.04.19,38
ST_102,IT_154,2024.04.20,38
ST_102,IT_154,2024.04.21,38
ST_102,IT_154,2024.04.22,38
ST_102,IT_154,2024.04.23,38
ST_102,IT_154,2024.04.24,38
ST_102,IT_154,2024.04.25,38
ST_102,IT_154,2024.04.26,38
ST_102,IT_154,2024.04.27,38
ST_102,IT_154,2024.04.28,38
ST_102,IT_154,2024.04.29,38
ST_102,IT_154,2024.04.30,38
ST_102,IT_155,2024.04.01,36
ST_102,IT_155,2024.04.02,36
ST_102,IT_155,2024.04.03,36
ST_102,IT_155,2024.04.04,36
ST_102,IT_155,2024.04.05,36
ST_102,IT_155,2024.04.06,36
ST_102,IT_155,2024.04.07,36
ST_102,IT_155,2024.04.08,36
ST_102,IT_155,2024.04.09,36
ST_102,IT_155,2024.04.10,36
ST_102,IT_155,2024.04.11,36
ST_102,IT_155,2024.04.12,36
ST_102,IT_155,2024.04.13,36
ST_102,IT_155,2024.04.14,36
ST_102,IT_155,2024.04.15,36
ST_102,IT_155,2024.04.16,36
ST_102,IT_155,2024.04.17,36
ST_102,IT_155,2024.04.18,36
ST_102,IT_155,2024.04.19,36
ST_102,IT_155,2024.04.20,36
ST_102,IT_155,2024.04.21,36
ST_102,IT_155,2024.04.22,36
ST_102,IT_155,2024.04.23,36
ST_102,IT_155,2024.04.24,36
ST_102,IT_155,2024.04.25,36
ST_102,IT_155,2024.04.26,36
ST_102,IT_155,2024.04.27,36
ST_102,IT_155,2024.04.28,36
ST_102,IT_155,2024.04.29,36
ST_102,IT_155,2024.04.30,36
ST_102,IT_156,2024.04.01,13
ST_102,IT_156,2024.04.02,13
ST_102,IT_156,2024.04.03,13
ST_102,IT_156,2024.04.04,13
ST_102,IT_156,2024.04.05,13
ST_102,IT_156,2024.04.06,13
ST_102,IT_156,2024.04.07,13
ST_102,IT_156,2024.04.08,13
ST_102,IT_156,2024.04.09,13
ST_102,IT_156,2024.04.10,13
ST_102,IT_156,2024.04.11,13
ST_102,IT_156,2024.04.12,13
ST_102,IT_156,2024.04.13,13
ST_102,IT_156,2024.04.14,13
ST_102,IT_156,2024.04.15,13
ST_102,IT_156,2024.04.16,13
ST_102,IT_156,2024.04.17,13
ST_102,IT_156,2024.04.18,13
ST_102,IT_156,2024.04.19,13
ST_102,IT_156,2024.04.20,13
ST_102,IT_156,2024.04.21,13
ST_102,IT_156,2024.04.22,13
ST_102,IT_156,2024.04.23,13
ST_102,IT_156,2024.04.24,13
ST_102,IT_156,2024.04.25,13
ST_102,IT_156,2024.04.26,13
ST_102,IT_156,2024.04.27,13
ST_102,IT_156,2024.04.28,13
ST_102,IT_156,2024.04.29,13
ST_102,IT_156,2024.04.30,13
ST_102,IT_157,2024.04.01,30
ST_102,IT_157,2024.04.02,30
ST_102,IT_157,2024.04.03,30
ST_102,IT_157,2024.04.04,30
ST_102,IT_157,2024.04.05,30
ST_102,IT_157,2024.04.06,30
ST_102,IT_157,2024.04.07,30
ST_102,IT_157,2024.04.08,30
ST_102,IT_157,2024.04.09,30
ST_102,IT_157,2024.04.10,30
ST_102,IT_157,2024.04.11,30
ST_102,IT_157,2024.04.12,30
ST_102,IT_157,2024.04.13,30
ST_102,IT_157,2024.04.14,30
ST_102,IT_157,2024.04.15,30
ST_102,IT_157,2024.04.16,30
ST_102,IT_157,2024.04.17,30
ST_102,IT_157,2024.04.18,30
ST_102,IT_157,2024.04.19,30
ST_102,IT_157,2024.04.20,30
ST_102,IT_157,2024.04.21,30
ST_102,IT_157,2024.04.22,30
ST_102,IT_157,2024.04.23,30
ST_102,IT_157,2024.04.24,30
ST_102,IT_157,2024.04.25,30
ST_102,IT_157,2024.04.26,30
ST_102,IT_157,2024.04.27,30
ST_102,IT_157,2024.04.28,30
ST_102,IT_157,2024.04.29,30
ST_102,IT_157,2024.04.30,30
ST_102,IT_158,2024.04.01,20
ST_102,IT_158,2024.04.02,20
ST_102,IT_158,2024.04.03,20
ST_102,IT_158,2024.04.04,20
ST_102,IT_158,2024.04.05,20
ST_102,IT_158,2024.04.06,20
ST_102,IT_158,2024.04.07,20
ST_102,IT_158,2024.04.08,20
ST_102,IT_158,2024.04.09,20
ST_102,IT_158,2024.04.10,20
ST_102,IT_158,2024.04.11,20
ST_102,IT_158,2024.04.12,20
ST_102,IT_158,2024.04.13,20
ST_102,IT_158,2024.04.14,20
ST_102,IT_158,2024.04.15,20
ST_102,IT_158,2024.04.16,20
ST_102,IT_158,2024.04.17,20
ST_102,IT_158,2024.04.18,20
ST_102,IT_158,2024.04.19,20
ST_102,IT_158,2024.04.20,20
ST_102,IT_158,2024.04.21,20
ST_102,IT_158,2024.04.22,20
ST_102,IT_158,2024.04.23,20
ST_102,IT_158,2024.04.24,20
ST_102,IT_158,2024.04.25,20
ST_102,IT_158,2024.04.26,20
ST_102,IT_158,2024.04.27,20
ST_102,IT_158,2024.04.28,20
ST_102,IT_158,2024.04.29,20
ST_102,IT_158,2024.04.30,20
ST_102,IT_159,2024.04.01,18
ST_102,IT_159,2024.04.02,18
ST_102,IT_159,2024.04.03,18
ST_102,IT_159,2024.04.04,18
ST_102,IT_159,2024.04.05,18
ST_102,IT_159,2024.04.06,18
ST_102,IT_159,2024.04.07,18
ST_102,IT_159,2024.04.08,18
ST_102,IT_159,2024.04.09,18
ST_102,IT_159,2024.04.10,18
ST_102,IT_159,2024.04.11,18
ST_102,IT_159,2024.04.12,18
ST_102,IT_159,2024.04.13,18
ST_102,IT_159,2024.04.14,18
ST_102,IT_159,2024.04.15,18
ST_102,IT_159,2024.04.16,18
ST_102,IT_159,2024.04.17,18
ST_102,IT_159,2024.04.18,18
ST_102,IT_159,2024.04.19,18
ST_102,IT_159,2024.04.20,18
ST_102,IT_159,2024.04.21,18
ST_102,IT_159,2024.04.22,18
ST_102,IT_159,2024.04.23,18
ST_102,IT_159,2024.04.24,18
ST_102,IT_159,2024.04.25,18
ST_102,IT_159,2024.04.26,18
ST_102,IT_159,2024.04.27,18
ST_102,IT_159,2024.04.28,18
ST_102,IT_159,2024.04.29,18
ST_102,IT_159,2024.04.30,18
ST_102,IT_160,2024.04.01,14
ST_102,IT_160,2024.04.02,14
ST_102,IT_160,2024.04.03,14
ST_102,IT_160,2024.04.04,14
ST_102,IT_160,2024.04.05,14
ST_102,IT_160,2024.04.06,14
ST_102,IT_160,2024.04.07,14
ST_102,IT_160,2024.04.08,14
ST_102,IT_160,2024.04.09,14
ST_102,IT_160,2024.04.10,14
ST_102,IT_160,2024.04.11,14
ST_102,IT_160,2024.04.12,14
ST_102,IT_160,2024.04.13,14
ST_102,IT_160,2024.04.14,14
ST_102,IT_160,2024.04.15,14
ST_102,IT_160,2024.04.16,14
ST_102,IT_160,2024.04.17,14
ST_102,IT_160,2024.04.18,14
ST_102,IT_160,2024.04.19,14
ST_102,IT_160,2024.04.20,14
ST_102,IT_160,2024.04.21,14
ST_102,IT_160,2024.04.22,14
ST_102,IT_160,2024.04.23,14
ST_102,IT_160,2024.04.24,14
ST_102,IT_160,2024.04.25,14
ST_102,IT_160,2024.04.26,14
ST_102,IT_160,2024.04.27,14
ST_102,IT_160,2024.04.28,14
ST_102,IT_160,2024.04.29,14
ST_102,IT_160,2024.04.30,14
ST_102,IT_162,2024.04.01,16
ST_102,IT_162,2024.04.02,16
ST_102,IT_162,2024.04.03,16
ST_102,IT_162,2024.04.04,16
ST_102,IT_162,2024.04.05,16
ST_102,IT_162,2024.04.06,16
ST_102,IT_162,2024.04.07,16
ST_102,IT_162,2024.04.08,16
ST_102,IT_162,2024.04.09,16
ST_102,IT_162,2024.04.10,16
ST_102,IT_162,2024.04.11,16
ST_102,IT_162,2024.04.12,16
ST_102,IT_162,2024.04.13,16
ST_102,IT_162,2024.04.14,16
ST_102,IT_162,2024.04.15,16
ST_102,IT_162,2024.04.16,16
ST_102,IT_162,2024.04.17,16
ST_102,IT_162,2024.04.18,16
ST_102,IT_162,2024.04.19,16
ST_102,IT_162,2024.04.20,16
ST_102,IT_162,2024.04.21,16
ST_102,IT_162,2024.04.22,16
ST_102,IT_162,2024.04.23,16
ST_102,IT_162,2024.04.24,16
ST_102,IT_162,2024.04.25,16
ST_102,IT_162,2024.04.26,16
ST_102,IT_162,2024.04.27,16
ST_102,IT_162,2024.04.28,16
ST_102,IT_162,2024.04.29,16
ST_102,IT_162,2024.04.30,16
ST_102,IT_163,2024.04.01,9
ST_102,IT_163,2024.04.02,9
ST_102,IT_163,2024.04.03,9
ST_102,IT_163,2024.04.04,9
ST_102,IT_163,2024.04.05,9
ST_102,IT_163,2024.04.06,9
ST_102,IT_163,2024.04.07,9
ST_102,IT_163,2024.04.08,9
ST_102,IT_163,2024.04.09,9
ST_102,IT_163,2024.04.10,9
ST_102,IT_163,2024.04.11,9
ST_102,IT_163,2024.04.12,9
ST_102,IT_163,2024.04.13,9
ST_102,IT_163,2024.04.14,9
ST_102,IT_163,2024.04.15,9
ST_102,IT_163,2024.04.16,9
ST_102,IT_163,2024.04.17,9
ST_102,IT_163,2024.04.18,9
ST_102,IT_163,2024.04.19,9
ST_102,IT_163,2024.04.20,9
ST_102,IT_163,2024.04.21,9
ST_102,IT_163,2024.04.22,9
ST_102,IT_163,2024.04.23,9
ST_102,IT_163,2024.04.24,9
ST_102,IT_163,2024.04.25,9
ST_102,IT_163,2024.04.26,9
ST_102,IT_163,2024.04.27,9
ST_102,IT_163,2024.04.28,9
ST_102,IT_163,2024.04.29,9
ST_102,IT_163,2024.04.30,9
ST_102,IT_164,2024.04.01,25
ST_102,IT_164,2024.04.02,25
ST_102,IT_164,2024.04.03,25
ST_102,IT_164,2024.04.04,25
ST_102,IT_164,2024.04.05,25
ST_102,IT_164,2024.04.06,25
ST_102,IT_164,2024.04.07,25
ST_102,IT_164,2024.04.08,25
ST_102,IT_164,2024.04.09,25
ST_102,IT_164,2024.04.10,25
ST_102,IT_164,2024.04.11,25
ST_102,IT_164,2024.04.12,25
ST_102,IT_164,2024.04.13,25
ST_102,IT_164,2024.04.14,25
ST_102,IT_164,2024.04.15,25
ST_102,IT_164,2024.04.16,25
ST_102,IT_164,2024.04.17,25
ST_102,IT_164,2024.04.18,25
ST_102,IT_164,2024.04.19,25
ST_102,IT_164,2024.04.20,25
ST_102,IT_164,2024.04.21,25
ST_102,IT_164,2024.04.22,25
ST_102,IT_164,2024.04.23,25
ST_102,IT_164,2024.04.24,25
ST_102,IT_164,2024.04.25,25
ST_102,IT_164,2024.04.26,25
ST_102,IT_164,2024.04.27,25
ST_102,IT_164,2024.04.28,25
ST_102,IT_164,2024.04.29,25
ST_102,IT_164,2024.04.30,25
ST_102,IT_165,2024.04.01,289
ST_102,IT_165,2024.04.02,289
ST_102,IT_165,2024.04.03,289
ST_102,IT_165,2024.04.04,289
ST_102,IT_165,2024.04.05,289
ST_102,IT_165,2024.04.06,289
ST_102,IT_165,2024.04.07,289
ST_102,IT_165,2024.04.08,289
ST_102,IT_165,2024.04.09,289
ST_102,IT_165,2024.04.10,289
ST_102,IT_165,2024.04.11,289
ST_102,IT_165,2024.04.12,289
ST_102,IT_165,2024.04.13,289
ST_102,IT_165,2024.04.14,289
ST_102,IT_165,2024.04.15,289
ST_102,IT_165,2024.04.16,289
ST_102,IT_165,2024.04.17,289
ST_102,IT_165,2024.04.18,289
ST_102,IT_165,2024.04.19,289
ST_102,IT_165,2024.04.20,289
ST_102,IT_165,2024.04.21,289
ST_102,IT_165,2024.04.22,289
ST_102,IT_165,2024.04.23,289
ST_102,IT_165,2024.04.24,289
ST_102,IT_165,2024.04.25,289
ST_102,IT_165,2024.04.26,289
ST_102,IT_165,2024.04.27,289
ST_102,IT_165,2024.04.28,289
ST_102,IT_165,2024.04.29,289
ST_102,IT_165,2024.04.30,289
ST_102,IT_167,2024.04.01,45
ST_102,IT_167,2024.04.02,45
ST_102,IT_167,2024.04.03,45
ST_102,IT_167,2024.04.04,45
ST_102,IT_167,2024.04.05,45
ST_102,IT_167,2024.04.06,45
ST_102,IT_167,2024.04.07,45
ST_102,IT_167,2024.04.08,45
ST_102,IT_167,2024.04.09,45
ST_102,IT_167,2024.04.10,45
ST_102,IT_167,2024.04.11,45
ST_102,IT_167,2024.04.12,45
ST_102,IT_167,2024.04.13,45
ST_102,IT_167,2024.04.14,45
ST_102,IT_167,2024.04.15,45
ST_102,IT_167,2024.04.16,45
ST_102,IT_167,2024.04.17,45
ST_102,IT_167,2024.04.18,45
ST_102,IT_167,2024.04.19,45
ST_102,IT_167,2024.04.20,45
ST_102,IT_167,2024.04.21,45
ST_102,IT_167,2024.04.22,45
ST_102,IT_167,2024.04.23,45
ST_102,IT_167,2024.04.24,45
ST_102,IT_167,2024.04.25,45
ST_102,IT_167,2024.04.26,45
ST_102,IT_167,2024.04.27,45
ST_102,IT_167,2024.04.28,45
ST_102,IT_167,2024.04.29,45
ST_102,IT_167,2024.04.30,45
ST_102,IT_168,2024.04.01,15
ST_102,IT_168,2024.04.02,15
ST_102,IT_168,2024.04.03,15
ST_102,IT_168,2024.04.04,15
ST_102,IT_168,2024.04.05,15
ST_102,IT_168,2024.04.06,15
ST_102,IT_168,2024.04.07,15
ST_102,IT_168,2024.04.08,15
ST_102,IT_168,2024.04.09,15
ST_102,IT_168,2024.04.10,15
ST_102,IT_168,2024.04.11,15
ST_102,IT_168,2024.04.12,15
ST_102,IT_168,2024.04.13,15
ST_102,IT_168,2024.04.14,15
ST_102,IT_168,2024.04.15,15
ST_102,IT_168,2024.04.16,15
ST_102,IT_168,2024.04.17,15
ST_102,IT_168,2024.04.18,15
ST_102,IT_168,2024.04.19,15
ST_102,IT_168,2024.04.20,15
ST_102,IT_168,2024.04.21,15
ST_102,IT_168,2024.04.22,15
ST_102,IT_168,2024.04.23,15
ST_102,IT_168,2024.04.24,15
ST_102,IT_168,2024.04.25,15
ST_102,IT_168,2024.04.26,15
ST_102,IT_168,2024.04.27,15
ST_102,IT_168,2024.04.28,15
ST_102,IT_168,2024.04.29,15
ST_102,IT_168,2024.04.30,15
ST_102,IT_169,2024.04.01,17
ST_102,IT_169,2024.04.02,17
ST_102,IT_169,2024.04.03,17
ST_102,IT_169,2024.04.04,17
ST_102,IT_169,2024.04.05,17
ST_102,IT_169,2024.04.06,17
ST_102,IT_169,2024.04.07,17
ST_102,IT_169,2024.04.08,17
ST_102,IT_169,2024.04.09,17
ST_102,IT_169,2024.04.10,17
ST_102,IT_169,2024.04.11,17
ST_102,IT_169,2024.04.12,17
ST_102,IT_169,2024.04.13,17
ST_102,IT_169,2024.04.14,17
ST_102,IT_169,2024.04.15,17
ST_102,IT_169,2024.04.16,17
ST_102,IT_169,2024.04.17,17
ST_102,IT_169,2024.04.18,17
ST_102,IT_169,2024.04.19,17
ST_102,IT_169,2024.04.20,17
ST_102,IT_169,2024.04.21,17
ST_102,IT_169,2024.04.22,17
ST_102,IT_169,2024.04.23,17
ST_102,IT_169,2024.04.24,17
ST_102,IT_169,2024.04.25,17
ST_102,IT_169,2024.04.26,17
ST_102,IT_169,2024.04.27,17
ST_102,IT_169,2024.04.28,17
ST_102,IT_169,2024.04.29,17
ST_102,IT_169,2024.04.30,17
ST_102,IT_170,2024.04.01,29
ST_102,IT_170,2024.04.02,29
ST_102,IT_170,2024.04.03,29
ST_102,IT_170,2024.04.04,29
ST_102,IT_170,2024.04.05,29
ST_102,IT_170,2024.04.06,29
ST_102,IT_170,2024.04.07,29
ST_102,IT_170,2024.04.08,29
ST_102,IT_170,2024.04.09,29
ST_102,IT_170,2024.04.10,29
ST_102,IT_170,2024.04.11,29
ST_102,IT_170,2024.04.12,29
ST_102,IT_170,2024.04.13,29
ST_102,IT_170,2024.04.14,29
ST_102,IT_170,2024.04.15,29
ST_102,IT_170,2024.04.16,29
ST_102,IT_170,2024.04.17,29
ST_102,IT_170,2024.04.18,29
ST_102,IT_170,2024.04.19,29
ST_102,IT_170,2024.04.20,29
ST_102,IT_170,2024.04.21,29
ST_102,IT_170,2024.04.22,29
ST_102,IT_170,2024.04.23,29
ST_102,IT_170,2024.04.24,29
ST_102,IT_170,2024.04.25,29
ST_102,IT_170,2024.04.26,29
ST_102,IT_170,2024.04.27,29
ST_102,IT_170,2024.04.28,29
ST_102,IT_170,2024.04.29,29
ST_102,IT_170,2024.04.30,29
ST_102,IT_171,2024.04.01,37
ST_102,IT_171,2024.04.02,37
ST_102,IT_171,2024.04.03,37
ST_102,IT_171,2024.04.04,37
ST_102,IT_171,2024.04.05,37
ST_102,IT_171,2024.04.06,37
ST_102,IT_171,2024.04.07,37
ST_102,IT_171,2024.04.08,37
ST_102,IT_171,2024.04.09,37
ST_102,IT_171,2024.04.10,37
ST_102,IT_171,2024.04.11,37
ST_102,IT_171,2024.04.12,37
ST_102,IT_171,2024.04.13,37
ST_102,IT_171,2024.04.14,37
ST_102,IT_171,2024.04.15,37
ST_102,IT_171,2024.04.16,37
ST_102,IT_171,2024.04.17,37
ST_102,IT_171,2024.04.18,37
ST_102,IT_171,2024.04.19,37
ST_102,IT_171,2024.04.20,37
ST_102,IT_171,2024.04.21,37
ST_102,IT_171,2024.04.22,37
ST_102,IT_171,2024.04.23,37
ST_102,IT_171,2024.04.24,37
ST_102,IT_171,2024.04.25,37
ST_102,IT_171,2024.04.26,37
ST_102,IT_171,2024.04.27,37
ST_102,IT_171,2024.04.28,37
ST_102,IT_171,2024.04.29,37
ST_102,IT_171,2024.04.30,37
ST_102,IT_101,2024.05.01,4000
ST_102,IT_101,2024.05.02,4000
ST_102,IT_101,2024.05.03,4000
ST_102,IT_101,2024.05.04,4000
ST_102,IT_101,2024.05.05,4000
ST_102,IT_101,2024.05.06,4000
ST_102,IT_101,2024.05.07,4000
ST_102,IT_101,2024.05.08,4000
ST_102,IT_101,2024.05.09,4000
ST_102,IT_101,2024.05.10,4000
ST_102,IT_101,2024.05.11,4000
ST_102,IT_101,2024.05.12,4000
ST_102,IT_101,2024.05.13,4000
ST_102,IT_101,2024.05.14,4000
ST_102,IT_101,2024.05.15,4000
ST_102,IT_101,2024.05.16,4000
ST_102,IT_101,2024.05.17,4000
ST_102,IT_101,2024.05.18,4000
ST_102,IT_101,2024.05.19,4000
ST_102,IT_101,2024.05.20,4000
ST_102,IT_101,2024.05.21,4000
ST_102,IT_101,2024.05.22,4000
ST_102,IT_101,2024.05.23,4000
ST_102,IT_101,2024.05.24,4000
ST_102,IT_101,2024.05.25,4000
ST_102,IT_101,2024.05.26,4000
ST_102,IT_101,2024.05.27,4000
ST_102,IT_101,2024.05.28,4000
ST_102,IT_101,2024.05.29,4000
ST_102,IT_101,2024.05.30,4000
ST_102,IT_101,2024.05.31,4000
ST_102,IT_102,2024.05.01,4000
ST_102,IT_102,2024.05.02,4000
ST_102,IT_102,2024.05.03,4000
ST_102,IT_102,2024.05.04,4000
ST_102,IT_102,2024.05.05,4000
ST_102,IT_102,2024.05.06,4000
ST_102,IT_102,2024.05.07,4000
ST_102,IT_102,2024.05.08,4000
ST_102,IT_102,2024.05.09,4000
ST_102,IT_102,2024.05.10,4000
ST_102,IT_102,2024.05.11,4000
ST_102,IT_102,2024.05.12,4000
ST_102,IT_102,2024.05.13,4000
ST_102,IT_102,2024.05.14,4000
ST_102,IT_102,2024.05.15,4000
ST_102,IT_102,2024.05.16,4000
ST_102,IT_102,2024.05.17,4000
ST_102,IT_102,2024.05.18,4000
ST_102,IT_102,2024.05.19,4000
ST_102,IT_102,2024.05.20,4000
ST_102,IT_102,2024.05.21,4000
ST_102,IT_102,2024.05.22,4000
ST_102,IT_102,2024.05.23,4000
ST_102,IT_102,2024.05.24,4000
ST_102,IT_102,2024.05.25,4000
ST_102,IT_102,2024.05.26,4000
ST_102,IT_102,2024.05.27,4000
ST_102,IT_102,2024.05.28,4000
ST_102,IT_102,2024.05.29,4000
ST_102,IT_102,2024.05.30,4000
ST_102,IT_102,2024.05.31,4000
ST_102,IT_103,2024.05.01,2000
ST_102,IT_103,2024.05.02,2000
ST_102,IT_103,2024.05.03,2000
ST_102,IT_103,2024.05.04,2000
ST_102,IT_103,2024.05.05,2000
ST_102,IT_103,2024.05.06,2000
ST_102,IT_103,2024.05.07,2000
ST_102,IT_103,2024.05.08,2000
ST_102,IT_103,2024.05.09,2000
ST_102,IT_103,2024.05.10,2000
ST_102,IT_103,2024.05.11,2000
ST_102,IT_103,2024.05.12,2000
ST_102,IT_103,2024.05.13,2000
ST_102,IT_103,2024.05.14,2000
ST_102,IT_103,2024.05.15,2000
ST_102,IT_103,2024.05.16,2000
ST_102,IT_103,2024.05.17,2000
ST_102,IT_103,2024.05.18,2000
ST_102,IT_103,2024.05.19,2000
ST_102,IT_103,2024.05.20,2000
ST_102,IT_103,2024.05.21,2000
ST_102,IT_103,2024.05.22,2000
ST_102,IT_103,2024.05.23,2000
ST_102,IT_103,2024.05.24,2000
ST_102,IT_103,2024.05.25,2000
ST_102,IT_103,2024.05.26,2000
ST_102,IT_103,2024.05.27,2000
ST_102,IT_103,2024.05.28,2000
ST_102,IT_103,2024.05.29,2000
ST_102,IT_103,2024.05.30,2000
ST_102,IT_103,2024.05.31,2000
ST_102,IT_104,2024.05.01,0
ST_102,IT_104,2024.05.02,0
ST_102,IT_104,2024.05.03,0
ST_102,IT_104,2024.05.04,0
ST_102,IT_104,2024.05.05,0
ST_102,IT_104,2024.05.06,0
ST_102,IT_104,2024.05.07,0
ST_102,IT_104,2024.05.08,0
ST_102,IT_104,2024.05.09,0
ST_102,IT_104,2024.05.10,0
ST_102,IT_104,2024.05.11,0
ST_102,IT_104,2024.05.12,0
ST_102,IT_104,2024.05.13,0
ST_102,IT_104,2024.05.14,0
ST_102,IT_104,2024.05.15,0
ST_102,IT_104,2024.05.16,0
ST_102,IT_104,2024.05.17,0
ST_102,IT_104,2024.05.18,0
ST_102,IT_104,2024.05.19,0
ST_102,IT_104,2024.05.20,0
ST_102,IT_104,2024.05.21,0
ST_102,IT_104,2024.05.22,0
ST_102,IT_104,2024.05.23,0
ST_102,IT_104,2024.05.24,0
ST_102,IT_104,2024.05.25,0
ST_102,IT_104,2024.05.26,0
ST_102,IT_104,2024.05.27,0
ST_102,IT_104,2024.05.28,0
ST_102,IT_104,2024.05.29,0
ST_102,IT_104,2024.05.30,0
ST_102,IT_104,2024.05.31,0
ST_102,IT_105,2024.05.01,9000
ST_102,IT_105,2024.05.02,9000
ST_102,IT_105,2024.05.03,9000
ST_102,IT_105,2024.05.04,9000
ST_102,IT_105,2024.05.05,9000
ST_102,IT_105,2024.05.06,9000
ST_102,IT_105,2024.05.07,9000
ST_102,IT_105,2024.05.08,9000
ST_102,IT_105,2024.05.09,9000
ST_102,IT_105,2024.05.10,9000
ST_102,IT_105,2024.05.11,9000
ST_102,IT_105,2024.05.12,9000
ST_102,IT_105,2024.05.13,9000
ST_102,IT_105,2024.05.14,9000
ST_102,IT_105,2024.05.15,9000
ST_102,IT_105,2024.05.16,9000
ST_102,IT_105,2024.05.17,9000
ST_102,IT_105,2024.05.18,9000
ST_102,IT_105,2024.05.19,9000
ST_102,IT_105,2024.05.20,9000
ST_102,IT_105,2024.05.21,9000
ST_102,IT_105,2024.05.22,9000
ST_102,IT_105,2024.05.23,9000
ST_102,IT_105,2024.05.24,9000
ST_102,IT_105,2024.05.25,9000
ST_102,IT_105,2024.05.26,9000
ST_102,IT_105,2024.05.27,9000
ST_102,IT_105,2024.05.28,9000
ST_102,IT_105,2024.05.29,9000
ST_102,IT_105,2024.05.30,9000
ST_102,IT_105,2024.05.31,9000
ST_102,IT_106,2024.05.01,4000
ST_102,IT_106,2024.05.02,4000
ST_102,IT_106,2024.05.03,4000
ST_102,IT_106,2024.05.04,4000
ST_102,IT_106,2024.05.05,4000
ST_102,IT_106,2024.05.06,4000
ST_102,IT_106,2024.05.07,4000
ST_102,IT_106,2024.05.08,4000
ST_102,IT_106,2024.05.09,4000
ST_102,IT_106,2024.05.10,4000
ST_102,IT_106,2024.05.11,4000
ST_102,IT_106,2024.05.12,4000
ST_102,IT_106,2024.05.13,4000
ST_102,IT_106,2024.05.14,4000
ST_102,IT_106,2024.05.15,4000
ST_102,IT_106,2024.05.16,4000
ST_102,IT_106,2024.05.17,4000
ST_102,IT_106,2024.05.18,4000
ST_102,IT_106,2024.05.19,4000
ST_102,IT_106,2024.05.20,4000
ST_102,IT_106,2024.05.21,4000
ST_102,IT_106,2024.05.22,4000
ST_102,IT_106,2024.05.23,4000
ST_102,IT_106,2024.05.24,4000
ST_102,IT_106,2024.05.25,4000
ST_102,IT_106,2024.05.26,4000
ST_102,IT_106,2024.05.27,4000
ST_102,IT_106,2024.05.28,4000
ST_102,IT_106,2024.05.29,4000
ST_102,IT_106,2024.05.30,4000
ST_102,IT_106,2024.05.31,4000
ST_102,IT_107,2024.05.01,9000
ST_102,IT_107,2024.05.02,9000
ST_102,IT_107,2024.05.03,9000
ST_102,IT_107,2024.05.04,9000
ST_102,IT_107,2024.05.05,9000
ST_102,IT_107,2024.05.06,9000
ST_102,IT_107,2024.05.07,9000
ST_102,IT_107,2024.05.08,9000
ST_102,IT_107,2024.05.09,9000
ST_102,IT_107,2024.05.10,9000
ST_102,IT_107,2024.05.11,9000
ST_102,IT_107,2024.05.12,9000
ST_102,IT_107,2024.05.13,9000
ST_102,IT_107,2024.05.14,9000
ST_102,IT_107,2024.05.15,9000
ST_102,IT_107,2024.05.16,9000
ST_102,IT_107,2024.05.17,9000
ST_102,IT_107,2024.05.18,9000
ST_102,IT_107,2024.05.19,9000
ST_102,IT_107,2024.05.20,9000
ST_102,IT_107,2024.05.21,9000
ST_102,IT_107,2024.05.22,9000
ST_102,IT_107,2024.05.23,9000
ST_102,IT_107,2024.05.24,9000
ST_102,IT_107,2024.05.25,9000
ST_102,IT_107,2024.05.26,9000
ST_102,IT_107,2024.05.27,9000
ST_102,IT_107,2024.05.28,9000
ST_102,IT_107,2024.05.29,9000
ST_102,IT_107,2024.05.30,9000
ST_102,IT_107,2024.05.31,9000
ST_102,IT_108,2024.05.01,3000
ST_102,IT_108,2024.05.02,3000
ST_102,IT_108,2024.05.03,3000
ST_102,IT_108,2024.05.04,3000
ST_102,IT_108,2024.05.05,3000
ST_102,IT_108,2024.05.06,3000
ST_102,IT_108,2024.05.07,3000
ST_102,IT_108,2024.05.08,3000
ST_102,IT_108,2024.05.09,3000
ST_102,IT_108,2024.05.10,3000
ST_102,IT_108,2024.05.11,3000
ST_102,IT_108,2024.05.12,3000
ST_102,IT_108,2024.05.13,3000
ST_102,IT_108,2024.05.14,3000
ST_102,IT_108,2024.05.15,3000
ST_102,IT_108,2024.05.16,3000
ST_102,IT_108,2024.05.17,3000
ST_102,IT_108,2024.05.18,3000
ST_102,IT_108,2024.05.19,3000
ST_102,IT_108,2024.05.20,3000
ST_102,IT_108,2024.05.21,3000
ST_102,IT_108,2024.05.22,3000
ST_102,IT_108,2024.05.23,3000
ST_102,IT_108,2024.05.24,3000
ST_102,IT_108,2024.05.25,3000
ST_102,IT_108,2024.05.26,3000
ST_102,IT_108,2024.05.27,3000
ST_102,IT_108,2024.05.28,3000
ST_102,IT_108,2024.05.29,3000
ST_102,IT_108,2024.05.30,3000
ST_102,IT_108,2024.05.31,3000
ST_102,IT_109,2024.05.01,0
ST_102,IT_109,2024.05.02,0
ST_102,IT_109,2024.05.03,0
ST_102,IT_109,2024.05.04,0
ST_102,IT_109,2024.05.05,0
ST_102,IT_109,2024.05.06,0
ST_102,IT_109,2024.05.07,0
ST_102,IT_109,2024.05.08,0
ST_102,IT_109,2024.05.09,0
ST_102,IT_109,2024.05.10,0
ST_102,IT_109,2024.05.11,0
ST_102,IT_109,2024.05.12,0
ST_102,IT_109,2024.05.13,0
ST_102,IT_109,2024.05.14,0
ST_102,IT_109,2024.05.15,0
ST_102,IT_109,2024.05.16,0
ST_102,IT_109,2024.05.17,0
ST_102,IT_109,2024.05.18,0
ST_102,IT_109,2024.05.19,0
ST_102,IT_109,2024.05.20,0
ST_102,IT_109,2024.05.21,0
ST_102,IT_109,2024.05.22,0
ST_102,IT_109,2024.05.23,0
ST_102,IT_109,2024.05.24,0
ST_102,IT_109,2024.05.25,0
ST_102,IT_109,2024.05.26,0
ST_102,IT_109,2024.05.27,0
ST_102,IT_109,2024.05.28,0
ST_102,IT_109,2024.05.29,0
ST_102,IT_109,2024.05.30,0
ST_102,IT_109,2024.05.31,0
ST_102,IT_110,2024.05.01,3000
ST_102,IT_110,2024.05.02,3000
ST_102,IT_110,2024.05.03,3000
ST_102,IT_110,2024.05.04,3000
ST_102,IT_110,2024.05.05,3000
ST_102,IT_110,2024.05.06,3000
ST_102,IT_110,2024.05.07,3000
ST_102,IT_110,2024.05.08,3000
ST_102,IT_110,2024.05.09,3000
ST_102,IT_110,2024.05.10,3000
ST_102,IT_110,2024.05.11,3000
ST_102,IT_110,2024.05.12,3000
ST_102,IT_110,2024.05.13,3000
ST_102,IT_110,2024.05.14,3000
ST_102,IT_110,2024.05.15,3000
ST_102,IT_110,2024.05.16,3000
ST_102,IT_110,2024.05.17,3000
ST_102,IT_110,2024.05.18,3000
ST_102,IT_110,2024.05.19,3000
ST_102,IT_110,2024.05.20,3000
ST_102,IT_110,2024.05.21,3000
ST_102,IT_110,2024.05.22,3000
ST_102,IT_110,2024.05.23,3000
ST_102,IT_110,2024.05.24,3000
ST_102,IT_110,2024.05.25,3000
ST_102,IT_110,2024.05.26,3000
ST_102,IT_110,2024.05.27,3000
ST_102,IT_110,2024.05.28,3000
ST_102,IT_110,2024.05.29,3000
ST_102,IT_110,2024.05.30,3000
ST_102,IT_110,2024.05.31,3000
ST_102,IT_111,2024.05.01,13000
ST_102,IT_111,2024.05.02,13000
ST_102,IT_111,2024.05.03,13000
ST_102,IT_111,2024.05.04,13000
ST_102,IT_111,2024.05.05,13000
ST_102,IT_111,2024.05.06,13000
ST_102,IT_111,2024.05.07,13000
ST_102,IT_111,2024.05.08,13000
ST_102,IT_111,2024.05.09,13000
ST_102,IT_111,2024.05.10,13000
ST_102,IT_111,2024.05.11,13000
ST_102,IT_111,2024.05.12,13000
ST_102,IT_111,2024.05.13,13000
ST_102,IT_111,2024.05.14,13000
ST_102,IT_111,2024.05.15,13000
ST_102,IT_111,2024.05.16,13000
ST_102,IT_111,2024.05.17,13000
ST_102,IT_111,2024.05.18,13000
ST_102,IT_111,2024.05.19,13000
ST_102,IT_111,2024.05.20,13000
ST_102,IT_111,2024.05.21,13000
ST_102,IT_111,2024.05.22,13000
ST_102,IT_111,2024.05.23,13000
ST_102,IT_111,2024.05.24,13000
ST_102,IT_111,2024.05.25,13000
ST_102,IT_111,2024.05.26,13000
ST_102,IT_111,2024.05.27,13000
ST_102,IT_111,2024.05.28,13000
ST_102,IT_111,2024.05.29,13000
ST_102,IT_111,2024.05.30,13000
ST_102,IT_111,2024.05.31,13000
ST_102,IT_112,2024.05.01,2500
ST_102,IT_112,2024.05.02,2500
ST_102,IT_112,2024.05.03,2500
ST_102,IT_112,2024.05.04,2500
ST_102,IT_112,2024.05.05,2500
ST_102,IT_112,2024.05.06,2500
ST_102,IT_112,2024.05.07,2500
ST_102,IT_112,2024.05.08,2500
ST_102,IT_112,2024.05.09,2500
ST_102,IT_112,2024.05.10,2500
ST_102,IT_112,2024.05.11,2500
ST_102,IT_112,2024.05.12,2500
ST_102,IT_112,2024.05.13,2500
ST_102,IT_112,2024.05.14,2500
ST_102,IT_112,2024.05.15,2500
ST_102,IT_112,2024.05.16,2500
ST_102,IT_112,2024.05.17,2500
ST_102,IT_112,2024.05.18,2500
ST_102,IT_112,2024.05.19,2500
ST_102,IT_112,2024.05.20,2500
ST_102,IT_112,2024.05.21,2500
ST_102,IT_112,2024.05.22,2500
ST_102,IT_112,2024.05.23,2500
ST_102,IT_112,2024.05.24,2500
ST_102,IT_112,2024.05.25,2500
ST_102,IT_112,2024.05.26,2500
ST_102,IT_112,2024.05.27,2500
ST_102,IT_112,2024.05.28,2500
ST_102,IT_112,2024.05.29,2500
ST_102,IT_112,2024.05.30,2500
ST_102,IT_112,2024.05.31,2500
ST_102,IT_113,2024.05.01,3000
ST_102,IT_113,2024.05.02,3000
ST_102,IT_113,2024.05.03,3000
ST_102,IT_113,2024.05.04,3000
ST_102,IT_113,2024.05.05,3000
ST_102,IT_113,2024.05.06,3000
ST_102,IT_113,2024.05.07,3000
ST_102,IT_113,2024.05.08,3000
ST_102,IT_113,2024.05.09,3000
ST_102,IT_113,2024.05.10,3000
ST_102,IT_113,2024.05.11,3000
ST_102,IT_113,2024.05.12,3000
ST_102,IT_113,2024.05.13,3000
ST_102,IT_113,2024.05.14,3000
ST_102,IT_113,2024.05.15,3000
ST_102,IT_113,2024.05.16,3000
ST_102,IT_113,2024.05.17,3000
ST_102,IT_113,2024.05.18,3000
ST_102,IT_113,2024.05.19,3000
ST_102,IT_113,2024.05.20,3000
ST_102,IT_113,2024.05.21,3000
ST_102,IT_113,2024.05.22,3000
ST_102,IT_113,2024.05.23,3000
ST_102,IT_113,2024.05.24,3000
ST_102,IT_113,2024.05.25,3000
ST_102,IT_113,2024.05.26,3000
ST_102,IT_113,2024.05.27,3000
ST_102,IT_113,2024.05.28,3000
ST_102,IT_113,2024.05.29,3000
ST_102,IT_113,2024.05.30,3000
ST_102,IT_113,2024.05.31,3000
ST_102,IT_114,2024.05.01,7500
ST_102,IT_114,2024.05.02,7500
ST_102,IT_114,2024.05.03,7500
ST_102,IT_114,2024.05.04,7500
ST_102,IT_114,2024.05.05,7500
ST_102,IT_114,2024.05.06,7500
ST_102,IT_114,2024.05.07,7500
ST_102,IT_114,2024.05.08,7500
ST_102,IT_114,2024.05.09,7500
ST_102,IT_114,2024.05.10,7500
ST_102,IT_114,2024.05.11,7500
ST_102,IT_114,2024.05.12,7500
ST_102,IT_114,2024.05.13,7500
ST_102,IT_114,2024.05.14,7500
ST_102,IT_114,2024.05.15,7500
ST_102,IT_114,2024.05.16,7500
ST_102,IT_114,2024.05.17,7500
ST_102,IT_114,2024.05.18,7500
ST_102,IT_114,2024.05.19,7500
ST_102,IT_114,2024.05.20,7500
ST_102,IT_114,2024.05.21,7500
ST_102,IT_114,2024.05.22,7500
ST_102,IT_114,2024.05.23,7500
ST_102,IT_114,2024.05.24,7500
ST_102,IT_114,2024.05.25,7500
ST_102,IT_114,2024.05.26,7500
ST_102,IT_114,2024.05.27,7500
ST_102,IT_114,2024.05.28,7500
ST_102,IT_114,2024.05.29,7500
ST_102,IT_114,2024.05.30,7500
ST_102,IT_114,2024.05.31,7500
ST_102,IT_115,2024.05.01,4250
ST_102,IT_115,2024.05.02,4250
ST_102,IT_115,2024.05.03,4250
ST_102,IT_115,2024.05.04,4250
ST_102,IT_115,2024.05.05,4250
ST_102,IT_115,2024.05.06,4250
ST_102,IT_115,2024.05.07,4250
ST_102,IT_115,2024.05.08,4250
ST_102,IT_115,2024.05.09,4250
ST_102,IT_115,2024.05.10,4250
ST_102,IT_115,2024.05.11,4250
ST_102,IT_115,2024.05.12,4250
ST_102,IT_115,2024.05.13,4250
ST_102,IT_115,2024.05.14,4250
ST_102,IT_115,2024.05.15,4250
ST_102,IT_115,2024.05.16,4250
ST_102,IT_115,2024.05.17,4250
ST_102,IT_115,2024.05.18,4250
ST_102,IT_115,2024.05.19,4250
ST_102,IT_115,2024.05.20,4250
ST_102,IT_115,2024.05.21,4250
ST_102,IT_115,2024.05.22,4250
ST_102,IT_115,2024.05.23,4250
ST_102,IT_115,2024.05.24,4250
ST_102,IT_115,2024.05.25,4250
ST_102,IT_115,2024.05.26,4250
ST_102,IT_115,2024.05.27,4250
ST_102,IT_115,2024.05.28,4250
ST_102,IT_115,2024.05.29,4250
ST_102,IT_115,2024.05.30,4250
ST_102,IT_115,2024.05.31,4250
ST_102,IT_116,2024.05.01,4600
ST_102,IT_116,2024.05.02,4600
ST_102,IT_116,2024.05.03,4600
ST_102,IT_116,2024.05.04,4600
ST_102,IT_116,2024.05.05,4600
ST_102,IT_116,2024.05.06,4600
ST_102,IT_116,2024.05.07,4600
ST_102,IT_116,2024.05.08,4600
ST_102,IT_116,2024.05.09,4600
ST_102,IT_116,2024.05.10,4600
ST_102,IT_116,2024.05.11,4600
ST_102,IT_116,2024.05.12,4600
ST_102,IT_116,2024.05.13,4600
ST_102,IT_116,2024.05.14,4600
ST_102,IT_116,2024.05.15,4600
ST_102,IT_116,2024.05.16,4600
ST_102,IT_116,2024.05.17,4600
ST_102,IT_116,2024.05.18,4600
ST_102,IT_116,2024.05.19,4600
ST_102,IT_116,2024.05.20,4600
ST_102,IT_116,2024.05.21,4600
ST_102,IT_116,2024.05.22,4600
ST_102,IT_116,2024.05.23,4600
ST_102,IT_116,2024.05.24,4600
ST_102,IT_116,2024.05.25,4600
ST_102,IT_116,2024.05.26,4600
ST_102,IT_116,2024.05.27,4600
ST_102,IT_116,2024.05.28,4600
ST_102,IT_116,2024.05.29,4600
ST_102,IT_116,2024.05.30,4600
ST_102,IT_116,2024.05.31,4600
ST_102,IT_117,2024.05.01,4600
ST_102,IT_117,2024.05.02,4600
ST_102,IT_117,2024.05.03,4600
ST_102,IT_117,2024.05.04,4600
ST_102,IT_117,2024.05.05,4600
ST_102,IT_117,2024.05.06,4600
ST_102,IT_117,2024.05.07,4600
ST_102,IT_117,2024.05.08,4600
ST_102,IT_117,2024.05.09,4600
ST_102,IT_117,2024.05.10,4600
ST_102,IT_117,2024.05.11,4600
ST_102,IT_117,2024.05.12,4600
ST_102,IT_117,2024.05.13,4600
ST_102,IT_117,2024.05.14,4600
ST_102,IT_117,2024.05.15,4600
ST_102,IT_117,2024.05.16,4600
ST_102,IT_117,2024.05.17,4600
ST_102,IT_117,2024.05.18,4600
ST_102,IT_117,2024.05.19,4600
ST_102,IT_117,2024.05.20,4600
ST_102,IT_117,2024.05.21,4600
ST_102,IT_117,2024.05.22,4600
ST_102,IT_117,2024.05.23,4600
ST_102,IT_117,2024.05.24,4600
ST_102,IT_117,2024.05.25,4600
ST_102,IT_117,2024.05.26,4600
ST_102,IT_117,2024.05.27,4600
ST_102,IT_117,2024.05.28,4600
ST_102,IT_117,2024.05.29,4600
ST_102,IT_117,2024.05.30,4600
ST_102,IT_117,2024.05.31,4600
ST_102,IT_118,2024.05.01,0
ST_102,IT_118,2024.05.02,0
ST_102,IT_118,2024.05.03,0
ST_102,IT_118,2024.05.04,0
ST_102,IT_118,2024.05.05,0
ST_102,IT_118,2024.05.06,0
ST_102,IT_118,2024.05.07,0
ST_102,IT_118,2024.05.08,0
ST_102,IT_118,2024.05.09,0
ST_102,IT_118,2024.05.10,0
ST_102,IT_118,2024.05.11,0
ST_102,IT_118,2024.05.12,0
ST_102,IT_118,2024.05.13,0
ST_102,IT_118,2024.05.14,0
ST_102,IT_118,2024.05.15,0
ST_102,IT_118,2024.05.16,0
ST_102,IT_118,2024.05.17,0
ST_102,IT_118,2024.05.18,0
ST_102,IT_118,2024.05.19,0
ST_102,IT_118,2024.05.20,0
ST_102,IT_118,2024.05.21,0
ST_102,IT_118,2024.05.22,0
ST_102,IT_118,2024.05.23,0
ST_102,IT_118,2024.05.24,0
ST_102,IT_118,2024.05.25,0
ST_102,IT_118,2024.05.26,0
ST_102,IT_118,2024.05.27,0
ST_102,IT_118,2024.05.28,0
ST_102,IT_118,2024.05.29,0
ST_102,IT_118,2024.05.30,0
ST_102,IT_118,2024.05.31,0
ST_102,IT_119,2024.05.01,48000
ST_102,IT_119,2024.05.02,48000
ST_102,IT_119,2024.05.03,48000
ST_102,IT_119,2024.05.04,48000
ST_102,IT_119,2024.05.05,48000
ST_102,IT_119,2024.05.06,48000
ST_102,IT_119,2024.05.07,48000
ST_102,IT_119,2024.05.08,48000
ST_102,IT_119,2024.05.09,48000
ST_102,IT_119,2024.05.10,48000
ST_102,IT_119,2024.05.11,48000
ST_102,IT_119,2024.05.12,48000
ST_102,IT_119,2024.05.13,48000
ST_102,IT_119,2024.05.14,48000
ST_102,IT_119,2024.05.15,48000
ST_102,IT_119,2024.05.16,48000
ST_102,IT_119,2024.05.17,48000
ST_102,IT_119,2024.05.18,48000
ST_102,IT_119,2024.05.19,48000
ST_102,IT_119,2024.05.20,48000
ST_102,IT_119,2024.05.21,48000
ST_102,IT_119,2024.05.22,48000
ST_102,IT_119,2024.05.23,48000
ST_102,IT_119,2024.05.24,48000
ST_102,IT_119,2024.05.25,48000
ST_102,IT_119,2024.05.26,48000
ST_102,IT_119,2024.05.27,48000
ST_102,IT_119,2024.05.28,48000
ST_102,IT_119,2024.05.29,48000
ST_102,IT_119,2024.05.30,48000
ST_102,IT_119,2024.05.31,48000
ST_102,IT_120,2024.05.01,0
ST_102,IT_120,2024.05.02,0
ST_102,IT_120,2024.05.03,0
ST_102,IT_120,2024.05.04,0
ST_102,IT_120,2024.05.05,0
ST_102,IT_120,2024.05.06,0
ST_102,IT_120,2024.05.07,0
ST_102,IT_120,2024.05.08,0
ST_102,IT_120,2024.05.09,0
ST_102,IT_120,2024.05.10,0
ST_102,IT_120,2024.05.11,0
ST_102,IT_120,2024.05.12,0
ST_102,IT_120,2024.05.13,0
ST_102,IT_120,2024.05.14,0
ST_102,IT_120,2024.05.15,0
ST_102,IT_120,2024.05.16,0
ST_102,IT_120,2024.05.17,0
ST_102,IT_120,2024.05.18,0
ST_102,IT_120,2024.05.19,0
ST_102,IT_120,2024.05.20,0
ST_102,IT_120,2024.05.21,0
ST_102,IT_120,2024.05.22,0
ST_102,IT_120,2024.05.23,0
ST_102,IT_120,2024.05.24,0
ST_102,IT_120,2024.05.25,0
ST_102,IT_120,2024.05.26,0
ST_102,IT_120,2024.05.27,0
ST_102,IT_120,2024.05.28,0
ST_102,IT_120,2024.05.29,0
ST_102,IT_120,2024.05.30,0
ST_102,IT_120,2024.05.31,0
ST_102,IT_121,2024.05.01,3000
ST_102,IT_121,2024.05.02,3000
ST_102,IT_121,2024.05.03,3000
ST_102,IT_121,2024.05.04,3000
ST_102,IT_121,2024.05.05,3000
ST_102,IT_121,2024.05.06,3000
ST_102,IT_121,2024.05.07,3000
ST_102,IT_121,2024.05.08,3000
ST_102,IT_121,2024.05.09,3000
ST_102,IT_121,2024.05.10,3000
ST_102,IT_121,2024.05.11,3000
ST_102,IT_121,2024.05.12,3000
ST_102,IT_121,2024.05.13,3000
ST_102,IT_121,2024.05.14,3000
ST_102,IT_121,2024.05.15,3000
ST_102,IT_121,2024.05.16,3000
ST_102,IT_121,2024.05.17,3000
ST_102,IT_121,2024.05.18,3000
ST_102,IT_121,2024.05.19,3000
ST_102,IT_121,2024.05.20,3000
ST_102,IT_121,2024.05.21,3000
ST_102,IT_121,2024.05.22,3000
ST_102,IT_121,2024.05.23,3000
ST_102,IT_121,2024.05.24,3000
ST_102,IT_121,2024.05.25,3000
ST_102,IT_121,2024.05.26,3000
ST_102,IT_121,2024.05.27,3000
ST_102,IT_121,2024.05.28,3000
ST_102,IT_121,2024.05.29,3000
ST_102,IT_121,2024.05.30,3000
ST_102,IT_121,2024.05.31,3000
ST_102,IT_122,2024.05.01,3000
ST_102,IT_122,2024.05.02,3000
ST_102,IT_122,2024.05.03,3000
ST_102,IT_122,2024.05.04,3000
ST_102,IT_122,2024.05.05,3000
ST_102,IT_122,2024.05.06,3000
ST_102,IT_122,2024.05.07,3000
ST_102,IT_122,2024.05.08,3000
ST_102,IT_122,2024.05.09,3000
ST_102,IT_122,2024.05.10,3000
ST_102,IT_122,2024.05.11,3000
ST_102,IT_122,2024.05.12,3000
ST_102,IT_122,2024.05.13,3000
ST_102,IT_122,2024.05.14,3000
ST_102,IT_122,2024.05.15,3000
ST_102,IT_122,2024.05.16,3000
ST_102,IT_122,2024.05.17,3000
ST_102,IT_122,2024.05.18,3000
ST_102,IT_122,2024.05.19,3000
ST_102,IT_122,2024.05.20,3000
ST_102,IT_122,2024.05.21,3000
ST_102,IT_122,2024.05.22,3000
ST_102,IT_122,2024.05.23,3000
ST_102,IT_122,2024.05.24,3000
ST_102,IT_122,2024.05.25,3000
ST_102,IT_122,2024.05.26,3000
ST_102,IT_122,2024.05.27,3000
ST_102,IT_122,2024.05.28,3000
ST_102,IT_122,2024.05.29,3000
ST_102,IT_122,2024.05.30,3000
ST_102,IT_122,2024.05.31,3000
ST_102,IT_123,2024.05.01,200
ST_102,IT_123,2024.05.02,200
ST_102,IT_123,2024.05.03,200
ST_102,IT_123,2024.05.04,200
ST_102,IT_123,2024.05.05,200
ST_102,IT_123,2024.05.06,200
ST_102,IT_123,2024.05.07,200
ST_102,IT_123,2024.05.08,200
ST_102,IT_123,2024.05.09,200
ST_102,IT_123,2024.05.10,200
ST_102,IT_123,2024.05.11,200
ST_102,IT_123,2024.05.12,200
ST_102,IT_123,2024.05.13,200
ST_102,IT_123,2024.05.14,200
ST_102,IT_123,2024.05.15,200
ST_102,IT_123,2024.05.16,200
ST_102,IT_123,2024.05.17,200
ST_102,IT_123,2024.05.18,200
ST_102,IT_123,2024.05.19,200
ST_102,IT_123,2024.05.20,200
ST_102,IT_123,2024.05.21,200
ST_102,IT_123,2024.05.22,200
ST_102,IT_123,2024.05.23,200
ST_102,IT_123,2024.05.24,200
ST_102,IT_123,2024.05.25,200
ST_102,IT_123,2024.05.26,200
ST_102,IT_123,2024.05.27,200
ST_102,IT_123,2024.05.28,200
ST_102,IT_123,2024.05.29,200
ST_102,IT_123,2024.05.30,200
ST_102,IT_123,2024.05.31,200
ST_102,IT_124,2024.05.01,26
ST_102,IT_124,2024.05.02,26
ST_102,IT_124,2024.05.03,26
ST_102,IT_124,2024.05.04,26
ST_102,IT_124,2024.05.05,26
ST_102,IT_124,2024.05.06,26
ST_102,IT_124,2024.05.07,26
ST_102,IT_124,2024.05.08,26
ST_102,IT_124,2024.05.09,26
ST_102,IT_124,2024.05.10,26
ST_102,IT_124,2024.05.11,26
ST_102,IT_124,2024.05.12,26
ST_102,IT_124,2024.05.13,26
ST_102,IT_124,2024.05.14,26
ST_102,IT_124,2024.05.15,26
ST_102,IT_124,2024.05.16,26
ST_102,IT_124,2024.05.17,26
ST_102,IT_124,2024.05.18,26
ST_102,IT_124,2024.05.19,26
ST_102,IT_124,2024.05.20,26
ST_102,IT_124,2024.05.21,26
ST_102,IT_124,2024.05.22,26
ST_102,IT_124,2024.05.23,26
ST_102,IT_124,2024.05.24,26
ST_102,IT_124,2024.05.25,26
ST_102,IT_124,2024.05.26,26
ST_102,IT_124,2024.05.27,26
ST_102,IT_124,2024.05.28,26
ST_102,IT_124,2024.05.29,26
ST_102,IT_124,2024.05.30,26
ST_102,IT_124,2024.05.31,26
ST_102,IT_125,2024.05.01,20
ST_102,IT_125,2024.05.02,20
ST_102,IT_125,2024.05.03,20
ST_102,IT_125,2024.05.04,20
ST_102,IT_125,2024.05.05,20
ST_102,IT_125,2024.05.06,20
ST_102,IT_125,2024.05.07,20
ST_102,IT_125,2024.05.08,20
ST_102,IT_125,2024.05.09,20
ST_102,IT_125,2024.05.10,20
ST_102,IT_125,2024.05.11,20
ST_102,IT_125,2024.05.12,20
ST_102,IT_125,2024.05.13,20
ST_102,IT_125,2024.05.14,20
ST_102,IT_125,2024.05.15,20
ST_102,IT_125,2024.05.16,20
ST_102,IT_125,2024.05.17,20
ST_102,IT_125,2024.05.18,20
ST_102,IT_125,2024.05.19,20
ST_102,IT_125,2024.05.20,20
ST_102,IT_125,2024.05.21,20
ST_102,IT_125,2024.05.22,20
ST_102,IT_125,2024.05.23,20
ST_102,IT_125,2024.05.24,20
ST_102,IT_125,2024.05.25,20
ST_102,IT_125,2024.05.26,20
ST_102,IT_125,2024.05.27,20
ST_102,IT_125,2024.05.28,20
ST_102,IT_125,2024.05.29,20
ST_102,IT_125,2024.05.30,20
ST_102,IT_125,2024.05.31,20
ST_102,IT_126,2024.05.01,8
ST_102,IT_126,2024.05.02,8
ST_102,IT_126,2024.05.03,8
ST_102,IT_126,2024.05.04,8
ST_102,IT_126,2024.05.05,8
ST_102,IT_126,2024.05.06,8
ST_102,IT_126,2024.05.07,8
ST_102,IT_126,2024.05.08,8
ST_102,IT_126,2024.05.09,8
ST_102,IT_126,2024.05.10,8
ST_102,IT_126,2024.05.11,8
ST_102,IT_126,2024.05.12,8
ST_102,IT_126,2024.05.13,8
ST_102,IT_126,2024.05.14,8
ST_102,IT_126,2024.05.15,8
ST_102,IT_126,2024.05.16,8
ST_102,IT_126,2024.05.17,8
ST_102,IT_126,2024.05.18,8
ST_102,IT_126,2024.05.19,8
ST_102,IT_126,2024.05.20,8
ST_102,IT_126,2024.05.21,8
ST_102,IT_126,2024.05.22,8
ST_102,IT_126,2024.05.23,8
ST_102,IT_126,2024.05.24,8
ST_102,IT_126,2024.05.25,8
ST_102,IT_126,2024.05.26,8
ST_102,IT_126,2024.05.27,8
ST_102,IT_126,2024.05.28,8
ST_102,IT_126,2024.05.29,8
ST_102,IT_126,2024.05.30,8
ST_102,IT_126,2024.05.31,8
ST_102,IT_127,2024.05.01,0
ST_102,IT_127,2024.05.02,0
ST_102,IT_127,2024.05.03,0
ST_102,IT_127,2024.05.04,0
ST_102,IT_127,2024.05.05,0
ST_102,IT_127,2024.05.06,0
ST_102,IT_127,2024.05.07,0
ST_102,IT_127,2024.05.08,0
ST_102,IT_127,2024.05.09,0
ST_102,IT_127,2024.05.10,0
ST_102,IT_127,2024.05.11,0
ST_102,IT_127,2024.05.12,0
ST_102,IT_127,2024.05.13,0
ST_102,IT_127,2024.05.14,0
ST_102,IT_127,2024.05.15,0
ST_102,IT_127,2024.05.16,0
ST_102,IT_127,2024.05.17,0
ST_102,IT_127,2024.05.18,0
ST_102,IT_127,2024.05.19,0
ST_102,IT_127,2024.05.20,0
ST_102,IT_127,2024.05.21,0
ST_102,IT_127,2024.05.22,0
ST_102,IT_127,2024.05.23,0
ST_102,IT_127,2024.05.24,0
ST_102,IT_127,2024.05.25,0
ST_102,IT_127,2024.05.26,0
ST_102,IT_127,2024.05.27,0
ST_102,IT_127,2024.05.28,0
ST_102,IT_127,2024.05.29,0
ST_102,IT_127,2024.05.30,0
ST_102,IT_127,2024.05.31,0
ST_102,IT_128,2024.05.01,30
ST_102,IT_128,2024.05.02,30
ST_102,IT_128,2024.05.03,30
ST_102,IT_128,2024.05.04,30
ST_102,IT_128,2024.05.05,30
ST_102,IT_128,2024.05.06,30
ST_102,IT_128,2024.05.07,30
ST_102,IT_128,2024.05.08,30
ST_102,IT_128,2024.05.09,30
ST_102,IT_128,2024.05.10,30
ST_102,IT_128,2024.05.11,30
ST_102,IT_128,2024.05.12,30
ST_102,IT_128,2024.05.13,30
ST_102,IT_128,2024.05.14,30
ST_102,IT_128,2024.05.15,30
ST_102,IT_128,2024.05.16,30
ST_102,IT_128,2024.05.17,30
ST_102,IT_128,2024.05.18,30
ST_102,IT_128,2024.05.19,30
ST_102,IT_128,2024.05.20,30
ST_102,IT_128,2024.05.21,30
ST_102,IT_128,2024.05.22,30
ST_102,IT_128,2024.05.23,30
ST_102,IT_128,2024.05.24,30
ST_102,IT_128,2024.05.25,30
ST_102,IT_128,2024.05.26,30
ST_102,IT_128,2024.05.27,30
ST_102,IT_128,2024.05.28,30
ST_102,IT_128,2024.05.29,30
ST_102,IT_128,2024.05.30,30
ST_102,IT_128,2024.05.31,30
ST_102,IT_129,2024.05.01,60
ST_102,IT_129,2024.05.02,60
ST_102,IT_129,2024.05.03,60
ST_102,IT_129,2024.05.04,60
ST_102,IT_129,2024.05.05,60
ST_102,IT_129,2024.05.06,60
ST_102,IT_129,2024.05.07,60
ST_102,IT_129,2024.05.08,60
ST_102,IT_129,2024.05.09,60
ST_102,IT_129,2024.05.10,60
ST_102,IT_129,2024.05.11,60
ST_102,IT_129,2024.05.12,60
ST_102,IT_129,2024.05.13,60
ST_102,IT_129,2024.05.14,60
ST_102,IT_129,2024.05.15,60
ST_102,IT_129,2024.05.16,60
ST_102,IT_129,2024.05.17,60
ST_102,IT_129,2024.05.18,60
ST_102,IT_129,2024.05.19,60
ST_102,IT_129,2024.05.20,60
ST_102,IT_129,2024.05.21,60
ST_102,IT_129,2024.05.22,60
ST_102,IT_129,2024.05.23,60
ST_102,IT_129,2024.05.24,60
ST_102,IT_129,2024.05.25,60
ST_102,IT_129,2024.05.26,60
ST_102,IT_129,2024.05.27,60
ST_102,IT_129,2024.05.28,60
ST_102,IT_129,2024.05.29,60
ST_102,IT_129,2024.05.30,60
ST_102,IT_129,2024.05.31,60
ST_102,IT_130,2024.05.01,0
ST_102,IT_130,2024.05.02,0
ST_102,IT_130,2024.05.03,0
ST_102,IT_130,2024.05.04,0
ST_102,IT_130,2024.05.05,0
ST_102,IT_130,2024.05.06,0
ST_102,IT_130,2024.05.07,0
ST_102,IT_130,2024.05.08,0
ST_102,IT_130,2024.05.09,0
ST_102,IT_130,2024.05.10,0
ST_102,IT_130,2024.05.11,0
ST_102,IT_130,2024.05.12,0
ST_102,IT_130,2024.05.13,0
ST_102,IT_130,2024.05.14,0
ST_102,IT_130,2024.05.15,0
ST_102,IT_130,2024.05.16,0
ST_102,IT_130,2024.05.17,0
ST_102,IT_130,2024.05.18,0
ST_102,IT_130,2024.05.19,0
ST_102,IT_130,2024.05.20,0
ST_102,IT_130,2024.05.21,0
ST_102,IT_130,2024.05.22,0
ST_102,IT_130,2024.05.23,0
ST_102,IT_130,2024.05.24,0
ST_102,IT_130,2024.05.25,0
ST_102,IT_130,2024.05.26,0
ST_102,IT_130,2024.05.27,0
ST_102,IT_130,2024.05.28,0
ST_102,IT_130,2024.05.29,0
ST_102,IT_130,2024.05.30,0
ST_102,IT_130,2024.05.31,0
ST_102,IT_131,2024.05.01,88
ST_102,IT_131,2024.05.02,88
ST_102,IT_131,2024.05.03,88
ST_102,IT_131,2024.05.04,88
ST_102,IT_131,2024.05.05,88
ST_102,IT_131,2024.05.06,88
ST_102,IT_131,2024.05.07,88
ST_102,IT_131,2024.05.08,88
ST_102,IT_131,2024.05.09,88
ST_102,IT_131,2024.05.10,88
ST_102,IT_131,2024.05.11,88
ST_102,IT_131,2024.05.12,88
ST_102,IT_131,2024.05.13,88
ST_102,IT_131,2024.05.14,88
ST_102,IT_131,2024.05.15,88
ST_102,IT_131,2024.05.16,88
ST_102,IT_131,2024.05.17,88
ST_102,IT_131,2024.05.18,88
ST_102,IT_131,2024.05.19,88
ST_102,IT_131,2024.05.20,88
ST_102,IT_131,2024.05.21,88
ST_102,IT_131,2024.05.22,88
ST_102,IT_131,2024.05.23,88
ST_102,IT_131,2024.05.24,88
ST_102,IT_131,2024.05.25,88
ST_102,IT_131,2024.05.26,88
ST_102,IT_131,2024.05.27,88
ST_102,IT_131,2024.05.28,88
ST_102,IT_131,2024.05.29,88
ST_102,IT_131,2024.05.30,88
ST_102,IT_131,2024.05.31,88
ST_102,IT_132,2024.05.01,147
ST_102,IT_132,2024.05.02,147
ST_102,IT_132,2024.05.03,147
ST_102,IT_132,2024.05.04,147
ST_102,IT_132,2024.05.05,147
ST_102,IT_132,2024.05.06,147
ST_102,IT_132,2024.05.07,147
ST_102,IT_132,2024.05.08,147
ST_102,IT_132,2024.05.09,147
ST_102,IT_132,2024.05.10,147
ST_102,IT_132,2024.05.11,147
ST_102,IT_132,2024.05.12,147
ST_102,IT_132,2024.05.13,147
ST_102,IT_132,2024.05.14,147
ST_102,IT_132,2024.05.15,147
ST_102,IT_132,2024.05.16,147
ST_102,IT_132,2024.05.17,147
ST_102,IT_132,2024.05.18,147
ST_102,IT_132,2024.05.19,147
ST_102,IT_132,2024.05.20,147
ST_102,IT_132,2024.05.21,147
ST_102,IT_132,2024.05.22,147
ST_102,IT_132,2024.05.23,147
ST_102,IT_132,2024.05.24,147
ST_102,IT_132,2024.05.25,147
ST_102,IT_132,2024.05.26,147
ST_102,IT_132,2024.05.27,147
ST_102,IT_132,2024.05.28,147
ST_102,IT_132,2024.05.29,147
ST_102,IT_132,2024.05.30,147
ST_102,IT_132,2024.05.31,147
ST_102,IT_133,2024.05.01,0
ST_102,IT_133,2024.05.02,0
ST_102,IT_133,2024.05.03,0
ST_102,IT_133,2024.05.04,0
ST_102,IT_133,2024.05.05,0
ST_102,IT_133,2024.05.06,0
ST_102,IT_133,2024.05.07,0
ST_102,IT_133,2024.05.08,0
ST_102,IT_133,2024.05.09,0
ST_102,IT_133,2024.05.10,0
ST_102,IT_133,2024.05.11,0
ST_102,IT_133,2024.05.12,0
ST_102,IT_133,2024.05.13,0
ST_102,IT_133,2024.05.14,0
ST_102,IT_133,2024.05.15,0
ST_102,IT_133,2024.05.16,0
ST_102,IT_133,2024.05.17,0
ST_102,IT_133,2024.05.18,0
ST_102,IT_133,2024.05.19,0
ST_102,IT_133,2024.05.20,0
ST_102,IT_133,2024.05.21,0
ST_102,IT_133,2024.05.22,0
ST_102,IT_133,2024.05.23,0
ST_102,IT_133,2024.05.24,0
ST_102,IT_133,2024.05.25,0
ST_102,IT_133,2024.05.26,0
ST_102,IT_133,2024.05.27,0
ST_102,IT_133,2024.05.28,0
ST_102,IT_133,2024.05.29,0
ST_102,IT_133,2024.05.30,0
ST_102,IT_133,2024.05.31,0
ST_102,IT_134,2024.05.01,0
ST_102,IT_134,2024.05.02,0
ST_102,IT_134,2024.05.03,0
ST_102,IT_134,2024.05.04,0
ST_102,IT_134,2024.05.05,0
ST_102,IT_134,2024.05.06,0
ST_102,IT_134,2024.05.07,0
ST_102,IT_134,2024.05.08,0
ST_102,IT_134,2024.05.09,0
ST_102,IT_134,2024.05.10,0
ST_102,IT_134,2024.05.11,0
ST_102,IT_134,2024.05.12,0
ST_102,IT_134,2024.05.13,0
ST_102,IT_134,2024.05.14,0
ST_102,IT_134,2024.05.15,0
ST_102,IT_134,2024.05.16,0
ST_102,IT_134,2024.05.17,0
ST_102,IT_134,2024.05.18,0
ST_102,IT_134,2024.05.19,0
ST_102,IT_134,2024.05.20,0
ST_102,IT_134,2024.05.21,0
ST_102,IT_134,2024.05.22,0
ST_102,IT_134,2024.05.23,0
ST_102,IT_134,2024.05.24,0
ST_102,IT_134,2024.05.25,0
ST_102,IT_134,2024.05.26,0
ST_102,IT_134,2024.05.27,0
ST_102,IT_134,2024.05.28,0
ST_102,IT_134,2024.05.29,0
ST_102,IT_134,2024.05.30,0
ST_102,IT_134,2024.05.31,0
ST_102,IT_135,2024.05.01,49
ST_102,IT_135,2024.05.02,49
ST_102,IT_135,2024.05.03,49
ST_102,IT_135,2024.05.04,49
ST_102,IT_135,2024.05.05,49
ST_102,IT_135,2024.05.06,49
ST_102,IT_135,2024.05.07,49
ST_102,IT_135,2024.05.08,49
ST_102,IT_135,2024.05.09,49
ST_102,IT_135,2024.05.10,49
ST_102,IT_135,2024.05.11,49
ST_102,IT_135,2024.05.12,49
ST_102,IT_135,2024.05.13,49
ST_102,IT_135,2024.05.14,49
ST_102,IT_135,2024.05.15,49
ST_102,IT_135,2024.05.16,49
ST_102,IT_135,2024.05.17,49
ST_102,IT_135,2024.05.18,49
ST_102,IT_135,2024.05.19,49
ST_102,IT_135,2024.05.20,49
ST_102,IT_135,2024.05.21,49
ST_102,IT_135,2024.05.22,49
ST_102,IT_135,2024.05.23,49
ST_102,IT_135,2024.05.24,49
ST_102,IT_135,2024.05.25,49
ST_102,IT_135,2024.05.26,49
ST_102,IT_135,2024.05.27,49
ST_102,IT_135,2024.05.28,49
ST_102,IT_135,2024.05.29,49
ST_102,IT_135,2024.05.30,49
ST_102,IT_135,2024.05.31,49
ST_102,IT_136,2024.05.01,15
ST_102,IT_136,2024.05.02,15
ST_102,IT_136,2024.05.03,15
ST_102,IT_136,2024.05.04,15
ST_102,IT_136,2024.05.05,15
ST_102,IT_136,2024.05.06,15
ST_102,IT_136,2024.05.07,15
ST_102,IT_136,2024.05.08,15
ST_102,IT_136,2024.05.09,15
ST_102,IT_136,2024.05.10,15
ST_102,IT_136,2024.05.11,15
ST_102,IT_136,2024.05.12,15
ST_102,IT_136,2024.05.13,15
ST_102,IT_136,2024.05.14,15
ST_102,IT_136,2024.05.15,15
ST_102,IT_136,2024.05.16,15
ST_102,IT_136,2024.05.17,15
ST_102,IT_136,2024.05.18,15
ST_102,IT_136,2024.05.19,15
ST_102,IT_136,2024.05.20,15
ST_102,IT_136,2024.05.21,15
ST_102,IT_136,2024.05.22,15
ST_102,IT_136,2024.05.23,15
ST_102,IT_136,2024.05.24,15
ST_102,IT_136,2024.05.25,15
ST_102,IT_136,2024.05.26,15
ST_102,IT_136,2024.05.27,15
ST_102,IT_136,2024.05.28,15
ST_102,IT_136,2024.05.29,15
ST_102,IT_136,2024.05.30,15
ST_102,IT_136,2024.05.31,15
ST_102,IT_137,2024.05.01,10200
ST_102,IT_137,2024.05.02,10200
ST_102,IT_137,2024.05.03,10200
ST_102,IT_137,2024.05.04,10200
ST_102,IT_137,2024.05.05,10200
ST_102,IT_137,2024.05.06,10200
ST_102,IT_137,2024.05.07,10200
ST_102,IT_137,2024.05.08,10200
ST_102,IT_137,2024.05.09,10200
ST_102,IT_137,2024.05.10,10200
ST_102,IT_137,2024.05.11,10200
ST_102,IT_137,2024.05.12,10200
ST_102,IT_137,2024.05.13,10200
ST_102,IT_137,2024.05.14,10200
ST_102,IT_137,2024.05.15,10200
ST_102,IT_137,2024.05.16,10200
ST_102,IT_137,2024.05.17,10200
ST_102,IT_137,2024.05.18,10200
ST_102,IT_137,2024.05.19,10200
ST_102,IT_137,2024.05.20,10200
ST_102,IT_137,2024.05.21,10200
ST_102,IT_137,2024.05.22,10200
ST_102,IT_137,2024.05.23,10200
ST_102,IT_137,2024.05.24,10200
ST_102,IT_137,2024.05.25,10200
ST_102,IT_137,2024.05.26,10200
ST_102,IT_137,2024.05.27,10200
ST_102,IT_137,2024.05.28,10200
ST_102,IT_137,2024.05.29,10200
ST_102,IT_137,2024.05.30,10200
ST_102,IT_137,2024.05.31,10200
ST_102,IT_138,2024.05.01,3200
ST_102,IT_138,2024.05.02,3200
ST_102,IT_138,2024.05.03,3200
ST_102,IT_138,2024.05.04,3200
ST_102,IT_138,2024.05.05,3200
ST_102,IT_138,2024.05.06,3200
ST_102,IT_138,2024.05.07,3200
ST_102,IT_138,2024.05.08,3200
ST_102,IT_138,2024.05.09,3200
ST_102,IT_138,2024.05.10,3200
ST_102,IT_138,2024.05.11,3200
ST_102,IT_138,2024.05.12,3200
ST_102,IT_138,2024.05.13,3200
ST_102,IT_138,2024.05.14,3200
ST_102,IT_138,2024.05.15,3200
ST_102,IT_138,2024.05.16,3200
ST_102,IT_138,2024.05.17,3200
ST_102,IT_138,2024.05.18,3200
ST_102,IT_138,2024.05.19,3200
ST_102,IT_138,2024.05.20,3200
ST_102,IT_138,2024.05.21,3200
ST_102,IT_138,2024.05.22,3200
ST_102,IT_138,2024.05.23,3200
ST_102,IT_138,2024.05.24,3200
ST_102,IT_138,2024.05.25,3200
ST_102,IT_138,2024.05.26,3200
ST_102,IT_138,2024.05.27,3200
ST_102,IT_138,2024.05.28,3200
ST_102,IT_138,2024.05.29,3200
ST_102,IT_138,2024.05.30,3200
ST_102,IT_138,2024.05.31,3200
ST_102,IT_139,2024.05.01,19
ST_102,IT_139,2024.05.02,19
ST_102,IT_139,2024.05.03,19
ST_102,IT_139,2024.05.04,19
ST_102,IT_139,2024.05.05,19
ST_102,IT_139,2024.05.06,19
ST_102,IT_139,2024.05.07,19
ST_102,IT_139,2024.05.08,19
ST_102,IT_139,2024.05.09,19
ST_102,IT_139,2024.05.10,19
ST_102,IT_139,2024.05.11,19
ST_102,IT_139,2024.05.12,19
ST_102,IT_139,2024.05.13,19
ST_102,IT_139,2024.05.14,19
ST_102,IT_139,2024.05.15,19
ST_102,IT_139,2024.05.16,19
ST_102,IT_139,2024.05.17,19
ST_102,IT_139,2024.05.18,19
ST_102,IT_139,2024.05.19,19
ST_102,IT_139,2024.05.20,19
ST_102,IT_139,2024.05.21,19
ST_102,IT_139,2024.05.22,19
ST_102,IT_139,2024.05.23,19
ST_102,IT_139,2024.05.24,19
ST_102,IT_139,2024.05.25,19
ST_102,IT_139,2024.05.26,19
ST_102,IT_139,2024.05.27,19
ST_102,IT_139,2024.05.28,19
ST_102,IT_139,2024.05.29,19
ST_102,IT_139,2024.05.30,19
ST_102,IT_139,2024.05.31,19
ST_102,IT_140,2024.05.01,39
ST_102,IT_140,2024.05.02,39
ST_102,IT_140,2024.05.03,39
ST_102,IT_140,2024.05.04,39
ST_102,IT_140,2024.05.05,39
ST_102,IT_140,2024.05.06,39
ST_102,IT_140,2024.05.07,39
ST_102,IT_140,2024.05.08,39
ST_102,IT_140,2024.05.09,39
ST_102,IT_140,2024.05.10,39
ST_102,IT_140,2024.05.11,39
ST_102,IT_140,2024.05.12,39
ST_102,IT_140,2024.05.13,39
ST_102,IT_140,2024.05.14,39
ST_102,IT_140,2024.05.15,39
ST_102,IT_140,2024.05.16,39
ST_102,IT_140,2024.05.17,39
ST_102,IT_140,2024.05.18,39
ST_102,IT_140,2024.05.19,39
ST_102,IT_140,2024.05.20,39
ST_102,IT_140,2024.05.21,39
ST_102,IT_140,2024.05.22,39
ST_102,IT_140,2024.05.23,39
ST_102,IT_140,2024.05.24,39
ST_102,IT_140,2024.05.25,39
ST_102,IT_140,2024.05.26,39
ST_102,IT_140,2024.05.27,39
ST_102,IT_140,2024.05.28,39
ST_102,IT_140,2024.05.29,39
ST_102,IT_140,2024.05.30,39
ST_102,IT_140,2024.05.31,39
ST_102,IT_141,2024.05.01,39
ST_102,IT_141,2024.05.02,39
ST_102,IT_141,2024.05.03,39
ST_102,IT_141,2024.05.04,39
ST_102,IT_141,2024.05.05,39
ST_102,IT_141,2024.05.06,39
ST_102,IT_141,2024.05.07,39
ST_102,IT_141,2024.05.08,39
ST_102,IT_141,2024.05.09,39
ST_102,IT_141,2024.05.10,39
ST_102,IT_141,2024.05.11,39
ST_102,IT_141,2024.05.12,39
ST_102,IT_141,2024.05.13,39
ST_102,IT_141,2024.05.14,39
ST_102,IT_141,2024.05.15,39
ST_102,IT_141,2024.05.16,39
ST_102,IT_141,2024.05.17,39
ST_102,IT_141,2024.05.18,39
ST_102,IT_141,2024.05.19,39
ST_102,IT_141,2024.05.20,39
ST_102,IT_141,2024.05.21,39
ST_102,IT_141,2024.05.22,39
ST_102,IT_141,2024.05.23,39
ST_102,IT_141,2024.05.24,39
ST_102,IT_141,2024.05.25,39
ST_102,IT_141,2024.05.26,39
ST_102,IT_141,2024.05.27,39
ST_102,IT_141,2024.05.28,39
ST_102,IT_141,2024.05.29,39
ST_102,IT_141,2024.05.30,39
ST_102,IT_141,2024.05.31,39
ST_102,IT_142,2024.05.01,30
ST_102,IT_142,2024.05.02,30
ST_102,IT_142,2024.05.03,30
ST_102,IT_142,2024.05.04,30
ST_102,IT_142,2024.05.05,30
ST_102,IT_142,2024.05.06,30
ST_102,IT_142,2024.05.07,30
ST_102,IT_142,2024.05.08,30
ST_102,IT_142,2024.05.09,30
ST_102,IT_142,2024.05.10,30
ST_102,IT_142,2024.05.11,30
ST_102,IT_142,2024.05.12,30
ST_102,IT_142,2024.05.13,30
ST_102,IT_142,2024.05.14,30
ST_102,IT_142,2024.05.15,30
ST_102,IT_142,2024.05.16,30
ST_102,IT_142,2024.05.17,30
ST_102,IT_142,2024.05.18,30
ST_102,IT_142,2024.05.19,30
ST_102,IT_142,2024.05.20,30
ST_102,IT_142,2024.05.21,30
ST_102,IT_142,2024.05.22,30
ST_102,IT_142,2024.05.23,30
ST_102,IT_142,2024.05.24,30
ST_102,IT_142,2024.05.25,30
ST_102,IT_142,2024.05.26,30
ST_102,IT_142,2024.05.27,30
ST_102,IT_142,2024.05.28,30
ST_102,IT_142,2024.05.29,30
ST_102,IT_142,2024.05.30,30
ST_102,IT_142,2024.05.31,30
ST_102,IT_143,2024.05.01,11
ST_102,IT_143,2024.05.02,11
ST_102,IT_143,2024.05.03,11
ST_102,IT_143,2024.05.04,11
ST_102,IT_143,2024.05.05,11
ST_102,IT_143,2024.05.06,11
ST_102,IT_143,2024.05.07,11
ST_102,IT_143,2024.05.08,11
ST_102,IT_143,2024.05.09,11
ST_102,IT_143,2024.05.10,11
ST_102,IT_143,2024.05.11,11
ST_102,IT_143,2024.05.12,11
ST_102,IT_143,2024.05.13,11
ST_102,IT_143,2024.05.14,11
ST_102,IT_143,2024.05.15,11
ST_102,IT_143,2024.05.16,11
ST_102,IT_143,2024.05.17,11
ST_102,IT_143,2024.05.18,11
ST_102,IT_143,2024.05.19,11
ST_102,IT_143,2024.05.20,11
ST_102,IT_143,2024.05.21,11
ST_102,IT_143,2024.05.22,11
ST_102,IT_143,2024.05.23,11
ST_102,IT_143,2024.05.24,11
ST_102,IT_143,2024.05.25,11
ST_102,IT_143,2024.05.26,11
ST_102,IT_143,2024.05.27,11
ST_102,IT_143,2024.05.28,11
ST_102,IT_143,2024.05.29,11
ST_102,IT_143,2024.05.30,11
ST_102,IT_143,2024.05.31,11
ST_102,IT_144,2024.05.01,6
ST_102,IT_144,2024.05.02,6
ST_102,IT_144,2024.05.03,6
ST_102,IT_144,2024.05.04,6
ST_102,IT_144,2024.05.05,6
ST_102,IT_144,2024.05.06,6
ST_102,IT_144,2024.05.07,6
ST_102,IT_144,2024.05.08,6
ST_102,IT_144,2024.05.09,6
ST_102,IT_144,2024.05.10,6
ST_102,IT_144,2024.05.11,6
ST_102,IT_144,2024.05.12,6
ST_102,IT_144,2024.05.13,6
ST_102,IT_144,2024.05.14,6
ST_102,IT_144,2024.05.15,6
ST_102,IT_144,2024.05.16,6
ST_102,IT_144,2024.05.17,6
ST_102,IT_144,2024.05.18,6
ST_102,IT_144,2024.05.19,6
ST_102,IT_144,2024.05.20,6
ST_102,IT_144,2024.05.21,6
ST_102,IT_144,2024.05.22,6
ST_102,IT_144,2024.05.23,6
ST_102,IT_144,2024.05.24,6
ST_102,IT_144,2024.05.25,6
ST_102,IT_144,2024.05.26,6
ST_102,IT_144,2024.05.27,6
ST_102,IT_144,2024.05.28,6
ST_102,IT_144,2024.05.29,6
ST_102,IT_144,2024.05.30,6
ST_102,IT_144,2024.05.31,6
ST_102,IT_145,2024.05.01,28
ST_102,IT_145,2024.05.02,28
ST_102,IT_145,2024.05.03,28
ST_102,IT_145,2024.05.04,28
ST_102,IT_145,2024.05.05,28
ST_102,IT_145,2024.05.06,28
ST_102,IT_145,2024.05.07,28
ST_102,IT_145,2024.05.08,28
ST_102,IT_145,2024.05.09,28
ST_102,IT_145,2024.05.10,28
ST_102,IT_145,2024.05.11,28
ST_102,IT_145,2024.05.12,28
ST_102,IT_145,2024.05.13,28
ST_102,IT_145,2024.05.14,28
ST_102,IT_145,2024.05.15,28
ST_102,IT_145,2024.05.16,28
ST_102,IT_145,2024.05.17,28
ST_102,IT_145,2024.05.18,28
ST_102,IT_145,2024.05.19,28
ST_102,IT_145,2024.05.20,28
ST_102,IT_145,2024.05.21,28
ST_102,IT_145,2024.05.22,28
ST_102,IT_145,2024.05.23,28
ST_102,IT_145,2024.05.24,28
ST_102,IT_145,2024.05.25,28
ST_102,IT_145,2024.05.26,28
ST_102,IT_145,2024.05.27,28
ST_102,IT_145,2024.05.28,28
ST_102,IT_145,2024.05.29,28
ST_102,IT_145,2024.05.30,28
ST_102,IT_145,2024.05.31,28
ST_102,IT_146,2024.05.01,35
ST_102,IT_146,2024.05.02,35
ST_102,IT_146,2024.05.03,35
ST_102,IT_146,2024.05.04,35
ST_102,IT_146,2024.05.05,35
ST_102,IT_146,2024.05.06,35
ST_102,IT_146,2024.05.07,35
ST_102,IT_146,2024.05.08,35
ST_102,IT_146,2024.05.09,35
ST_102,IT_146,2024.05.10,35
ST_102,IT_146,2024.05.11,35
ST_102,IT_146,2024.05.12,35
ST_102,IT_146,2024.05.13,35
ST_102,IT_146,2024.05.14,35
ST_102,IT_146,2024.05.15,35
ST_102,IT_146,2024.05.16,35
ST_102,IT_146,2024.05.17,35
ST_102,IT_146,2024.05.18,35
ST_102,IT_146,2024.05.19,35
ST_102,IT_146,2024.05.20,35
ST_102,IT_146,2024.05.21,35
ST_102,IT_146,2024.05.22,35
ST_102,IT_146,2024.05.23,35
ST_102,IT_146,2024.05.24,35
ST_102,IT_146,2024.05.25,35
ST_102,IT_146,2024.05.26,35
ST_102,IT_146,2024.05.27,35
ST_102,IT_146,2024.05.28,35
ST_102,IT_146,2024.05.29,35
ST_102,IT_146,2024.05.30,35
ST_102,IT_146,2024.05.31,35
ST_102,IT_147,2024.05.01,19
ST_102,IT_147,2024.05.02,19
ST_102,IT_147,2024.05.03,19
ST_102,IT_147,2024.05.04,19
ST_102,IT_147,2024.05.05,19
ST_102,IT_147,2024.05.06,19
ST_102,IT_147,2024.05.07,19
ST_102,IT_147,2024.05.08,19
ST_102,IT_147,2024.05.09,19
ST_102,IT_147,2024.05.10,19
ST_102,IT_147,2024.05.11,19
ST_102,IT_147,2024.05.12,19
ST_102,IT_147,2024.05.13,19
ST_102,IT_147,2024.05.14,19
ST_102,IT_147,2024.05.15,19
ST_102,IT_147,2024.05.16,19
ST_102,IT_147,2024.05.17,19
ST_102,IT_147,2024.05.18,19
ST_102,IT_147,2024.05.19,19
ST_102,IT_147,2024.05.20,19
ST_102,IT_147,2024.05.21,19
ST_102,IT_147,2024.05.22,19
ST_102,IT_147,2024.05.23,19
ST_102,IT_147,2024.05.24,19
ST_102,IT_147,2024.05.25,19
ST_102,IT_147,2024.05.26,19
ST_102,IT_147,2024.05.27,19
ST_102,IT_147,2024.05.28,19
ST_102,IT_147,2024.05.29,19
ST_102,IT_147,2024.05.30,19
ST_102,IT_147,2024.05.31,19
ST_102,IT_148,2024.05.01,28
ST_102,IT_148,2024.05.02,28
ST_102,IT_148,2024.05.03,28
ST_102,IT_148,2024.05.04,28
ST_102,IT_148,2024.05.05,28
ST_102,IT_148,2024.05.06,28
ST_102,IT_148,2024.05.07,28
ST_102,IT_148,2024.05.08,28
ST_102,IT_148,2024.05.09,28
ST_102,IT_148,2024.05.10,28
ST_102,IT_148,2024.05.11,28
ST_102,IT_148,2024.05.12,28
ST_102,IT_148,2024.05.13,28
ST_102,IT_148,2024.05.14,28
ST_102,IT_148,2024.05.15,28
ST_102,IT_148,2024.05.16,28
ST_102,IT_148,2024.05.17,28
ST_102,IT_148,2024.05.18,28
ST_102,IT_148,2024.05.19,28
ST_102,IT_148,2024.05.20,28
ST_102,IT_148,2024.05.21,28
ST_102,IT_148,2024.05.22,28
ST_102,IT_148,2024.05.23,28
ST_102,IT_148,2024.05.24,28
ST_102,IT_148,2024.05.25,28
ST_102,IT_148,2024.05.26,28
ST_102,IT_148,2024.05.27,28
ST_102,IT_148,2024.05.28,28
ST_102,IT_148,2024.05.29,28
ST_102,IT_148,2024.05.30,28
ST_102,IT_148,2024.05.31,28
ST_102,IT_152,2024.05.01,3
ST_102,IT_152,2024.05.02,3
ST_102,IT_152,2024.05.03,3
ST_102,IT_152,2024.05.04,3
ST_102,IT_152,2024.05.05,3
ST_102,IT_152,2024.05.06,3
ST_102,IT_152,2024.05.07,3
ST_102,IT_152,2024.05.08,3
ST_102,IT_152,2024.05.09,3
ST_102,IT_152,2024.05.10,3
ST_102,IT_152,2024.05.11,3
ST_102,IT_152,2024.05.12,3
ST_102,IT_152,2024.05.13,3
ST_102,IT_152,2024.05.14,3
ST_102,IT_152,2024.05.15,3
ST_102,IT_152,2024.05.16,3
ST_102,IT_152,2024.05.17,3
ST_102,IT_152,2024.05.18,3
ST_102,IT_152,2024.05.19,3
ST_102,IT_152,2024.05.20,3
ST_102,IT_152,2024.05.21,3
ST_102,IT_152,2024.05.22,3
ST_102,IT_152,2024.05.23,3
ST_102,IT_152,2024.05.24,3
ST_102,IT_152,2024.05.25,3
ST_102,IT_152,2024.05.26,3
ST_102,IT_152,2024.05.27,3
ST_102,IT_152,2024.05.28,3
ST_102,IT_152,2024.05.29,3
ST_102,IT_152,2024.05.30,3
ST_102,IT_152,2024.05.31,3
ST_102,IT_153,2024.05.01,3
ST_102,IT_153,2024.05.02,3
ST_102,IT_153,2024.05.03,3
ST_102,IT_153,2024.05.04,3
ST_102,IT_153,2024.05.05,3
ST_102,IT_153,2024.05.06,3
ST_102,IT_153,2024.05.07,3
ST_102,IT_153,2024.05.08,3
ST_102,IT_153,2024.05.09,3
ST_102,IT_153,2024.05.10,3
ST_102,IT_153,2024.05.11,3
ST_102,IT_153,2024.05.12,3
ST_102,IT_153,2024.05.13,3
ST_102,IT_153,2024.05.14,3
ST_102,IT_153,2024.05.15,3
ST_102,IT_153,2024.05.16,3
ST_102,IT_153,2024.05.17,3
ST_102,IT_153,2024.05.18,3
ST_102,IT_153,2024.05.19,3
ST_102,IT_153,2024.05.20,3
ST_102,IT_153,2024.05.21,3
ST_102,IT_153,2024.05.22,3
ST_102,IT_153,2024.05.23,3
ST_102,IT_153,2024.05.24,3
ST_102,IT_153,2024.05.25,3
ST_102,IT_153,2024.05.26,3
ST_102,IT_153,2024.05.27,3
ST_102,IT_153,2024.05.28,3
ST_102,IT_153,2024.05.29,3
ST_102,IT_153,2024.05.30,3
ST_102,IT_153,2024.05.31,3
ST_102,IT_154,2024.05.01,37
ST_102,IT_154,2024.05.02,37
ST_102,IT_154,2024.05.03,37
ST_102,IT_154,2024.05.04,37
ST_102,IT_154,2024.05.05,37
ST_102,IT_154,2024.05.06,37
ST_102,IT_154,2024.05.07,37
ST_102,IT_154,2024.05.08,37
ST_102,IT_154,2024.05.09,37
ST_102,IT_154,2024.05.10,37
ST_102,IT_154,2024.05.11,37
ST_102,IT_154,2024.05.12,37
ST_102,IT_154,2024.05.13,37
ST_102,IT_154,2024.05.14,37
ST_102,IT_154,2024.05.15,37
ST_102,IT_154,2024.05.16,37
ST_102,IT_154,2024.05.17,37
ST_102,IT_154,2024.05.18,37
ST_102,IT_154,2024.05.19,37
ST_102,IT_154,2024.05.20,37
ST_102,IT_154,2024.05.21,37
ST_102,IT_154,2024.05.22,37
ST_102,IT_154,2024.05.23,37
ST_102,IT_154,2024.05.24,37
ST_102,IT_154,2024.05.25,37
ST_102,IT_154,2024.05.26,37
ST_102,IT_154,2024.05.27,37
ST_102,IT_154,2024.05.28,37
ST_102,IT_154,2024.05.29,37
ST_102,IT_154,2024.05.30,37
ST_102,IT_154,2024.05.31,37
ST_102,IT_155,2024.05.01,46
ST_102,IT_155,2024.05.02,46
ST_102,IT_155,2024.05.03,46
ST_102,IT_155,2024.05.04,46
ST_102,IT_155,2024.05.05,46
ST_102,IT_155,2024.05.06,46
ST_102,IT_155,2024.05.07,46
ST_102,IT_155,2024.05.08,46
ST_102,IT_155,2024.05.09,46
ST_102,IT_155,2024.05.10,46
ST_102,IT_155,2024.05.11,46
ST_102,IT_155,2024.05.12,46
ST_102,IT_155,2024.05.13,46
ST_102,IT_155,2024.05.14,46
ST_102,IT_155,2024.05.15,46
ST_102,IT_155,2024.05.16,46
ST_102,IT_155,2024.05.17,46
ST_102,IT_155,2024.05.18,46
ST_102,IT_155,2024.05.19,46
ST_102,IT_155,2024.05.20,46
ST_102,IT_155,2024.05.21,46
ST_102,IT_155,2024.05.22,46
ST_102,IT_155,2024.05.23,46
ST_102,IT_155,2024.05.24,46
ST_102,IT_155,2024.05.25,46
ST_102,IT_155,2024.05.26,46
ST_102,IT_155,2024.05.27,46
ST_102,IT_155,2024.05.28,46
ST_102,IT_155,2024.05.29,46
ST_102,IT_155,2024.05.30,46
ST_102,IT_155,2024.05.31,46
ST_102,IT_156,2024.05.01,25
ST_102,IT_156,2024.05.02,25
ST_102,IT_156,2024.05.03,25
ST_102,IT_156,2024.05.04,25
ST_102,IT_156,2024.05.05,25
ST_102,IT_156,2024.05.06,25
ST_102,IT_156,2024.05.07,25
ST_102,IT_156,2024.05.08,25
ST_102,IT_156,2024.05.09,25
ST_102,IT_156,2024.05.10,25
ST_102,IT_156,2024.05.11,25
ST_102,IT_156,2024.05.12,25
ST_102,IT_156,2024.05.13,25
ST_102,IT_156,2024.05.14,25
ST_102,IT_156,2024.05.15,25
ST_102,IT_156,2024.05.16,25
ST_102,IT_156,2024.05.17,25
ST_102,IT_156,2024.05.18,25
ST_102,IT_156,2024.05.19,25
ST_102,IT_156,2024.05.20,25
ST_102,IT_156,2024.05.21,25
ST_102,IT_156,2024.05.22,25
ST_102,IT_156,2024.05.23,25
ST_102,IT_156,2024.05.24,25
ST_102,IT_156,2024.05.25,25
ST_102,IT_156,2024.05.26,25
ST_102,IT_156,2024.05.27,25
ST_102,IT_156,2024.05.28,25
ST_102,IT_156,2024.05.29,25
ST_102,IT_156,2024.05.30,25
ST_102,IT_156,2024.05.31,25
ST_102,IT_157,2024.05.01,41
ST_102,IT_157,2024.05.02,41
ST_102,IT_157,2024.05.03,41
ST_102,IT_157,2024.05.04,41
ST_102,IT_157,2024.05.05,41
ST_102,IT_157,2024.05.06,41
ST_102,IT_157,2024.05.07,41
ST_102,IT_157,2024.05.08,41
ST_102,IT_157,2024.05.09,41
ST_102,IT_157,2024.05.10,41
ST_102,IT_157,2024.05.11,41
ST_102,IT_157,2024.05.12,41
ST_102,IT_157,2024.05.13,41
ST_102,IT_157,2024.05.14,41
ST_102,IT_157,2024.05.15,41
ST_102,IT_157,2024.05.16,41
ST_102,IT_157,2024.05.17,41
ST_102,IT_157,2024.05.18,41
ST_102,IT_157,2024.05.19,41
ST_102,IT_157,2024.05.20,41
ST_102,IT_157,2024.05.21,41
ST_102,IT_157,2024.05.22,41
ST_102,IT_157,2024.05.23,41
ST_102,IT_157,2024.05.24,41
ST_102,IT_157,2024.05.25,41
ST_102,IT_157,2024.05.26,41
ST_102,IT_157,2024.05.27,41
ST_102,IT_157,2024.05.28,41
ST_102,IT_157,2024.05.29,41
ST_102,IT_157,2024.05.30,41
ST_102,IT_157,2024.05.31,41
ST_102,IT_158,2024.05.01,20
ST_102,IT_158,2024.05.02,20
ST_102,IT_158,2024.05.03,20
ST_102,IT_158,2024.05.04,20
ST_102,IT_158,2024.05.05,20
ST_102,IT_158,2024.05.06,20
ST_102,IT_158,2024.05.07,20
ST_102,IT_158,2024.05.08,20
ST_102,IT_158,2024.05.09,20
ST_102,IT_158,2024.05.10,20
ST_102,IT_158,2024.05.11,20
ST_102,IT_158,2024.05.12,20
ST_102,IT_158,2024.05.13,20
ST_102,IT_158,2024.05.14,20
ST_102,IT_158,2024.05.15,20
ST_102,IT_158,2024.05.16,20
ST_102,IT_158,2024.05.17,20
ST_102,IT_158,2024.05.18,20
ST_102,IT_158,2024.05.19,20
ST_102,IT_158,2024.05.20,20
ST_102,IT_158,2024.05.21,20
ST_102,IT_158,2024.05.22,20
ST_102,IT_158,2024.05.23,20
ST_102,IT_158,2024.05.24,20
ST_102,IT_158,2024.05.25,20
ST_102,IT_158,2024.05.26,20
ST_102,IT_158,2024.05.27,20
ST_102,IT_158,2024.05.28,20
ST_102,IT_158,2024.05.29,20
ST_102,IT_158,2024.05.30,20
ST_102,IT_158,2024.05.31,20
ST_102,IT_159,2024.05.01,30
ST_102,IT_159,2024.05.02,30
ST_102,IT_159,2024.05.03,30
ST_102,IT_159,2024.05.04,30
ST_102,IT_159,2024.05.05,30
ST_102,IT_159,2024.05.06,30
ST_102,IT_159,2024.05.07,30
ST_102,IT_159,2024.05.08,30
ST_102,IT_159,2024.05.09,30
ST_102,IT_159,2024.05.10,30
ST_102,IT_159,2024.05.11,30
ST_102,IT_159,2024.05.12,30
ST_102,IT_159,2024.05.13,30
ST_102,IT_159,2024.05.14,30
ST_102,IT_159,2024.05.15,30
ST_102,IT_159,2024.05.16,30
ST_102,IT_159,2024.05.17,30
ST_102,IT_159,2024.05.18,30
ST_102,IT_159,2024.05.19,30
ST_102,IT_159,2024.05.20,30
ST_102,IT_159,2024.05.21,30
ST_102,IT_159,2024.05.22,30
ST_102,IT_159,2024.05.23,30
ST_102,IT_159,2024.05.24,30
ST_102,IT_159,2024.05.25,30
ST_102,IT_159,2024.05.26,30
ST_102,IT_159,2024.05.27,30
ST_102,IT_159,2024.05.28,30
ST_102,IT_159,2024.05.29,30
ST_102,IT_159,2024.05.30,30
ST_102,IT_159,2024.05.31,30
ST_102,IT_160,2024.05.01,8
ST_102,IT_160,2024.05.02,8
ST_102,IT_160,2024.05.03,8
ST_102,IT_160,2024.05.04,8
ST_102,IT_160,2024.05.05,8
ST_102,IT_160,2024.05.06,8
ST_102,IT_160,2024.05.07,8
ST_102,IT_160,2024.05.08,8
ST_102,IT_160,2024.05.09,8
ST_102,IT_160,2024.05.10,8
ST_102,IT_160,2024.05.11,8
ST_102,IT_160,2024.05.12,8
ST_102,IT_160,2024.05.13,8
ST_102,IT_160,2024.05.14,8
ST_102,IT_160,2024.05.15,8
ST_102,IT_160,2024.05.16,8
ST_102,IT_160,2024.05.17,8
ST_102,IT_160,2024.05.18,8
ST_102,IT_160,2024.05.19,8
ST_102,IT_160,2024.05.20,8
ST_102,IT_160,2024.05.21,8
ST_102,IT_160,2024.05.22,8
ST_102,IT_160,2024.05.23,8
ST_102,IT_160,2024.05.24,8
ST_102,IT_160,2024.05.25,8
ST_102,IT_160,2024.05.26,8
ST_102,IT_160,2024.05.27,8
ST_102,IT_160,2024.05.28,8
ST_102,IT_160,2024.05.29,8
ST_102,IT_160,2024.05.30,8
ST_102,IT_160,2024.05.31,8
ST_102,IT_162,2024.05.01,17
ST_102,IT_162,2024.05.02,17
ST_102,IT_162,2024.05.03,17
ST_102,IT_162,2024.05.04,17
ST_102,IT_162,2024.05.05,17
ST_102,IT_162,2024.05.06,17
ST_102,IT_162,2024.05.07,17
ST_102,IT_162,2024.05.08,17
ST_102,IT_162,2024.05.09,17
ST_102,IT_162,2024.05.10,17
ST_102,IT_162,2024.05.11,17
ST_102,IT_162,2024.05.12,17
ST_102,IT_162,2024.05.13,17
ST_102,IT_162,2024.05.14,17
ST_102,IT_162,2024.05.15,17
ST_102,IT_162,2024.05.16,17
ST_102,IT_162,2024.05.17,17
ST_102,IT_162,2024.05.18,17
ST_102,IT_162,2024.05.19,17
ST_102,IT_162,2024.05.20,17
ST_102,IT_162,2024.05.21,17
ST_102,IT_162,2024.05.22,17
ST_102,IT_162,2024.05.23,17
ST_102,IT_162,2024.05.24,17
ST_102,IT_162,2024.05.25,17
ST_102,IT_162,2024.05.26,17
ST_102,IT_162,2024.05.27,17
ST_102,IT_162,2024.05.28,17
ST_102,IT_162,2024.05.29,17
ST_102,IT_162,2024.05.30,17
ST_102,IT_162,2024.05.31,17
ST_102,IT_163,2024.05.01,13
ST_102,IT_163,2024.05.02,13
ST_102,IT_163,2024.05.03,13
ST_102,IT_163,2024.05.04,13
ST_102,IT_163,2024.05.05,13
ST_102,IT_163,2024.05.06,13
ST_102,IT_163,2024.05.07,13
ST_102,IT_163,2024.05.08,13
ST_102,IT_163,2024.05.09,13
ST_102,IT_163,2024.05.10,13
ST_102,IT_163,2024.05.11,13
ST_102,IT_163,2024.05.12,13
ST_102,IT_163,2024.05.13,13
ST_102,IT_163,2024.05.14,13
ST_102,IT_163,2024.05.15,13
ST_102,IT_163,2024.05.16,13
ST_102,IT_163,2024.05.17,13
ST_102,IT_163,2024.05.18,13
ST_102,IT_163,2024.05.19,13
ST_102,IT_163,2024.05.20,13
ST_102,IT_163,2024.05.21,13
ST_102,IT_163,2024.05.22,13
ST_102,IT_163,2024.05.23,13
ST_102,IT_163,2024.05.24,13
ST_102,IT_163,2024.05.25,13
ST_102,IT_163,2024.05.26,13
ST_102,IT_163,2024.05.27,13
ST_102,IT_163,2024.05.28,13
ST_102,IT_163,2024.05.29,13
ST_102,IT_163,2024.05.30,13
ST_102,IT_163,2024.05.31,13
ST_102,IT_164,2024.05.01,53
ST_102,IT_164,2024.05.02,53
ST_102,IT_164,2024.05.03,53
ST_102,IT_164,2024.05.04,53
ST_102,IT_164,2024.05.05,53
ST_102,IT_164,2024.05.06,53
ST_102,IT_164,2024.05.07,53
ST_102,IT_164,2024.05.08,53
ST_102,IT_164,2024.05.09,53
ST_102,IT_164,2024.05.10,53
ST_102,IT_164,2024.05.11,53
ST_102,IT_164,2024.05.12,53
ST_102,IT_164,2024.05.13,53
ST_102,IT_164,2024.05.14,53
ST_102,IT_164,2024.05.15,53
ST_102,IT_164,2024.05.16,53
ST_102,IT_164,2024.05.17,53
ST_102,IT_164,2024.05.18,53
ST_102,IT_164,2024.05.19,53
ST_102,IT_164,2024.05.20,53
ST_102,IT_164,2024.05.21,53
ST_102,IT_164,2024.05.22,53
ST_102,IT_164,2024.05.23,53
ST_102,IT_164,2024.05.24,53
ST_102,IT_164,2024.05.25,53
ST_102,IT_164,2024.05.26,53
ST_102,IT_164,2024.05.27,53
ST_102,IT_164,2024.05.28,53
ST_102,IT_164,2024.05.29,53
ST_102,IT_164,2024.05.30,53
ST_102,IT_164,2024.05.31,53
ST_102,IT_165,2024.05.01,373
ST_102,IT_165,2024.05.02,373
ST_102,IT_165,2024.05.03,373
ST_102,IT_165,2024.05.04,373
ST_102,IT_165,2024.05.05,373
ST_102,IT_165,2024.05.06,373
ST_102,IT_165,2024.05.07,373
ST_102,IT_165,2024.05.08,373
ST_102,IT_165,2024.05.09,373
ST_102,IT_165,2024.05.10,373
ST_102,IT_165,2024.05.11,373
ST_102,IT_165,2024.05.12,373
ST_102,IT_165,2024.05.13,373
ST_102,IT_165,2024.05.14,373
ST_102,IT_165,2024.05.15,373
ST_102,IT_165,2024.05.16,373
ST_102,IT_165,2024.05.17,373
ST_102,IT_165,2024.05.18,373
ST_102,IT_165,2024.05.19,373
ST_102,IT_165,2024.05.20,373
ST_102,IT_165,2024.05.21,373
ST_102,IT_165,2024.05.22,373
ST_102,IT_165,2024.05.23,373
ST_102,IT_165,2024.05.24,373
ST_102,IT_165,2024.05.25,373
ST_102,IT_165,2024.05.26,373
ST_102,IT_165,2024.05.27,373
ST_102,IT_165,2024.05.28,373
ST_102,IT_165,2024.05.29,373
ST_102,IT_165,2024.05.30,373
ST_102,IT_165,2024.05.31,373
ST_102,IT_167,2024.05.01,37
ST_102,IT_167,2024.05.02,37
ST_102,IT_167,2024.05.03,37
ST_102,IT_167,2024.05.04,37
ST_102,IT_167,2024.05.05,37
ST_102,IT_167,2024.05.06,37
ST_102,IT_167,2024.05.07,37
ST_102,IT_167,2024.05.08,37
ST_102,IT_167,2024.05.09,37
ST_102,IT_167,2024.05.10,37
ST_102,IT_167,2024.05.11,37
ST_102,IT_167,2024.05.12,37
ST_102,IT_167,2024.05.13,37
ST_102,IT_167,2024.05.14,37
ST_102,IT_167,2024.05.15,37
ST_102,IT_167,2024.05.16,37
ST_102,IT_167,2024.05.17,37
ST_102,IT_167,2024.05.18,37
ST_102,IT_167,2024.05.19,37
ST_102,IT_167,2024.05.20,37
ST_102,IT_167,2024.05.21,37
ST_102,IT_167,2024.05.22,37
ST_102,IT_167,2024.05.23,37
ST_102,IT_167,2024.05.24,37
ST_102,IT_167,2024.05.25,37
ST_102,IT_167,2024.05.26,37
ST_102,IT_167,2024.05.27,37
ST_102,IT_167,2024.05.28,37
ST_102,IT_167,2024.05.29,37
ST_102,IT_167,2024.05.30,37
ST_102,IT_167,2024.05.31,37
ST_102,IT_168,2024.05.01,12
ST_102,IT_168,2024.05.02,12
ST_102,IT_168,2024.05.03,12
ST_102,IT_168,2024.05.04,12
ST_102,IT_168,2024.05.05,12
ST_102,IT_168,2024.05.06,12
ST_102,IT_168,2024.05.07,12
ST_102,IT_168,2024.05.08,12
ST_102,IT_168,2024.05.09,12
ST_102,IT_168,2024.05.10,12
ST_102,IT_168,2024.05.11,12
ST_102,IT_168,2024.05.12,12
ST_102,IT_168,2024.05.13,12
ST_102,IT_168,2024.05.14,12
ST_102,IT_168,2024.05.15,12
ST_102,IT_168,2024.05.16,12
ST_102,IT_168,2024.05.17,12
ST_102,IT_168,2024.05.18,12
ST_102,IT_168,2024.05.19,12
ST_102,IT_168,2024.05.20,12
ST_102,IT_168,2024.05.21,12
ST_102,IT_168,2024.05.22,12
ST_102,IT_168,2024.05.23,12
ST_102,IT_168,2024.05.24,12
ST_102,IT_168,2024.05.25,12
ST_102,IT_168,2024.05.26,12
ST_102,IT_168,2024.05.27,12
ST_102,IT_168,2024.05.28,12
ST_102,IT_168,2024.05.29,12
ST_102,IT_168,2024.05.30,12
ST_102,IT_168,2024.05.31,12
ST_102,IT_169,2024.05.01,15
ST_102,IT_169,2024.05.02,15
ST_102,IT_169,2024.05.03,15
ST_102,IT_169,2024.05.04,15
ST_102,IT_169,2024.05.05,15
ST_102,IT_169,2024.05.06,15
ST_102,IT_169,2024.05.07,15
ST_102,IT_169,2024.05.08,15
ST_102,IT_169,2024.05.09,15
ST_102,IT_169,2024.05.10,15
ST_102,IT_169,2024.05.11,15
ST_102,IT_169,2024.05.12,15
ST_102,IT_169,2024.05.13,15
ST_102,IT_169,2024.05.14,15
ST_102,IT_169,2024.05.15,15
ST_102,IT_169,2024.05.16,15
ST_102,IT_169,2024.05.17,15
ST_102,IT_169,2024.05.18,15
ST_102,IT_169,2024.05.19,15
ST_102,IT_169,2024.05.20,15
ST_102,IT_169,2024.05.21,15
ST_102,IT_169,2024.05.22,15
ST_102,IT_169,2024.05.23,15
ST_102,IT_169,2024.05.24,15
ST_102,IT_169,2024.05.25,15
ST_102,IT_169,2024.05.26,15
ST_102,IT_169,2024.05.27,15
ST_102,IT_169,2024.05.28,15
ST_102,IT_169,2024.05.29,15
ST_102,IT_169,2024.05.30,15
ST_102,IT_169,2024.05.31,15
ST_102,IT_170,2024.05.01,26
ST_102,IT_170,2024.05.02,26
ST_102,IT_170,2024.05.03,26
ST_102,IT_170,2024.05.04,26
ST_102,IT_170,2024.05.05,26
ST_102,IT_170,2024.05.06,26
ST_102,IT_170,2024.05.07,26
ST_102,IT_170,2024.05.08,26
ST_102,IT_170,2024.05.09,26
ST_102,IT_170,2024.05.10,26
ST_102,IT_170,2024.05.11,26
ST_102,IT_170,2024.05.12,26
ST_102,IT_170,2024.05.13,26
ST_102,IT_170,2024.05.14,26
ST_102,IT_170,2024.05.15,26
ST_102,IT_170,2024.05.16,26
ST_102,IT_170,2024.05.17,26
ST_102,IT_170,2024.05.18,26
ST_102,IT_170,2024.05.19,26
ST_102,IT_170,2024.05.20,26
ST_102,IT_170,2024.05.21,26
ST_102,IT_170,2024.05.22,26
ST_102,IT_170,2024.05.23,26
ST_102,IT_170,2024.05.24,26
ST_102,IT_170,2024.05.25,26
ST_102,IT_170,2024.05.26,26
ST_102,IT_170,2024.05.27,26
ST_102,IT_170,2024.05.28,26
ST_102,IT_170,2024.05.29,26
ST_102,IT_170,2024.05.30,26
ST_102,IT_170,2024.05.31,26
ST_102,IT_171,2024.05.01,34
ST_102,IT_171,2024.05.02,34
ST_102,IT_171,2024.05.03,34
ST_102,IT_171,2024.05.04,34
ST_102,IT_171,2024.05.05,34
ST_102,IT_171,2024.05.06,34
ST_102,IT_171,2024.05.07,34
ST_102,IT_171,2024.05.08,34
ST_102,IT_171,2024.05.09,34
ST_102,IT_171,2024.05.10,34
ST_102,IT_171,2024.05.11,34
ST_102,IT_171,2024.05.12,34
ST_102,IT_171,2024.05.13,34
ST_102,IT_171,2024.05.14,34
ST_102,IT_171,2024.05.15,34
ST_102,IT_171,2024.05.16,34
ST_102,IT_171,2024.05.17,34
ST_102,IT_171,2024.05.18,34
ST_102,IT_171,2024.05.19,34
ST_102,IT_171,2024.05.20,34
ST_102,IT_171,2024.05.21,34
ST_102,IT_171,2024.05.22,34
ST_102,IT_171,2024.05.23,34
ST_102,IT_171,2024.05.24,34
ST_102,IT_171,2024.05.25,34
ST_102,IT_171,2024.05.26,34
ST_102,IT_171,2024.05.27,34
ST_102,IT_171,2024.05.28,34
ST_102,IT_171,2024.05.29,34
ST_102,IT_171,2024.05.30,34
ST_102,IT_171,2024.05.31,34
ST_102,IT_101,2024.06.01,4000
ST_102,IT_101,2024.06.02,4000
ST_102,IT_101,2024.06.03,4000
ST_102,IT_101,2024.06.04,4000
ST_102,IT_101,2024.06.05,4000
ST_102,IT_101,2024.06.06,4000
ST_102,IT_101,2024.06.07,4000
ST_102,IT_101,2024.06.08,4000
ST_102,IT_101,2024.06.09,4000
ST_102,IT_101,2024.06.10,4000
ST_102,IT_101,2024.06.11,4000
ST_102,IT_101,2024.06.12,4000
ST_102,IT_101,2024.06.13,4000
ST_102,IT_101,2024.06.14,4000
ST_102,IT_101,2024.06.15,4000
ST_102,IT_101,2024.06.16,4000
ST_102,IT_101,2024.06.17,4000
ST_102,IT_101,2024.06.18,4000
ST_102,IT_101,2024.06.19,4000
ST_102,IT_101,2024.06.20,4000
ST_102,IT_101,2024.06.21,4000
ST_102,IT_101,2024.06.22,4000
ST_102,IT_101,2024.06.23,4000
ST_102,IT_101,2024.06.24,4000
ST_102,IT_101,2024.06.25,4000
ST_102,IT_101,2024.06.26,4000
ST_102,IT_101,2024.06.27,4000
ST_102,IT_101,2024.06.28,4000
ST_102,IT_101,2024.06.29,4000
ST_102,IT_101,2024.06.30,4000
ST_102,IT_102,2024.06.01,4000
ST_102,IT_102,2024.06.02,4000
ST_102,IT_102,2024.06.03,4000
ST_102,IT_102,2024.06.04,4000
ST_102,IT_102,2024.06.05,4000
ST_102,IT_102,2024.06.06,4000
ST_102,IT_102,2024.06.07,4000
ST_102,IT_102,2024.06.08,4000
ST_102,IT_102,2024.06.09,4000
ST_102,IT_102,2024.06.10,4000
ST_102,IT_102,2024.06.11,4000
ST_102,IT_102,2024.06.12,4000
ST_102,IT_102,2024.06.13,4000
ST_102,IT_102,2024.06.14,4000
ST_102,IT_102,2024.06.15,4000
ST_102,IT_102,2024.06.16,4000
ST_102,IT_102,2024.06.17,4000
ST_102,IT_102,2024.06.18,4000
ST_102,IT_102,2024.06.19,4000
ST_102,IT_102,2024.06.20,4000
ST_102,IT_102,2024.06.21,4000
ST_102,IT_102,2024.06.22,4000
ST_102,IT_102,2024.06.23,4000
ST_102,IT_102,2024.06.24,4000
ST_102,IT_102,2024.06.25,4000
ST_102,IT_102,2024.06.26,4000
ST_102,IT_102,2024.06.27,4000
ST_102,IT_102,2024.06.28,4000
ST_102,IT_102,2024.06.29,4000
ST_102,IT_102,2024.06.30,4000
ST_102,IT_103,2024.06.01,4000
ST_102,IT_103,2024.06.02,4000
ST_102,IT_103,2024.06.03,4000
ST_102,IT_103,2024.06.04,4000
ST_102,IT_103,2024.06.05,4000
ST_102,IT_103,2024.06.06,4000
ST_102,IT_103,2024.06.07,4000
ST_102,IT_103,2024.06.08,4000
ST_102,IT_103,2024.06.09,4000
ST_102,IT_103,2024.06.10,4000
ST_102,IT_103,2024.06.11,4000
ST_102,IT_103,2024.06.12,4000
ST_102,IT_103,2024.06.13,4000
ST_102,IT_103,2024.06.14,4000
ST_102,IT_103,2024.06.15,4000
ST_102,IT_103,2024.06.16,4000
ST_102,IT_103,2024.06.17,4000
ST_102,IT_103,2024.06.18,4000
ST_102,IT_103,2024.06.19,4000
ST_102,IT_103,2024.06.20,4000
ST_102,IT_103,2024.06.21,4000
ST_102,IT_103,2024.06.22,4000
ST_102,IT_103,2024.06.23,4000
ST_102,IT_103,2024.06.24,4000
ST_102,IT_103,2024.06.25,4000
ST_102,IT_103,2024.06.26,4000
ST_102,IT_103,2024.06.27,4000
ST_102,IT_103,2024.06.28,4000
ST_102,IT_103,2024.06.29,4000
ST_102,IT_103,2024.06.30,4000
ST_102,IT_104,2024.06.01,0
ST_102,IT_104,2024.06.02,0
ST_102,IT_104,2024.06.03,0
ST_102,IT_104,2024.06.04,0
ST_102,IT_104,2024.06.05,0
ST_102,IT_104,2024.06.06,0
ST_102,IT_104,2024.06.07,0
ST_102,IT_104,2024.06.08,0
ST_102,IT_104,2024.06.09,0
ST_102,IT_104,2024.06.10,0
ST_102,IT_104,2024.06.11,0
ST_102,IT_104,2024.06.12,0
ST_102,IT_104,2024.06.13,0
ST_102,IT_104,2024.06.14,0
ST_102,IT_104,2024.06.15,0
ST_102,IT_104,2024.06.16,0
ST_102,IT_104,2024.06.17,0
ST_102,IT_104,2024.06.18,0
ST_102,IT_104,2024.06.19,0
ST_102,IT_104,2024.06.20,0
ST_102,IT_104,2024.06.21,0
ST_102,IT_104,2024.06.22,0
ST_102,IT_104,2024.06.23,0
ST_102,IT_104,2024.06.24,0
ST_102,IT_104,2024.06.25,0
ST_102,IT_104,2024.06.26,0
ST_102,IT_104,2024.06.27,0
ST_102,IT_104,2024.06.28,0
ST_102,IT_104,2024.06.29,0
ST_102,IT_104,2024.06.30,0
ST_102,IT_105,2024.06.01,8000
ST_102,IT_105,2024.06.02,8000
ST_102,IT_105,2024.06.03,8000
ST_102,IT_105,2024.06.04,8000
ST_102,IT_105,2024.06.05,8000
ST_102,IT_105,2024.06.06,8000
ST_102,IT_105,2024.06.07,8000
ST_102,IT_105,2024.06.08,8000
ST_102,IT_105,2024.06.09,8000
ST_102,IT_105,2024.06.10,8000
ST_102,IT_105,2024.06.11,8000
ST_102,IT_105,2024.06.12,8000
ST_102,IT_105,2024.06.13,8000
ST_102,IT_105,2024.06.14,8000
ST_102,IT_105,2024.06.15,8000
ST_102,IT_105,2024.06.16,8000
ST_102,IT_105,2024.06.17,8000
ST_102,IT_105,2024.06.18,8000
ST_102,IT_105,2024.06.19,8000
ST_102,IT_105,2024.06.20,8000
ST_102,IT_105,2024.06.21,8000
ST_102,IT_105,2024.06.22,8000
ST_102,IT_105,2024.06.23,8000
ST_102,IT_105,2024.06.24,8000
ST_102,IT_105,2024.06.25,8000
ST_102,IT_105,2024.06.26,8000
ST_102,IT_105,2024.06.27,8000
ST_102,IT_105,2024.06.28,8000
ST_102,IT_105,2024.06.29,8000
ST_102,IT_105,2024.06.30,8000
ST_102,IT_106,2024.06.01,6000
ST_102,IT_106,2024.06.02,6000
ST_102,IT_106,2024.06.03,6000
ST_102,IT_106,2024.06.04,6000
ST_102,IT_106,2024.06.05,6000
ST_102,IT_106,2024.06.06,6000
ST_102,IT_106,2024.06.07,6000
ST_102,IT_106,2024.06.08,6000
ST_102,IT_106,2024.06.09,6000
ST_102,IT_106,2024.06.10,6000
ST_102,IT_106,2024.06.11,6000
ST_102,IT_106,2024.06.12,6000
ST_102,IT_106,2024.06.13,6000
ST_102,IT_106,2024.06.14,6000
ST_102,IT_106,2024.06.15,6000
ST_102,IT_106,2024.06.16,6000
ST_102,IT_106,2024.06.17,6000
ST_102,IT_106,2024.06.18,6000
ST_102,IT_106,2024.06.19,6000
ST_102,IT_106,2024.06.20,6000
ST_102,IT_106,2024.06.21,6000
ST_102,IT_106,2024.06.22,6000
ST_102,IT_106,2024.06.23,6000
ST_102,IT_106,2024.06.24,6000
ST_102,IT_106,2024.06.25,6000
ST_102,IT_106,2024.06.26,6000
ST_102,IT_106,2024.06.27,6000
ST_102,IT_106,2024.06.28,6000
ST_102,IT_106,2024.06.29,6000
ST_102,IT_106,2024.06.30,6000
ST_102,IT_107,2024.06.01,6000
ST_102,IT_107,2024.06.02,6000
ST_102,IT_107,2024.06.03,6000
ST_102,IT_107,2024.06.04,6000
ST_102,IT_107,2024.06.05,6000
ST_102,IT_107,2024.06.06,6000
ST_102,IT_107,2024.06.07,6000
ST_102,IT_107,2024.06.08,6000
ST_102,IT_107,2024.06.09,6000
ST_102,IT_107,2024.06.10,6000
ST_102,IT_107,2024.06.11,6000
ST_102,IT_107,2024.06.12,6000
ST_102,IT_107,2024.06.13,6000
ST_102,IT_107,2024.06.14,6000
ST_102,IT_107,2024.06.15,6000
ST_102,IT_107,2024.06.16,6000
ST_102,IT_107,2024.06.17,6000
ST_102,IT_107,2024.06.18,6000
ST_102,IT_107,2024.06.19,6000
ST_102,IT_107,2024.06.20,6000
ST_102,IT_107,2024.06.21,6000
ST_102,IT_107,2024.06.22,6000
ST_102,IT_107,2024.06.23,6000
ST_102,IT_107,2024.06.24,6000
ST_102,IT_107,2024.06.25,6000
ST_102,IT_107,2024.06.26,6000
ST_102,IT_107,2024.06.27,6000
ST_102,IT_107,2024.06.28,6000
ST_102,IT_107,2024.06.29,6000
ST_102,IT_107,2024.06.30,6000
ST_102,IT_108,2024.06.01,6000
ST_102,IT_108,2024.06.02,6000
ST_102,IT_108,2024.06.03,6000
ST_102,IT_108,2024.06.04,6000
ST_102,IT_108,2024.06.05,6000
ST_102,IT_108,2024.06.06,6000
ST_102,IT_108,2024.06.07,6000
ST_102,IT_108,2024.06.08,6000
ST_102,IT_108,2024.06.09,6000
ST_102,IT_108,2024.06.10,6000
ST_102,IT_108,2024.06.11,6000
ST_102,IT_108,2024.06.12,6000
ST_102,IT_108,2024.06.13,6000
ST_102,IT_108,2024.06.14,6000
ST_102,IT_108,2024.06.15,6000
ST_102,IT_108,2024.06.16,6000
ST_102,IT_108,2024.06.17,6000
ST_102,IT_108,2024.06.18,6000
ST_102,IT_108,2024.06.19,6000
ST_102,IT_108,2024.06.20,6000
ST_102,IT_108,2024.06.21,6000
ST_102,IT_108,2024.06.22,6000
ST_102,IT_108,2024.06.23,6000
ST_102,IT_108,2024.06.24,6000
ST_102,IT_108,2024.06.25,6000
ST_102,IT_108,2024.06.26,6000
ST_102,IT_108,2024.06.27,6000
ST_102,IT_108,2024.06.28,6000
ST_102,IT_108,2024.06.29,6000
ST_102,IT_108,2024.06.30,6000
ST_102,IT_109,2024.06.01,0
ST_102,IT_109,2024.06.02,0
ST_102,IT_109,2024.06.03,0
ST_102,IT_109,2024.06.04,0
ST_102,IT_109,2024.06.05,0
ST_102,IT_109,2024.06.06,0
ST_102,IT_109,2024.06.07,0
ST_102,IT_109,2024.06.08,0
ST_102,IT_109,2024.06.09,0
ST_102,IT_109,2024.06.10,0
ST_102,IT_109,2024.06.11,0
ST_102,IT_109,2024.06.12,0
ST_102,IT_109,2024.06.13,0
ST_102,IT_109,2024.06.14,0
ST_102,IT_109,2024.06.15,0
ST_102,IT_109,2024.06.16,0
ST_102,IT_109,2024.06.17,0
ST_102,IT_109,2024.06.18,0
ST_102,IT_109,2024.06.19,0
ST_102,IT_109,2024.06.20,0
ST_102,IT_109,2024.06.21,0
ST_102,IT_109,2024.06.22,0
ST_102,IT_109,2024.06.23,0
ST_102,IT_109,2024.06.24,0
ST_102,IT_109,2024.06.25,0
ST_102,IT_109,2024.06.26,0
ST_102,IT_109,2024.06.27,0
ST_102,IT_109,2024.06.28,0
ST_102,IT_109,2024.06.29,0
ST_102,IT_109,2024.06.30,0
ST_102,IT_110,2024.06.01,3000
ST_102,IT_110,2024.06.02,3000
ST_102,IT_110,2024.06.03,3000
ST_102,IT_110,2024.06.04,3000
ST_102,IT_110,2024.06.05,3000
ST_102,IT_110,2024.06.06,3000
ST_102,IT_110,2024.06.07,3000
ST_102,IT_110,2024.06.08,3000
ST_102,IT_110,2024.06.09,3000
ST_102,IT_110,2024.06.10,3000
ST_102,IT_110,2024.06.11,3000
ST_102,IT_110,2024.06.12,3000
ST_102,IT_110,2024.06.13,3000
ST_102,IT_110,2024.06.14,3000
ST_102,IT_110,2024.06.15,3000
ST_102,IT_110,2024.06.16,3000
ST_102,IT_110,2024.06.17,3000
ST_102,IT_110,2024.06.18,3000
ST_102,IT_110,2024.06.19,3000
ST_102,IT_110,2024.06.20,3000
ST_102,IT_110,2024.06.21,3000
ST_102,IT_110,2024.06.22,3000
ST_102,IT_110,2024.06.23,3000
ST_102,IT_110,2024.06.24,3000
ST_102,IT_110,2024.06.25,3000
ST_102,IT_110,2024.06.26,3000
ST_102,IT_110,2024.06.27,3000
ST_102,IT_110,2024.06.28,3000
ST_102,IT_110,2024.06.29,3000
ST_102,IT_110,2024.06.30,3000
ST_102,IT_111,2024.06.01,13000
ST_102,IT_111,2024.06.02,13000
ST_102,IT_111,2024.06.03,13000
ST_102,IT_111,2024.06.04,13000
ST_102,IT_111,2024.06.05,13000
ST_102,IT_111,2024.06.06,13000
ST_102,IT_111,2024.06.07,13000
ST_102,IT_111,2024.06.08,13000
ST_102,IT_111,2024.06.09,13000
ST_102,IT_111,2024.06.10,13000
ST_102,IT_111,2024.06.11,13000
ST_102,IT_111,2024.06.12,13000
ST_102,IT_111,2024.06.13,13000
ST_102,IT_111,2024.06.14,13000
ST_102,IT_111,2024.06.15,13000
ST_102,IT_111,2024.06.16,13000
ST_102,IT_111,2024.06.17,13000
ST_102,IT_111,2024.06.18,13000
ST_102,IT_111,2024.06.19,13000
ST_102,IT_111,2024.06.20,13000
ST_102,IT_111,2024.06.21,13000
ST_102,IT_111,2024.06.22,13000
ST_102,IT_111,2024.06.23,13000
ST_102,IT_111,2024.06.24,13000
ST_102,IT_111,2024.06.25,13000
ST_102,IT_111,2024.06.26,13000
ST_102,IT_111,2024.06.27,13000
ST_102,IT_111,2024.06.28,13000
ST_102,IT_111,2024.06.29,13000
ST_102,IT_111,2024.06.30,13000
ST_102,IT_112,2024.06.01,16500
ST_102,IT_112,2024.06.02,16500
ST_102,IT_112,2024.06.03,16500
ST_102,IT_112,2024.06.04,16500
ST_102,IT_112,2024.06.05,16500
ST_102,IT_112,2024.06.06,16500
ST_102,IT_112,2024.06.07,16500
ST_102,IT_112,2024.06.08,16500
ST_102,IT_112,2024.06.09,16500
ST_102,IT_112,2024.06.10,16500
ST_102,IT_112,2024.06.11,16500
ST_102,IT_112,2024.06.12,16500
ST_102,IT_112,2024.06.13,16500
ST_102,IT_112,2024.06.14,16500
ST_102,IT_112,2024.06.15,16500
ST_102,IT_112,2024.06.16,16500
ST_102,IT_112,2024.06.17,16500
ST_102,IT_112,2024.06.18,16500
ST_102,IT_112,2024.06.19,16500
ST_102,IT_112,2024.06.20,16500
ST_102,IT_112,2024.06.21,16500
ST_102,IT_112,2024.06.22,16500
ST_102,IT_112,2024.06.23,16500
ST_102,IT_112,2024.06.24,16500
ST_102,IT_112,2024.06.25,16500
ST_102,IT_112,2024.06.26,16500
ST_102,IT_112,2024.06.27,16500
ST_102,IT_112,2024.06.28,16500
ST_102,IT_112,2024.06.29,16500
ST_102,IT_112,2024.06.30,16500
ST_102,IT_113,2024.06.01,5600
ST_102,IT_113,2024.06.02,5600
ST_102,IT_113,2024.06.03,5600
ST_102,IT_113,2024.06.04,5600
ST_102,IT_113,2024.06.05,5600
ST_102,IT_113,2024.06.06,5600
ST_102,IT_113,2024.06.07,5600
ST_102,IT_113,2024.06.08,5600
ST_102,IT_113,2024.06.09,5600
ST_102,IT_113,2024.06.10,5600
ST_102,IT_113,2024.06.11,5600
ST_102,IT_113,2024.06.12,5600
ST_102,IT_113,2024.06.13,5600
ST_102,IT_113,2024.06.14,5600
ST_102,IT_113,2024.06.15,5600
ST_102,IT_113,2024.06.16,5600
ST_102,IT_113,2024.06.17,5600
ST_102,IT_113,2024.06.18,5600
ST_102,IT_113,2024.06.19,5600
ST_102,IT_113,2024.06.20,5600
ST_102,IT_113,2024.06.21,5600
ST_102,IT_113,2024.06.22,5600
ST_102,IT_113,2024.06.23,5600
ST_102,IT_113,2024.06.24,5600
ST_102,IT_113,2024.06.25,5600
ST_102,IT_113,2024.06.26,5600
ST_102,IT_113,2024.06.27,5600
ST_102,IT_113,2024.06.28,5600
ST_102,IT_113,2024.06.29,5600
ST_102,IT_113,2024.06.30,5600
ST_102,IT_114,2024.06.01,9500
ST_102,IT_114,2024.06.02,9500
ST_102,IT_114,2024.06.03,9500
ST_102,IT_114,2024.06.04,9500
ST_102,IT_114,2024.06.05,9500
ST_102,IT_114,2024.06.06,9500
ST_102,IT_114,2024.06.07,9500
ST_102,IT_114,2024.06.08,9500
ST_102,IT_114,2024.06.09,9500
ST_102,IT_114,2024.06.10,9500
ST_102,IT_114,2024.06.11,9500
ST_102,IT_114,2024.06.12,9500
ST_102,IT_114,2024.06.13,9500
ST_102,IT_114,2024.06.14,9500
ST_102,IT_114,2024.06.15,9500
ST_102,IT_114,2024.06.16,9500
ST_102,IT_114,2024.06.17,9500
ST_102,IT_114,2024.06.18,9500
ST_102,IT_114,2024.06.19,9500
ST_102,IT_114,2024.06.20,9500
ST_102,IT_114,2024.06.21,9500
ST_102,IT_114,2024.06.22,9500
ST_102,IT_114,2024.06.23,9500
ST_102,IT_114,2024.06.24,9500
ST_102,IT_114,2024.06.25,9500
ST_102,IT_114,2024.06.26,9500
ST_102,IT_114,2024.06.27,9500
ST_102,IT_114,2024.06.28,9500
ST_102,IT_114,2024.06.29,9500
ST_102,IT_114,2024.06.30,9500
ST_102,IT_115,2024.06.01,4000
ST_102,IT_115,2024.06.02,4000
ST_102,IT_115,2024.06.03,4000
ST_102,IT_115,2024.06.04,4000
ST_102,IT_115,2024.06.05,4000
ST_102,IT_115,2024.06.06,4000
ST_102,IT_115,2024.06.07,4000
ST_102,IT_115,2024.06.08,4000
ST_102,IT_115,2024.06.09,4000
ST_102,IT_115,2024.06.10,4000
ST_102,IT_115,2024.06.11,4000
ST_102,IT_115,2024.06.12,4000
ST_102,IT_115,2024.06.13,4000
ST_102,IT_115,2024.06.14,4000
ST_102,IT_115,2024.06.15,4000
ST_102,IT_115,2024.06.16,4000
ST_102,IT_115,2024.06.17,4000
ST_102,IT_115,2024.06.18,4000
ST_102,IT_115,2024.06.19,4000
ST_102,IT_115,2024.06.20,4000
ST_102,IT_115,2024.06.21,4000
ST_102,IT_115,2024.06.22,4000
ST_102,IT_115,2024.06.23,4000
ST_102,IT_115,2024.06.24,4000
ST_102,IT_115,2024.06.25,4000
ST_102,IT_115,2024.06.26,4000
ST_102,IT_115,2024.06.27,4000
ST_102,IT_115,2024.06.28,4000
ST_102,IT_115,2024.06.29,4000
ST_102,IT_115,2024.06.30,4000
ST_102,IT_116,2024.06.01,4600
ST_102,IT_116,2024.06.02,4600
ST_102,IT_116,2024.06.03,4600
ST_102,IT_116,2024.06.04,4600
ST_102,IT_116,2024.06.05,4600
ST_102,IT_116,2024.06.06,4600
ST_102,IT_116,2024.06.07,4600
ST_102,IT_116,2024.06.08,4600
ST_102,IT_116,2024.06.09,4600
ST_102,IT_116,2024.06.10,4600
ST_102,IT_116,2024.06.11,4600
ST_102,IT_116,2024.06.12,4600
ST_102,IT_116,2024.06.13,4600
ST_102,IT_116,2024.06.14,4600
ST_102,IT_116,2024.06.15,4600
ST_102,IT_116,2024.06.16,4600
ST_102,IT_116,2024.06.17,4600
ST_102,IT_116,2024.06.18,4600
ST_102,IT_116,2024.06.19,4600
ST_102,IT_116,2024.06.20,4600
ST_102,IT_116,2024.06.21,4600
ST_102,IT_116,2024.06.22,4600
ST_102,IT_116,2024.06.23,4600
ST_102,IT_116,2024.06.24,4600
ST_102,IT_116,2024.06.25,4600
ST_102,IT_116,2024.06.26,4600
ST_102,IT_116,2024.06.27,4600
ST_102,IT_116,2024.06.28,4600
ST_102,IT_116,2024.06.29,4600
ST_102,IT_116,2024.06.30,4600
ST_102,IT_117,2024.06.01,4000
ST_102,IT_117,2024.06.02,4000
ST_102,IT_117,2024.06.03,4000
ST_102,IT_117,2024.06.04,4000
ST_102,IT_117,2024.06.05,4000
ST_102,IT_117,2024.06.06,4000
ST_102,IT_117,2024.06.07,4000
ST_102,IT_117,2024.06.08,4000
ST_102,IT_117,2024.06.09,4000
ST_102,IT_117,2024.06.10,4000
ST_102,IT_117,2024.06.11,4000
ST_102,IT_117,2024.06.12,4000
ST_102,IT_117,2024.06.13,4000
ST_102,IT_117,2024.06.14,4000
ST_102,IT_117,2024.06.15,4000
ST_102,IT_117,2024.06.16,4000
ST_102,IT_117,2024.06.17,4000
ST_102,IT_117,2024.06.18,4000
ST_102,IT_117,2024.06.19,4000
ST_102,IT_117,2024.06.20,4000
ST_102,IT_117,2024.06.21,4000
ST_102,IT_117,2024.06.22,4000
ST_102,IT_117,2024.06.23,4000
ST_102,IT_117,2024.06.24,4000
ST_102,IT_117,2024.06.25,4000
ST_102,IT_117,2024.06.26,4000
ST_102,IT_117,2024.06.27,4000
ST_102,IT_117,2024.06.28,4000
ST_102,IT_117,2024.06.29,4000
ST_102,IT_117,2024.06.30,4000
ST_102,IT_118,2024.06.01,600
ST_102,IT_118,2024.06.02,600
ST_102,IT_118,2024.06.03,600
ST_102,IT_118,2024.06.04,600
ST_102,IT_118,2024.06.05,600
ST_102,IT_118,2024.06.06,600
ST_102,IT_118,2024.06.07,600
ST_102,IT_118,2024.06.08,600
ST_102,IT_118,2024.06.09,600
ST_102,IT_118,2024.06.10,600
ST_102,IT_118,2024.06.11,600
ST_102,IT_118,2024.06.12,600
ST_102,IT_118,2024.06.13,600
ST_102,IT_118,2024.06.14,600
ST_102,IT_118,2024.06.15,600
ST_102,IT_118,2024.06.16,600
ST_102,IT_118,2024.06.17,600
ST_102,IT_118,2024.06.18,600
ST_102,IT_118,2024.06.19,600
ST_102,IT_118,2024.06.20,600
ST_102,IT_118,2024.06.21,600
ST_102,IT_118,2024.06.22,600
ST_102,IT_118,2024.06.23,600
ST_102,IT_118,2024.06.24,600
ST_102,IT_118,2024.06.25,600
ST_102,IT_118,2024.06.26,600
ST_102,IT_118,2024.06.27,600
ST_102,IT_118,2024.06.28,600
ST_102,IT_118,2024.06.29,600
ST_102,IT_118,2024.06.30,600
ST_102,IT_119,2024.06.01,32000
ST_102,IT_119,2024.06.02,32000
ST_102,IT_119,2024.06.03,32000
ST_102,IT_119,2024.06.04,32000
ST_102,IT_119,2024.06.05,32000
ST_102,IT_119,2024.06.06,32000
ST_102,IT_119,2024.06.07,32000
ST_102,IT_119,2024.06.08,32000
ST_102,IT_119,2024.06.09,32000
ST_102,IT_119,2024.06.10,32000
ST_102,IT_119,2024.06.11,32000
ST_102,IT_119,2024.06.12,32000
ST_102,IT_119,2024.06.13,32000
ST_102,IT_119,2024.06.14,32000
ST_102,IT_119,2024.06.15,32000
ST_102,IT_119,2024.06.16,32000
ST_102,IT_119,2024.06.17,32000
ST_102,IT_119,2024.06.18,32000
ST_102,IT_119,2024.06.19,32000
ST_102,IT_119,2024.06.20,32000
ST_102,IT_119,2024.06.21,32000
ST_102,IT_119,2024.06.22,32000
ST_102,IT_119,2024.06.23,32000
ST_102,IT_119,2024.06.24,32000
ST_102,IT_119,2024.06.25,32000
ST_102,IT_119,2024.06.26,32000
ST_102,IT_119,2024.06.27,32000
ST_102,IT_119,2024.06.28,32000
ST_102,IT_119,2024.06.29,32000
ST_102,IT_119,2024.06.30,32000
ST_102,IT_120,2024.06.01,3
ST_102,IT_120,2024.06.02,3
ST_102,IT_120,2024.06.03,3
ST_102,IT_120,2024.06.04,3
ST_102,IT_120,2024.06.05,3
ST_102,IT_120,2024.06.06,3
ST_102,IT_120,2024.06.07,3
ST_102,IT_120,2024.06.08,3
ST_102,IT_120,2024.06.09,3
ST_102,IT_120,2024.06.10,3
ST_102,IT_120,2024.06.11,3
ST_102,IT_120,2024.06.12,3
ST_102,IT_120,2024.06.13,3
ST_102,IT_120,2024.06.14,3
ST_102,IT_120,2024.06.15,3
ST_102,IT_120,2024.06.16,3
ST_102,IT_120,2024.06.17,3
ST_102,IT_120,2024.06.18,3
ST_102,IT_120,2024.06.19,3
ST_102,IT_120,2024.06.20,3
ST_102,IT_120,2024.06.21,3
ST_102,IT_120,2024.06.22,3
ST_102,IT_120,2024.06.23,3
ST_102,IT_120,2024.06.24,3
ST_102,IT_120,2024.06.25,3
ST_102,IT_120,2024.06.26,3
ST_102,IT_120,2024.06.27,3
ST_102,IT_120,2024.06.28,3
ST_102,IT_120,2024.06.29,3
ST_102,IT_120,2024.06.30,3
ST_102,IT_121,2024.06.01,3000
ST_102,IT_121,2024.06.02,3000
ST_102,IT_121,2024.06.03,3000
ST_102,IT_121,2024.06.04,3000
ST_102,IT_121,2024.06.05,3000
ST_102,IT_121,2024.06.06,3000
ST_102,IT_121,2024.06.07,3000
ST_102,IT_121,2024.06.08,3000
ST_102,IT_121,2024.06.09,3000
ST_102,IT_121,2024.06.10,3000
ST_102,IT_121,2024.06.11,3000
ST_102,IT_121,2024.06.12,3000
ST_102,IT_121,2024.06.13,3000
ST_102,IT_121,2024.06.14,3000
ST_102,IT_121,2024.06.15,3000
ST_102,IT_121,2024.06.16,3000
ST_102,IT_121,2024.06.17,3000
ST_102,IT_121,2024.06.18,3000
ST_102,IT_121,2024.06.19,3000
ST_102,IT_121,2024.06.20,3000
ST_102,IT_121,2024.06.21,3000
ST_102,IT_121,2024.06.22,3000
ST_102,IT_121,2024.06.23,3000
ST_102,IT_121,2024.06.24,3000
ST_102,IT_121,2024.06.25,3000
ST_102,IT_121,2024.06.26,3000
ST_102,IT_121,2024.06.27,3000
ST_102,IT_121,2024.06.28,3000
ST_102,IT_121,2024.06.29,3000
ST_102,IT_121,2024.06.30,3000
ST_102,IT_122,2024.06.01,3000
ST_102,IT_122,2024.06.02,3000
ST_102,IT_122,2024.06.03,3000
ST_102,IT_122,2024.06.04,3000
ST_102,IT_122,2024.06.05,3000
ST_102,IT_122,2024.06.06,3000
ST_102,IT_122,2024.06.07,3000
ST_102,IT_122,2024.06.08,3000
ST_102,IT_122,2024.06.09,3000
ST_102,IT_122,2024.06.10,3000
ST_102,IT_122,2024.06.11,3000
ST_102,IT_122,2024.06.12,3000
ST_102,IT_122,2024.06.13,3000
ST_102,IT_122,2024.06.14,3000
ST_102,IT_122,2024.06.15,3000
ST_102,IT_122,2024.06.16,3000
ST_102,IT_122,2024.06.17,3000
ST_102,IT_122,2024.06.18,3000
ST_102,IT_122,2024.06.19,3000
ST_102,IT_122,2024.06.20,3000
ST_102,IT_122,2024.06.21,3000
ST_102,IT_122,2024.06.22,3000
ST_102,IT_122,2024.06.23,3000
ST_102,IT_122,2024.06.24,3000
ST_102,IT_122,2024.06.25,3000
ST_102,IT_122,2024.06.26,3000
ST_102,IT_122,2024.06.27,3000
ST_102,IT_122,2024.06.28,3000
ST_102,IT_122,2024.06.29,3000
ST_102,IT_122,2024.06.30,3000
ST_102,IT_123,2024.06.01,800
ST_102,IT_123,2024.06.02,800
ST_102,IT_123,2024.06.03,800
ST_102,IT_123,2024.06.04,800
ST_102,IT_123,2024.06.05,800
ST_102,IT_123,2024.06.06,800
ST_102,IT_123,2024.06.07,800
ST_102,IT_123,2024.06.08,800
ST_102,IT_123,2024.06.09,800
ST_102,IT_123,2024.06.10,800
ST_102,IT_123,2024.06.11,800
ST_102,IT_123,2024.06.12,800
ST_102,IT_123,2024.06.13,800
ST_102,IT_123,2024.06.14,800
ST_102,IT_123,2024.06.15,800
ST_102,IT_123,2024.06.16,800
ST_102,IT_123,2024.06.17,800
ST_102,IT_123,2024.06.18,800
ST_102,IT_123,2024.06.19,800
ST_102,IT_123,2024.06.20,800
ST_102,IT_123,2024.06.21,800
ST_102,IT_123,2024.06.22,800
ST_102,IT_123,2024.06.23,800
ST_102,IT_123,2024.06.24,800
ST_102,IT_123,2024.06.25,800
ST_102,IT_123,2024.06.26,800
ST_102,IT_123,2024.06.27,800
ST_102,IT_123,2024.06.28,800
ST_102,IT_123,2024.06.29,800
ST_102,IT_123,2024.06.30,800
ST_102,IT_124,2024.06.01,20
ST_102,IT_124,2024.06.02,20
ST_102,IT_124,2024.06.03,20
ST_102,IT_124,2024.06.04,20
ST_102,IT_124,2024.06.05,20
ST_102,IT_124,2024.06.06,20
ST_102,IT_124,2024.06.07,20
ST_102,IT_124,2024.06.08,20
ST_102,IT_124,2024.06.09,20
ST_102,IT_124,2024.06.10,20
ST_102,IT_124,2024.06.11,20
ST_102,IT_124,2024.06.12,20
ST_102,IT_124,2024.06.13,20
ST_102,IT_124,2024.06.14,20
ST_102,IT_124,2024.06.15,20
ST_102,IT_124,2024.06.16,20
ST_102,IT_124,2024.06.17,20
ST_102,IT_124,2024.06.18,20
ST_102,IT_124,2024.06.19,20
ST_102,IT_124,2024.06.20,20
ST_102,IT_124,2024.06.21,20
ST_102,IT_124,2024.06.22,20
ST_102,IT_124,2024.06.23,20
ST_102,IT_124,2024.06.24,20
ST_102,IT_124,2024.06.25,20
ST_102,IT_124,2024.06.26,20
ST_102,IT_124,2024.06.27,20
ST_102,IT_124,2024.06.28,20
ST_102,IT_124,2024.06.29,20
ST_102,IT_124,2024.06.30,20
ST_102,IT_125,2024.06.01,16
ST_102,IT_125,2024.06.02,16
ST_102,IT_125,2024.06.03,16
ST_102,IT_125,2024.06.04,16
ST_102,IT_125,2024.06.05,16
ST_102,IT_125,2024.06.06,16
ST_102,IT_125,2024.06.07,16
ST_102,IT_125,2024.06.08,16
ST_102,IT_125,2024.06.09,16
ST_102,IT_125,2024.06.10,16
ST_102,IT_125,2024.06.11,16
ST_102,IT_125,2024.06.12,16
ST_102,IT_125,2024.06.13,16
ST_102,IT_125,2024.06.14,16
ST_102,IT_125,2024.06.15,16
ST_102,IT_125,2024.06.16,16
ST_102,IT_125,2024.06.17,16
ST_102,IT_125,2024.06.18,16
ST_102,IT_125,2024.06.19,16
ST_102,IT_125,2024.06.20,16
ST_102,IT_125,2024.06.21,16
ST_102,IT_125,2024.06.22,16
ST_102,IT_125,2024.06.23,16
ST_102,IT_125,2024.06.24,16
ST_102,IT_125,2024.06.25,16
ST_102,IT_125,2024.06.26,16
ST_102,IT_125,2024.06.27,16
ST_102,IT_125,2024.06.28,16
ST_102,IT_125,2024.06.29,16
ST_102,IT_125,2024.06.30,16
ST_102,IT_126,2024.06.01,16
ST_102,IT_126,2024.06.02,16
ST_102,IT_126,2024.06.03,16
ST_102,IT_126,2024.06.04,16
ST_102,IT_126,2024.06.05,16
ST_102,IT_126,2024.06.06,16
ST_102,IT_126,2024.06.07,16
ST_102,IT_126,2024.06.08,16
ST_102,IT_126,2024.06.09,16
ST_102,IT_126,2024.06.10,16
ST_102,IT_126,2024.06.11,16
ST_102,IT_126,2024.06.12,16
ST_102,IT_126,2024.06.13,16
ST_102,IT_126,2024.06.14,16
ST_102,IT_126,2024.06.15,16
ST_102,IT_126,2024.06.16,16
ST_102,IT_126,2024.06.17,16
ST_102,IT_126,2024.06.18,16
ST_102,IT_126,2024.06.19,16
ST_102,IT_126,2024.06.20,16
ST_102,IT_126,2024.06.21,16
ST_102,IT_126,2024.06.22,16
ST_102,IT_126,2024.06.23,16
ST_102,IT_126,2024.06.24,16
ST_102,IT_126,2024.06.25,16
ST_102,IT_126,2024.06.26,16
ST_102,IT_126,2024.06.27,16
ST_102,IT_126,2024.06.28,16
ST_102,IT_126,2024.06.29,16
ST_102,IT_126,2024.06.30,16
ST_102,IT_127,2024.06.01,0
ST_102,IT_127,2024.06.02,0
ST_102,IT_127,2024.06.03,0
ST_102,IT_127,2024.06.04,0
ST_102,IT_127,2024.06.05,0
ST_102,IT_127,2024.06.06,0
ST_102,IT_127,2024.06.07,0
ST_102,IT_127,2024.06.08,0
ST_102,IT_127,2024.06.09,0
ST_102,IT_127,2024.06.10,0
ST_102,IT_127,2024.06.11,0
ST_102,IT_127,2024.06.12,0
ST_102,IT_127,2024.06.13,0
ST_102,IT_127,2024.06.14,0
ST_102,IT_127,2024.06.15,0
ST_102,IT_127,2024.06.16,0
ST_102,IT_127,2024.06.17,0
ST_102,IT_127,2024.06.18,0
ST_102,IT_127,2024.06.19,0
ST_102,IT_127,2024.06.20,0
ST_102,IT_127,2024.06.21,0
ST_102,IT_127,2024.06.22,0
ST_102,IT_127,2024.06.23,0
ST_102,IT_127,2024.06.24,0
ST_102,IT_127,2024.06.25,0
ST_102,IT_127,2024.06.26,0
ST_102,IT_127,2024.06.27,0
ST_102,IT_127,2024.06.28,0
ST_102,IT_127,2024.06.29,0
ST_102,IT_127,2024.06.30,0
ST_102,IT_128,2024.06.01,13
ST_102,IT_128,2024.06.02,13
ST_102,IT_128,2024.06.03,13
ST_102,IT_128,2024.06.04,13
ST_102,IT_128,2024.06.05,13
ST_102,IT_128,2024.06.06,13
ST_102,IT_128,2024.06.07,13
ST_102,IT_128,2024.06.08,13
ST_102,IT_128,2024.06.09,13
ST_102,IT_128,2024.06.10,13
ST_102,IT_128,2024.06.11,13
ST_102,IT_128,2024.06.12,13
ST_102,IT_128,2024.06.13,13
ST_102,IT_128,2024.06.14,13
ST_102,IT_128,2024.06.15,13
ST_102,IT_128,2024.06.16,13
ST_102,IT_128,2024.06.17,13
ST_102,IT_128,2024.06.18,13
ST_102,IT_128,2024.06.19,13
ST_102,IT_128,2024.06.20,13
ST_102,IT_128,2024.06.21,13
ST_102,IT_128,2024.06.22,13
ST_102,IT_128,2024.06.23,13
ST_102,IT_128,2024.06.24,13
ST_102,IT_128,2024.06.25,13
ST_102,IT_128,2024.06.26,13
ST_102,IT_128,2024.06.27,13
ST_102,IT_128,2024.06.28,13
ST_102,IT_128,2024.06.29,13
ST_102,IT_128,2024.06.30,13
ST_102,IT_129,2024.06.01,80
ST_102,IT_129,2024.06.02,80
ST_102,IT_129,2024.06.03,80
ST_102,IT_129,2024.06.04,80
ST_102,IT_129,2024.06.05,80
ST_102,IT_129,2024.06.06,80
ST_102,IT_129,2024.06.07,80
ST_102,IT_129,2024.06.08,80
ST_102,IT_129,2024.06.09,80
ST_102,IT_129,2024.06.10,80
ST_102,IT_129,2024.06.11,80
ST_102,IT_129,2024.06.12,80
ST_102,IT_129,2024.06.13,80
ST_102,IT_129,2024.06.14,80
ST_102,IT_129,2024.06.15,80
ST_102,IT_129,2024.06.16,80
ST_102,IT_129,2024.06.17,80
ST_102,IT_129,2024.06.18,80
ST_102,IT_129,2024.06.19,80
ST_102,IT_129,2024.06.20,80
ST_102,IT_129,2024.06.21,80
ST_102,IT_129,2024.06.22,80
ST_102,IT_129,2024.06.23,80
ST_102,IT_129,2024.06.24,80
ST_102,IT_129,2024.06.25,80
ST_102,IT_129,2024.06.26,80
ST_102,IT_129,2024.06.27,80
ST_102,IT_129,2024.06.28,80
ST_102,IT_129,2024.06.29,80
ST_102,IT_129,2024.06.30,80
ST_102,IT_130,2024.06.01,0
ST_102,IT_130,2024.06.02,0
ST_102,IT_130,2024.06.03,0
ST_102,IT_130,2024.06.04,0
ST_102,IT_130,2024.06.05,0
ST_102,IT_130,2024.06.06,0
ST_102,IT_130,2024.06.07,0
ST_102,IT_130,2024.06.08,0
ST_102,IT_130,2024.06.09,0
ST_102,IT_130,2024.06.10,0
ST_102,IT_130,2024.06.11,0
ST_102,IT_130,2024.06.12,0
ST_102,IT_130,2024.06.13,0
ST_102,IT_130,2024.06.14,0
ST_102,IT_130,2024.06.15,0
ST_102,IT_130,2024.06.16,0
ST_102,IT_130,2024.06.17,0
ST_102,IT_130,2024.06.18,0
ST_102,IT_130,2024.06.19,0
ST_102,IT_130,2024.06.20,0
ST_102,IT_130,2024.06.21,0
ST_102,IT_130,2024.06.22,0
ST_102,IT_130,2024.06.23,0
ST_102,IT_130,2024.06.24,0
ST_102,IT_130,2024.06.25,0
ST_102,IT_130,2024.06.26,0
ST_102,IT_130,2024.06.27,0
ST_102,IT_130,2024.06.28,0
ST_102,IT_130,2024.06.29,0
ST_102,IT_130,2024.06.30,0
ST_102,IT_131,2024.06.01,116
ST_102,IT_131,2024.06.02,116
ST_102,IT_131,2024.06.03,116
ST_102,IT_131,2024.06.04,116
ST_102,IT_131,2024.06.05,116
ST_102,IT_131,2024.06.06,116
ST_102,IT_131,2024.06.07,116
ST_102,IT_131,2024.06.08,116
ST_102,IT_131,2024.06.09,116
ST_102,IT_131,2024.06.10,116
ST_102,IT_131,2024.06.11,116
ST_102,IT_131,2024.06.12,116
ST_102,IT_131,2024.06.13,116
ST_102,IT_131,2024.06.14,116
ST_102,IT_131,2024.06.15,116
ST_102,IT_131,2024.06.16,116
ST_102,IT_131,2024.06.17,116
ST_102,IT_131,2024.06.18,116
ST_102,IT_131,2024.06.19,116
ST_102,IT_131,2024.06.20,116
ST_102,IT_131,2024.06.21,116
ST_102,IT_131,2024.06.22,116
ST_102,IT_131,2024.06.23,116
ST_102,IT_131,2024.06.24,116
ST_102,IT_131,2024.06.25,116
ST_102,IT_131,2024.06.26,116
ST_102,IT_131,2024.06.27,116
ST_102,IT_131,2024.06.28,116
ST_102,IT_131,2024.06.29,116
ST_102,IT_131,2024.06.30,116
ST_102,IT_132,2024.06.01,82
ST_102,IT_132,2024.06.02,82
ST_102,IT_132,2024.06.03,82
ST_102,IT_132,2024.06.04,82
ST_102,IT_132,2024.06.05,82
ST_102,IT_132,2024.06.06,82
ST_102,IT_132,2024.06.07,82
ST_102,IT_132,2024.06.08,82
ST_102,IT_132,2024.06.09,82
ST_102,IT_132,2024.06.10,82
ST_102,IT_132,2024.06.11,82
ST_102,IT_132,2024.06.12,82
ST_102,IT_132,2024.06.13,82
ST_102,IT_132,2024.06.14,82
ST_102,IT_132,2024.06.15,82
ST_102,IT_132,2024.06.16,82
ST_102,IT_132,2024.06.17,82
ST_102,IT_132,2024.06.18,82
ST_102,IT_132,2024.06.19,82
ST_102,IT_132,2024.06.20,82
ST_102,IT_132,2024.06.21,82
ST_102,IT_132,2024.06.22,82
ST_102,IT_132,2024.06.23,82
ST_102,IT_132,2024.06.24,82
ST_102,IT_132,2024.06.25,82
ST_102,IT_132,2024.06.26,82
ST_102,IT_132,2024.06.27,82
ST_102,IT_132,2024.06.28,82
ST_102,IT_132,2024.06.29,82
ST_102,IT_132,2024.06.30,82
ST_102,IT_133,2024.06.01,0
ST_102,IT_133,2024.06.02,0
ST_102,IT_133,2024.06.03,0
ST_102,IT_133,2024.06.04,0
ST_102,IT_133,2024.06.05,0
ST_102,IT_133,2024.06.06,0
ST_102,IT_133,2024.06.07,0
ST_102,IT_133,2024.06.08,0
ST_102,IT_133,2024.06.09,0
ST_102,IT_133,2024.06.10,0
ST_102,IT_133,2024.06.11,0
ST_102,IT_133,2024.06.12,0
ST_102,IT_133,2024.06.13,0
ST_102,IT_133,2024.06.14,0
ST_102,IT_133,2024.06.15,0
ST_102,IT_133,2024.06.16,0
ST_102,IT_133,2024.06.17,0
ST_102,IT_133,2024.06.18,0
ST_102,IT_133,2024.06.19,0
ST_102,IT_133,2024.06.20,0
ST_102,IT_133,2024.06.21,0
ST_102,IT_133,2024.06.22,0
ST_102,IT_133,2024.06.23,0
ST_102,IT_133,2024.06.24,0
ST_102,IT_133,2024.06.25,0
ST_102,IT_133,2024.06.26,0
ST_102,IT_133,2024.06.27,0
ST_102,IT_133,2024.06.28,0
ST_102,IT_133,2024.06.29,0
ST_102,IT_133,2024.06.30,0
ST_102,IT_134,2024.06.01,0
ST_102,IT_134,2024.06.02,0
ST_102,IT_134,2024.06.03,0
ST_102,IT_134,2024.06.04,0
ST_102,IT_134,2024.06.05,0
ST_102,IT_134,2024.06.06,0
ST_102,IT_134,2024.06.07,0
ST_102,IT_134,2024.06.08,0
ST_102,IT_134,2024.06.09,0
ST_102,IT_134,2024.06.10,0
ST_102,IT_134,2024.06.11,0
ST_102,IT_134,2024.06.12,0
ST_102,IT_134,2024.06.13,0
ST_102,IT_134,2024.06.14,0
ST_102,IT_134,2024.06.15,0
ST_102,IT_134,2024.06.16,0
ST_102,IT_134,2024.06.17,0
ST_102,IT_134,2024.06.18,0
ST_102,IT_134,2024.06.19,0
ST_102,IT_134,2024.06.20,0
ST_102,IT_134,2024.06.21,0
ST_102,IT_134,2024.06.22,0
ST_102,IT_134,2024.06.23,0
ST_102,IT_134,2024.06.24,0
ST_102,IT_134,2024.06.25,0
ST_102,IT_134,2024.06.26,0
ST_102,IT_134,2024.06.27,0
ST_102,IT_134,2024.06.28,0
ST_102,IT_134,2024.06.29,0
ST_102,IT_134,2024.06.30,0
ST_102,IT_135,2024.06.01,31
ST_102,IT_135,2024.06.02,31
ST_102,IT_135,2024.06.03,31
ST_102,IT_135,2024.06.04,31
ST_102,IT_135,2024.06.05,31
ST_102,IT_135,2024.06.06,31
ST_102,IT_135,2024.06.07,31
ST_102,IT_135,2024.06.08,31
ST_102,IT_135,2024.06.09,31
ST_102,IT_135,2024.06.10,31
ST_102,IT_135,2024.06.11,31
ST_102,IT_135,2024.06.12,31
ST_102,IT_135,2024.06.13,31
ST_102,IT_135,2024.06.14,31
ST_102,IT_135,2024.06.15,31
ST_102,IT_135,2024.06.16,31
ST_102,IT_135,2024.06.17,31
ST_102,IT_135,2024.06.18,31
ST_102,IT_135,2024.06.19,31
ST_102,IT_135,2024.06.20,31
ST_102,IT_135,2024.06.21,31
ST_102,IT_135,2024.06.22,31
ST_102,IT_135,2024.06.23,31
ST_102,IT_135,2024.06.24,31
ST_102,IT_135,2024.06.25,31
ST_102,IT_135,2024.06.26,31
ST_102,IT_135,2024.06.27,31
ST_102,IT_135,2024.06.28,31
ST_102,IT_135,2024.06.29,31
ST_102,IT_135,2024.06.30,31
ST_102,IT_136,2024.06.01,10
ST_102,IT_136,2024.06.02,10
ST_102,IT_136,2024.06.03,10
ST_102,IT_136,2024.06.04,10
ST_102,IT_136,2024.06.05,10
ST_102,IT_136,2024.06.06,10
ST_102,IT_136,2024.06.07,10
ST_102,IT_136,2024.06.08,10
ST_102,IT_136,2024.06.09,10
ST_102,IT_136,2024.06.10,10
ST_102,IT_136,2024.06.11,10
ST_102,IT_136,2024.06.12,10
ST_102,IT_136,2024.06.13,10
ST_102,IT_136,2024.06.14,10
ST_102,IT_136,2024.06.15,10
ST_102,IT_136,2024.06.16,10
ST_102,IT_136,2024.06.17,10
ST_102,IT_136,2024.06.18,10
ST_102,IT_136,2024.06.19,10
ST_102,IT_136,2024.06.20,10
ST_102,IT_136,2024.06.21,10
ST_102,IT_136,2024.06.22,10
ST_102,IT_136,2024.06.23,10
ST_102,IT_136,2024.06.24,10
ST_102,IT_136,2024.06.25,10
ST_102,IT_136,2024.06.26,10
ST_102,IT_136,2024.06.27,10
ST_102,IT_136,2024.06.28,10
ST_102,IT_136,2024.06.29,10
ST_102,IT_136,2024.06.30,10
ST_102,IT_137,2024.06.01,8600
ST_102,IT_137,2024.06.02,8600
ST_102,IT_137,2024.06.03,8600
ST_102,IT_137,2024.06.04,8600
ST_102,IT_137,2024.06.05,8600
ST_102,IT_137,2024.06.06,8600
ST_102,IT_137,2024.06.07,8600
ST_102,IT_137,2024.06.08,8600
ST_102,IT_137,2024.06.09,8600
ST_102,IT_137,2024.06.10,8600
ST_102,IT_137,2024.06.11,8600
ST_102,IT_137,2024.06.12,8600
ST_102,IT_137,2024.06.13,8600
ST_102,IT_137,2024.06.14,8600
ST_102,IT_137,2024.06.15,8600
ST_102,IT_137,2024.06.16,8600
ST_102,IT_137,2024.06.17,8600
ST_102,IT_137,2024.06.18,8600
ST_102,IT_137,2024.06.19,8600
ST_102,IT_137,2024.06.20,8600
ST_102,IT_137,2024.06.21,8600
ST_102,IT_137,2024.06.22,8600
ST_102,IT_137,2024.06.23,8600
ST_102,IT_137,2024.06.24,8600
ST_102,IT_137,2024.06.25,8600
ST_102,IT_137,2024.06.26,8600
ST_102,IT_137,2024.06.27,8600
ST_102,IT_137,2024.06.28,8600
ST_102,IT_137,2024.06.29,8600
ST_102,IT_137,2024.06.30,8600
ST_102,IT_138,2024.06.01,2900
ST_102,IT_138,2024.06.02,2900
ST_102,IT_138,2024.06.03,2900
ST_102,IT_138,2024.06.04,2900
ST_102,IT_138,2024.06.05,2900
ST_102,IT_138,2024.06.06,2900
ST_102,IT_138,2024.06.07,2900
ST_102,IT_138,2024.06.08,2900
ST_102,IT_138,2024.06.09,2900
ST_102,IT_138,2024.06.10,2900
ST_102,IT_138,2024.06.11,2900
ST_102,IT_138,2024.06.12,2900
ST_102,IT_138,2024.06.13,2900
ST_102,IT_138,2024.06.14,2900
ST_102,IT_138,2024.06.15,2900
ST_102,IT_138,2024.06.16,2900
ST_102,IT_138,2024.06.17,2900
ST_102,IT_138,2024.06.18,2900
ST_102,IT_138,2024.06.19,2900
ST_102,IT_138,2024.06.20,2900
ST_102,IT_138,2024.06.21,2900
ST_102,IT_138,2024.06.22,2900
ST_102,IT_138,2024.06.23,2900
ST_102,IT_138,2024.06.24,2900
ST_102,IT_138,2024.06.25,2900
ST_102,IT_138,2024.06.26,2900
ST_102,IT_138,2024.06.27,2900
ST_102,IT_138,2024.06.28,2900
ST_102,IT_138,2024.06.29,2900
ST_102,IT_138,2024.06.30,2900
ST_102,IT_139,2024.06.01,14
ST_102,IT_139,2024.06.02,14
ST_102,IT_139,2024.06.03,14
ST_102,IT_139,2024.06.04,14
ST_102,IT_139,2024.06.05,14
ST_102,IT_139,2024.06.06,14
ST_102,IT_139,2024.06.07,14
ST_102,IT_139,2024.06.08,14
ST_102,IT_139,2024.06.09,14
ST_102,IT_139,2024.06.10,14
ST_102,IT_139,2024.06.11,14
ST_102,IT_139,2024.06.12,14
ST_102,IT_139,2024.06.13,14
ST_102,IT_139,2024.06.14,14
ST_102,IT_139,2024.06.15,14
ST_102,IT_139,2024.06.16,14
ST_102,IT_139,2024.06.17,14
ST_102,IT_139,2024.06.18,14
ST_102,IT_139,2024.06.19,14
ST_102,IT_139,2024.06.20,14
ST_102,IT_139,2024.06.21,14
ST_102,IT_139,2024.06.22,14
ST_102,IT_139,2024.06.23,14
ST_102,IT_139,2024.06.24,14
ST_102,IT_139,2024.06.25,14
ST_102,IT_139,2024.06.26,14
ST_102,IT_139,2024.06.27,14
ST_102,IT_139,2024.06.28,14
ST_102,IT_139,2024.06.29,14
ST_102,IT_139,2024.06.30,14
ST_102,IT_140,2024.06.01,20
ST_102,IT_140,2024.06.02,20
ST_102,IT_140,2024.06.03,20
ST_102,IT_140,2024.06.04,20
ST_102,IT_140,2024.06.05,20
ST_102,IT_140,2024.06.06,20
ST_102,IT_140,2024.06.07,20
ST_102,IT_140,2024.06.08,20
ST_102,IT_140,2024.06.09,20
ST_102,IT_140,2024.06.10,20
ST_102,IT_140,2024.06.11,20
ST_102,IT_140,2024.06.12,20
ST_102,IT_140,2024.06.13,20
ST_102,IT_140,2024.06.14,20
ST_102,IT_140,2024.06.15,20
ST_102,IT_140,2024.06.16,20
ST_102,IT_140,2024.06.17,20
ST_102,IT_140,2024.06.18,20
ST_102,IT_140,2024.06.19,20
ST_102,IT_140,2024.06.20,20
ST_102,IT_140,2024.06.21,20
ST_102,IT_140,2024.06.22,20
ST_102,IT_140,2024.06.23,20
ST_102,IT_140,2024.06.24,20
ST_102,IT_140,2024.06.25,20
ST_102,IT_140,2024.06.26,20
ST_102,IT_140,2024.06.27,20
ST_102,IT_140,2024.06.28,20
ST_102,IT_140,2024.06.29,20
ST_102,IT_140,2024.06.30,20
ST_102,IT_141,2024.06.01,26
ST_102,IT_141,2024.06.02,26
ST_102,IT_141,2024.06.03,26
ST_102,IT_141,2024.06.04,26
ST_102,IT_141,2024.06.05,26
ST_102,IT_141,2024.06.06,26
ST_102,IT_141,2024.06.07,26
ST_102,IT_141,2024.06.08,26
ST_102,IT_141,2024.06.09,26
ST_102,IT_141,2024.06.10,26
ST_102,IT_141,2024.06.11,26
ST_102,IT_141,2024.06.12,26
ST_102,IT_141,2024.06.13,26
ST_102,IT_141,2024.06.14,26
ST_102,IT_141,2024.06.15,26
ST_102,IT_141,2024.06.16,26
ST_102,IT_141,2024.06.17,26
ST_102,IT_141,2024.06.18,26
ST_102,IT_141,2024.06.19,26
ST_102,IT_141,2024.06.20,26
ST_102,IT_141,2024.06.21,26
ST_102,IT_141,2024.06.22,26
ST_102,IT_141,2024.06.23,26
ST_102,IT_141,2024.06.24,26
ST_102,IT_141,2024.06.25,26
ST_102,IT_141,2024.06.26,26
ST_102,IT_141,2024.06.27,26
ST_102,IT_141,2024.06.28,26
ST_102,IT_141,2024.06.29,26
ST_102,IT_141,2024.06.30,26
ST_102,IT_142,2024.06.01,30
ST_102,IT_142,2024.06.02,30
ST_102,IT_142,2024.06.03,30
ST_102,IT_142,2024.06.04,30
ST_102,IT_142,2024.06.05,30
ST_102,IT_142,2024.06.06,30
ST_102,IT_142,2024.06.07,30
ST_102,IT_142,2024.06.08,30
ST_102,IT_142,2024.06.09,30
ST_102,IT_142,2024.06.10,30
ST_102,IT_142,2024.06.11,30
ST_102,IT_142,2024.06.12,30
ST_102,IT_142,2024.06.13,30
ST_102,IT_142,2024.06.14,30
ST_102,IT_142,2024.06.15,30
ST_102,IT_142,2024.06.16,30
ST_102,IT_142,2024.06.17,30
ST_102,IT_142,2024.06.18,30
ST_102,IT_142,2024.06.19,30
ST_102,IT_142,2024.06.20,30
ST_102,IT_142,2024.06.21,30
ST_102,IT_142,2024.06.22,30
ST_102,IT_142,2024.06.23,30
ST_102,IT_142,2024.06.24,30
ST_102,IT_142,2024.06.25,30
ST_102,IT_142,2024.06.26,30
ST_102,IT_142,2024.06.27,30
ST_102,IT_142,2024.06.28,30
ST_102,IT_142,2024.06.29,30
ST_102,IT_142,2024.06.30,30
ST_102,IT_143,2024.06.01,20
ST_102,IT_143,2024.06.02,20
ST_102,IT_143,2024.06.03,20
ST_102,IT_143,2024.06.04,20
ST_102,IT_143,2024.06.05,20
ST_102,IT_143,2024.06.06,20
ST_102,IT_143,2024.06.07,20
ST_102,IT_143,2024.06.08,20
ST_102,IT_143,2024.06.09,20
ST_102,IT_143,2024.06.10,20
ST_102,IT_143,2024.06.11,20
ST_102,IT_143,2024.06.12,20
ST_102,IT_143,2024.06.13,20
ST_102,IT_143,2024.06.14,20
ST_102,IT_143,2024.06.15,20
ST_102,IT_143,2024.06.16,20
ST_102,IT_143,2024.06.17,20
ST_102,IT_143,2024.06.18,20
ST_102,IT_143,2024.06.19,20
ST_102,IT_143,2024.06.20,20
ST_102,IT_143,2024.06.21,20
ST_102,IT_143,2024.06.22,20
ST_102,IT_143,2024.06.23,20
ST_102,IT_143,2024.06.24,20
ST_102,IT_143,2024.06.25,20
ST_102,IT_143,2024.06.26,20
ST_102,IT_143,2024.06.27,20
ST_102,IT_143,2024.06.28,20
ST_102,IT_143,2024.06.29,20
ST_102,IT_143,2024.06.30,20
ST_102,IT_144,2024.06.01,1
ST_102,IT_144,2024.06.02,1
ST_102,IT_144,2024.06.03,1
ST_102,IT_144,2024.06.04,1
ST_102,IT_144,2024.06.05,1
ST_102,IT_144,2024.06.06,1
ST_102,IT_144,2024.06.07,1
ST_102,IT_144,2024.06.08,1
ST_102,IT_144,2024.06.09,1
ST_102,IT_144,2024.06.10,1
ST_102,IT_144,2024.06.11,1
ST_102,IT_144,2024.06.12,1
ST_102,IT_144,2024.06.13,1
ST_102,IT_144,2024.06.14,1
ST_102,IT_144,2024.06.15,1
ST_102,IT_144,2024.06.16,1
ST_102,IT_144,2024.06.17,1
ST_102,IT_144,2024.06.18,1
ST_102,IT_144,2024.06.19,1
ST_102,IT_144,2024.06.20,1
ST_102,IT_144,2024.06.21,1
ST_102,IT_144,2024.06.22,1
ST_102,IT_144,2024.06.23,1
ST_102,IT_144,2024.06.24,1
ST_102,IT_144,2024.06.25,1
ST_102,IT_144,2024.06.26,1
ST_102,IT_144,2024.06.27,1
ST_102,IT_144,2024.06.28,1
ST_102,IT_144,2024.06.29,1
ST_102,IT_144,2024.06.30,1
ST_102,IT_145,2024.06.01,14
ST_102,IT_145,2024.06.02,14
ST_102,IT_145,2024.06.03,14
ST_102,IT_145,2024.06.04,14
ST_102,IT_145,2024.06.05,14
ST_102,IT_145,2024.06.06,14
ST_102,IT_145,2024.06.07,14
ST_102,IT_145,2024.06.08,14
ST_102,IT_145,2024.06.09,14
ST_102,IT_145,2024.06.10,14
ST_102,IT_145,2024.06.11,14
ST_102,IT_145,2024.06.12,14
ST_102,IT_145,2024.06.13,14
ST_102,IT_145,2024.06.14,14
ST_102,IT_145,2024.06.15,14
ST_102,IT_145,2024.06.16,14
ST_102,IT_145,2024.06.17,14
ST_102,IT_145,2024.06.18,14
ST_102,IT_145,2024.06.19,14
ST_102,IT_145,2024.06.20,14
ST_102,IT_145,2024.06.21,14
ST_102,IT_145,2024.06.22,14
ST_102,IT_145,2024.06.23,14
ST_102,IT_145,2024.06.24,14
ST_102,IT_145,2024.06.25,14
ST_102,IT_145,2024.06.26,14
ST_102,IT_145,2024.06.27,14
ST_102,IT_145,2024.06.28,14
ST_102,IT_145,2024.06.29,14
ST_102,IT_145,2024.06.30,14
ST_102,IT_146,2024.06.01,8
ST_102,IT_146,2024.06.02,8
ST_102,IT_146,2024.06.03,8
ST_102,IT_146,2024.06.04,8
ST_102,IT_146,2024.06.05,8
ST_102,IT_146,2024.06.06,8
ST_102,IT_146,2024.06.07,8
ST_102,IT_146,2024.06.08,8
ST_102,IT_146,2024.06.09,8
ST_102,IT_146,2024.06.10,8
ST_102,IT_146,2024.06.11,8
ST_102,IT_146,2024.06.12,8
ST_102,IT_146,2024.06.13,8
ST_102,IT_146,2024.06.14,8
ST_102,IT_146,2024.06.15,8
ST_102,IT_146,2024.06.16,8
ST_102,IT_146,2024.06.17,8
ST_102,IT_146,2024.06.18,8
ST_102,IT_146,2024.06.19,8
ST_102,IT_146,2024.06.20,8
ST_102,IT_146,2024.06.21,8
ST_102,IT_146,2024.06.22,8
ST_102,IT_146,2024.06.23,8
ST_102,IT_146,2024.06.24,8
ST_102,IT_146,2024.06.25,8
ST_102,IT_146,2024.06.26,8
ST_102,IT_146,2024.06.27,8
ST_102,IT_146,2024.06.28,8
ST_102,IT_146,2024.06.29,8
ST_102,IT_146,2024.06.30,8
ST_102,IT_147,2024.06.01,6
ST_102,IT_147,2024.06.02,6
ST_102,IT_147,2024.06.03,6
ST_102,IT_147,2024.06.04,6
ST_102,IT_147,2024.06.05,6
ST_102,IT_147,2024.06.06,6
ST_102,IT_147,2024.06.07,6
ST_102,IT_147,2024.06.08,6
ST_102,IT_147,2024.06.09,6
ST_102,IT_147,2024.06.10,6
ST_102,IT_147,2024.06.11,6
ST_102,IT_147,2024.06.12,6
ST_102,IT_147,2024.06.13,6
ST_102,IT_147,2024.06.14,6
ST_102,IT_147,2024.06.15,6
ST_102,IT_147,2024.06.16,6
ST_102,IT_147,2024.06.17,6
ST_102,IT_147,2024.06.18,6
ST_102,IT_147,2024.06.19,6
ST_102,IT_147,2024.06.20,6
ST_102,IT_147,2024.06.21,6
ST_102,IT_147,2024.06.22,6
ST_102,IT_147,2024.06.23,6
ST_102,IT_147,2024.06.24,6
ST_102,IT_147,2024.06.25,6
ST_102,IT_147,2024.06.26,6
ST_102,IT_147,2024.06.27,6
ST_102,IT_147,2024.06.28,6
ST_102,IT_147,2024.06.29,6
ST_102,IT_147,2024.06.30,6
ST_102,IT_148,2024.06.01,20
ST_102,IT_148,2024.06.02,20
ST_102,IT_148,2024.06.03,20
ST_102,IT_148,2024.06.04,20
ST_102,IT_148,2024.06.05,20
ST_102,IT_148,2024.06.06,20
ST_102,IT_148,2024.06.07,20
ST_102,IT_148,2024.06.08,20
ST_102,IT_148,2024.06.09,20
ST_102,IT_148,2024.06.10,20
ST_102,IT_148,2024.06.11,20
ST_102,IT_148,2024.06.12,20
ST_102,IT_148,2024.06.13,20
ST_102,IT_148,2024.06.14,20
ST_102,IT_148,2024.06.15,20
ST_102,IT_148,2024.06.16,20
ST_102,IT_148,2024.06.17,20
ST_102,IT_148,2024.06.18,20
ST_102,IT_148,2024.06.19,20
ST_102,IT_148,2024.06.20,20
ST_102,IT_148,2024.06.21,20
ST_102,IT_148,2024.06.22,20
ST_102,IT_148,2024.06.23,20
ST_102,IT_148,2024.06.24,20
ST_102,IT_148,2024.06.25,20
ST_102,IT_148,2024.06.26,20
ST_102,IT_148,2024.06.27,20
ST_102,IT_148,2024.06.28,20
ST_102,IT_148,2024.06.29,20
ST_102,IT_148,2024.06.30,20
ST_102,IT_152,2024.06.01,8
ST_102,IT_152,2024.06.02,8
ST_102,IT_152,2024.06.03,8
ST_102,IT_152,2024.06.04,8
ST_102,IT_152,2024.06.05,8
ST_102,IT_152,2024.06.06,8
ST_102,IT_152,2024.06.07,8
ST_102,IT_152,2024.06.08,8
ST_102,IT_152,2024.06.09,8
ST_102,IT_152,2024.06.10,8
ST_102,IT_152,2024.06.11,8
ST_102,IT_152,2024.06.12,8
ST_102,IT_152,2024.06.13,8
ST_102,IT_152,2024.06.14,8
ST_102,IT_152,2024.06.15,8
ST_102,IT_152,2024.06.16,8
ST_102,IT_152,2024.06.17,8
ST_102,IT_152,2024.06.18,8
ST_102,IT_152,2024.06.19,8
ST_102,IT_152,2024.06.20,8
ST_102,IT_152,2024.06.21,8
ST_102,IT_152,2024.06.22,8
ST_102,IT_152,2024.06.23,8
ST_102,IT_152,2024.06.24,8
ST_102,IT_152,2024.06.25,8
ST_102,IT_152,2024.06.26,8
ST_102,IT_152,2024.06.27,8
ST_102,IT_152,2024.06.28,8
ST_102,IT_152,2024.06.29,8
ST_102,IT_152,2024.06.30,8
ST_102,IT_153,2024.06.01,3
ST_102,IT_153,2024.06.02,3
ST_102,IT_153,2024.06.03,3
ST_102,IT_153,2024.06.04,3
ST_102,IT_153,2024.06.05,3
ST_102,IT_153,2024.06.06,3
ST_102,IT_153,2024.06.07,3
ST_102,IT_153,2024.06.08,3
ST_102,IT_153,2024.06.09,3
ST_102,IT_153,2024.06.10,3
ST_102,IT_153,2024.06.11,3
ST_102,IT_153,2024.06.12,3
ST_102,IT_153,2024.06.13,3
ST_102,IT_153,2024.06.14,3
ST_102,IT_153,2024.06.15,3
ST_102,IT_153,2024.06.16,3
ST_102,IT_153,2024.06.17,3
ST_102,IT_153,2024.06.18,3
ST_102,IT_153,2024.06.19,3
ST_102,IT_153,2024.06.20,3
ST_102,IT_153,2024.06.21,3
ST_102,IT_153,2024.06.22,3
ST_102,IT_153,2024.06.23,3
ST_102,IT_153,2024.06.24,3
ST_102,IT_153,2024.06.25,3
ST_102,IT_153,2024.06.26,3
ST_102,IT_153,2024.06.27,3
ST_102,IT_153,2024.06.28,3
ST_102,IT_153,2024.06.29,3
ST_102,IT_153,2024.06.30,3
ST_102,IT_154,2024.06.01,26
ST_102,IT_154,2024.06.02,26
ST_102,IT_154,2024.06.03,26
ST_102,IT_154,2024.06.04,26
ST_102,IT_154,2024.06.05,26
ST_102,IT_154,2024.06.06,26
ST_102,IT_154,2024.06.07,26
ST_102,IT_154,2024.06.08,26
ST_102,IT_154,2024.06.09,26
ST_102,IT_154,2024.06.10,26
ST_102,IT_154,2024.06.11,26
ST_102,IT_154,2024.06.12,26
ST_102,IT_154,2024.06.13,26
ST_102,IT_154,2024.06.14,26
ST_102,IT_154,2024.06.15,26
ST_102,IT_154,2024.06.16,26
ST_102,IT_154,2024.06.17,26
ST_102,IT_154,2024.06.18,26
ST_102,IT_154,2024.06.19,26
ST_102,IT_154,2024.06.20,26
ST_102,IT_154,2024.06.21,26
ST_102,IT_154,2024.06.22,26
ST_102,IT_154,2024.06.23,26
ST_102,IT_154,2024.06.24,26
ST_102,IT_154,2024.06.25,26
ST_102,IT_154,2024.06.26,26
ST_102,IT_154,2024.06.27,26
ST_102,IT_154,2024.06.28,26
ST_102,IT_154,2024.06.29,26
ST_102,IT_154,2024.06.30,26
ST_102,IT_155,2024.06.01,29
ST_102,IT_155,2024.06.02,29
ST_102,IT_155,2024.06.03,29
ST_102,IT_155,2024.06.04,29
ST_102,IT_155,2024.06.05,29
ST_102,IT_155,2024.06.06,29
ST_102,IT_155,2024.06.07,29
ST_102,IT_155,2024.06.08,29
ST_102,IT_155,2024.06.09,29
ST_102,IT_155,2024.06.10,29
ST_102,IT_155,2024.06.11,29
ST_102,IT_155,2024.06.12,29
ST_102,IT_155,2024.06.13,29
ST_102,IT_155,2024.06.14,29
ST_102,IT_155,2024.06.15,29
ST_102,IT_155,2024.06.16,29
ST_102,IT_155,2024.06.17,29
ST_102,IT_155,2024.06.18,29
ST_102,IT_155,2024.06.19,29
ST_102,IT_155,2024.06.20,29
ST_102,IT_155,2024.06.21,29
ST_102,IT_155,2024.06.22,29
ST_102,IT_155,2024.06.23,29
ST_102,IT_155,2024.06.24,29
ST_102,IT_155,2024.06.25,29
ST_102,IT_155,2024.06.26,29
ST_102,IT_155,2024.06.27,29
ST_102,IT_155,2024.06.28,29
ST_102,IT_155,2024.06.29,29
ST_102,IT_155,2024.06.30,29
ST_102,IT_156,2024.06.01,26
ST_102,IT_156,2024.06.02,26
ST_102,IT_156,2024.06.03,26
ST_102,IT_156,2024.06.04,26
ST_102,IT_156,2024.06.05,26
ST_102,IT_156,2024.06.06,26
ST_102,IT_156,2024.06.07,26
ST_102,IT_156,2024.06.08,26
ST_102,IT_156,2024.06.09,26
ST_102,IT_156,2024.06.10,26
ST_102,IT_156,2024.06.11,26
ST_102,IT_156,2024.06.12,26
ST_102,IT_156,2024.06.13,26
ST_102,IT_156,2024.06.14,26
ST_102,IT_156,2024.06.15,26
ST_102,IT_156,2024.06.16,26
ST_102,IT_156,2024.06.17,26
ST_102,IT_156,2024.06.18,26
ST_102,IT_156,2024.06.19,26
ST_102,IT_156,2024.06.20,26
ST_102,IT_156,2024.06.21,26
ST_102,IT_156,2024.06.22,26
ST_102,IT_156,2024.06.23,26
ST_102,IT_156,2024.06.24,26
ST_102,IT_156,2024.06.25,26
ST_102,IT_156,2024.06.26,26
ST_102,IT_156,2024.06.27,26
ST_102,IT_156,2024.06.28,26
ST_102,IT_156,2024.06.29,26
ST_102,IT_156,2024.06.30,26
ST_102,IT_157,2024.06.01,30
ST_102,IT_157,2024.06.02,30
ST_102,IT_157,2024.06.03,30
ST_102,IT_157,2024.06.04,30
ST_102,IT_157,2024.06.05,30
ST_102,IT_157,2024.06.06,30
ST_102,IT_157,2024.06.07,30
ST_102,IT_157,2024.06.08,30
ST_102,IT_157,2024.06.09,30
ST_102,IT_157,2024.06.10,30
ST_102,IT_157,2024.06.11,30
ST_102,IT_157,2024.06.12,30
ST_102,IT_157,2024.06.13,30
ST_102,IT_157,2024.06.14,30
ST_102,IT_157,2024.06.15,30
ST_102,IT_157,2024.06.16,30
ST_102,IT_157,2024.06.17,30
ST_102,IT_157,2024.06.18,30
ST_102,IT_157,2024.06.19,30
ST_102,IT_157,2024.06.20,30
ST_102,IT_157,2024.06.21,30
ST_102,IT_157,2024.06.22,30
ST_102,IT_157,2024.06.23,30
ST_102,IT_157,2024.06.24,30
ST_102,IT_157,2024.06.25,30
ST_102,IT_157,2024.06.26,30
ST_102,IT_157,2024.06.27,30
ST_102,IT_157,2024.06.28,30
ST_102,IT_157,2024.06.29,30
ST_102,IT_157,2024.06.30,30
ST_102,IT_158,2024.06.01,11
ST_102,IT_158,2024.06.02,11
ST_102,IT_158,2024.06.03,11
ST_102,IT_158,2024.06.04,11
ST_102,IT_158,2024.06.05,11
ST_102,IT_158,2024.06.06,11
ST_102,IT_158,2024.06.07,11
ST_102,IT_158,2024.06.08,11
ST_102,IT_158,2024.06.09,11
ST_102,IT_158,2024.06.10,11
ST_102,IT_158,2024.06.11,11
ST_102,IT_158,2024.06.12,11
ST_102,IT_158,2024.06.13,11
ST_102,IT_158,2024.06.14,11
ST_102,IT_158,2024.06.15,11
ST_102,IT_158,2024.06.16,11
ST_102,IT_158,2024.06.17,11
ST_102,IT_158,2024.06.18,11
ST_102,IT_158,2024.06.19,11
ST_102,IT_158,2024.06.20,11
ST_102,IT_158,2024.06.21,11
ST_102,IT_158,2024.06.22,11
ST_102,IT_158,2024.06.23,11
ST_102,IT_158,2024.06.24,11
ST_102,IT_158,2024.06.25,11
ST_102,IT_158,2024.06.26,11
ST_102,IT_158,2024.06.27,11
ST_102,IT_158,2024.06.28,11
ST_102,IT_158,2024.06.29,11
ST_102,IT_158,2024.06.30,11
ST_102,IT_159,2024.06.01,17
ST_102,IT_159,2024.06.02,17
ST_102,IT_159,2024.06.03,17
ST_102,IT_159,2024.06.04,17
ST_102,IT_159,2024.06.05,17
ST_102,IT_159,2024.06.06,17
ST_102,IT_159,2024.06.07,17
ST_102,IT_159,2024.06.08,17
ST_102,IT_159,2024.06.09,17
ST_102,IT_159,2024.06.10,17
ST_102,IT_159,2024.06.11,17
ST_102,IT_159,2024.06.12,17
ST_102,IT_159,2024.06.13,17
ST_102,IT_159,2024.06.14,17
ST_102,IT_159,2024.06.15,17
ST_102,IT_159,2024.06.16,17
ST_102,IT_159,2024.06.17,17
ST_102,IT_159,2024.06.18,17
ST_102,IT_159,2024.06.19,17
ST_102,IT_159,2024.06.20,17
ST_102,IT_159,2024.06.21,17
ST_102,IT_159,2024.06.22,17
ST_102,IT_159,2024.06.23,17
ST_102,IT_159,2024.06.24,17
ST_102,IT_159,2024.06.25,17
ST_102,IT_159,2024.06.26,17
ST_102,IT_159,2024.06.27,17
ST_102,IT_159,2024.06.28,17
ST_102,IT_159,2024.06.29,17
ST_102,IT_159,2024.06.30,17
ST_102,IT_160,2024.06.01,4
ST_102,IT_160,2024.06.02,4
ST_102,IT_160,2024.06.03,4
ST_102,IT_160,2024.06.04,4
ST_102,IT_160,2024.06.05,4
ST_102,IT_160,2024.06.06,4
ST_102,IT_160,2024.06.07,4
ST_102,IT_160,2024.06.08,4
ST_102,IT_160,2024.06.09,4
ST_102,IT_160,2024.06.10,4
ST_102,IT_160,2024.06.11,4
ST_102,IT_160,2024.06.12,4
ST_102,IT_160,2024.06.13,4
ST_102,IT_160,2024.06.14,4
ST_102,IT_160,2024.06.15,4
ST_102,IT_160,2024.06.16,4
ST_102,IT_160,2024.06.17,4
ST_102,IT_160,2024.06.18,4
ST_102,IT_160,2024.06.19,4
ST_102,IT_160,2024.06.20,4
ST_102,IT_160,2024.06.21,4
ST_102,IT_160,2024.06.22,4
ST_102,IT_160,2024.06.23,4
ST_102,IT_160,2024.06.24,4
ST_102,IT_160,2024.06.25,4
ST_102,IT_160,2024.06.26,4
ST_102,IT_160,2024.06.27,4
ST_102,IT_160,2024.06.28,4
ST_102,IT_160,2024.06.29,4
ST_102,IT_160,2024.06.30,4
ST_102,IT_162,2024.06.01,14
ST_102,IT_162,2024.06.02,14
ST_102,IT_162,2024.06.03,14
ST_102,IT_162,2024.06.04,14
ST_102,IT_162,2024.06.05,14
ST_102,IT_162,2024.06.06,14
ST_102,IT_162,2024.06.07,14
ST_102,IT_162,2024.06.08,14
ST_102,IT_162,2024.06.09,14
ST_102,IT_162,2024.06.10,14
ST_102,IT_162,2024.06.11,14
ST_102,IT_162,2024.06.12,14
ST_102,IT_162,2024.06.13,14
ST_102,IT_162,2024.06.14,14
ST_102,IT_162,2024.06.15,14
ST_102,IT_162,2024.06.16,14
ST_102,IT_162,2024.06.17,14
ST_102,IT_162,2024.06.18,14
ST_102,IT_162,2024.06.19,14
ST_102,IT_162,2024.06.20,14
ST_102,IT_162,2024.06.21,14
ST_102,IT_162,2024.06.22,14
ST_102,IT_162,2024.06.23,14
ST_102,IT_162,2024.06.24,14
ST_102,IT_162,2024.06.25,14
ST_102,IT_162,2024.06.26,14
ST_102,IT_162,2024.06.27,14
ST_102,IT_162,2024.06.28,14
ST_102,IT_162,2024.06.29,14
ST_102,IT_162,2024.06.30,14
ST_102,IT_163,2024.06.01,9
ST_102,IT_163,2024.06.02,9
ST_102,IT_163,2024.06.03,9
ST_102,IT_163,2024.06.04,9
ST_102,IT_163,2024.06.05,9
ST_102,IT_163,2024.06.06,9
ST_102,IT_163,2024.06.07,9
ST_102,IT_163,2024.06.08,9
ST_102,IT_163,2024.06.09,9
ST_102,IT_163,2024.06.10,9
ST_102,IT_163,2024.06.11,9
ST_102,IT_163,2024.06.12,9
ST_102,IT_163,2024.06.13,9
ST_102,IT_163,2024.06.14,9
ST_102,IT_163,2024.06.15,9
ST_102,IT_163,2024.06.16,9
ST_102,IT_163,2024.06.17,9
ST_102,IT_163,2024.06.18,9
ST_102,IT_163,2024.06.19,9
ST_102,IT_163,2024.06.20,9
ST_102,IT_163,2024.06.21,9
ST_102,IT_163,2024.06.22,9
ST_102,IT_163,2024.06.23,9
ST_102,IT_163,2024.06.24,9
ST_102,IT_163,2024.06.25,9
ST_102,IT_163,2024.06.26,9
ST_102,IT_163,2024.06.27,9
ST_102,IT_163,2024.06.28,9
ST_102,IT_163,2024.06.29,9
ST_102,IT_163,2024.06.30,9
ST_102,IT_164,2024.06.01,35
ST_102,IT_164,2024.06.02,35
ST_102,IT_164,2024.06.03,35
ST_102,IT_164,2024.06.04,35
ST_102,IT_164,2024.06.05,35
ST_102,IT_164,2024.06.06,35
ST_102,IT_164,2024.06.07,35
ST_102,IT_164,2024.06.08,35
ST_102,IT_164,2024.06.09,35
ST_102,IT_164,2024.06.10,35
ST_102,IT_164,2024.06.11,35
ST_102,IT_164,2024.06.12,35
ST_102,IT_164,2024.06.13,35
ST_102,IT_164,2024.06.14,35
ST_102,IT_164,2024.06.15,35
ST_102,IT_164,2024.06.16,35
ST_102,IT_164,2024.06.17,35
ST_102,IT_164,2024.06.18,35
ST_102,IT_164,2024.06.19,35
ST_102,IT_164,2024.06.20,35
ST_102,IT_164,2024.06.21,35
ST_102,IT_164,2024.06.22,35
ST_102,IT_164,2024.06.23,35
ST_102,IT_164,2024.06.24,35
ST_102,IT_164,2024.06.25,35
ST_102,IT_164,2024.06.26,35
ST_102,IT_164,2024.06.27,35
ST_102,IT_164,2024.06.28,35
ST_102,IT_164,2024.06.29,35
ST_102,IT_164,2024.06.30,35
ST_102,IT_165,2024.06.01,282
ST_102,IT_165,2024.06.02,282
ST_102,IT_165,2024.06.03,282
ST_102,IT_165,2024.06.04,282
ST_102,IT_165,2024.06.05,282
ST_102,IT_165,2024.06.06,282
ST_102,IT_165,2024.06.07,282
ST_102,IT_165,2024.06.08,282
ST_102,IT_165,2024.06.09,282
ST_102,IT_165,2024.06.10,282
ST_102,IT_165,2024.06.11,282
ST_102,IT_165,2024.06.12,282
ST_102,IT_165,2024.06.13,282
ST_102,IT_165,2024.06.14,282
ST_102,IT_165,2024.06.15,282
ST_102,IT_165,2024.06.16,282
ST_102,IT_165,2024.06.17,282
ST_102,IT_165,2024.06.18,282
ST_102,IT_165,2024.06.19,282
ST_102,IT_165,2024.06.20,282
ST_102,IT_165,2024.06.21,282
ST_102,IT_165,2024.06.22,282
ST_102,IT_165,2024.06.23,282
ST_102,IT_165,2024.06.24,282
ST_102,IT_165,2024.06.25,282
ST_102,IT_165,2024.06.26,282
ST_102,IT_165,2024.06.27,282
ST_102,IT_165,2024.06.28,282
ST_102,IT_165,2024.06.29,282
ST_102,IT_165,2024.06.30,282
ST_102,IT_167,2024.06.01,28
ST_102,IT_167,2024.06.02,28
ST_102,IT_167,2024.06.03,28
ST_102,IT_167,2024.06.04,28
ST_102,IT_167,2024.06.05,28
ST_102,IT_167,2024.06.06,28
ST_102,IT_167,2024.06.07,28
ST_102,IT_167,2024.06.08,28
ST_102,IT_167,2024.06.09,28
ST_102,IT_167,2024.06.10,28
ST_102,IT_167,2024.06.11,28
ST_102,IT_167,2024.06.12,28
ST_102,IT_167,2024.06.13,28
ST_102,IT_167,2024.06.14,28
ST_102,IT_167,2024.06.15,28
ST_102,IT_167,2024.06.16,28
ST_102,IT_167,2024.06.17,28
ST_102,IT_167,2024.06.18,28
ST_102,IT_167,2024.06.19,28
ST_102,IT_167,2024.06.20,28
ST_102,IT_167,2024.06.21,28
ST_102,IT_167,2024.06.22,28
ST_102,IT_167,2024.06.23,28
ST_102,IT_167,2024.06.24,28
ST_102,IT_167,2024.06.25,28
ST_102,IT_167,2024.06.26,28
ST_102,IT_167,2024.06.27,28
ST_102,IT_167,2024.06.28,28
ST_102,IT_167,2024.06.29,28
ST_102,IT_167,2024.06.30,28
ST_102,IT_168,2024.06.01,4
ST_102,IT_168,2024.06.02,4
ST_102,IT_168,2024.06.03,4
ST_102,IT_168,2024.06.04,4
ST_102,IT_168,2024.06.05,4
ST_102,IT_168,2024.06.06,4
ST_102,IT_168,2024.06.07,4
ST_102,IT_168,2024.06.08,4
ST_102,IT_168,2024.06.09,4
ST_102,IT_168,2024.06.10,4
ST_102,IT_168,2024.06.11,4
ST_102,IT_168,2024.06.12,4
ST_102,IT_168,2024.06.13,4
ST_102,IT_168,2024.06.14,4
ST_102,IT_168,2024.06.15,4
ST_102,IT_168,2024.06.16,4
ST_102,IT_168,2024.06.17,4
ST_102,IT_168,2024.06.18,4
ST_102,IT_168,2024.06.19,4
ST_102,IT_168,2024.06.20,4
ST_102,IT_168,2024.06.21,4
ST_102,IT_168,2024.06.22,4
ST_102,IT_168,2024.06.23,4
ST_102,IT_168,2024.06.24,4
ST_102,IT_168,2024.06.25,4
ST_102,IT_168,2024.06.26,4
ST_102,IT_168,2024.06.27,4
ST_102,IT_168,2024.06.28,4
ST_102,IT_168,2024.06.29,4
ST_102,IT_168,2024.06.30,4
ST_102,IT_169,2024.06.01,8
ST_102,IT_169,2024.06.02,8
ST_102,IT_169,2024.06.03,8
ST_102,IT_169,2024.06.04,8
ST_102,IT_169,2024.06.05,8
ST_102,IT_169,2024.06.06,8
ST_102,IT_169,2024.06.07,8
ST_102,IT_169,2024.06.08,8
ST_102,IT_169,2024.06.09,8
ST_102,IT_169,2024.06.10,8
ST_102,IT_169,2024.06.11,8
ST_102,IT_169,2024.06.12,8
ST_102,IT_169,2024.06.13,8
ST_102,IT_169,2024.06.14,8
ST_102,IT_169,2024.06.15,8
ST_102,IT_169,2024.06.16,8
ST_102,IT_169,2024.06.17,8
ST_102,IT_169,2024.06.18,8
ST_102,IT_169,2024.06.19,8
ST_102,IT_169,2024.06.20,8
ST_102,IT_169,2024.06.21,8
ST_102,IT_169,2024.06.22,8
ST_102,IT_169,2024.06.23,8
ST_102,IT_169,2024.06.24,8
ST_102,IT_169,2024.06.25,8
ST_102,IT_169,2024.06.26,8
ST_102,IT_169,2024.06.27,8
ST_102,IT_169,2024.06.28,8
ST_102,IT_169,2024.06.29,8
ST_102,IT_169,2024.06.30,8
ST_102,IT_170,2024.06.01,24
ST_102,IT_170,2024.06.02,24
ST_102,IT_170,2024.06.03,24
ST_102,IT_170,2024.06.04,24
ST_102,IT_170,2024.06.05,24
ST_102,IT_170,2024.06.06,24
ST_102,IT_170,2024.06.07,24
ST_102,IT_170,2024.06.08,24
ST_102,IT_170,2024.06.09,24
ST_102,IT_170,2024.06.10,24
ST_102,IT_170,2024.06.11,24
ST_102,IT_170,2024.06.12,24
ST_102,IT_170,2024.06.13,24
ST_102,IT_170,2024.06.14,24
ST_102,IT_170,2024.06.15,24
ST_102,IT_170,2024.06.16,24
ST_102,IT_170,2024.06.17,24
ST_102,IT_170,2024.06.18,24
ST_102,IT_170,2024.06.19,24
ST_102,IT_170,2024.06.20,24
ST_102,IT_170,2024.06.21,24
ST_102,IT_170,2024.06.22,24
ST_102,IT_170,2024.06.23,24
ST_102,IT_170,2024.06.24,24
ST_102,IT_170,2024.06.25,24
ST_102,IT_170,2024.06.26,24
ST_102,IT_170,2024.06.27,24
ST_102,IT_170,2024.06.28,24
ST_102,IT_170,2024.06.29,24
ST_102,IT_170,2024.06.30,24
ST_102,IT_171,2024.06.01,32
ST_102,IT_171,2024.06.02,32
ST_102,IT_171,2024.06.03,32
ST_102,IT_171,2024.06.04,32
ST_102,IT_171,2024.06.05,32
ST_102,IT_171,2024.06.06,32
ST_102,IT_171,2024.06.07,32
ST_102,IT_171,2024.06.08,32
ST_102,IT_171,2024.06.09,32
ST_102,IT_171,2024.06.10,32
ST_102,IT_171,2024.06.11,32
ST_102,IT_171,2024.06.12,32
ST_102,IT_171,2024.06.13,32
ST_102,IT_171,2024.06.14,32
ST_102,IT_171,2024.06.15,32
ST_102,IT_171,2024.06.16,32
ST_102,IT_171,2024.06.17,32
ST_102,IT_171,2024.06.18,32
ST_102,IT_171,2024.06.19,32
ST_102,IT_171,2024.06.20,32
ST_102,IT_171,2024.06.21,32
ST_102,IT_171,2024.06.22,32
ST_102,IT_171,2024.06.23,32
ST_102,IT_171,2024.06.24,32
ST_102,IT_171,2024.06.25,32
ST_102,IT_171,2024.06.26,32
ST_102,IT_171,2024.06.27,32
ST_102,IT_171,2024.06.28,32
ST_102,IT_171,2024.06.29,32
ST_102,IT_171,2024.06.30,32
ST_102,IT_101,2024.07.01,4000
ST_102,IT_101,2024.07.02,4000
ST_102,IT_101,2024.07.03,4000
ST_102,IT_101,2024.07.04,4000
ST_102,IT_101,2024.07.05,4000
ST_102,IT_101,2024.07.06,4000
ST_102,IT_101,2024.07.07,4000
ST_102,IT_101,2024.07.08,4000
ST_102,IT_101,2024.07.09,4000
ST_102,IT_101,2024.07.10,4000
ST_102,IT_101,2024.07.11,4000
ST_102,IT_101,2024.07.12,4000
ST_102,IT_101,2024.07.13,4000
ST_102,IT_101,2024.07.14,4000
ST_102,IT_101,2024.07.15,4000
ST_102,IT_101,2024.07.16,4000
ST_102,IT_101,2024.07.17,4000
ST_102,IT_101,2024.07.18,4000
ST_102,IT_101,2024.07.19,4000
ST_102,IT_101,2024.07.20,4000
ST_102,IT_101,2024.07.21,4000
ST_102,IT_101,2024.07.22,4000
ST_102,IT_101,2024.07.23,4000
ST_102,IT_101,2024.07.24,4000
ST_102,IT_101,2024.07.25,4000
ST_102,IT_101,2024.07.26,4000
ST_102,IT_101,2024.07.27,4000
ST_102,IT_101,2024.07.28,4000
ST_102,IT_101,2024.07.29,4000
ST_102,IT_101,2024.07.30,4000
ST_102,IT_101,2024.07.31,4000
ST_102,IT_102,2024.07.01,3000
ST_102,IT_102,2024.07.02,3000
ST_102,IT_102,2024.07.03,3000
ST_102,IT_102,2024.07.04,3000
ST_102,IT_102,2024.07.05,3000
ST_102,IT_102,2024.07.06,3000
ST_102,IT_102,2024.07.07,3000
ST_102,IT_102,2024.07.08,3000
ST_102,IT_102,2024.07.09,3000
ST_102,IT_102,2024.07.10,3000
ST_102,IT_102,2024.07.11,3000
ST_102,IT_102,2024.07.12,3000
ST_102,IT_102,2024.07.13,3000
ST_102,IT_102,2024.07.14,3000
ST_102,IT_102,2024.07.15,3000
ST_102,IT_102,2024.07.16,3000
ST_102,IT_102,2024.07.17,3000
ST_102,IT_102,2024.07.18,3000
ST_102,IT_102,2024.07.19,3000
ST_102,IT_102,2024.07.20,3000
ST_102,IT_102,2024.07.21,3000
ST_102,IT_102,2024.07.22,3000
ST_102,IT_102,2024.07.23,3000
ST_102,IT_102,2024.07.24,3000
ST_102,IT_102,2024.07.25,3000
ST_102,IT_102,2024.07.26,3000
ST_102,IT_102,2024.07.27,3000
ST_102,IT_102,2024.07.28,3000
ST_102,IT_102,2024.07.29,3000
ST_102,IT_102,2024.07.30,3000
ST_102,IT_102,2024.07.31,3000
ST_102,IT_103,2024.07.01,4000
ST_102,IT_103,2024.07.02,4000
ST_102,IT_103,2024.07.03,4000
ST_102,IT_103,2024.07.04,4000
ST_102,IT_103,2024.07.05,4000
ST_102,IT_103,2024.07.06,4000
ST_102,IT_103,2024.07.07,4000
ST_102,IT_103,2024.07.08,4000
ST_102,IT_103,2024.07.09,4000
ST_102,IT_103,2024.07.10,4000
ST_102,IT_103,2024.07.11,4000
ST_102,IT_103,2024.07.12,4000
ST_102,IT_103,2024.07.13,4000
ST_102,IT_103,2024.07.14,4000
ST_102,IT_103,2024.07.15,4000
ST_102,IT_103,2024.07.16,4000
ST_102,IT_103,2024.07.17,4000
ST_102,IT_103,2024.07.18,4000
ST_102,IT_103,2024.07.19,4000
ST_102,IT_103,2024.07.20,4000
ST_102,IT_103,2024.07.21,4000
ST_102,IT_103,2024.07.22,4000
ST_102,IT_103,2024.07.23,4000
ST_102,IT_103,2024.07.24,4000
ST_102,IT_103,2024.07.25,4000
ST_102,IT_103,2024.07.26,4000
ST_102,IT_103,2024.07.27,4000
ST_102,IT_103,2024.07.28,4000
ST_102,IT_103,2024.07.29,4000
ST_102,IT_103,2024.07.30,4000
ST_102,IT_103,2024.07.31,4000
ST_102,IT_104,2024.07.01,0
ST_102,IT_104,2024.07.02,0
ST_102,IT_104,2024.07.03,0
ST_102,IT_104,2024.07.04,0
ST_102,IT_104,2024.07.05,0
ST_102,IT_104,2024.07.06,0
ST_102,IT_104,2024.07.07,0
ST_102,IT_104,2024.07.08,0
ST_102,IT_104,2024.07.09,0
ST_102,IT_104,2024.07.10,0
ST_102,IT_104,2024.07.11,0
ST_102,IT_104,2024.07.12,0
ST_102,IT_104,2024.07.13,0
ST_102,IT_104,2024.07.14,0
ST_102,IT_104,2024.07.15,0
ST_102,IT_104,2024.07.16,0
ST_102,IT_104,2024.07.17,0
ST_102,IT_104,2024.07.18,0
ST_102,IT_104,2024.07.19,0
ST_102,IT_104,2024.07.20,0
ST_102,IT_104,2024.07.21,0
ST_102,IT_104,2024.07.22,0
ST_102,IT_104,2024.07.23,0
ST_102,IT_104,2024.07.24,0
ST_102,IT_104,2024.07.25,0
ST_102,IT_104,2024.07.26,0
ST_102,IT_104,2024.07.27,0
ST_102,IT_104,2024.07.28,0
ST_102,IT_104,2024.07.29,0
ST_102,IT_104,2024.07.30,0
ST_102,IT_104,2024.07.31,0
ST_102,IT_105,2024.07.01,6000
ST_102,IT_105,2024.07.02,6000
ST_102,IT_105,2024.07.03,6000
ST_102,IT_105,2024.07.04,6000
ST_102,IT_105,2024.07.05,6000
ST_102,IT_105,2024.07.06,6000
ST_102,IT_105,2024.07.07,6000
ST_102,IT_105,2024.07.08,6000
ST_102,IT_105,2024.07.09,6000
ST_102,IT_105,2024.07.10,6000
ST_102,IT_105,2024.07.11,6000
ST_102,IT_105,2024.07.12,6000
ST_102,IT_105,2024.07.13,6000
ST_102,IT_105,2024.07.14,6000
ST_102,IT_105,2024.07.15,6000
ST_102,IT_105,2024.07.16,6000
ST_102,IT_105,2024.07.17,6000
ST_102,IT_105,2024.07.18,6000
ST_102,IT_105,2024.07.19,6000
ST_102,IT_105,2024.07.20,6000
ST_102,IT_105,2024.07.21,6000
ST_102,IT_105,2024.07.22,6000
ST_102,IT_105,2024.07.23,6000
ST_102,IT_105,2024.07.24,6000
ST_102,IT_105,2024.07.25,6000
ST_102,IT_105,2024.07.26,6000
ST_102,IT_105,2024.07.27,6000
ST_102,IT_105,2024.07.28,6000
ST_102,IT_105,2024.07.29,6000
ST_102,IT_105,2024.07.30,6000
ST_102,IT_105,2024.07.31,6000
ST_102,IT_106,2024.07.01,7000
ST_102,IT_106,2024.07.02,7000
ST_102,IT_106,2024.07.03,7000
ST_102,IT_106,2024.07.04,7000
ST_102,IT_106,2024.07.05,7000
ST_102,IT_106,2024.07.06,7000
ST_102,IT_106,2024.07.07,7000
ST_102,IT_106,2024.07.08,7000
ST_102,IT_106,2024.07.09,7000
ST_102,IT_106,2024.07.10,7000
ST_102,IT_106,2024.07.11,7000
ST_102,IT_106,2024.07.12,7000
ST_102,IT_106,2024.07.13,7000
ST_102,IT_106,2024.07.14,7000
ST_102,IT_106,2024.07.15,7000
ST_102,IT_106,2024.07.16,7000
ST_102,IT_106,2024.07.17,7000
ST_102,IT_106,2024.07.18,7000
ST_102,IT_106,2024.07.19,7000
ST_102,IT_106,2024.07.20,7000
ST_102,IT_106,2024.07.21,7000
ST_102,IT_106,2024.07.22,7000
ST_102,IT_106,2024.07.23,7000
ST_102,IT_106,2024.07.24,7000
ST_102,IT_106,2024.07.25,7000
ST_102,IT_106,2024.07.26,7000
ST_102,IT_106,2024.07.27,7000
ST_102,IT_106,2024.07.28,7000
ST_102,IT_106,2024.07.29,7000
ST_102,IT_106,2024.07.30,7000
ST_102,IT_106,2024.07.31,7000
ST_102,IT_107,2024.07.01,5000
ST_102,IT_107,2024.07.02,5000
ST_102,IT_107,2024.07.03,5000
ST_102,IT_107,2024.07.04,5000
ST_102,IT_107,2024.07.05,5000
ST_102,IT_107,2024.07.06,5000
ST_102,IT_107,2024.07.07,5000
ST_102,IT_107,2024.07.08,5000
ST_102,IT_107,2024.07.09,5000
ST_102,IT_107,2024.07.10,5000
ST_102,IT_107,2024.07.11,5000
ST_102,IT_107,2024.07.12,5000
ST_102,IT_107,2024.07.13,5000
ST_102,IT_107,2024.07.14,5000
ST_102,IT_107,2024.07.15,5000
ST_102,IT_107,2024.07.16,5000
ST_102,IT_107,2024.07.17,5000
ST_102,IT_107,2024.07.18,5000
ST_102,IT_107,2024.07.19,5000
ST_102,IT_107,2024.07.20,5000
ST_102,IT_107,2024.07.21,5000
ST_102,IT_107,2024.07.22,5000
ST_102,IT_107,2024.07.23,5000
ST_102,IT_107,2024.07.24,5000
ST_102,IT_107,2024.07.25,5000
ST_102,IT_107,2024.07.26,5000
ST_102,IT_107,2024.07.27,5000
ST_102,IT_107,2024.07.28,5000
ST_102,IT_107,2024.07.29,5000
ST_102,IT_107,2024.07.30,5000
ST_102,IT_107,2024.07.31,5000
ST_102,IT_108,2024.07.01,7000
ST_102,IT_108,2024.07.02,7000
ST_102,IT_108,2024.07.03,7000
ST_102,IT_108,2024.07.04,7000
ST_102,IT_108,2024.07.05,7000
ST_102,IT_108,2024.07.06,7000
ST_102,IT_108,2024.07.07,7000
ST_102,IT_108,2024.07.08,7000
ST_102,IT_108,2024.07.09,7000
ST_102,IT_108,2024.07.10,7000
ST_102,IT_108,2024.07.11,7000
ST_102,IT_108,2024.07.12,7000
ST_102,IT_108,2024.07.13,7000
ST_102,IT_108,2024.07.14,7000
ST_102,IT_108,2024.07.15,7000
ST_102,IT_108,2024.07.16,7000
ST_102,IT_108,2024.07.17,7000
ST_102,IT_108,2024.07.18,7000
ST_102,IT_108,2024.07.19,7000
ST_102,IT_108,2024.07.20,7000
ST_102,IT_108,2024.07.21,7000
ST_102,IT_108,2024.07.22,7000
ST_102,IT_108,2024.07.23,7000
ST_102,IT_108,2024.07.24,7000
ST_102,IT_108,2024.07.25,7000
ST_102,IT_108,2024.07.26,7000
ST_102,IT_108,2024.07.27,7000
ST_102,IT_108,2024.07.28,7000
ST_102,IT_108,2024.07.29,7000
ST_102,IT_108,2024.07.30,7000
ST_102,IT_108,2024.07.31,7000
ST_102,IT_109,2024.07.01,0
ST_102,IT_109,2024.07.02,0
ST_102,IT_109,2024.07.03,0
ST_102,IT_109,2024.07.04,0
ST_102,IT_109,2024.07.05,0
ST_102,IT_109,2024.07.06,0
ST_102,IT_109,2024.07.07,0
ST_102,IT_109,2024.07.08,0
ST_102,IT_109,2024.07.09,0
ST_102,IT_109,2024.07.10,0
ST_102,IT_109,2024.07.11,0
ST_102,IT_109,2024.07.12,0
ST_102,IT_109,2024.07.13,0
ST_102,IT_109,2024.07.14,0
ST_102,IT_109,2024.07.15,0
ST_102,IT_109,2024.07.16,0
ST_102,IT_109,2024.07.17,0
ST_102,IT_109,2024.07.18,0
ST_102,IT_109,2024.07.19,0
ST_102,IT_109,2024.07.20,0
ST_102,IT_109,2024.07.21,0
ST_102,IT_109,2024.07.22,0
ST_102,IT_109,2024.07.23,0
ST_102,IT_109,2024.07.24,0
ST_102,IT_109,2024.07.25,0
ST_102,IT_109,2024.07.26,0
ST_102,IT_109,2024.07.27,0
ST_102,IT_109,2024.07.28,0
ST_102,IT_109,2024.07.29,0
ST_102,IT_109,2024.07.30,0
ST_102,IT_109,2024.07.31,0
ST_102,IT_110,2024.07.01,3000
ST_102,IT_110,2024.07.02,3000
ST_102,IT_110,2024.07.03,3000
ST_102,IT_110,2024.07.04,3000
ST_102,IT_110,2024.07.05,3000
ST_102,IT_110,2024.07.06,3000
ST_102,IT_110,2024.07.07,3000
ST_102,IT_110,2024.07.08,3000
ST_102,IT_110,2024.07.09,3000
ST_102,IT_110,2024.07.10,3000
ST_102,IT_110,2024.07.11,3000
ST_102,IT_110,2024.07.12,3000
ST_102,IT_110,2024.07.13,3000
ST_102,IT_110,2024.07.14,3000
ST_102,IT_110,2024.07.15,3000
ST_102,IT_110,2024.07.16,3000
ST_102,IT_110,2024.07.17,3000
ST_102,IT_110,2024.07.18,3000
ST_102,IT_110,2024.07.19,3000
ST_102,IT_110,2024.07.20,3000
ST_102,IT_110,2024.07.21,3000
ST_102,IT_110,2024.07.22,3000
ST_102,IT_110,2024.07.23,3000
ST_102,IT_110,2024.07.24,3000
ST_102,IT_110,2024.07.25,3000
ST_102,IT_110,2024.07.26,3000
ST_102,IT_110,2024.07.27,3000
ST_102,IT_110,2024.07.28,3000
ST_102,IT_110,2024.07.29,3000
ST_102,IT_110,2024.07.30,3000
ST_102,IT_110,2024.07.31,3000
ST_102,IT_111,2024.07.01,17000
ST_102,IT_111,2024.07.02,17000
ST_102,IT_111,2024.07.03,17000
ST_102,IT_111,2024.07.04,17000
ST_102,IT_111,2024.07.05,17000
ST_102,IT_111,2024.07.06,17000
ST_102,IT_111,2024.07.07,17000
ST_102,IT_111,2024.07.08,17000
ST_102,IT_111,2024.07.09,17000
ST_102,IT_111,2024.07.10,17000
ST_102,IT_111,2024.07.11,17000
ST_102,IT_111,2024.07.12,17000
ST_102,IT_111,2024.07.13,17000
ST_102,IT_111,2024.07.14,17000
ST_102,IT_111,2024.07.15,17000
ST_102,IT_111,2024.07.16,17000
ST_102,IT_111,2024.07.17,17000
ST_102,IT_111,2024.07.18,17000
ST_102,IT_111,2024.07.19,17000
ST_102,IT_111,2024.07.20,17000
ST_102,IT_111,2024.07.21,17000
ST_102,IT_111,2024.07.22,17000
ST_102,IT_111,2024.07.23,17000
ST_102,IT_111,2024.07.24,17000
ST_102,IT_111,2024.07.25,17000
ST_102,IT_111,2024.07.26,17000
ST_102,IT_111,2024.07.27,17000
ST_102,IT_111,2024.07.28,17000
ST_102,IT_111,2024.07.29,17000
ST_102,IT_111,2024.07.30,17000
ST_102,IT_111,2024.07.31,17000
ST_102,IT_112,2024.07.01,11000
ST_102,IT_112,2024.07.02,11000
ST_102,IT_112,2024.07.03,11000
ST_102,IT_112,2024.07.04,11000
ST_102,IT_112,2024.07.05,11000
ST_102,IT_112,2024.07.06,11000
ST_102,IT_112,2024.07.07,11000
ST_102,IT_112,2024.07.08,11000
ST_102,IT_112,2024.07.09,11000
ST_102,IT_112,2024.07.10,11000
ST_102,IT_112,2024.07.11,11000
ST_102,IT_112,2024.07.12,11000
ST_102,IT_112,2024.07.13,11000
ST_102,IT_112,2024.07.14,11000
ST_102,IT_112,2024.07.15,11000
ST_102,IT_112,2024.07.16,11000
ST_102,IT_112,2024.07.17,11000
ST_102,IT_112,2024.07.18,11000
ST_102,IT_112,2024.07.19,11000
ST_102,IT_112,2024.07.20,11000
ST_102,IT_112,2024.07.21,11000
ST_102,IT_112,2024.07.22,11000
ST_102,IT_112,2024.07.23,11000
ST_102,IT_112,2024.07.24,11000
ST_102,IT_112,2024.07.25,11000
ST_102,IT_112,2024.07.26,11000
ST_102,IT_112,2024.07.27,11000
ST_102,IT_112,2024.07.28,11000
ST_102,IT_112,2024.07.29,11000
ST_102,IT_112,2024.07.30,11000
ST_102,IT_112,2024.07.31,11000
ST_102,IT_113,2024.07.01,4800
ST_102,IT_113,2024.07.02,4800
ST_102,IT_113,2024.07.03,4800
ST_102,IT_113,2024.07.04,4800
ST_102,IT_113,2024.07.05,4800
ST_102,IT_113,2024.07.06,4800
ST_102,IT_113,2024.07.07,4800
ST_102,IT_113,2024.07.08,4800
ST_102,IT_113,2024.07.09,4800
ST_102,IT_113,2024.07.10,4800
ST_102,IT_113,2024.07.11,4800
ST_102,IT_113,2024.07.12,4800
ST_102,IT_113,2024.07.13,4800
ST_102,IT_113,2024.07.14,4800
ST_102,IT_113,2024.07.15,4800
ST_102,IT_113,2024.07.16,4800
ST_102,IT_113,2024.07.17,4800
ST_102,IT_113,2024.07.18,4800
ST_102,IT_113,2024.07.19,4800
ST_102,IT_113,2024.07.20,4800
ST_102,IT_113,2024.07.21,4800
ST_102,IT_113,2024.07.22,4800
ST_102,IT_113,2024.07.23,4800
ST_102,IT_113,2024.07.24,4800
ST_102,IT_113,2024.07.25,4800
ST_102,IT_113,2024.07.26,4800
ST_102,IT_113,2024.07.27,4800
ST_102,IT_113,2024.07.28,4800
ST_102,IT_113,2024.07.29,4800
ST_102,IT_113,2024.07.30,4800
ST_102,IT_113,2024.07.31,4800
ST_102,IT_114,2024.07.01,3500
ST_102,IT_114,2024.07.02,3500
ST_102,IT_114,2024.07.03,3500
ST_102,IT_114,2024.07.04,3500
ST_102,IT_114,2024.07.05,3500
ST_102,IT_114,2024.07.06,3500
ST_102,IT_114,2024.07.07,3500
ST_102,IT_114,2024.07.08,3500
ST_102,IT_114,2024.07.09,3500
ST_102,IT_114,2024.07.10,3500
ST_102,IT_114,2024.07.11,3500
ST_102,IT_114,2024.07.12,3500
ST_102,IT_114,2024.07.13,3500
ST_102,IT_114,2024.07.14,3500
ST_102,IT_114,2024.07.15,3500
ST_102,IT_114,2024.07.16,3500
ST_102,IT_114,2024.07.17,3500
ST_102,IT_114,2024.07.18,3500
ST_102,IT_114,2024.07.19,3500
ST_102,IT_114,2024.07.20,3500
ST_102,IT_114,2024.07.21,3500
ST_102,IT_114,2024.07.22,3500
ST_102,IT_114,2024.07.23,3500
ST_102,IT_114,2024.07.24,3500
ST_102,IT_114,2024.07.25,3500
ST_102,IT_114,2024.07.26,3500
ST_102,IT_114,2024.07.27,3500
ST_102,IT_114,2024.07.28,3500
ST_102,IT_114,2024.07.29,3500
ST_102,IT_114,2024.07.30,3500
ST_102,IT_114,2024.07.31,3500
ST_102,IT_115,2024.07.01,3500
ST_102,IT_115,2024.07.02,3500
ST_102,IT_115,2024.07.03,3500
ST_102,IT_115,2024.07.04,3500
ST_102,IT_115,2024.07.05,3500
ST_102,IT_115,2024.07.06,3500
ST_102,IT_115,2024.07.07,3500
ST_102,IT_115,2024.07.08,3500
ST_102,IT_115,2024.07.09,3500
ST_102,IT_115,2024.07.10,3500
ST_102,IT_115,2024.07.11,3500
ST_102,IT_115,2024.07.12,3500
ST_102,IT_115,2024.07.13,3500
ST_102,IT_115,2024.07.14,3500
ST_102,IT_115,2024.07.15,3500
ST_102,IT_115,2024.07.16,3500
ST_102,IT_115,2024.07.17,3500
ST_102,IT_115,2024.07.18,3500
ST_102,IT_115,2024.07.19,3500
ST_102,IT_115,2024.07.20,3500
ST_102,IT_115,2024.07.21,3500
ST_102,IT_115,2024.07.22,3500
ST_102,IT_115,2024.07.23,3500
ST_102,IT_115,2024.07.24,3500
ST_102,IT_115,2024.07.25,3500
ST_102,IT_115,2024.07.26,3500
ST_102,IT_115,2024.07.27,3500
ST_102,IT_115,2024.07.28,3500
ST_102,IT_115,2024.07.29,3500
ST_102,IT_115,2024.07.30,3500
ST_102,IT_115,2024.07.31,3500
ST_102,IT_116,2024.07.01,4600
ST_102,IT_116,2024.07.02,4600
ST_102,IT_116,2024.07.03,4600
ST_102,IT_116,2024.07.04,4600
ST_102,IT_116,2024.07.05,4600
ST_102,IT_116,2024.07.06,4600
ST_102,IT_116,2024.07.07,4600
ST_102,IT_116,2024.07.08,4600
ST_102,IT_116,2024.07.09,4600
ST_102,IT_116,2024.07.10,4600
ST_102,IT_116,2024.07.11,4600
ST_102,IT_116,2024.07.12,4600
ST_102,IT_116,2024.07.13,4600
ST_102,IT_116,2024.07.14,4600
ST_102,IT_116,2024.07.15,4600
ST_102,IT_116,2024.07.16,4600
ST_102,IT_116,2024.07.17,4600
ST_102,IT_116,2024.07.18,4600
ST_102,IT_116,2024.07.19,4600
ST_102,IT_116,2024.07.20,4600
ST_102,IT_116,2024.07.21,4600
ST_102,IT_116,2024.07.22,4600
ST_102,IT_116,2024.07.23,4600
ST_102,IT_116,2024.07.24,4600
ST_102,IT_116,2024.07.25,4600
ST_102,IT_116,2024.07.26,4600
ST_102,IT_116,2024.07.27,4600
ST_102,IT_116,2024.07.28,4600
ST_102,IT_116,2024.07.29,4600
ST_102,IT_116,2024.07.30,4600
ST_102,IT_116,2024.07.31,4600
ST_102,IT_117,2024.07.01,3600
ST_102,IT_117,2024.07.02,3600
ST_102,IT_117,2024.07.03,3600
ST_102,IT_117,2024.07.04,3600
ST_102,IT_117,2024.07.05,3600
ST_102,IT_117,2024.07.06,3600
ST_102,IT_117,2024.07.07,3600
ST_102,IT_117,2024.07.08,3600
ST_102,IT_117,2024.07.09,3600
ST_102,IT_117,2024.07.10,3600
ST_102,IT_117,2024.07.11,3600
ST_102,IT_117,2024.07.12,3600
ST_102,IT_117,2024.07.13,3600
ST_102,IT_117,2024.07.14,3600
ST_102,IT_117,2024.07.15,3600
ST_102,IT_117,2024.07.16,3600
ST_102,IT_117,2024.07.17,3600
ST_102,IT_117,2024.07.18,3600
ST_102,IT_117,2024.07.19,3600
ST_102,IT_117,2024.07.20,3600
ST_102,IT_117,2024.07.21,3600
ST_102,IT_117,2024.07.22,3600
ST_102,IT_117,2024.07.23,3600
ST_102,IT_117,2024.07.24,3600
ST_102,IT_117,2024.07.25,3600
ST_102,IT_117,2024.07.26,3600
ST_102,IT_117,2024.07.27,3600
ST_102,IT_117,2024.07.28,3600
ST_102,IT_117,2024.07.29,3600
ST_102,IT_117,2024.07.30,3600
ST_102,IT_117,2024.07.31,3600
ST_102,IT_118,2024.07.01,1800
ST_102,IT_118,2024.07.02,1800
ST_102,IT_118,2024.07.03,1800
ST_102,IT_118,2024.07.04,1800
ST_102,IT_118,2024.07.05,1800
ST_102,IT_118,2024.07.06,1800
ST_102,IT_118,2024.07.07,1800
ST_102,IT_118,2024.07.08,1800
ST_102,IT_118,2024.07.09,1800
ST_102,IT_118,2024.07.10,1800
ST_102,IT_118,2024.07.11,1800
ST_102,IT_118,2024.07.12,1800
ST_102,IT_118,2024.07.13,1800
ST_102,IT_118,2024.07.14,1800
ST_102,IT_118,2024.07.15,1800
ST_102,IT_118,2024.07.16,1800
ST_102,IT_118,2024.07.17,1800
ST_102,IT_118,2024.07.18,1800
ST_102,IT_118,2024.07.19,1800
ST_102,IT_118,2024.07.20,1800
ST_102,IT_118,2024.07.21,1800
ST_102,IT_118,2024.07.22,1800
ST_102,IT_118,2024.07.23,1800
ST_102,IT_118,2024.07.24,1800
ST_102,IT_118,2024.07.25,1800
ST_102,IT_118,2024.07.26,1800
ST_102,IT_118,2024.07.27,1800
ST_102,IT_118,2024.07.28,1800
ST_102,IT_118,2024.07.29,1800
ST_102,IT_118,2024.07.30,1800
ST_102,IT_118,2024.07.31,1800
ST_102,IT_119,2024.07.01,56000
ST_102,IT_119,2024.07.02,56000
ST_102,IT_119,2024.07.03,56000
ST_102,IT_119,2024.07.04,56000
ST_102,IT_119,2024.07.05,56000
ST_102,IT_119,2024.07.06,56000
ST_102,IT_119,2024.07.07,56000
ST_102,IT_119,2024.07.08,56000
ST_102,IT_119,2024.07.09,56000
ST_102,IT_119,2024.07.10,56000
ST_102,IT_119,2024.07.11,56000
ST_102,IT_119,2024.07.12,56000
ST_102,IT_119,2024.07.13,56000
ST_102,IT_119,2024.07.14,56000
ST_102,IT_119,2024.07.15,56000
ST_102,IT_119,2024.07.16,56000
ST_102,IT_119,2024.07.17,56000
ST_102,IT_119,2024.07.18,56000
ST_102,IT_119,2024.07.19,56000
ST_102,IT_119,2024.07.20,56000
ST_102,IT_119,2024.07.21,56000
ST_102,IT_119,2024.07.22,56000
ST_102,IT_119,2024.07.23,56000
ST_102,IT_119,2024.07.24,56000
ST_102,IT_119,2024.07.25,56000
ST_102,IT_119,2024.07.26,56000
ST_102,IT_119,2024.07.27,56000
ST_102,IT_119,2024.07.28,56000
ST_102,IT_119,2024.07.29,56000
ST_102,IT_119,2024.07.30,56000
ST_102,IT_119,2024.07.31,56000
ST_102,IT_120,2024.07.01,5
ST_102,IT_120,2024.07.02,5
ST_102,IT_120,2024.07.03,5
ST_102,IT_120,2024.07.04,5
ST_102,IT_120,2024.07.05,5
ST_102,IT_120,2024.07.06,5
ST_102,IT_120,2024.07.07,5
ST_102,IT_120,2024.07.08,5
ST_102,IT_120,2024.07.09,5
ST_102,IT_120,2024.07.10,5
ST_102,IT_120,2024.07.11,5
ST_102,IT_120,2024.07.12,5
ST_102,IT_120,2024.07.13,5
ST_102,IT_120,2024.07.14,5
ST_102,IT_120,2024.07.15,5
ST_102,IT_120,2024.07.16,5
ST_102,IT_120,2024.07.17,5
ST_102,IT_120,2024.07.18,5
ST_102,IT_120,2024.07.19,5
ST_102,IT_120,2024.07.20,5
ST_102,IT_120,2024.07.21,5
ST_102,IT_120,2024.07.22,5
ST_102,IT_120,2024.07.23,5
ST_102,IT_120,2024.07.24,5
ST_102,IT_120,2024.07.25,5
ST_102,IT_120,2024.07.26,5
ST_102,IT_120,2024.07.27,5
ST_102,IT_120,2024.07.28,5
ST_102,IT_120,2024.07.29,5
ST_102,IT_120,2024.07.30,5
ST_102,IT_120,2024.07.31,5
ST_102,IT_121,2024.07.01,3000
ST_102,IT_121,2024.07.02,3000
ST_102,IT_121,2024.07.03,3000
ST_102,IT_121,2024.07.04,3000
ST_102,IT_121,2024.07.05,3000
ST_102,IT_121,2024.07.06,3000
ST_102,IT_121,2024.07.07,3000
ST_102,IT_121,2024.07.08,3000
ST_102,IT_121,2024.07.09,3000
ST_102,IT_121,2024.07.10,3000
ST_102,IT_121,2024.07.11,3000
ST_102,IT_121,2024.07.12,3000
ST_102,IT_121,2024.07.13,3000
ST_102,IT_121,2024.07.14,3000
ST_102,IT_121,2024.07.15,3000
ST_102,IT_121,2024.07.16,3000
ST_102,IT_121,2024.07.17,3000
ST_102,IT_121,2024.07.18,3000
ST_102,IT_121,2024.07.19,3000
ST_102,IT_121,2024.07.20,3000
ST_102,IT_121,2024.07.21,3000
ST_102,IT_121,2024.07.22,3000
ST_102,IT_121,2024.07.23,3000
ST_102,IT_121,2024.07.24,3000
ST_102,IT_121,2024.07.25,3000
ST_102,IT_121,2024.07.26,3000
ST_102,IT_121,2024.07.27,3000
ST_102,IT_121,2024.07.28,3000
ST_102,IT_121,2024.07.29,3000
ST_102,IT_121,2024.07.30,3000
ST_102,IT_121,2024.07.31,3000
ST_102,IT_122,2024.07.01,3000
ST_102,IT_122,2024.07.02,3000
ST_102,IT_122,2024.07.03,3000
ST_102,IT_122,2024.07.04,3000
ST_102,IT_122,2024.07.05,3000
ST_102,IT_122,2024.07.06,3000
ST_102,IT_122,2024.07.07,3000
ST_102,IT_122,2024.07.08,3000
ST_102,IT_122,2024.07.09,3000
ST_102,IT_122,2024.07.10,3000
ST_102,IT_122,2024.07.11,3000
ST_102,IT_122,2024.07.12,3000
ST_102,IT_122,2024.07.13,3000
ST_102,IT_122,2024.07.14,3000
ST_102,IT_122,2024.07.15,3000
ST_102,IT_122,2024.07.16,3000
ST_102,IT_122,2024.07.17,3000
ST_102,IT_122,2024.07.18,3000
ST_102,IT_122,2024.07.19,3000
ST_102,IT_122,2024.07.20,3000
ST_102,IT_122,2024.07.21,3000
ST_102,IT_122,2024.07.22,3000
ST_102,IT_122,2024.07.23,3000
ST_102,IT_122,2024.07.24,3000
ST_102,IT_122,2024.07.25,3000
ST_102,IT_122,2024.07.26,3000
ST_102,IT_122,2024.07.27,3000
ST_102,IT_122,2024.07.28,3000
ST_102,IT_122,2024.07.29,3000
ST_102,IT_122,2024.07.30,3000
ST_102,IT_122,2024.07.31,3000
ST_102,IT_123,2024.07.01,800
ST_102,IT_123,2024.07.02,800
ST_102,IT_123,2024.07.03,800
ST_102,IT_123,2024.07.04,800
ST_102,IT_123,2024.07.05,800
ST_102,IT_123,2024.07.06,800
ST_102,IT_123,2024.07.07,800
ST_102,IT_123,2024.07.08,800
ST_102,IT_123,2024.07.09,800
ST_102,IT_123,2024.07.10,800
ST_102,IT_123,2024.07.11,800
ST_102,IT_123,2024.07.12,800
ST_102,IT_123,2024.07.13,800
ST_102,IT_123,2024.07.14,800
ST_102,IT_123,2024.07.15,800
ST_102,IT_123,2024.07.16,800
ST_102,IT_123,2024.07.17,800
ST_102,IT_123,2024.07.18,800
ST_102,IT_123,2024.07.19,800
ST_102,IT_123,2024.07.20,800
ST_102,IT_123,2024.07.21,800
ST_102,IT_123,2024.07.22,800
ST_102,IT_123,2024.07.23,800
ST_102,IT_123,2024.07.24,800
ST_102,IT_123,2024.07.25,800
ST_102,IT_123,2024.07.26,800
ST_102,IT_123,2024.07.27,800
ST_102,IT_123,2024.07.28,800
ST_102,IT_123,2024.07.29,800
ST_102,IT_123,2024.07.30,800
ST_102,IT_123,2024.07.31,800
ST_102,IT_124,2024.07.01,38
ST_102,IT_124,2024.07.02,38
ST_102,IT_124,2024.07.03,38
ST_102,IT_124,2024.07.04,38
ST_102,IT_124,2024.07.05,38
ST_102,IT_124,2024.07.06,38
ST_102,IT_124,2024.07.07,38
ST_102,IT_124,2024.07.08,38
ST_102,IT_124,2024.07.09,38
ST_102,IT_124,2024.07.10,38
ST_102,IT_124,2024.07.11,38
ST_102,IT_124,2024.07.12,38
ST_102,IT_124,2024.07.13,38
ST_102,IT_124,2024.07.14,38
ST_102,IT_124,2024.07.15,38
ST_102,IT_124,2024.07.16,38
ST_102,IT_124,2024.07.17,38
ST_102,IT_124,2024.07.18,38
ST_102,IT_124,2024.07.19,38
ST_102,IT_124,2024.07.20,38
ST_102,IT_124,2024.07.21,38
ST_102,IT_124,2024.07.22,38
ST_102,IT_124,2024.07.23,38
ST_102,IT_124,2024.07.24,38
ST_102,IT_124,2024.07.25,38
ST_102,IT_124,2024.07.26,38
ST_102,IT_124,2024.07.27,38
ST_102,IT_124,2024.07.28,38
ST_102,IT_124,2024.07.29,38
ST_102,IT_124,2024.07.30,38
ST_102,IT_124,2024.07.31,38
ST_102,IT_125,2024.07.01,36
ST_102,IT_125,2024.07.02,36
ST_102,IT_125,2024.07.03,36
ST_102,IT_125,2024.07.04,36
ST_102,IT_125,2024.07.05,36
ST_102,IT_125,2024.07.06,36
ST_102,IT_125,2024.07.07,36
ST_102,IT_125,2024.07.08,36
ST_102,IT_125,2024.07.09,36
ST_102,IT_125,2024.07.10,36
ST_102,IT_125,2024.07.11,36
ST_102,IT_125,2024.07.12,36
ST_102,IT_125,2024.07.13,36
ST_102,IT_125,2024.07.14,36
ST_102,IT_125,2024.07.15,36
ST_102,IT_125,2024.07.16,36
ST_102,IT_125,2024.07.17,36
ST_102,IT_125,2024.07.18,36
ST_102,IT_125,2024.07.19,36
ST_102,IT_125,2024.07.20,36
ST_102,IT_125,2024.07.21,36
ST_102,IT_125,2024.07.22,36
ST_102,IT_125,2024.07.23,36
ST_102,IT_125,2024.07.24,36
ST_102,IT_125,2024.07.25,36
ST_102,IT_125,2024.07.26,36
ST_102,IT_125,2024.07.27,36
ST_102,IT_125,2024.07.28,36
ST_102,IT_125,2024.07.29,36
ST_102,IT_125,2024.07.30,36
ST_102,IT_125,2024.07.31,36
ST_102,IT_126,2024.07.01,32
ST_102,IT_126,2024.07.02,32
ST_102,IT_126,2024.07.03,32
ST_102,IT_126,2024.07.04,32
ST_102,IT_126,2024.07.05,32
ST_102,IT_126,2024.07.06,32
ST_102,IT_126,2024.07.07,32
ST_102,IT_126,2024.07.08,32
ST_102,IT_126,2024.07.09,32
ST_102,IT_126,2024.07.10,32
ST_102,IT_126,2024.07.11,32
ST_102,IT_126,2024.07.12,32
ST_102,IT_126,2024.07.13,32
ST_102,IT_126,2024.07.14,32
ST_102,IT_126,2024.07.15,32
ST_102,IT_126,2024.07.16,32
ST_102,IT_126,2024.07.17,32
ST_102,IT_126,2024.07.18,32
ST_102,IT_126,2024.07.19,32
ST_102,IT_126,2024.07.20,32
ST_102,IT_126,2024.07.21,32
ST_102,IT_126,2024.07.22,32
ST_102,IT_126,2024.07.23,32
ST_102,IT_126,2024.07.24,32
ST_102,IT_126,2024.07.25,32
ST_102,IT_126,2024.07.26,32
ST_102,IT_126,2024.07.27,32
ST_102,IT_126,2024.07.28,32
ST_102,IT_126,2024.07.29,32
ST_102,IT_126,2024.07.30,32
ST_102,IT_126,2024.07.31,32
ST_102,IT_127,2024.07.01,0
ST_102,IT_127,2024.07.02,0
ST_102,IT_127,2024.07.03,0
ST_102,IT_127,2024.07.04,0
ST_102,IT_127,2024.07.05,0
ST_102,IT_127,2024.07.06,0
ST_102,IT_127,2024.07.07,0
ST_102,IT_127,2024.07.08,0
ST_102,IT_127,2024.07.09,0
ST_102,IT_127,2024.07.10,0
ST_102,IT_127,2024.07.11,0
ST_102,IT_127,2024.07.12,0
ST_102,IT_127,2024.07.13,0
ST_102,IT_127,2024.07.14,0
ST_102,IT_127,2024.07.15,0
ST_102,IT_127,2024.07.16,0
ST_102,IT_127,2024.07.17,0
ST_102,IT_127,2024.07.18,0
ST_102,IT_127,2024.07.19,0
ST_102,IT_127,2024.07.20,0
ST_102,IT_127,2024.07.21,0
ST_102,IT_127,2024.07.22,0
ST_102,IT_127,2024.07.23,0
ST_102,IT_127,2024.07.24,0
ST_102,IT_127,2024.07.25,0
ST_102,IT_127,2024.07.26,0
ST_102,IT_127,2024.07.27,0
ST_102,IT_127,2024.07.28,0
ST_102,IT_127,2024.07.29,0
ST_102,IT_127,2024.07.30,0
ST_102,IT_127,2024.07.31,0
ST_102,IT_128,2024.07.01,16
ST_102,IT_128,2024.07.02,16
ST_102,IT_128,2024.07.03,16
ST_102,IT_128,2024.07.04,16
ST_102,IT_128,2024.07.05,16
ST_102,IT_128,2024.07.06,16
ST_102,IT_128,2024.07.07,16
ST_102,IT_128,2024.07.08,16
ST_102,IT_128,2024.07.09,16
ST_102,IT_128,2024.07.10,16
ST_102,IT_128,2024.07.11,16
ST_102,IT_128,2024.07.12,16
ST_102,IT_128,2024.07.13,16
ST_102,IT_128,2024.07.14,16
ST_102,IT_128,2024.07.15,16
ST_102,IT_128,2024.07.16,16
ST_102,IT_128,2024.07.17,16
ST_102,IT_128,2024.07.18,16
ST_102,IT_128,2024.07.19,16
ST_102,IT_128,2024.07.20,16
ST_102,IT_128,2024.07.21,16
ST_102,IT_128,2024.07.22,16
ST_102,IT_128,2024.07.23,16
ST_102,IT_128,2024.07.24,16
ST_102,IT_128,2024.07.25,16
ST_102,IT_128,2024.07.26,16
ST_102,IT_128,2024.07.27,16
ST_102,IT_128,2024.07.28,16
ST_102,IT_128,2024.07.29,16
ST_102,IT_128,2024.07.30,16
ST_102,IT_128,2024.07.31,16
ST_102,IT_129,2024.07.01,40
ST_102,IT_129,2024.07.02,40
ST_102,IT_129,2024.07.03,40
ST_102,IT_129,2024.07.04,40
ST_102,IT_129,2024.07.05,40
ST_102,IT_129,2024.07.06,40
ST_102,IT_129,2024.07.07,40
ST_102,IT_129,2024.07.08,40
ST_102,IT_129,2024.07.09,40
ST_102,IT_129,2024.07.10,40
ST_102,IT_129,2024.07.11,40
ST_102,IT_129,2024.07.12,40
ST_102,IT_129,2024.07.13,40
ST_102,IT_129,2024.07.14,40
ST_102,IT_129,2024.07.15,40
ST_102,IT_129,2024.07.16,40
ST_102,IT_129,2024.07.17,40
ST_102,IT_129,2024.07.18,40
ST_102,IT_129,2024.07.19,40
ST_102,IT_129,2024.07.20,40
ST_102,IT_129,2024.07.21,40
ST_102,IT_129,2024.07.22,40
ST_102,IT_129,2024.07.23,40
ST_102,IT_129,2024.07.24,40
ST_102,IT_129,2024.07.25,40
ST_102,IT_129,2024.07.26,40
ST_102,IT_129,2024.07.27,40
ST_102,IT_129,2024.07.28,40
ST_102,IT_129,2024.07.29,40
ST_102,IT_129,2024.07.30,40
ST_102,IT_129,2024.07.31,40
ST_102,IT_130,2024.07.01,0
ST_102,IT_130,2024.07.02,0
ST_102,IT_130,2024.07.03,0
ST_102,IT_130,2024.07.04,0
ST_102,IT_130,2024.07.05,0
ST_102,IT_130,2024.07.06,0
ST_102,IT_130,2024.07.07,0
ST_102,IT_130,2024.07.08,0
ST_102,IT_130,2024.07.09,0
ST_102,IT_130,2024.07.10,0
ST_102,IT_130,2024.07.11,0
ST_102,IT_130,2024.07.12,0
ST_102,IT_130,2024.07.13,0
ST_102,IT_130,2024.07.14,0
ST_102,IT_130,2024.07.15,0
ST_102,IT_130,2024.07.16,0
ST_102,IT_130,2024.07.17,0
ST_102,IT_130,2024.07.18,0
ST_102,IT_130,2024.07.19,0
ST_102,IT_130,2024.07.20,0
ST_102,IT_130,2024.07.21,0
ST_102,IT_130,2024.07.22,0
ST_102,IT_130,2024.07.23,0
ST_102,IT_130,2024.07.24,0
ST_102,IT_130,2024.07.25,0
ST_102,IT_130,2024.07.26,0
ST_102,IT_130,2024.07.27,0
ST_102,IT_130,2024.07.28,0
ST_102,IT_130,2024.07.29,0
ST_102,IT_130,2024.07.30,0
ST_102,IT_130,2024.07.31,0
ST_102,IT_131,2024.07.01,121
ST_102,IT_131,2024.07.02,121
ST_102,IT_131,2024.07.03,121
ST_102,IT_131,2024.07.04,121
ST_102,IT_131,2024.07.05,121
ST_102,IT_131,2024.07.06,121
ST_102,IT_131,2024.07.07,121
ST_102,IT_131,2024.07.08,121
ST_102,IT_131,2024.07.09,121
ST_102,IT_131,2024.07.10,121
ST_102,IT_131,2024.07.11,121
ST_102,IT_131,2024.07.12,121
ST_102,IT_131,2024.07.13,121
ST_102,IT_131,2024.07.14,121
ST_102,IT_131,2024.07.15,121
ST_102,IT_131,2024.07.16,121
ST_102,IT_131,2024.07.17,121
ST_102,IT_131,2024.07.18,121
ST_102,IT_131,2024.07.19,121
ST_102,IT_131,2024.07.20,121
ST_102,IT_131,2024.07.21,121
ST_102,IT_131,2024.07.22,121
ST_102,IT_131,2024.07.23,121
ST_102,IT_131,2024.07.24,121
ST_102,IT_131,2024.07.25,121
ST_102,IT_131,2024.07.26,121
ST_102,IT_131,2024.07.27,121
ST_102,IT_131,2024.07.28,121
ST_102,IT_131,2024.07.29,121
ST_102,IT_131,2024.07.30,121
ST_102,IT_131,2024.07.31,121
ST_102,IT_132,2024.07.01,97
ST_102,IT_132,2024.07.02,97
ST_102,IT_132,2024.07.03,97
ST_102,IT_132,2024.07.04,97
ST_102,IT_132,2024.07.05,97
ST_102,IT_132,2024.07.06,97
ST_102,IT_132,2024.07.07,97
ST_102,IT_132,2024.07.08,97
ST_102,IT_132,2024.07.09,97
ST_102,IT_132,2024.07.10,97
ST_102,IT_132,2024.07.11,97
ST_102,IT_132,2024.07.12,97
ST_102,IT_132,2024.07.13,97
ST_102,IT_132,2024.07.14,97
ST_102,IT_132,2024.07.15,97
ST_102,IT_132,2024.07.16,97
ST_102,IT_132,2024.07.17,97
ST_102,IT_132,2024.07.18,97
ST_102,IT_132,2024.07.19,97
ST_102,IT_132,2024.07.20,97
ST_102,IT_132,2024.07.21,97
ST_102,IT_132,2024.07.22,97
ST_102,IT_132,2024.07.23,97
ST_102,IT_132,2024.07.24,97
ST_102,IT_132,2024.07.25,97
ST_102,IT_132,2024.07.26,97
ST_102,IT_132,2024.07.27,97
ST_102,IT_132,2024.07.28,97
ST_102,IT_132,2024.07.29,97
ST_102,IT_132,2024.07.30,97
ST_102,IT_132,2024.07.31,97
ST_102,IT_133,2024.07.01,0
ST_102,IT_133,2024.07.02,0
ST_102,IT_133,2024.07.03,0
ST_102,IT_133,2024.07.04,0
ST_102,IT_133,2024.07.05,0
ST_102,IT_133,2024.07.06,0
ST_102,IT_133,2024.07.07,0
ST_102,IT_133,2024.07.08,0
ST_102,IT_133,2024.07.09,0
ST_102,IT_133,2024.07.10,0
ST_102,IT_133,2024.07.11,0
ST_102,IT_133,2024.07.12,0
ST_102,IT_133,2024.07.13,0
ST_102,IT_133,2024.07.14,0
ST_102,IT_133,2024.07.15,0
ST_102,IT_133,2024.07.16,0
ST_102,IT_133,2024.07.17,0
ST_102,IT_133,2024.07.18,0
ST_102,IT_133,2024.07.19,0
ST_102,IT_133,2024.07.20,0
ST_102,IT_133,2024.07.21,0
ST_102,IT_133,2024.07.22,0
ST_102,IT_133,2024.07.23,0
ST_102,IT_133,2024.07.24,0
ST_102,IT_133,2024.07.25,0
ST_102,IT_133,2024.07.26,0
ST_102,IT_133,2024.07.27,0
ST_102,IT_133,2024.07.28,0
ST_102,IT_133,2024.07.29,0
ST_102,IT_133,2024.07.30,0
ST_102,IT_133,2024.07.31,0
ST_102,IT_134,2024.07.01,0
ST_102,IT_134,2024.07.02,0
ST_102,IT_134,2024.07.03,0
ST_102,IT_134,2024.07.04,0
ST_102,IT_134,2024.07.05,0
ST_102,IT_134,2024.07.06,0
ST_102,IT_134,2024.07.07,0
ST_102,IT_134,2024.07.08,0
ST_102,IT_134,2024.07.09,0
ST_102,IT_134,2024.07.10,0
ST_102,IT_134,2024.07.11,0
ST_102,IT_134,2024.07.12,0
ST_102,IT_134,2024.07.13,0
ST_102,IT_134,2024.07.14,0
ST_102,IT_134,2024.07.15,0
ST_102,IT_134,2024.07.16,0
ST_102,IT_134,2024.07.17,0
ST_102,IT_134,2024.07.18,0
ST_102,IT_134,2024.07.19,0
ST_102,IT_134,2024.07.20,0
ST_102,IT_134,2024.07.21,0
ST_102,IT_134,2024.07.22,0
ST_102,IT_134,2024.07.23,0
ST_102,IT_134,2024.07.24,0
ST_102,IT_134,2024.07.25,0
ST_102,IT_134,2024.07.26,0
ST_102,IT_134,2024.07.27,0
ST_102,IT_134,2024.07.28,0
ST_102,IT_134,2024.07.29,0
ST_102,IT_134,2024.07.30,0
ST_102,IT_134,2024.07.31,0
ST_102,IT_135,2024.07.01,45
ST_102,IT_135,2024.07.02,45
ST_102,IT_135,2024.07.03,45
ST_102,IT_135,2024.07.04,45
ST_102,IT_135,2024.07.05,45
ST_102,IT_135,2024.07.06,45
ST_102,IT_135,2024.07.07,45
ST_102,IT_135,2024.07.08,45
ST_102,IT_135,2024.07.09,45
ST_102,IT_135,2024.07.10,45
ST_102,IT_135,2024.07.11,45
ST_102,IT_135,2024.07.12,45
ST_102,IT_135,2024.07.13,45
ST_102,IT_135,2024.07.14,45
ST_102,IT_135,2024.07.15,45
ST_102,IT_135,2024.07.16,45
ST_102,IT_135,2024.07.17,45
ST_102,IT_135,2024.07.18,45
ST_102,IT_135,2024.07.19,45
ST_102,IT_135,2024.07.20,45
ST_102,IT_135,2024.07.21,45
ST_102,IT_135,2024.07.22,45
ST_102,IT_135,2024.07.23,45
ST_102,IT_135,2024.07.24,45
ST_102,IT_135,2024.07.25,45
ST_102,IT_135,2024.07.26,45
ST_102,IT_135,2024.07.27,45
ST_102,IT_135,2024.07.28,45
ST_102,IT_135,2024.07.29,45
ST_102,IT_135,2024.07.30,45
ST_102,IT_135,2024.07.31,45
ST_102,IT_136,2024.07.01,19
ST_102,IT_136,2024.07.02,19
ST_102,IT_136,2024.07.03,19
ST_102,IT_136,2024.07.04,19
ST_102,IT_136,2024.07.05,19
ST_102,IT_136,2024.07.06,19
ST_102,IT_136,2024.07.07,19
ST_102,IT_136,2024.07.08,19
ST_102,IT_136,2024.07.09,19
ST_102,IT_136,2024.07.10,19
ST_102,IT_136,2024.07.11,19
ST_102,IT_136,2024.07.12,19
ST_102,IT_136,2024.07.13,19
ST_102,IT_136,2024.07.14,19
ST_102,IT_136,2024.07.15,19
ST_102,IT_136,2024.07.16,19
ST_102,IT_136,2024.07.17,19
ST_102,IT_136,2024.07.18,19
ST_102,IT_136,2024.07.19,19
ST_102,IT_136,2024.07.20,19
ST_102,IT_136,2024.07.21,19
ST_102,IT_136,2024.07.22,19
ST_102,IT_136,2024.07.23,19
ST_102,IT_136,2024.07.24,19
ST_102,IT_136,2024.07.25,19
ST_102,IT_136,2024.07.26,19
ST_102,IT_136,2024.07.27,19
ST_102,IT_136,2024.07.28,19
ST_102,IT_136,2024.07.29,19
ST_102,IT_136,2024.07.30,19
ST_102,IT_136,2024.07.31,19
ST_102,IT_137,2024.07.01,7700
ST_102,IT_137,2024.07.02,7700
ST_102,IT_137,2024.07.03,7700
ST_102,IT_137,2024.07.04,7700
ST_102,IT_137,2024.07.05,7700
ST_102,IT_137,2024.07.06,7700
ST_102,IT_137,2024.07.07,7700
ST_102,IT_137,2024.07.08,7700
ST_102,IT_137,2024.07.09,7700
ST_102,IT_137,2024.07.10,7700
ST_102,IT_137,2024.07.11,7700
ST_102,IT_137,2024.07.12,7700
ST_102,IT_137,2024.07.13,7700
ST_102,IT_137,2024.07.14,7700
ST_102,IT_137,2024.07.15,7700
ST_102,IT_137,2024.07.16,7700
ST_102,IT_137,2024.07.17,7700
ST_102,IT_137,2024.07.18,7700
ST_102,IT_137,2024.07.19,7700
ST_102,IT_137,2024.07.20,7700
ST_102,IT_137,2024.07.21,7700
ST_102,IT_137,2024.07.22,7700
ST_102,IT_137,2024.07.23,7700
ST_102,IT_137,2024.07.24,7700
ST_102,IT_137,2024.07.25,7700
ST_102,IT_137,2024.07.26,7700
ST_102,IT_137,2024.07.27,7700
ST_102,IT_137,2024.07.28,7700
ST_102,IT_137,2024.07.29,7700
ST_102,IT_137,2024.07.30,7700
ST_102,IT_137,2024.07.31,7700
ST_102,IT_138,2024.07.01,2800
ST_102,IT_138,2024.07.02,2800
ST_102,IT_138,2024.07.03,2800
ST_102,IT_138,2024.07.04,2800
ST_102,IT_138,2024.07.05,2800
ST_102,IT_138,2024.07.06,2800
ST_102,IT_138,2024.07.07,2800
ST_102,IT_138,2024.07.08,2800
ST_102,IT_138,2024.07.09,2800
ST_102,IT_138,2024.07.10,2800
ST_102,IT_138,2024.07.11,2800
ST_102,IT_138,2024.07.12,2800
ST_102,IT_138,2024.07.13,2800
ST_102,IT_138,2024.07.14,2800
ST_102,IT_138,2024.07.15,2800
ST_102,IT_138,2024.07.16,2800
ST_102,IT_138,2024.07.17,2800
ST_102,IT_138,2024.07.18,2800
ST_102,IT_138,2024.07.19,2800
ST_102,IT_138,2024.07.20,2800
ST_102,IT_138,2024.07.21,2800
ST_102,IT_138,2024.07.22,2800
ST_102,IT_138,2024.07.23,2800
ST_102,IT_138,2024.07.24,2800
ST_102,IT_138,2024.07.25,2800
ST_102,IT_138,2024.07.26,2800
ST_102,IT_138,2024.07.27,2800
ST_102,IT_138,2024.07.28,2800
ST_102,IT_138,2024.07.29,2800
ST_102,IT_138,2024.07.30,2800
ST_102,IT_138,2024.07.31,2800
ST_102,IT_139,2024.07.01,8
ST_102,IT_139,2024.07.02,8
ST_102,IT_139,2024.07.03,8
ST_102,IT_139,2024.07.04,8
ST_102,IT_139,2024.07.05,8
ST_102,IT_139,2024.07.06,8
ST_102,IT_139,2024.07.07,8
ST_102,IT_139,2024.07.08,8
ST_102,IT_139,2024.07.09,8
ST_102,IT_139,2024.07.10,8
ST_102,IT_139,2024.07.11,8
ST_102,IT_139,2024.07.12,8
ST_102,IT_139,2024.07.13,8
ST_102,IT_139,2024.07.14,8
ST_102,IT_139,2024.07.15,8
ST_102,IT_139,2024.07.16,8
ST_102,IT_139,2024.07.17,8
ST_102,IT_139,2024.07.18,8
ST_102,IT_139,2024.07.19,8
ST_102,IT_139,2024.07.20,8
ST_102,IT_139,2024.07.21,8
ST_102,IT_139,2024.07.22,8
ST_102,IT_139,2024.07.23,8
ST_102,IT_139,2024.07.24,8
ST_102,IT_139,2024.07.25,8
ST_102,IT_139,2024.07.26,8
ST_102,IT_139,2024.07.27,8
ST_102,IT_139,2024.07.28,8
ST_102,IT_139,2024.07.29,8
ST_102,IT_139,2024.07.30,8
ST_102,IT_139,2024.07.31,8
ST_102,IT_140,2024.07.01,13
ST_102,IT_140,2024.07.02,13
ST_102,IT_140,2024.07.03,13
ST_102,IT_140,2024.07.04,13
ST_102,IT_140,2024.07.05,13
ST_102,IT_140,2024.07.06,13
ST_102,IT_140,2024.07.07,13
ST_102,IT_140,2024.07.08,13
ST_102,IT_140,2024.07.09,13
ST_102,IT_140,2024.07.10,13
ST_102,IT_140,2024.07.11,13
ST_102,IT_140,2024.07.12,13
ST_102,IT_140,2024.07.13,13
ST_102,IT_140,2024.07.14,13
ST_102,IT_140,2024.07.15,13
ST_102,IT_140,2024.07.16,13
ST_102,IT_140,2024.07.17,13
ST_102,IT_140,2024.07.18,13
ST_102,IT_140,2024.07.19,13
ST_102,IT_140,2024.07.20,13
ST_102,IT_140,2024.07.21,13
ST_102,IT_140,2024.07.22,13
ST_102,IT_140,2024.07.23,13
ST_102,IT_140,2024.07.24,13
ST_102,IT_140,2024.07.25,13
ST_102,IT_140,2024.07.26,13
ST_102,IT_140,2024.07.27,13
ST_102,IT_140,2024.07.28,13
ST_102,IT_140,2024.07.29,13
ST_102,IT_140,2024.07.30,13
ST_102,IT_140,2024.07.31,13
ST_102,IT_141,2024.07.01,18
ST_102,IT_141,2024.07.02,18
ST_102,IT_141,2024.07.03,18
ST_102,IT_141,2024.07.04,18
ST_102,IT_141,2024.07.05,18
ST_102,IT_141,2024.07.06,18
ST_102,IT_141,2024.07.07,18
ST_102,IT_141,2024.07.08,18
ST_102,IT_141,2024.07.09,18
ST_102,IT_141,2024.07.10,18
ST_102,IT_141,2024.07.11,18
ST_102,IT_141,2024.07.12,18
ST_102,IT_141,2024.07.13,18
ST_102,IT_141,2024.07.14,18
ST_102,IT_141,2024.07.15,18
ST_102,IT_141,2024.07.16,18
ST_102,IT_141,2024.07.17,18
ST_102,IT_141,2024.07.18,18
ST_102,IT_141,2024.07.19,18
ST_102,IT_141,2024.07.20,18
ST_102,IT_141,2024.07.21,18
ST_102,IT_141,2024.07.22,18
ST_102,IT_141,2024.07.23,18
ST_102,IT_141,2024.07.24,18
ST_102,IT_141,2024.07.25,18
ST_102,IT_141,2024.07.26,18
ST_102,IT_141,2024.07.27,18
ST_102,IT_141,2024.07.28,18
ST_102,IT_141,2024.07.29,18
ST_102,IT_141,2024.07.30,18
ST_102,IT_141,2024.07.31,18
ST_102,IT_142,2024.07.01,34
ST_102,IT_142,2024.07.02,34
ST_102,IT_142,2024.07.03,34
ST_102,IT_142,2024.07.04,34
ST_102,IT_142,2024.07.05,34
ST_102,IT_142,2024.07.06,34
ST_102,IT_142,2024.07.07,34
ST_102,IT_142,2024.07.08,34
ST_102,IT_142,2024.07.09,34
ST_102,IT_142,2024.07.10,34
ST_102,IT_142,2024.07.11,34
ST_102,IT_142,2024.07.12,34
ST_102,IT_142,2024.07.13,34
ST_102,IT_142,2024.07.14,34
ST_102,IT_142,2024.07.15,34
ST_102,IT_142,2024.07.16,34
ST_102,IT_142,2024.07.17,34
ST_102,IT_142,2024.07.18,34
ST_102,IT_142,2024.07.19,34
ST_102,IT_142,2024.07.20,34
ST_102,IT_142,2024.07.21,34
ST_102,IT_142,2024.07.22,34
ST_102,IT_142,2024.07.23,34
ST_102,IT_142,2024.07.24,34
ST_102,IT_142,2024.07.25,34
ST_102,IT_142,2024.07.26,34
ST_102,IT_142,2024.07.27,34
ST_102,IT_142,2024.07.28,34
ST_102,IT_142,2024.07.29,34
ST_102,IT_142,2024.07.30,34
ST_102,IT_142,2024.07.31,34
ST_102,IT_143,2024.07.01,18
ST_102,IT_143,2024.07.02,18
ST_102,IT_143,2024.07.03,18
ST_102,IT_143,2024.07.04,18
ST_102,IT_143,2024.07.05,18
ST_102,IT_143,2024.07.06,18
ST_102,IT_143,2024.07.07,18
ST_102,IT_143,2024.07.08,18
ST_102,IT_143,2024.07.09,18
ST_102,IT_143,2024.07.10,18
ST_102,IT_143,2024.07.11,18
ST_102,IT_143,2024.07.12,18
ST_102,IT_143,2024.07.13,18
ST_102,IT_143,2024.07.14,18
ST_102,IT_143,2024.07.15,18
ST_102,IT_143,2024.07.16,18
ST_102,IT_143,2024.07.17,18
ST_102,IT_143,2024.07.18,18
ST_102,IT_143,2024.07.19,18
ST_102,IT_143,2024.07.20,18
ST_102,IT_143,2024.07.21,18
ST_102,IT_143,2024.07.22,18
ST_102,IT_143,2024.07.23,18
ST_102,IT_143,2024.07.24,18
ST_102,IT_143,2024.07.25,18
ST_102,IT_143,2024.07.26,18
ST_102,IT_143,2024.07.27,18
ST_102,IT_143,2024.07.28,18
ST_102,IT_143,2024.07.29,18
ST_102,IT_143,2024.07.30,18
ST_102,IT_143,2024.07.31,18
ST_102,IT_144,2024.07.01,7
ST_102,IT_144,2024.07.02,7
ST_102,IT_144,2024.07.03,7
ST_102,IT_144,2024.07.04,7
ST_102,IT_144,2024.07.05,7
ST_102,IT_144,2024.07.06,7
ST_102,IT_144,2024.07.07,7
ST_102,IT_144,2024.07.08,7
ST_102,IT_144,2024.07.09,7
ST_102,IT_144,2024.07.10,7
ST_102,IT_144,2024.07.11,7
ST_102,IT_144,2024.07.12,7
ST_102,IT_144,2024.07.13,7
ST_102,IT_144,2024.07.14,7
ST_102,IT_144,2024.07.15,7
ST_102,IT_144,2024.07.16,7
ST_102,IT_144,2024.07.17,7
ST_102,IT_144,2024.07.18,7
ST_102,IT_144,2024.07.19,7
ST_102,IT_144,2024.07.20,7
ST_102,IT_144,2024.07.21,7
ST_102,IT_144,2024.07.22,7
ST_102,IT_144,2024.07.23,7
ST_102,IT_144,2024.07.24,7
ST_102,IT_144,2024.07.25,7
ST_102,IT_144,2024.07.26,7
ST_102,IT_144,2024.07.27,7
ST_102,IT_144,2024.07.28,7
ST_102,IT_144,2024.07.29,7
ST_102,IT_144,2024.07.30,7
ST_102,IT_144,2024.07.31,7
ST_102,IT_145,2024.07.01,21
ST_102,IT_145,2024.07.02,21
ST_102,IT_145,2024.07.03,21
ST_102,IT_145,2024.07.04,21
ST_102,IT_145,2024.07.05,21
ST_102,IT_145,2024.07.06,21
ST_102,IT_145,2024.07.07,21
ST_102,IT_145,2024.07.08,21
ST_102,IT_145,2024.07.09,21
ST_102,IT_145,2024.07.10,21
ST_102,IT_145,2024.07.11,21
ST_102,IT_145,2024.07.12,21
ST_102,IT_145,2024.07.13,21
ST_102,IT_145,2024.07.14,21
ST_102,IT_145,2024.07.15,21
ST_102,IT_145,2024.07.16,21
ST_102,IT_145,2024.07.17,21
ST_102,IT_145,2024.07.18,21
ST_102,IT_145,2024.07.19,21
ST_102,IT_145,2024.07.20,21
ST_102,IT_145,2024.07.21,21
ST_102,IT_145,2024.07.22,21
ST_102,IT_145,2024.07.23,21
ST_102,IT_145,2024.07.24,21
ST_102,IT_145,2024.07.25,21
ST_102,IT_145,2024.07.26,21
ST_102,IT_145,2024.07.27,21
ST_102,IT_145,2024.07.28,21
ST_102,IT_145,2024.07.29,21
ST_102,IT_145,2024.07.30,21
ST_102,IT_145,2024.07.31,21
ST_102,IT_146,2024.07.01,11
ST_102,IT_146,2024.07.02,11
ST_102,IT_146,2024.07.03,11
ST_102,IT_146,2024.07.04,11
ST_102,IT_146,2024.07.05,11
ST_102,IT_146,2024.07.06,11
ST_102,IT_146,2024.07.07,11
ST_102,IT_146,2024.07.08,11
ST_102,IT_146,2024.07.09,11
ST_102,IT_146,2024.07.10,11
ST_102,IT_146,2024.07.11,11
ST_102,IT_146,2024.07.12,11
ST_102,IT_146,2024.07.13,11
ST_102,IT_146,2024.07.14,11
ST_102,IT_146,2024.07.15,11
ST_102,IT_146,2024.07.16,11
ST_102,IT_146,2024.07.17,11
ST_102,IT_146,2024.07.18,11
ST_102,IT_146,2024.07.19,11
ST_102,IT_146,2024.07.20,11
ST_102,IT_146,2024.07.21,11
ST_102,IT_146,2024.07.22,11
ST_102,IT_146,2024.07.23,11
ST_102,IT_146,2024.07.24,11
ST_102,IT_146,2024.07.25,11
ST_102,IT_146,2024.07.26,11
ST_102,IT_146,2024.07.27,11
ST_102,IT_146,2024.07.28,11
ST_102,IT_146,2024.07.29,11
ST_102,IT_146,2024.07.30,11
ST_102,IT_146,2024.07.31,11
ST_102,IT_147,2024.07.01,14
ST_102,IT_147,2024.07.02,14
ST_102,IT_147,2024.07.03,14
ST_102,IT_147,2024.07.04,14
ST_102,IT_147,2024.07.05,14
ST_102,IT_147,2024.07.06,14
ST_102,IT_147,2024.07.07,14
ST_102,IT_147,2024.07.08,14
ST_102,IT_147,2024.07.09,14
ST_102,IT_147,2024.07.10,14
ST_102,IT_147,2024.07.11,14
ST_102,IT_147,2024.07.12,14
ST_102,IT_147,2024.07.13,14
ST_102,IT_147,2024.07.14,14
ST_102,IT_147,2024.07.15,14
ST_102,IT_147,2024.07.16,14
ST_102,IT_147,2024.07.17,14
ST_102,IT_147,2024.07.18,14
ST_102,IT_147,2024.07.19,14
ST_102,IT_147,2024.07.20,14
ST_102,IT_147,2024.07.21,14
ST_102,IT_147,2024.07.22,14
ST_102,IT_147,2024.07.23,14
ST_102,IT_147,2024.07.24,14
ST_102,IT_147,2024.07.25,14
ST_102,IT_147,2024.07.26,14
ST_102,IT_147,2024.07.27,14
ST_102,IT_147,2024.07.28,14
ST_102,IT_147,2024.07.29,14
ST_102,IT_147,2024.07.30,14
ST_102,IT_147,2024.07.31,14
ST_102,IT_148,2024.07.01,16
ST_102,IT_148,2024.07.02,16
ST_102,IT_148,2024.07.03,16
ST_102,IT_148,2024.07.04,16
ST_102,IT_148,2024.07.05,16
ST_102,IT_148,2024.07.06,16
ST_102,IT_148,2024.07.07,16
ST_102,IT_148,2024.07.08,16
ST_102,IT_148,2024.07.09,16
ST_102,IT_148,2024.07.10,16
ST_102,IT_148,2024.07.11,16
ST_102,IT_148,2024.07.12,16
ST_102,IT_148,2024.07.13,16
ST_102,IT_148,2024.07.14,16
ST_102,IT_148,2024.07.15,16
ST_102,IT_148,2024.07.16,16
ST_102,IT_148,2024.07.17,16
ST_102,IT_148,2024.07.18,16
ST_102,IT_148,2024.07.19,16
ST_102,IT_148,2024.07.20,16
ST_102,IT_148,2024.07.21,16
ST_102,IT_148,2024.07.22,16
ST_102,IT_148,2024.07.23,16
ST_102,IT_148,2024.07.24,16
ST_102,IT_148,2024.07.25,16
ST_102,IT_148,2024.07.26,16
ST_102,IT_148,2024.07.27,16
ST_102,IT_148,2024.07.28,16
ST_102,IT_148,2024.07.29,16
ST_102,IT_148,2024.07.30,16
ST_102,IT_148,2024.07.31,16
ST_102,IT_152,2024.07.01,13
ST_102,IT_152,2024.07.02,13
ST_102,IT_152,2024.07.03,13
ST_102,IT_152,2024.07.04,13
ST_102,IT_152,2024.07.05,13
ST_102,IT_152,2024.07.06,13
ST_102,IT_152,2024.07.07,13
ST_102,IT_152,2024.07.08,13
ST_102,IT_152,2024.07.09,13
ST_102,IT_152,2024.07.10,13
ST_102,IT_152,2024.07.11,13
ST_102,IT_152,2024.07.12,13
ST_102,IT_152,2024.07.13,13
ST_102,IT_152,2024.07.14,13
ST_102,IT_152,2024.07.15,13
ST_102,IT_152,2024.07.16,13
ST_102,IT_152,2024.07.17,13
ST_102,IT_152,2024.07.18,13
ST_102,IT_152,2024.07.19,13
ST_102,IT_152,2024.07.20,13
ST_102,IT_152,2024.07.21,13
ST_102,IT_152,2024.07.22,13
ST_102,IT_152,2024.07.23,13
ST_102,IT_152,2024.07.24,13
ST_102,IT_152,2024.07.25,13
ST_102,IT_152,2024.07.26,13
ST_102,IT_152,2024.07.27,13
ST_102,IT_152,2024.07.28,13
ST_102,IT_152,2024.07.29,13
ST_102,IT_152,2024.07.30,13
ST_102,IT_152,2024.07.31,13
ST_102,IT_153,2024.07.01,9
ST_102,IT_153,2024.07.02,9
ST_102,IT_153,2024.07.03,9
ST_102,IT_153,2024.07.04,9
ST_102,IT_153,2024.07.05,9
ST_102,IT_153,2024.07.06,9
ST_102,IT_153,2024.07.07,9
ST_102,IT_153,2024.07.08,9
ST_102,IT_153,2024.07.09,9
ST_102,IT_153,2024.07.10,9
ST_102,IT_153,2024.07.11,9
ST_102,IT_153,2024.07.12,9
ST_102,IT_153,2024.07.13,9
ST_102,IT_153,2024.07.14,9
ST_102,IT_153,2024.07.15,9
ST_102,IT_153,2024.07.16,9
ST_102,IT_153,2024.07.17,9
ST_102,IT_153,2024.07.18,9
ST_102,IT_153,2024.07.19,9
ST_102,IT_153,2024.07.20,9
ST_102,IT_153,2024.07.21,9
ST_102,IT_153,2024.07.22,9
ST_102,IT_153,2024.07.23,9
ST_102,IT_153,2024.07.24,9
ST_102,IT_153,2024.07.25,9
ST_102,IT_153,2024.07.26,9
ST_102,IT_153,2024.07.27,9
ST_102,IT_153,2024.07.28,9
ST_102,IT_153,2024.07.29,9
ST_102,IT_153,2024.07.30,9
ST_102,IT_153,2024.07.31,9
ST_102,IT_154,2024.07.01,15
ST_102,IT_154,2024.07.02,15
ST_102,IT_154,2024.07.03,15
ST_102,IT_154,2024.07.04,15
ST_102,IT_154,2024.07.05,15
ST_102,IT_154,2024.07.06,15
ST_102,IT_154,2024.07.07,15
ST_102,IT_154,2024.07.08,15
ST_102,IT_154,2024.07.09,15
ST_102,IT_154,2024.07.10,15
ST_102,IT_154,2024.07.11,15
ST_102,IT_154,2024.07.12,15
ST_102,IT_154,2024.07.13,15
ST_102,IT_154,2024.07.14,15
ST_102,IT_154,2024.07.15,15
ST_102,IT_154,2024.07.16,15
ST_102,IT_154,2024.07.17,15
ST_102,IT_154,2024.07.18,15
ST_102,IT_154,2024.07.19,15
ST_102,IT_154,2024.07.20,15
ST_102,IT_154,2024.07.21,15
ST_102,IT_154,2024.07.22,15
ST_102,IT_154,2024.07.23,15
ST_102,IT_154,2024.07.24,15
ST_102,IT_154,2024.07.25,15
ST_102,IT_154,2024.07.26,15
ST_102,IT_154,2024.07.27,15
ST_102,IT_154,2024.07.28,15
ST_102,IT_154,2024.07.29,15
ST_102,IT_154,2024.07.30,15
ST_102,IT_154,2024.07.31,15
ST_102,IT_155,2024.07.01,20
ST_102,IT_155,2024.07.02,20
ST_102,IT_155,2024.07.03,20
ST_102,IT_155,2024.07.04,20
ST_102,IT_155,2024.07.05,20
ST_102,IT_155,2024.07.06,20
ST_102,IT_155,2024.07.07,20
ST_102,IT_155,2024.07.08,20
ST_102,IT_155,2024.07.09,20
ST_102,IT_155,2024.07.10,20
ST_102,IT_155,2024.07.11,20
ST_102,IT_155,2024.07.12,20
ST_102,IT_155,2024.07.13,20
ST_102,IT_155,2024.07.14,20
ST_102,IT_155,2024.07.15,20
ST_102,IT_155,2024.07.16,20
ST_102,IT_155,2024.07.17,20
ST_102,IT_155,2024.07.18,20
ST_102,IT_155,2024.07.19,20
ST_102,IT_155,2024.07.20,20
ST_102,IT_155,2024.07.21,20
ST_102,IT_155,2024.07.22,20
ST_102,IT_155,2024.07.23,20
ST_102,IT_155,2024.07.24,20
ST_102,IT_155,2024.07.25,20
ST_102,IT_155,2024.07.26,20
ST_102,IT_155,2024.07.27,20
ST_102,IT_155,2024.07.28,20
ST_102,IT_155,2024.07.29,20
ST_102,IT_155,2024.07.30,20
ST_102,IT_155,2024.07.31,20
ST_102,IT_156,2024.07.01,19
ST_102,IT_156,2024.07.02,19
ST_102,IT_156,2024.07.03,19
ST_102,IT_156,2024.07.04,19
ST_102,IT_156,2024.07.05,19
ST_102,IT_156,2024.07.06,19
ST_102,IT_156,2024.07.07,19
ST_102,IT_156,2024.07.08,19
ST_102,IT_156,2024.07.09,19
ST_102,IT_156,2024.07.10,19
ST_102,IT_156,2024.07.11,19
ST_102,IT_156,2024.07.12,19
ST_102,IT_156,2024.07.13,19
ST_102,IT_156,2024.07.14,19
ST_102,IT_156,2024.07.15,19
ST_102,IT_156,2024.07.16,19
ST_102,IT_156,2024.07.17,19
ST_102,IT_156,2024.07.18,19
ST_102,IT_156,2024.07.19,19
ST_102,IT_156,2024.07.20,19
ST_102,IT_156,2024.07.21,19
ST_102,IT_156,2024.07.22,19
ST_102,IT_156,2024.07.23,19
ST_102,IT_156,2024.07.24,19
ST_102,IT_156,2024.07.25,19
ST_102,IT_156,2024.07.26,19
ST_102,IT_156,2024.07.27,19
ST_102,IT_156,2024.07.28,19
ST_102,IT_156,2024.07.29,19
ST_102,IT_156,2024.07.30,19
ST_102,IT_156,2024.07.31,19
ST_102,IT_157,2024.07.01,11
ST_102,IT_157,2024.07.02,11
ST_102,IT_157,2024.07.03,11
ST_102,IT_157,2024.07.04,11
ST_102,IT_157,2024.07.05,11
ST_102,IT_157,2024.07.06,11
ST_102,IT_157,2024.07.07,11
ST_102,IT_157,2024.07.08,11
ST_102,IT_157,2024.07.09,11
ST_102,IT_157,2024.07.10,11
ST_102,IT_157,2024.07.11,11
ST_102,IT_157,2024.07.12,11
ST_102,IT_157,2024.07.13,11
ST_102,IT_157,2024.07.14,11
ST_102,IT_157,2024.07.15,11
ST_102,IT_157,2024.07.16,11
ST_102,IT_157,2024.07.17,11
ST_102,IT_157,2024.07.18,11
ST_102,IT_157,2024.07.19,11
ST_102,IT_157,2024.07.20,11
ST_102,IT_157,2024.07.21,11
ST_102,IT_157,2024.07.22,11
ST_102,IT_157,2024.07.23,11
ST_102,IT_157,2024.07.24,11
ST_102,IT_157,2024.07.25,11
ST_102,IT_157,2024.07.26,11
ST_102,IT_157,2024.07.27,11
ST_102,IT_157,2024.07.28,11
ST_102,IT_157,2024.07.29,11
ST_102,IT_157,2024.07.30,11
ST_102,IT_157,2024.07.31,11
ST_102,IT_158,2024.07.01,4
ST_102,IT_158,2024.07.02,4
ST_102,IT_158,2024.07.03,4
ST_102,IT_158,2024.07.04,4
ST_102,IT_158,2024.07.05,4
ST_102,IT_158,2024.07.06,4
ST_102,IT_158,2024.07.07,4
ST_102,IT_158,2024.07.08,4
ST_102,IT_158,2024.07.09,4
ST_102,IT_158,2024.07.10,4
ST_102,IT_158,2024.07.11,4
ST_102,IT_158,2024.07.12,4
ST_102,IT_158,2024.07.13,4
ST_102,IT_158,2024.07.14,4
ST_102,IT_158,2024.07.15,4
ST_102,IT_158,2024.07.16,4
ST_102,IT_158,2024.07.17,4
ST_102,IT_158,2024.07.18,4
ST_102,IT_158,2024.07.19,4
ST_102,IT_158,2024.07.20,4
ST_102,IT_158,2024.07.21,4
ST_102,IT_158,2024.07.22,4
ST_102,IT_158,2024.07.23,4
ST_102,IT_158,2024.07.24,4
ST_102,IT_158,2024.07.25,4
ST_102,IT_158,2024.07.26,4
ST_102,IT_158,2024.07.27,4
ST_102,IT_158,2024.07.28,4
ST_102,IT_158,2024.07.29,4
ST_102,IT_158,2024.07.30,4
ST_102,IT_158,2024.07.31,4
ST_102,IT_159,2024.07.01,15
ST_102,IT_159,2024.07.02,15
ST_102,IT_159,2024.07.03,15
ST_102,IT_159,2024.07.04,15
ST_102,IT_159,2024.07.05,15
ST_102,IT_159,2024.07.06,15
ST_102,IT_159,2024.07.07,15
ST_102,IT_159,2024.07.08,15
ST_102,IT_159,2024.07.09,15
ST_102,IT_159,2024.07.10,15
ST_102,IT_159,2024.07.11,15
ST_102,IT_159,2024.07.12,15
ST_102,IT_159,2024.07.13,15
ST_102,IT_159,2024.07.14,15
ST_102,IT_159,2024.07.15,15
ST_102,IT_159,2024.07.16,15
ST_102,IT_159,2024.07.17,15
ST_102,IT_159,2024.07.18,15
ST_102,IT_159,2024.07.19,15
ST_102,IT_159,2024.07.20,15
ST_102,IT_159,2024.07.21,15
ST_102,IT_159,2024.07.22,15
ST_102,IT_159,2024.07.23,15
ST_102,IT_159,2024.07.24,15
ST_102,IT_159,2024.07.25,15
ST_102,IT_159,2024.07.26,15
ST_102,IT_159,2024.07.27,15
ST_102,IT_159,2024.07.28,15
ST_102,IT_159,2024.07.29,15
ST_102,IT_159,2024.07.30,15
ST_102,IT_159,2024.07.31,15
ST_102,IT_160,2024.07.01,0
ST_102,IT_160,2024.07.02,0
ST_102,IT_160,2024.07.03,0
ST_102,IT_160,2024.07.04,0
ST_102,IT_160,2024.07.05,0
ST_102,IT_160,2024.07.06,0
ST_102,IT_160,2024.07.07,0
ST_102,IT_160,2024.07.08,0
ST_102,IT_160,2024.07.09,0
ST_102,IT_160,2024.07.10,0
ST_102,IT_160,2024.07.11,0
ST_102,IT_160,2024.07.12,0
ST_102,IT_160,2024.07.13,0
ST_102,IT_160,2024.07.14,0
ST_102,IT_160,2024.07.15,0
ST_102,IT_160,2024.07.16,0
ST_102,IT_160,2024.07.17,0
ST_102,IT_160,2024.07.18,0
ST_102,IT_160,2024.07.19,0
ST_102,IT_160,2024.07.20,0
ST_102,IT_160,2024.07.21,0
ST_102,IT_160,2024.07.22,0
ST_102,IT_160,2024.07.23,0
ST_102,IT_160,2024.07.24,0
ST_102,IT_160,2024.07.25,0
ST_102,IT_160,2024.07.26,0
ST_102,IT_160,2024.07.27,0
ST_102,IT_160,2024.07.28,0
ST_102,IT_160,2024.07.29,0
ST_102,IT_160,2024.07.30,0
ST_102,IT_160,2024.07.31,0
ST_102,IT_162,2024.07.01,11
ST_102,IT_162,2024.07.02,11
ST_102,IT_162,2024.07.03,11
ST_102,IT_162,2024.07.04,11
ST_102,IT_162,2024.07.05,11
ST_102,IT_162,2024.07.06,11
ST_102,IT_162,2024.07.07,11
ST_102,IT_162,2024.07.08,11
ST_102,IT_162,2024.07.09,11
ST_102,IT_162,2024.07.10,11
ST_102,IT_162,2024.07.11,11
ST_102,IT_162,2024.07.12,11
ST_102,IT_162,2024.07.13,11
ST_102,IT_162,2024.07.14,11
ST_102,IT_162,2024.07.15,11
ST_102,IT_162,2024.07.16,11
ST_102,IT_162,2024.07.17,11
ST_102,IT_162,2024.07.18,11
ST_102,IT_162,2024.07.19,11
ST_102,IT_162,2024.07.20,11
ST_102,IT_162,2024.07.21,11
ST_102,IT_162,2024.07.22,11
ST_102,IT_162,2024.07.23,11
ST_102,IT_162,2024.07.24,11
ST_102,IT_162,2024.07.25,11
ST_102,IT_162,2024.07.26,11
ST_102,IT_162,2024.07.27,11
ST_102,IT_162,2024.07.28,11
ST_102,IT_162,2024.07.29,11
ST_102,IT_162,2024.07.30,11
ST_102,IT_162,2024.07.31,11
ST_102,IT_163,2024.07.01,3
ST_102,IT_163,2024.07.02,3
ST_102,IT_163,2024.07.03,3
ST_102,IT_163,2024.07.04,3
ST_102,IT_163,2024.07.05,3
ST_102,IT_163,2024.07.06,3
ST_102,IT_163,2024.07.07,3
ST_102,IT_163,2024.07.08,3
ST_102,IT_163,2024.07.09,3
ST_102,IT_163,2024.07.10,3
ST_102,IT_163,2024.07.11,3
ST_102,IT_163,2024.07.12,3
ST_102,IT_163,2024.07.13,3
ST_102,IT_163,2024.07.14,3
ST_102,IT_163,2024.07.15,3
ST_102,IT_163,2024.07.16,3
ST_102,IT_163,2024.07.17,3
ST_102,IT_163,2024.07.18,3
ST_102,IT_163,2024.07.19,3
ST_102,IT_163,2024.07.20,3
ST_102,IT_163,2024.07.21,3
ST_102,IT_163,2024.07.22,3
ST_102,IT_163,2024.07.23,3
ST_102,IT_163,2024.07.24,3
ST_102,IT_163,2024.07.25,3
ST_102,IT_163,2024.07.26,3
ST_102,IT_163,2024.07.27,3
ST_102,IT_163,2024.07.28,3
ST_102,IT_163,2024.07.29,3
ST_102,IT_163,2024.07.30,3
ST_102,IT_163,2024.07.31,3
ST_102,IT_164,2024.07.01,27
ST_102,IT_164,2024.07.02,27
ST_102,IT_164,2024.07.03,27
ST_102,IT_164,2024.07.04,27
ST_102,IT_164,2024.07.05,27
ST_102,IT_164,2024.07.06,27
ST_102,IT_164,2024.07.07,27
ST_102,IT_164,2024.07.08,27
ST_102,IT_164,2024.07.09,27
ST_102,IT_164,2024.07.10,27
ST_102,IT_164,2024.07.11,27
ST_102,IT_164,2024.07.12,27
ST_102,IT_164,2024.07.13,27
ST_102,IT_164,2024.07.14,27
ST_102,IT_164,2024.07.15,27
ST_102,IT_164,2024.07.16,27
ST_102,IT_164,2024.07.17,27
ST_102,IT_164,2024.07.18,27
ST_102,IT_164,2024.07.19,27
ST_102,IT_164,2024.07.20,27
ST_102,IT_164,2024.07.21,27
ST_102,IT_164,2024.07.22,27
ST_102,IT_164,2024.07.23,27
ST_102,IT_164,2024.07.24,27
ST_102,IT_164,2024.07.25,27
ST_102,IT_164,2024.07.26,27
ST_102,IT_164,2024.07.27,27
ST_102,IT_164,2024.07.28,27
ST_102,IT_164,2024.07.29,27
ST_102,IT_164,2024.07.30,27
ST_102,IT_164,2024.07.31,27
ST_102,IT_165,2024.07.01,288
ST_102,IT_165,2024.07.02,288
ST_102,IT_165,2024.07.03,288
ST_102,IT_165,2024.07.04,288
ST_102,IT_165,2024.07.05,288
ST_102,IT_165,2024.07.06,288
ST_102,IT_165,2024.07.07,288
ST_102,IT_165,2024.07.08,288
ST_102,IT_165,2024.07.09,288
ST_102,IT_165,2024.07.10,288
ST_102,IT_165,2024.07.11,288
ST_102,IT_165,2024.07.12,288
ST_102,IT_165,2024.07.13,288
ST_102,IT_165,2024.07.14,288
ST_102,IT_165,2024.07.15,288
ST_102,IT_165,2024.07.16,288
ST_102,IT_165,2024.07.17,288
ST_102,IT_165,2024.07.18,288
ST_102,IT_165,2024.07.19,288
ST_102,IT_165,2024.07.20,288
ST_102,IT_165,2024.07.21,288
ST_102,IT_165,2024.07.22,288
ST_102,IT_165,2024.07.23,288
ST_102,IT_165,2024.07.24,288
ST_102,IT_165,2024.07.25,288
ST_102,IT_165,2024.07.26,288
ST_102,IT_165,2024.07.27,288
ST_102,IT_165,2024.07.28,288
ST_102,IT_165,2024.07.29,288
ST_102,IT_165,2024.07.30,288
ST_102,IT_165,2024.07.31,288
ST_102,IT_167,2024.07.01,20
ST_102,IT_167,2024.07.02,20
ST_102,IT_167,2024.07.03,20
ST_102,IT_167,2024.07.04,20
ST_102,IT_167,2024.07.05,20
ST_102,IT_167,2024.07.06,20
ST_102,IT_167,2024.07.07,20
ST_102,IT_167,2024.07.08,20
ST_102,IT_167,2024.07.09,20
ST_102,IT_167,2024.07.10,20
ST_102,IT_167,2024.07.11,20
ST_102,IT_167,2024.07.12,20
ST_102,IT_167,2024.07.13,20
ST_102,IT_167,2024.07.14,20
ST_102,IT_167,2024.07.15,20
ST_102,IT_167,2024.07.16,20
ST_102,IT_167,2024.07.17,20
ST_102,IT_167,2024.07.18,20
ST_102,IT_167,2024.07.19,20
ST_102,IT_167,2024.07.20,20
ST_102,IT_167,2024.07.21,20
ST_102,IT_167,2024.07.22,20
ST_102,IT_167,2024.07.23,20
ST_102,IT_167,2024.07.24,20
ST_102,IT_167,2024.07.25,20
ST_102,IT_167,2024.07.26,20
ST_102,IT_167,2024.07.27,20
ST_102,IT_167,2024.07.28,20
ST_102,IT_167,2024.07.29,20
ST_102,IT_167,2024.07.30,20
ST_102,IT_167,2024.07.31,20
ST_102,IT_168,2024.07.01,1
ST_102,IT_168,2024.07.02,1
ST_102,IT_168,2024.07.03,1
ST_102,IT_168,2024.07.04,1
ST_102,IT_168,2024.07.05,1
ST_102,IT_168,2024.07.06,1
ST_102,IT_168,2024.07.07,1
ST_102,IT_168,2024.07.08,1
ST_102,IT_168,2024.07.09,1
ST_102,IT_168,2024.07.10,1
ST_102,IT_168,2024.07.11,1
ST_102,IT_168,2024.07.12,1
ST_102,IT_168,2024.07.13,1
ST_102,IT_168,2024.07.14,1
ST_102,IT_168,2024.07.15,1
ST_102,IT_168,2024.07.16,1
ST_102,IT_168,2024.07.17,1
ST_102,IT_168,2024.07.18,1
ST_102,IT_168,2024.07.19,1
ST_102,IT_168,2024.07.20,1
ST_102,IT_168,2024.07.21,1
ST_102,IT_168,2024.07.22,1
ST_102,IT_168,2024.07.23,1
ST_102,IT_168,2024.07.24,1
ST_102,IT_168,2024.07.25,1
ST_102,IT_168,2024.07.26,1
ST_102,IT_168,2024.07.27,1
ST_102,IT_168,2024.07.28,1
ST_102,IT_168,2024.07.29,1
ST_102,IT_168,2024.07.30,1
ST_102,IT_168,2024.07.31,1
ST_102,IT_169,2024.07.01,7
ST_102,IT_169,2024.07.02,7
ST_102,IT_169,2024.07.03,7
ST_102,IT_169,2024.07.04,7
ST_102,IT_169,2024.07.05,7
ST_102,IT_169,2024.07.06,7
ST_102,IT_169,2024.07.07,7
ST_102,IT_169,2024.07.08,7
ST_102,IT_169,2024.07.09,7
ST_102,IT_169,2024.07.10,7
ST_102,IT_169,2024.07.11,7
ST_102,IT_169,2024.07.12,7
ST_102,IT_169,2024.07.13,7
ST_102,IT_169,2024.07.14,7
ST_102,IT_169,2024.07.15,7
ST_102,IT_169,2024.07.16,7
ST_102,IT_169,2024.07.17,7
ST_102,IT_169,2024.07.18,7
ST_102,IT_169,2024.07.19,7
ST_102,IT_169,2024.07.20,7
ST_102,IT_169,2024.07.21,7
ST_102,IT_169,2024.07.22,7
ST_102,IT_169,2024.07.23,7
ST_102,IT_169,2024.07.24,7
ST_102,IT_169,2024.07.25,7
ST_102,IT_169,2024.07.26,7
ST_102,IT_169,2024.07.27,7
ST_102,IT_169,2024.07.28,7
ST_102,IT_169,2024.07.29,7
ST_102,IT_169,2024.07.30,7
ST_102,IT_169,2024.07.31,7
ST_102,IT_170,2024.07.01,20
ST_102,IT_170,2024.07.02,20
ST_102,IT_170,2024.07.03,20
ST_102,IT_170,2024.07.04,20
ST_102,IT_170,2024.07.05,20
ST_102,IT_170,2024.07.06,20
ST_102,IT_170,2024.07.07,20
ST_102,IT_170,2024.07.08,20
ST_102,IT_170,2024.07.09,20
ST_102,IT_170,2024.07.10,20
ST_102,IT_170,2024.07.11,20
ST_102,IT_170,2024.07.12,20
ST_102,IT_170,2024.07.13,20
ST_102,IT_170,2024.07.14,20
ST_102,IT_170,2024.07.15,20
ST_102,IT_170,2024.07.16,20
ST_102,IT_170,2024.07.17,20
ST_102,IT_170,2024.07.18,20
ST_102,IT_170,2024.07.19,20
ST_102,IT_170,2024.07.20,20
ST_102,IT_170,2024.07.21,20
ST_102,IT_170,2024.07.22,20
ST_102,IT_170,2024.07.23,20
ST_102,IT_170,2024.07.24,20
ST_102,IT_170,2024.07.25,20
ST_102,IT_170,2024.07.26,20
ST_102,IT_170,2024.07.27,20
ST_102,IT_170,2024.07.28,20
ST_102,IT_170,2024.07.29,20
ST_102,IT_170,2024.07.30,20
ST_102,IT_170,2024.07.31,20
ST_102,IT_171,2024.07.01,30
ST_102,IT_171,2024.07.02,30
ST_102,IT_171,2024.07.03,30
ST_102,IT_171,2024.07.04,30
ST_102,IT_171,2024.07.05,30
ST_102,IT_171,2024.07.06,30
ST_102,IT_171,2024.07.07,30
ST_102,IT_171,2024.07.08,30
ST_102,IT_171,2024.07.09,30
ST_102,IT_171,2024.07.10,30
ST_102,IT_171,2024.07.11,30
ST_102,IT_171,2024.07.12,30
ST_102,IT_171,2024.07.13,30
ST_102,IT_171,2024.07.14,30
ST_102,IT_171,2024.07.15,30
ST_102,IT_171,2024.07.16,30
ST_102,IT_171,2024.07.17,30
ST_102,IT_171,2024.07.18,30
ST_102,IT_171,2024.07.19,30
ST_102,IT_171,2024.07.20,30
ST_102,IT_171,2024.07.21,30
ST_102,IT_171,2024.07.22,30
ST_102,IT_171,2024.07.23,30
ST_102,IT_171,2024.07.24,30
ST_102,IT_171,2024.07.25,30
ST_102,IT_171,2024.07.26,30
ST_102,IT_171,2024.07.27,30
ST_102,IT_171,2024.07.28,30
ST_102,IT_171,2024.07.29,30
ST_102,IT_171,2024.07.30,30
ST_102,IT_171,2024.07.31,30
ST_102,IT_101,2024.08.01,4000
ST_102,IT_101,2024.08.02,4000
ST_102,IT_101,2024.08.03,4000
ST_102,IT_101,2024.08.04,4000
ST_102,IT_101,2024.08.05,4000
ST_102,IT_101,2024.08.06,4000
ST_102,IT_101,2024.08.07,4000
ST_102,IT_101,2024.08.08,4000
ST_102,IT_101,2024.08.09,4000
ST_102,IT_101,2024.08.10,4000
ST_102,IT_101,2024.08.11,4000
ST_102,IT_101,2024.08.12,4000
ST_102,IT_101,2024.08.13,4000
ST_102,IT_101,2024.08.14,4000
ST_102,IT_101,2024.08.15,4000
ST_102,IT_101,2024.08.16,4000
ST_102,IT_101,2024.08.17,4000
ST_102,IT_101,2024.08.18,4000
ST_102,IT_101,2024.08.19,4000
ST_102,IT_101,2024.08.20,4000
ST_102,IT_101,2024.08.21,4000
ST_102,IT_101,2024.08.22,4000
ST_102,IT_101,2024.08.23,4000
ST_102,IT_101,2024.08.24,4000
ST_102,IT_101,2024.08.25,4000
ST_102,IT_101,2024.08.26,4000
ST_102,IT_101,2024.08.27,4000
ST_102,IT_101,2024.08.28,4000
ST_102,IT_101,2024.08.29,4000
ST_102,IT_101,2024.08.30,4000
ST_102,IT_101,2024.08.31,4000
ST_102,IT_102,2024.08.01,3000
ST_102,IT_102,2024.08.02,3000
ST_102,IT_102,2024.08.03,3000
ST_102,IT_102,2024.08.04,3000
ST_102,IT_102,2024.08.05,3000
ST_102,IT_102,2024.08.06,3000
ST_102,IT_102,2024.08.07,3000
ST_102,IT_102,2024.08.08,3000
ST_102,IT_102,2024.08.09,3000
ST_102,IT_102,2024.08.10,3000
ST_102,IT_102,2024.08.11,3000
ST_102,IT_102,2024.08.12,3000
ST_102,IT_102,2024.08.13,3000
ST_102,IT_102,2024.08.14,3000
ST_102,IT_102,2024.08.15,3000
ST_102,IT_102,2024.08.16,3000
ST_102,IT_102,2024.08.17,3000
ST_102,IT_102,2024.08.18,3000
ST_102,IT_102,2024.08.19,3000
ST_102,IT_102,2024.08.20,3000
ST_102,IT_102,2024.08.21,3000
ST_102,IT_102,2024.08.22,3000
ST_102,IT_102,2024.08.23,3000
ST_102,IT_102,2024.08.24,3000
ST_102,IT_102,2024.08.25,3000
ST_102,IT_102,2024.08.26,3000
ST_102,IT_102,2024.08.27,3000
ST_102,IT_102,2024.08.28,3000
ST_102,IT_102,2024.08.29,3000
ST_102,IT_102,2024.08.30,3000
ST_102,IT_102,2024.08.31,3000
ST_102,IT_103,2024.08.01,2000
ST_102,IT_103,2024.08.02,2000
ST_102,IT_103,2024.08.03,2000
ST_102,IT_103,2024.08.04,2000
ST_102,IT_103,2024.08.05,2000
ST_102,IT_103,2024.08.06,2000
ST_102,IT_103,2024.08.07,2000
ST_102,IT_103,2024.08.08,2000
ST_102,IT_103,2024.08.09,2000
ST_102,IT_103,2024.08.10,2000
ST_102,IT_103,2024.08.11,2000
ST_102,IT_103,2024.08.12,2000
ST_102,IT_103,2024.08.13,2000
ST_102,IT_103,2024.08.14,2000
ST_102,IT_103,2024.08.15,2000
ST_102,IT_103,2024.08.16,2000
ST_102,IT_103,2024.08.17,2000
ST_102,IT_103,2024.08.18,2000
ST_102,IT_103,2024.08.19,2000
ST_102,IT_103,2024.08.20,2000
ST_102,IT_103,2024.08.21,2000
ST_102,IT_103,2024.08.22,2000
ST_102,IT_103,2024.08.23,2000
ST_102,IT_103,2024.08.24,2000
ST_102,IT_103,2024.08.25,2000
ST_102,IT_103,2024.08.26,2000
ST_102,IT_103,2024.08.27,2000
ST_102,IT_103,2024.08.28,2000
ST_102,IT_103,2024.08.29,2000
ST_102,IT_103,2024.08.30,2000
ST_102,IT_103,2024.08.31,2000
ST_102,IT_104,2024.08.01,0
ST_102,IT_104,2024.08.02,0
ST_102,IT_104,2024.08.03,0
ST_102,IT_104,2024.08.04,0
ST_102,IT_104,2024.08.05,0
ST_102,IT_104,2024.08.06,0
ST_102,IT_104,2024.08.07,0
ST_102,IT_104,2024.08.08,0
ST_102,IT_104,2024.08.09,0
ST_102,IT_104,2024.08.10,0
ST_102,IT_104,2024.08.11,0
ST_102,IT_104,2024.08.12,0
ST_102,IT_104,2024.08.13,0
ST_102,IT_104,2024.08.14,0
ST_102,IT_104,2024.08.15,0
ST_102,IT_104,2024.08.16,0
ST_102,IT_104,2024.08.17,0
ST_102,IT_104,2024.08.18,0
ST_102,IT_104,2024.08.19,0
ST_102,IT_104,2024.08.20,0
ST_102,IT_104,2024.08.21,0
ST_102,IT_104,2024.08.22,0
ST_102,IT_104,2024.08.23,0
ST_102,IT_104,2024.08.24,0
ST_102,IT_104,2024.08.25,0
ST_102,IT_104,2024.08.26,0
ST_102,IT_104,2024.08.27,0
ST_102,IT_104,2024.08.28,0
ST_102,IT_104,2024.08.29,0
ST_102,IT_104,2024.08.30,0
ST_102,IT_104,2024.08.31,0
ST_102,IT_105,2024.08.01,9000
ST_102,IT_105,2024.08.02,9000
ST_102,IT_105,2024.08.03,9000
ST_102,IT_105,2024.08.04,9000
ST_102,IT_105,2024.08.05,9000
ST_102,IT_105,2024.08.06,9000
ST_102,IT_105,2024.08.07,9000
ST_102,IT_105,2024.08.08,9000
ST_102,IT_105,2024.08.09,9000
ST_102,IT_105,2024.08.10,9000
ST_102,IT_105,2024.08.11,9000
ST_102,IT_105,2024.08.12,9000
ST_102,IT_105,2024.08.13,9000
ST_102,IT_105,2024.08.14,9000
ST_102,IT_105,2024.08.15,9000
ST_102,IT_105,2024.08.16,9000
ST_102,IT_105,2024.08.17,9000
ST_102,IT_105,2024.08.18,9000
ST_102,IT_105,2024.08.19,9000
ST_102,IT_105,2024.08.20,9000
ST_102,IT_105,2024.08.21,9000
ST_102,IT_105,2024.08.22,9000
ST_102,IT_105,2024.08.23,9000
ST_102,IT_105,2024.08.24,9000
ST_102,IT_105,2024.08.25,9000
ST_102,IT_105,2024.08.26,9000
ST_102,IT_105,2024.08.27,9000
ST_102,IT_105,2024.08.28,9000
ST_102,IT_105,2024.08.29,9000
ST_102,IT_105,2024.08.30,9000
ST_102,IT_105,2024.08.31,9000
ST_102,IT_106,2024.08.01,7000
ST_102,IT_106,2024.08.02,7000
ST_102,IT_106,2024.08.03,7000
ST_102,IT_106,2024.08.04,7000
ST_102,IT_106,2024.08.05,7000
ST_102,IT_106,2024.08.06,7000
ST_102,IT_106,2024.08.07,7000
ST_102,IT_106,2024.08.08,7000
ST_102,IT_106,2024.08.09,7000
ST_102,IT_106,2024.08.10,7000
ST_102,IT_106,2024.08.11,7000
ST_102,IT_106,2024.08.12,7000
ST_102,IT_106,2024.08.13,7000
ST_102,IT_106,2024.08.14,7000
ST_102,IT_106,2024.08.15,7000
ST_102,IT_106,2024.08.16,7000
ST_102,IT_106,2024.08.17,7000
ST_102,IT_106,2024.08.18,7000
ST_102,IT_106,2024.08.19,7000
ST_102,IT_106,2024.08.20,7000
ST_102,IT_106,2024.08.21,7000
ST_102,IT_106,2024.08.22,7000
ST_102,IT_106,2024.08.23,7000
ST_102,IT_106,2024.08.24,7000
ST_102,IT_106,2024.08.25,7000
ST_102,IT_106,2024.08.26,7000
ST_102,IT_106,2024.08.27,7000
ST_102,IT_106,2024.08.28,7000
ST_102,IT_106,2024.08.29,7000
ST_102,IT_106,2024.08.30,7000
ST_102,IT_106,2024.08.31,7000
ST_102,IT_107,2024.08.01,9000
ST_102,IT_107,2024.08.02,9000
ST_102,IT_107,2024.08.03,9000
ST_102,IT_107,2024.08.04,9000
ST_102,IT_107,2024.08.05,9000
ST_102,IT_107,2024.08.06,9000
ST_102,IT_107,2024.08.07,9000
ST_102,IT_107,2024.08.08,9000
ST_102,IT_107,2024.08.09,9000
ST_102,IT_107,2024.08.10,9000
ST_102,IT_107,2024.08.11,9000
ST_102,IT_107,2024.08.12,9000
ST_102,IT_107,2024.08.13,9000
ST_102,IT_107,2024.08.14,9000
ST_102,IT_107,2024.08.15,9000
ST_102,IT_107,2024.08.16,9000
ST_102,IT_107,2024.08.17,9000
ST_102,IT_107,2024.08.18,9000
ST_102,IT_107,2024.08.19,9000
ST_102,IT_107,2024.08.20,9000
ST_102,IT_107,2024.08.21,9000
ST_102,IT_107,2024.08.22,9000
ST_102,IT_107,2024.08.23,9000
ST_102,IT_107,2024.08.24,9000
ST_102,IT_107,2024.08.25,9000
ST_102,IT_107,2024.08.26,9000
ST_102,IT_107,2024.08.27,9000
ST_102,IT_107,2024.08.28,9000
ST_102,IT_107,2024.08.29,9000
ST_102,IT_107,2024.08.30,9000
ST_102,IT_107,2024.08.31,9000
ST_102,IT_108,2024.08.01,9000
ST_102,IT_108,2024.08.02,9000
ST_102,IT_108,2024.08.03,9000
ST_102,IT_108,2024.08.04,9000
ST_102,IT_108,2024.08.05,9000
ST_102,IT_108,2024.08.06,9000
ST_102,IT_108,2024.08.07,9000
ST_102,IT_108,2024.08.08,9000
ST_102,IT_108,2024.08.09,9000
ST_102,IT_108,2024.08.10,9000
ST_102,IT_108,2024.08.11,9000
ST_102,IT_108,2024.08.12,9000
ST_102,IT_108,2024.08.13,9000
ST_102,IT_108,2024.08.14,9000
ST_102,IT_108,2024.08.15,9000
ST_102,IT_108,2024.08.16,9000
ST_102,IT_108,2024.08.17,9000
ST_102,IT_108,2024.08.18,9000
ST_102,IT_108,2024.08.19,9000
ST_102,IT_108,2024.08.20,9000
ST_102,IT_108,2024.08.21,9000
ST_102,IT_108,2024.08.22,9000
ST_102,IT_108,2024.08.23,9000
ST_102,IT_108,2024.08.24,9000
ST_102,IT_108,2024.08.25,9000
ST_102,IT_108,2024.08.26,9000
ST_102,IT_108,2024.08.27,9000
ST_102,IT_108,2024.08.28,9000
ST_102,IT_108,2024.08.29,9000
ST_102,IT_108,2024.08.30,9000
ST_102,IT_108,2024.08.31,9000
ST_102,IT_109,2024.08.01,0
ST_102,IT_109,2024.08.02,0
ST_102,IT_109,2024.08.03,0
ST_102,IT_109,2024.08.04,0
ST_102,IT_109,2024.08.05,0
ST_102,IT_109,2024.08.06,0
ST_102,IT_109,2024.08.07,0
ST_102,IT_109,2024.08.08,0
ST_102,IT_109,2024.08.09,0
ST_102,IT_109,2024.08.10,0
ST_102,IT_109,2024.08.11,0
ST_102,IT_109,2024.08.12,0
ST_102,IT_109,2024.08.13,0
ST_102,IT_109,2024.08.14,0
ST_102,IT_109,2024.08.15,0
ST_102,IT_109,2024.08.16,0
ST_102,IT_109,2024.08.17,0
ST_102,IT_109,2024.08.18,0
ST_102,IT_109,2024.08.19,0
ST_102,IT_109,2024.08.20,0
ST_102,IT_109,2024.08.21,0
ST_102,IT_109,2024.08.22,0
ST_102,IT_109,2024.08.23,0
ST_102,IT_109,2024.08.24,0
ST_102,IT_109,2024.08.25,0
ST_102,IT_109,2024.08.26,0
ST_102,IT_109,2024.08.27,0
ST_102,IT_109,2024.08.28,0
ST_102,IT_109,2024.08.29,0
ST_102,IT_109,2024.08.30,0
ST_102,IT_109,2024.08.31,0
ST_102,IT_110,2024.08.01,3000
ST_102,IT_110,2024.08.02,3000
ST_102,IT_110,2024.08.03,3000
ST_102,IT_110,2024.08.04,3000
ST_102,IT_110,2024.08.05,3000
ST_102,IT_110,2024.08.06,3000
ST_102,IT_110,2024.08.07,3000
ST_102,IT_110,2024.08.08,3000
ST_102,IT_110,2024.08.09,3000
ST_102,IT_110,2024.08.10,3000
ST_102,IT_110,2024.08.11,3000
ST_102,IT_110,2024.08.12,3000
ST_102,IT_110,2024.08.13,3000
ST_102,IT_110,2024.08.14,3000
ST_102,IT_110,2024.08.15,3000
ST_102,IT_110,2024.08.16,3000
ST_102,IT_110,2024.08.17,3000
ST_102,IT_110,2024.08.18,3000
ST_102,IT_110,2024.08.19,3000
ST_102,IT_110,2024.08.20,3000
ST_102,IT_110,2024.08.21,3000
ST_102,IT_110,2024.08.22,3000
ST_102,IT_110,2024.08.23,3000
ST_102,IT_110,2024.08.24,3000
ST_102,IT_110,2024.08.25,3000
ST_102,IT_110,2024.08.26,3000
ST_102,IT_110,2024.08.27,3000
ST_102,IT_110,2024.08.28,3000
ST_102,IT_110,2024.08.29,3000
ST_102,IT_110,2024.08.30,3000
ST_102,IT_110,2024.08.31,3000
ST_102,IT_111,2024.08.01,15000
ST_102,IT_111,2024.08.02,15000
ST_102,IT_111,2024.08.03,15000
ST_102,IT_111,2024.08.04,15000
ST_102,IT_111,2024.08.05,15000
ST_102,IT_111,2024.08.06,15000
ST_102,IT_111,2024.08.07,15000
ST_102,IT_111,2024.08.08,15000
ST_102,IT_111,2024.08.09,15000
ST_102,IT_111,2024.08.10,15000
ST_102,IT_111,2024.08.11,15000
ST_102,IT_111,2024.08.12,15000
ST_102,IT_111,2024.08.13,15000
ST_102,IT_111,2024.08.14,15000
ST_102,IT_111,2024.08.15,15000
ST_102,IT_111,2024.08.16,15000
ST_102,IT_111,2024.08.17,15000
ST_102,IT_111,2024.08.18,15000
ST_102,IT_111,2024.08.19,15000
ST_102,IT_111,2024.08.20,15000
ST_102,IT_111,2024.08.21,15000
ST_102,IT_111,2024.08.22,15000
ST_102,IT_111,2024.08.23,15000
ST_102,IT_111,2024.08.24,15000
ST_102,IT_111,2024.08.25,15000
ST_102,IT_111,2024.08.26,15000
ST_102,IT_111,2024.08.27,15000
ST_102,IT_111,2024.08.28,15000
ST_102,IT_111,2024.08.29,15000
ST_102,IT_111,2024.08.30,15000
ST_102,IT_111,2024.08.31,15000
ST_102,IT_112,2024.08.01,6500
ST_102,IT_112,2024.08.02,6500
ST_102,IT_112,2024.08.03,6500
ST_102,IT_112,2024.08.04,6500
ST_102,IT_112,2024.08.05,6500
ST_102,IT_112,2024.08.06,6500
ST_102,IT_112,2024.08.07,6500
ST_102,IT_112,2024.08.08,6500
ST_102,IT_112,2024.08.09,6500
ST_102,IT_112,2024.08.10,6500
ST_102,IT_112,2024.08.11,6500
ST_102,IT_112,2024.08.12,6500
ST_102,IT_112,2024.08.13,6500
ST_102,IT_112,2024.08.14,6500
ST_102,IT_112,2024.08.15,6500
ST_102,IT_112,2024.08.16,6500
ST_102,IT_112,2024.08.17,6500
ST_102,IT_112,2024.08.18,6500
ST_102,IT_112,2024.08.19,6500
ST_102,IT_112,2024.08.20,6500
ST_102,IT_112,2024.08.21,6500
ST_102,IT_112,2024.08.22,6500
ST_102,IT_112,2024.08.23,6500
ST_102,IT_112,2024.08.24,6500
ST_102,IT_112,2024.08.25,6500
ST_102,IT_112,2024.08.26,6500
ST_102,IT_112,2024.08.27,6500
ST_102,IT_112,2024.08.28,6500
ST_102,IT_112,2024.08.29,6500
ST_102,IT_112,2024.08.30,6500
ST_102,IT_112,2024.08.31,6500
ST_102,IT_113,2024.08.01,4800
ST_102,IT_113,2024.08.02,4800
ST_102,IT_113,2024.08.03,4800
ST_102,IT_113,2024.08.04,4800
ST_102,IT_113,2024.08.05,4800
ST_102,IT_113,2024.08.06,4800
ST_102,IT_113,2024.08.07,4800
ST_102,IT_113,2024.08.08,4800
ST_102,IT_113,2024.08.09,4800
ST_102,IT_113,2024.08.10,4800
ST_102,IT_113,2024.08.11,4800
ST_102,IT_113,2024.08.12,4800
ST_102,IT_113,2024.08.13,4800
ST_102,IT_113,2024.08.14,4800
ST_102,IT_113,2024.08.15,4800
ST_102,IT_113,2024.08.16,4800
ST_102,IT_113,2024.08.17,4800
ST_102,IT_113,2024.08.18,4800
ST_102,IT_113,2024.08.19,4800
ST_102,IT_113,2024.08.20,4800
ST_102,IT_113,2024.08.21,4800
ST_102,IT_113,2024.08.22,4800
ST_102,IT_113,2024.08.23,4800
ST_102,IT_113,2024.08.24,4800
ST_102,IT_113,2024.08.25,4800
ST_102,IT_113,2024.08.26,4800
ST_102,IT_113,2024.08.27,4800
ST_102,IT_113,2024.08.28,4800
ST_102,IT_113,2024.08.29,4800
ST_102,IT_113,2024.08.30,4800
ST_102,IT_113,2024.08.31,4800
ST_102,IT_114,2024.08.01,8000
ST_102,IT_114,2024.08.02,8000
ST_102,IT_114,2024.08.03,8000
ST_102,IT_114,2024.08.04,8000
ST_102,IT_114,2024.08.05,8000
ST_102,IT_114,2024.08.06,8000
ST_102,IT_114,2024.08.07,8000
ST_102,IT_114,2024.08.08,8000
ST_102,IT_114,2024.08.09,8000
ST_102,IT_114,2024.08.10,8000
ST_102,IT_114,2024.08.11,8000
ST_102,IT_114,2024.08.12,8000
ST_102,IT_114,2024.08.13,8000
ST_102,IT_114,2024.08.14,8000
ST_102,IT_114,2024.08.15,8000
ST_102,IT_114,2024.08.16,8000
ST_102,IT_114,2024.08.17,8000
ST_102,IT_114,2024.08.18,8000
ST_102,IT_114,2024.08.19,8000
ST_102,IT_114,2024.08.20,8000
ST_102,IT_114,2024.08.21,8000
ST_102,IT_114,2024.08.22,8000
ST_102,IT_114,2024.08.23,8000
ST_102,IT_114,2024.08.24,8000
ST_102,IT_114,2024.08.25,8000
ST_102,IT_114,2024.08.26,8000
ST_102,IT_114,2024.08.27,8000
ST_102,IT_114,2024.08.28,8000
ST_102,IT_114,2024.08.29,8000
ST_102,IT_114,2024.08.30,8000
ST_102,IT_114,2024.08.31,8000
ST_102,IT_115,2024.08.01,3500
ST_102,IT_115,2024.08.02,3500
ST_102,IT_115,2024.08.03,3500
ST_102,IT_115,2024.08.04,3500
ST_102,IT_115,2024.08.05,3500
ST_102,IT_115,2024.08.06,3500
ST_102,IT_115,2024.08.07,3500
ST_102,IT_115,2024.08.08,3500
ST_102,IT_115,2024.08.09,3500
ST_102,IT_115,2024.08.10,3500
ST_102,IT_115,2024.08.11,3500
ST_102,IT_115,2024.08.12,3500
ST_102,IT_115,2024.08.13,3500
ST_102,IT_115,2024.08.14,3500
ST_102,IT_115,2024.08.15,3500
ST_102,IT_115,2024.08.16,3500
ST_102,IT_115,2024.08.17,3500
ST_102,IT_115,2024.08.18,3500
ST_102,IT_115,2024.08.19,3500
ST_102,IT_115,2024.08.20,3500
ST_102,IT_115,2024.08.21,3500
ST_102,IT_115,2024.08.22,3500
ST_102,IT_115,2024.08.23,3500
ST_102,IT_115,2024.08.24,3500
ST_102,IT_115,2024.08.25,3500
ST_102,IT_115,2024.08.26,3500
ST_102,IT_115,2024.08.27,3500
ST_102,IT_115,2024.08.28,3500
ST_102,IT_115,2024.08.29,3500
ST_102,IT_115,2024.08.30,3500
ST_102,IT_115,2024.08.31,3500
ST_102,IT_116,2024.08.01,4600
ST_102,IT_116,2024.08.02,4600
ST_102,IT_116,2024.08.03,4600
ST_102,IT_116,2024.08.04,4600
ST_102,IT_116,2024.08.05,4600
ST_102,IT_116,2024.08.06,4600
ST_102,IT_116,2024.08.07,4600
ST_102,IT_116,2024.08.08,4600
ST_102,IT_116,2024.08.09,4600
ST_102,IT_116,2024.08.10,4600
ST_102,IT_116,2024.08.11,4600
ST_102,IT_116,2024.08.12,4600
ST_102,IT_116,2024.08.13,4600
ST_102,IT_116,2024.08.14,4600
ST_102,IT_116,2024.08.15,4600
ST_102,IT_116,2024.08.16,4600
ST_102,IT_116,2024.08.17,4600
ST_102,IT_116,2024.08.18,4600
ST_102,IT_116,2024.08.19,4600
ST_102,IT_116,2024.08.20,4600
ST_102,IT_116,2024.08.21,4600
ST_102,IT_116,2024.08.22,4600
ST_102,IT_116,2024.08.23,4600
ST_102,IT_116,2024.08.24,4600
ST_102,IT_116,2024.08.25,4600
ST_102,IT_116,2024.08.26,4600
ST_102,IT_116,2024.08.27,4600
ST_102,IT_116,2024.08.28,4600
ST_102,IT_116,2024.08.29,4600
ST_102,IT_116,2024.08.30,4600
ST_102,IT_116,2024.08.31,4600
ST_102,IT_117,2024.08.01,3200
ST_102,IT_117,2024.08.02,3200
ST_102,IT_117,2024.08.03,3200
ST_102,IT_117,2024.08.04,3200
ST_102,IT_117,2024.08.05,3200
ST_102,IT_117,2024.08.06,3200
ST_102,IT_117,2024.08.07,3200
ST_102,IT_117,2024.08.08,3200
ST_102,IT_117,2024.08.09,3200
ST_102,IT_117,2024.08.10,3200
ST_102,IT_117,2024.08.11,3200
ST_102,IT_117,2024.08.12,3200
ST_102,IT_117,2024.08.13,3200
ST_102,IT_117,2024.08.14,3200
ST_102,IT_117,2024.08.15,3200
ST_102,IT_117,2024.08.16,3200
ST_102,IT_117,2024.08.17,3200
ST_102,IT_117,2024.08.18,3200
ST_102,IT_117,2024.08.19,3200
ST_102,IT_117,2024.08.20,3200
ST_102,IT_117,2024.08.21,3200
ST_102,IT_117,2024.08.22,3200
ST_102,IT_117,2024.08.23,3200
ST_102,IT_117,2024.08.24,3200
ST_102,IT_117,2024.08.25,3200
ST_102,IT_117,2024.08.26,3200
ST_102,IT_117,2024.08.27,3200
ST_102,IT_117,2024.08.28,3200
ST_102,IT_117,2024.08.29,3200
ST_102,IT_117,2024.08.30,3200
ST_102,IT_117,2024.08.31,3200
ST_102,IT_118,2024.08.01,1200
ST_102,IT_118,2024.08.02,1200
ST_102,IT_118,2024.08.03,1200
ST_102,IT_118,2024.08.04,1200
ST_102,IT_118,2024.08.05,1200
ST_102,IT_118,2024.08.06,1200
ST_102,IT_118,2024.08.07,1200
ST_102,IT_118,2024.08.08,1200
ST_102,IT_118,2024.08.09,1200
ST_102,IT_118,2024.08.10,1200
ST_102,IT_118,2024.08.11,1200
ST_102,IT_118,2024.08.12,1200
ST_102,IT_118,2024.08.13,1200
ST_102,IT_118,2024.08.14,1200
ST_102,IT_118,2024.08.15,1200
ST_102,IT_118,2024.08.16,1200
ST_102,IT_118,2024.08.17,1200
ST_102,IT_118,2024.08.18,1200
ST_102,IT_118,2024.08.19,1200
ST_102,IT_118,2024.08.20,1200
ST_102,IT_118,2024.08.21,1200
ST_102,IT_118,2024.08.22,1200
ST_102,IT_118,2024.08.23,1200
ST_102,IT_118,2024.08.24,1200
ST_102,IT_118,2024.08.25,1200
ST_102,IT_118,2024.08.26,1200
ST_102,IT_118,2024.08.27,1200
ST_102,IT_118,2024.08.28,1200
ST_102,IT_118,2024.08.29,1200
ST_102,IT_118,2024.08.30,1200
ST_102,IT_118,2024.08.31,1200
ST_102,IT_119,2024.08.01,48000
ST_102,IT_119,2024.08.02,48000
ST_102,IT_119,2024.08.03,48000
ST_102,IT_119,2024.08.04,48000
ST_102,IT_119,2024.08.05,48000
ST_102,IT_119,2024.08.06,48000
ST_102,IT_119,2024.08.07,48000
ST_102,IT_119,2024.08.08,48000
ST_102,IT_119,2024.08.09,48000
ST_102,IT_119,2024.08.10,48000
ST_102,IT_119,2024.08.11,48000
ST_102,IT_119,2024.08.12,48000
ST_102,IT_119,2024.08.13,48000
ST_102,IT_119,2024.08.14,48000
ST_102,IT_119,2024.08.15,48000
ST_102,IT_119,2024.08.16,48000
ST_102,IT_119,2024.08.17,48000
ST_102,IT_119,2024.08.18,48000
ST_102,IT_119,2024.08.19,48000
ST_102,IT_119,2024.08.20,48000
ST_102,IT_119,2024.08.21,48000
ST_102,IT_119,2024.08.22,48000
ST_102,IT_119,2024.08.23,48000
ST_102,IT_119,2024.08.24,48000
ST_102,IT_119,2024.08.25,48000
ST_102,IT_119,2024.08.26,48000
ST_102,IT_119,2024.08.27,48000
ST_102,IT_119,2024.08.28,48000
ST_102,IT_119,2024.08.29,48000
ST_102,IT_119,2024.08.30,48000
ST_102,IT_119,2024.08.31,48000
ST_102,IT_120,2024.08.01,5
ST_102,IT_120,2024.08.02,5
ST_102,IT_120,2024.08.03,5
ST_102,IT_120,2024.08.04,5
ST_102,IT_120,2024.08.05,5
ST_102,IT_120,2024.08.06,5
ST_102,IT_120,2024.08.07,5
ST_102,IT_120,2024.08.08,5
ST_102,IT_120,2024.08.09,5
ST_102,IT_120,2024.08.10,5
ST_102,IT_120,2024.08.11,5
ST_102,IT_120,2024.08.12,5
ST_102,IT_120,2024.08.13,5
ST_102,IT_120,2024.08.14,5
ST_102,IT_120,2024.08.15,5
ST_102,IT_120,2024.08.16,5
ST_102,IT_120,2024.08.17,5
ST_102,IT_120,2024.08.18,5
ST_102,IT_120,2024.08.19,5
ST_102,IT_120,2024.08.20,5
ST_102,IT_120,2024.08.21,5
ST_102,IT_120,2024.08.22,5
ST_102,IT_120,2024.08.23,5
ST_102,IT_120,2024.08.24,5
ST_102,IT_120,2024.08.25,5
ST_102,IT_120,2024.08.26,5
ST_102,IT_120,2024.08.27,5
ST_102,IT_120,2024.08.28,5
ST_102,IT_120,2024.08.29,5
ST_102,IT_120,2024.08.30,5
ST_102,IT_120,2024.08.31,5
ST_102,IT_121,2024.08.01,3000
ST_102,IT_121,2024.08.02,3000
ST_102,IT_121,2024.08.03,3000
ST_102,IT_121,2024.08.04,3000
ST_102,IT_121,2024.08.05,3000
ST_102,IT_121,2024.08.06,3000
ST_102,IT_121,2024.08.07,3000
ST_102,IT_121,2024.08.08,3000
ST_102,IT_121,2024.08.09,3000
ST_102,IT_121,2024.08.10,3000
ST_102,IT_121,2024.08.11,3000
ST_102,IT_121,2024.08.12,3000
ST_102,IT_121,2024.08.13,3000
ST_102,IT_121,2024.08.14,3000
ST_102,IT_121,2024.08.15,3000
ST_102,IT_121,2024.08.16,3000
ST_102,IT_121,2024.08.17,3000
ST_102,IT_121,2024.08.18,3000
ST_102,IT_121,2024.08.19,3000
ST_102,IT_121,2024.08.20,3000
ST_102,IT_121,2024.08.21,3000
ST_102,IT_121,2024.08.22,3000
ST_102,IT_121,2024.08.23,3000
ST_102,IT_121,2024.08.24,3000
ST_102,IT_121,2024.08.25,3000
ST_102,IT_121,2024.08.26,3000
ST_102,IT_121,2024.08.27,3000
ST_102,IT_121,2024.08.28,3000
ST_102,IT_121,2024.08.29,3000
ST_102,IT_121,2024.08.30,3000
ST_102,IT_121,2024.08.31,3000
ST_102,IT_122,2024.08.01,3000
ST_102,IT_122,2024.08.02,3000
ST_102,IT_122,2024.08.03,3000
ST_102,IT_122,2024.08.04,3000
ST_102,IT_122,2024.08.05,3000
ST_102,IT_122,2024.08.06,3000
ST_102,IT_122,2024.08.07,3000
ST_102,IT_122,2024.08.08,3000
ST_102,IT_122,2024.08.09,3000
ST_102,IT_122,2024.08.10,3000
ST_102,IT_122,2024.08.11,3000
ST_102,IT_122,2024.08.12,3000
ST_102,IT_122,2024.08.13,3000
ST_102,IT_122,2024.08.14,3000
ST_102,IT_122,2024.08.15,3000
ST_102,IT_122,2024.08.16,3000
ST_102,IT_122,2024.08.17,3000
ST_102,IT_122,2024.08.18,3000
ST_102,IT_122,2024.08.19,3000
ST_102,IT_122,2024.08.20,3000
ST_102,IT_122,2024.08.21,3000
ST_102,IT_122,2024.08.22,3000
ST_102,IT_122,2024.08.23,3000
ST_102,IT_122,2024.08.24,3000
ST_102,IT_122,2024.08.25,3000
ST_102,IT_122,2024.08.26,3000
ST_102,IT_122,2024.08.27,3000
ST_102,IT_122,2024.08.28,3000
ST_102,IT_122,2024.08.29,3000
ST_102,IT_122,2024.08.30,3000
ST_102,IT_122,2024.08.31,3000
ST_102,IT_123,2024.08.01,800
ST_102,IT_123,2024.08.02,800
ST_102,IT_123,2024.08.03,800
ST_102,IT_123,2024.08.04,800
ST_102,IT_123,2024.08.05,800
ST_102,IT_123,2024.08.06,800
ST_102,IT_123,2024.08.07,800
ST_102,IT_123,2024.08.08,800
ST_102,IT_123,2024.08.09,800
ST_102,IT_123,2024.08.10,800
ST_102,IT_123,2024.08.11,800
ST_102,IT_123,2024.08.12,800
ST_102,IT_123,2024.08.13,800
ST_102,IT_123,2024.08.14,800
ST_102,IT_123,2024.08.15,800
ST_102,IT_123,2024.08.16,800
ST_102,IT_123,2024.08.17,800
ST_102,IT_123,2024.08.18,800
ST_102,IT_123,2024.08.19,800
ST_102,IT_123,2024.08.20,800
ST_102,IT_123,2024.08.21,800
ST_102,IT_123,2024.08.22,800
ST_102,IT_123,2024.08.23,800
ST_102,IT_123,2024.08.24,800
ST_102,IT_123,2024.08.25,800
ST_102,IT_123,2024.08.26,800
ST_102,IT_123,2024.08.27,800
ST_102,IT_123,2024.08.28,800
ST_102,IT_123,2024.08.29,800
ST_102,IT_123,2024.08.30,800
ST_102,IT_123,2024.08.31,800
ST_102,IT_124,2024.08.01,62
ST_102,IT_124,2024.08.02,62
ST_102,IT_124,2024.08.03,62
ST_102,IT_124,2024.08.04,62
ST_102,IT_124,2024.08.05,62
ST_102,IT_124,2024.08.06,62
ST_102,IT_124,2024.08.07,62
ST_102,IT_124,2024.08.08,62
ST_102,IT_124,2024.08.09,62
ST_102,IT_124,2024.08.10,62
ST_102,IT_124,2024.08.11,62
ST_102,IT_124,2024.08.12,62
ST_102,IT_124,2024.08.13,62
ST_102,IT_124,2024.08.14,62
ST_102,IT_124,2024.08.15,62
ST_102,IT_124,2024.08.16,62
ST_102,IT_124,2024.08.17,62
ST_102,IT_124,2024.08.18,62
ST_102,IT_124,2024.08.19,62
ST_102,IT_124,2024.08.20,62
ST_102,IT_124,2024.08.21,62
ST_102,IT_124,2024.08.22,62
ST_102,IT_124,2024.08.23,62
ST_102,IT_124,2024.08.24,62
ST_102,IT_124,2024.08.25,62
ST_102,IT_124,2024.08.26,62
ST_102,IT_124,2024.08.27,62
ST_102,IT_124,2024.08.28,62
ST_102,IT_124,2024.08.29,62
ST_102,IT_124,2024.08.30,62
ST_102,IT_124,2024.08.31,62
ST_102,IT_125,2024.08.01,48
ST_102,IT_125,2024.08.02,48
ST_102,IT_125,2024.08.03,48
ST_102,IT_125,2024.08.04,48
ST_102,IT_125,2024.08.05,48
ST_102,IT_125,2024.08.06,48
ST_102,IT_125,2024.08.07,48
ST_102,IT_125,2024.08.08,48
ST_102,IT_125,2024.08.09,48
ST_102,IT_125,2024.08.10,48
ST_102,IT_125,2024.08.11,48
ST_102,IT_125,2024.08.12,48
ST_102,IT_125,2024.08.13,48
ST_102,IT_125,2024.08.14,48
ST_102,IT_125,2024.08.15,48
ST_102,IT_125,2024.08.16,48
ST_102,IT_125,2024.08.17,48
ST_102,IT_125,2024.08.18,48
ST_102,IT_125,2024.08.19,48
ST_102,IT_125,2024.08.20,48
ST_102,IT_125,2024.08.21,48
ST_102,IT_125,2024.08.22,48
ST_102,IT_125,2024.08.23,48
ST_102,IT_125,2024.08.24,48
ST_102,IT_125,2024.08.25,48
ST_102,IT_125,2024.08.26,48
ST_102,IT_125,2024.08.27,48
ST_102,IT_125,2024.08.28,48
ST_102,IT_125,2024.08.29,48
ST_102,IT_125,2024.08.30,48
ST_102,IT_125,2024.08.31,48
ST_102,IT_126,2024.08.01,30
ST_102,IT_126,2024.08.02,30
ST_102,IT_126,2024.08.03,30
ST_102,IT_126,2024.08.04,30
ST_102,IT_126,2024.08.05,30
ST_102,IT_126,2024.08.06,30
ST_102,IT_126,2024.08.07,30
ST_102,IT_126,2024.08.08,30
ST_102,IT_126,2024.08.09,30
ST_102,IT_126,2024.08.10,30
ST_102,IT_126,2024.08.11,30
ST_102,IT_126,2024.08.12,30
ST_102,IT_126,2024.08.13,30
ST_102,IT_126,2024.08.14,30
ST_102,IT_126,2024.08.15,30
ST_102,IT_126,2024.08.16,30
ST_102,IT_126,2024.08.17,30
ST_102,IT_126,2024.08.18,30
ST_102,IT_126,2024.08.19,30
ST_102,IT_126,2024.08.20,30
ST_102,IT_126,2024.08.21,30
ST_102,IT_126,2024.08.22,30
ST_102,IT_126,2024.08.23,30
ST_102,IT_126,2024.08.24,30
ST_102,IT_126,2024.08.25,30
ST_102,IT_126,2024.08.26,30
ST_102,IT_126,2024.08.27,30
ST_102,IT_126,2024.08.28,30
ST_102,IT_126,2024.08.29,30
ST_102,IT_126,2024.08.30,30
ST_102,IT_126,2024.08.31,30
ST_102,IT_127,2024.08.01,0
ST_102,IT_127,2024.08.02,0
ST_102,IT_127,2024.08.03,0
ST_102,IT_127,2024.08.04,0
ST_102,IT_127,2024.08.05,0
ST_102,IT_127,2024.08.06,0
ST_102,IT_127,2024.08.07,0
ST_102,IT_127,2024.08.08,0
ST_102,IT_127,2024.08.09,0
ST_102,IT_127,2024.08.10,0
ST_102,IT_127,2024.08.11,0
ST_102,IT_127,2024.08.12,0
ST_102,IT_127,2024.08.13,0
ST_102,IT_127,2024.08.14,0
ST_102,IT_127,2024.08.15,0
ST_102,IT_127,2024.08.16,0
ST_102,IT_127,2024.08.17,0
ST_102,IT_127,2024.08.18,0
ST_102,IT_127,2024.08.19,0
ST_102,IT_127,2024.08.20,0
ST_102,IT_127,2024.08.21,0
ST_102,IT_127,2024.08.22,0
ST_102,IT_127,2024.08.23,0
ST_102,IT_127,2024.08.24,0
ST_102,IT_127,2024.08.25,0
ST_102,IT_127,2024.08.26,0
ST_102,IT_127,2024.08.27,0
ST_102,IT_127,2024.08.28,0
ST_102,IT_127,2024.08.29,0
ST_102,IT_127,2024.08.30,0
ST_102,IT_127,2024.08.31,0
ST_102,IT_128,2024.08.01,21
ST_102,IT_128,2024.08.02,21
ST_102,IT_128,2024.08.03,21
ST_102,IT_128,2024.08.04,21
ST_102,IT_128,2024.08.05,21
ST_102,IT_128,2024.08.06,21
ST_102,IT_128,2024.08.07,21
ST_102,IT_128,2024.08.08,21
ST_102,IT_128,2024.08.09,21
ST_102,IT_128,2024.08.10,21
ST_102,IT_128,2024.08.11,21
ST_102,IT_128,2024.08.12,21
ST_102,IT_128,2024.08.13,21
ST_102,IT_128,2024.08.14,21
ST_102,IT_128,2024.08.15,21
ST_102,IT_128,2024.08.16,21
ST_102,IT_128,2024.08.17,21
ST_102,IT_128,2024.08.18,21
ST_102,IT_128,2024.08.19,21
ST_102,IT_128,2024.08.20,21
ST_102,IT_128,2024.08.21,21
ST_102,IT_128,2024.08.22,21
ST_102,IT_128,2024.08.23,21
ST_102,IT_128,2024.08.24,21
ST_102,IT_128,2024.08.25,21
ST_102,IT_128,2024.08.26,21
ST_102,IT_128,2024.08.27,21
ST_102,IT_128,2024.08.28,21
ST_102,IT_128,2024.08.29,21
ST_102,IT_128,2024.08.30,21
ST_102,IT_128,2024.08.31,21
ST_102,IT_129,2024.08.01,100
ST_102,IT_129,2024.08.02,100
ST_102,IT_129,2024.08.03,100
ST_102,IT_129,2024.08.04,100
ST_102,IT_129,2024.08.05,100
ST_102,IT_129,2024.08.06,100
ST_102,IT_129,2024.08.07,100
ST_102,IT_129,2024.08.08,100
ST_102,IT_129,2024.08.09,100
ST_102,IT_129,2024.08.10,100
ST_102,IT_129,2024.08.11,100
ST_102,IT_129,2024.08.12,100
ST_102,IT_129,2024.08.13,100
ST_102,IT_129,2024.08.14,100
ST_102,IT_129,2024.08.15,100
ST_102,IT_129,2024.08.16,100
ST_102,IT_129,2024.08.17,100
ST_102,IT_129,2024.08.18,100
ST_102,IT_129,2024.08.19,100
ST_102,IT_129,2024.08.20,100
ST_102,IT_129,2024.08.21,100
ST_102,IT_129,2024.08.22,100
ST_102,IT_129,2024.08.23,100
ST_102,IT_129,2024.08.24,100
ST_102,IT_129,2024.08.25,100
ST_102,IT_129,2024.08.26,100
ST_102,IT_129,2024.08.27,100
ST_102,IT_129,2024.08.28,100
ST_102,IT_129,2024.08.29,100
ST_102,IT_129,2024.08.30,100
ST_102,IT_129,2024.08.31,100
ST_102,IT_130,2024.08.01,0
ST_102,IT_130,2024.08.02,0
ST_102,IT_130,2024.08.03,0
ST_102,IT_130,2024.08.04,0
ST_102,IT_130,2024.08.05,0
ST_102,IT_130,2024.08.06,0
ST_102,IT_130,2024.08.07,0
ST_102,IT_130,2024.08.08,0
ST_102,IT_130,2024.08.09,0
ST_102,IT_130,2024.08.10,0
ST_102,IT_130,2024.08.11,0
ST_102,IT_130,2024.08.12,0
ST_102,IT_130,2024.08.13,0
ST_102,IT_130,2024.08.14,0
ST_102,IT_130,2024.08.15,0
ST_102,IT_130,2024.08.16,0
ST_102,IT_130,2024.08.17,0
ST_102,IT_130,2024.08.18,0
ST_102,IT_130,2024.08.19,0
ST_102,IT_130,2024.08.20,0
ST_102,IT_130,2024.08.21,0
ST_102,IT_130,2024.08.22,0
ST_102,IT_130,2024.08.23,0
ST_102,IT_130,2024.08.24,0
ST_102,IT_130,2024.08.25,0
ST_102,IT_130,2024.08.26,0
ST_102,IT_130,2024.08.27,0
ST_102,IT_130,2024.08.28,0
ST_102,IT_130,2024.08.29,0
ST_102,IT_130,2024.08.30,0
ST_102,IT_130,2024.08.31,0
ST_102,IT_131,2024.08.01,251
ST_102,IT_131,2024.08.02,251
ST_102,IT_131,2024.08.03,251
ST_102,IT_131,2024.08.04,251
ST_102,IT_131,2024.08.05,251
ST_102,IT_131,2024.08.06,251
ST_102,IT_131,2024.08.07,251
ST_102,IT_131,2024.08.08,251
ST_102,IT_131,2024.08.09,251
ST_102,IT_131,2024.08.10,251
ST_102,IT_131,2024.08.11,251
ST_102,IT_131,2024.08.12,251
ST_102,IT_131,2024.08.13,251
ST_102,IT_131,2024.08.14,251
ST_102,IT_131,2024.08.15,251
ST_102,IT_131,2024.08.16,251
ST_102,IT_131,2024.08.17,251
ST_102,IT_131,2024.08.18,251
ST_102,IT_131,2024.08.19,251
ST_102,IT_131,2024.08.20,251
ST_102,IT_131,2024.08.21,251
ST_102,IT_131,2024.08.22,251
ST_102,IT_131,2024.08.23,251
ST_102,IT_131,2024.08.24,251
ST_102,IT_131,2024.08.25,251
ST_102,IT_131,2024.08.26,251
ST_102,IT_131,2024.08.27,251
ST_102,IT_131,2024.08.28,251
ST_102,IT_131,2024.08.29,251
ST_102,IT_131,2024.08.30,251
ST_102,IT_131,2024.08.31,251
ST_102,IT_132,2024.08.01,121
ST_102,IT_132,2024.08.02,121
ST_102,IT_132,2024.08.03,121
ST_102,IT_132,2024.08.04,121
ST_102,IT_132,2024.08.05,121
ST_102,IT_132,2024.08.06,121
ST_102,IT_132,2024.08.07,121
ST_102,IT_132,2024.08.08,121
ST_102,IT_132,2024.08.09,121
ST_102,IT_132,2024.08.10,121
ST_102,IT_132,2024.08.11,121
ST_102,IT_132,2024.08.12,121
ST_102,IT_132,2024.08.13,121
ST_102,IT_132,2024.08.14,121
ST_102,IT_132,2024.08.15,121
ST_102,IT_132,2024.08.16,121
ST_102,IT_132,2024.08.17,121
ST_102,IT_132,2024.08.18,121
ST_102,IT_132,2024.08.19,121
ST_102,IT_132,2024.08.20,121
ST_102,IT_132,2024.08.21,121
ST_102,IT_132,2024.08.22,121
ST_102,IT_132,2024.08.23,121
ST_102,IT_132,2024.08.24,121
ST_102,IT_132,2024.08.25,121
ST_102,IT_132,2024.08.26,121
ST_102,IT_132,2024.08.27,121
ST_102,IT_132,2024.08.28,121
ST_102,IT_132,2024.08.29,121
ST_102,IT_132,2024.08.30,121
ST_102,IT_132,2024.08.31,121
ST_102,IT_133,2024.08.01,0
ST_102,IT_133,2024.08.02,0
ST_102,IT_133,2024.08.03,0
ST_102,IT_133,2024.08.04,0
ST_102,IT_133,2024.08.05,0
ST_102,IT_133,2024.08.06,0
ST_102,IT_133,2024.08.07,0
ST_102,IT_133,2024.08.08,0
ST_102,IT_133,2024.08.09,0
ST_102,IT_133,2024.08.10,0
ST_102,IT_133,2024.08.11,0
ST_102,IT_133,2024.08.12,0
ST_102,IT_133,2024.08.13,0
ST_102,IT_133,2024.08.14,0
ST_102,IT_133,2024.08.15,0
ST_102,IT_133,2024.08.16,0
ST_102,IT_133,2024.08.17,0
ST_102,IT_133,2024.08.18,0
ST_102,IT_133,2024.08.19,0
ST_102,IT_133,2024.08.20,0
ST_102,IT_133,2024.08.21,0
ST_102,IT_133,2024.08.22,0
ST_102,IT_133,2024.08.23,0
ST_102,IT_133,2024.08.24,0
ST_102,IT_133,2024.08.25,0
ST_102,IT_133,2024.08.26,0
ST_102,IT_133,2024.08.27,0
ST_102,IT_133,2024.08.28,0
ST_102,IT_133,2024.08.29,0
ST_102,IT_133,2024.08.30,0
ST_102,IT_133,2024.08.31,0
ST_102,IT_134,2024.08.01,0
ST_102,IT_134,2024.08.02,0
ST_102,IT_134,2024.08.03,0
ST_102,IT_134,2024.08.04,0
ST_102,IT_134,2024.08.05,0
ST_102,IT_134,2024.08.06,0
ST_102,IT_134,2024.08.07,0
ST_102,IT_134,2024.08.08,0
ST_102,IT_134,2024.08.09,0
ST_102,IT_134,2024.08.10,0
ST_102,IT_134,2024.08.11,0
ST_102,IT_134,2024.08.12,0
ST_102,IT_134,2024.08.13,0
ST_102,IT_134,2024.08.14,0
ST_102,IT_134,2024.08.15,0
ST_102,IT_134,2024.08.16,0
ST_102,IT_134,2024.08.17,0
ST_102,IT_134,2024.08.18,0
ST_102,IT_134,2024.08.19,0
ST_102,IT_134,2024.08.20,0
ST_102,IT_134,2024.08.21,0
ST_102,IT_134,2024.08.22,0
ST_102,IT_134,2024.08.23,0
ST_102,IT_134,2024.08.24,0
ST_102,IT_134,2024.08.25,0
ST_102,IT_134,2024.08.26,0
ST_102,IT_134,2024.08.27,0
ST_102,IT_134,2024.08.28,0
ST_102,IT_134,2024.08.29,0
ST_102,IT_134,2024.08.30,0
ST_102,IT_134,2024.08.31,0
ST_102,IT_135,2024.08.01,70
ST_102,IT_135,2024.08.02,70
ST_102,IT_135,2024.08.03,70
ST_102,IT_135,2024.08.04,70
ST_102,IT_135,2024.08.05,70
ST_102,IT_135,2024.08.06,70
ST_102,IT_135,2024.08.07,70
ST_102,IT_135,2024.08.08,70
ST_102,IT_135,2024.08.09,70
ST_102,IT_135,2024.08.10,70
ST_102,IT_135,2024.08.11,70
ST_102,IT_135,2024.08.12,70
ST_102,IT_135,2024.08.13,70
ST_102,IT_135,2024.08.14,70
ST_102,IT_135,2024.08.15,70
ST_102,IT_135,2024.08.16,70
ST_102,IT_135,2024.08.17,70
ST_102,IT_135,2024.08.18,70
ST_102,IT_135,2024.08.19,70
ST_102,IT_135,2024.08.20,70
ST_102,IT_135,2024.08.21,70
ST_102,IT_135,2024.08.22,70
ST_102,IT_135,2024.08.23,70
ST_102,IT_135,2024.08.24,70
ST_102,IT_135,2024.08.25,70
ST_102,IT_135,2024.08.26,70
ST_102,IT_135,2024.08.27,70
ST_102,IT_135,2024.08.28,70
ST_102,IT_135,2024.08.29,70
ST_102,IT_135,2024.08.30,70
ST_102,IT_135,2024.08.31,70
ST_102,IT_136,2024.08.01,17
ST_102,IT_136,2024.08.02,17
ST_102,IT_136,2024.08.03,17
ST_102,IT_136,2024.08.04,17
ST_102,IT_136,2024.08.05,17
ST_102,IT_136,2024.08.06,17
ST_102,IT_136,2024.08.07,17
ST_102,IT_136,2024.08.08,17
ST_102,IT_136,2024.08.09,17
ST_102,IT_136,2024.08.10,17
ST_102,IT_136,2024.08.11,17
ST_102,IT_136,2024.08.12,17
ST_102,IT_136,2024.08.13,17
ST_102,IT_136,2024.08.14,17
ST_102,IT_136,2024.08.15,17
ST_102,IT_136,2024.08.16,17
ST_102,IT_136,2024.08.17,17
ST_102,IT_136,2024.08.18,17
ST_102,IT_136,2024.08.19,17
ST_102,IT_136,2024.08.20,17
ST_102,IT_136,2024.08.21,17
ST_102,IT_136,2024.08.22,17
ST_102,IT_136,2024.08.23,17
ST_102,IT_136,2024.08.24,17
ST_102,IT_136,2024.08.25,17
ST_102,IT_136,2024.08.26,17
ST_102,IT_136,2024.08.27,17
ST_102,IT_136,2024.08.28,17
ST_102,IT_136,2024.08.29,17
ST_102,IT_136,2024.08.30,17
ST_102,IT_136,2024.08.31,17
ST_102,IT_137,2024.08.01,6900
ST_102,IT_137,2024.08.02,6900
ST_102,IT_137,2024.08.03,6900
ST_102,IT_137,2024.08.04,6900
ST_102,IT_137,2024.08.05,6900
ST_102,IT_137,2024.08.06,6900
ST_102,IT_137,2024.08.07,6900
ST_102,IT_137,2024.08.08,6900
ST_102,IT_137,2024.08.09,6900
ST_102,IT_137,2024.08.10,6900
ST_102,IT_137,2024.08.11,6900
ST_102,IT_137,2024.08.12,6900
ST_102,IT_137,2024.08.13,6900
ST_102,IT_137,2024.08.14,6900
ST_102,IT_137,2024.08.15,6900
ST_102,IT_137,2024.08.16,6900
ST_102,IT_137,2024.08.17,6900
ST_102,IT_137,2024.08.18,6900
ST_102,IT_137,2024.08.19,6900
ST_102,IT_137,2024.08.20,6900
ST_102,IT_137,2024.08.21,6900
ST_102,IT_137,2024.08.22,6900
ST_102,IT_137,2024.08.23,6900
ST_102,IT_137,2024.08.24,6900
ST_102,IT_137,2024.08.25,6900
ST_102,IT_137,2024.08.26,6900
ST_102,IT_137,2024.08.27,6900
ST_102,IT_137,2024.08.28,6900
ST_102,IT_137,2024.08.29,6900
ST_102,IT_137,2024.08.30,6900
ST_102,IT_137,2024.08.31,6900
ST_102,IT_138,2024.08.01,2600
ST_102,IT_138,2024.08.02,2600
ST_102,IT_138,2024.08.03,2600
ST_102,IT_138,2024.08.04,2600
ST_102,IT_138,2024.08.05,2600
ST_102,IT_138,2024.08.06,2600
ST_102,IT_138,2024.08.07,2600
ST_102,IT_138,2024.08.08,2600
ST_102,IT_138,2024.08.09,2600
ST_102,IT_138,2024.08.10,2600
ST_102,IT_138,2024.08.11,2600
ST_102,IT_138,2024.08.12,2600
ST_102,IT_138,2024.08.13,2600
ST_102,IT_138,2024.08.14,2600
ST_102,IT_138,2024.08.15,2600
ST_102,IT_138,2024.08.16,2600
ST_102,IT_138,2024.08.17,2600
ST_102,IT_138,2024.08.18,2600
ST_102,IT_138,2024.08.19,2600
ST_102,IT_138,2024.08.20,2600
ST_102,IT_138,2024.08.21,2600
ST_102,IT_138,2024.08.22,2600
ST_102,IT_138,2024.08.23,2600
ST_102,IT_138,2024.08.24,2600
ST_102,IT_138,2024.08.25,2600
ST_102,IT_138,2024.08.26,2600
ST_102,IT_138,2024.08.27,2600
ST_102,IT_138,2024.08.28,2600
ST_102,IT_138,2024.08.29,2600
ST_102,IT_138,2024.08.30,2600
ST_102,IT_138,2024.08.31,2600
ST_102,IT_139,2024.08.01,14
ST_102,IT_139,2024.08.02,14
ST_102,IT_139,2024.08.03,14
ST_102,IT_139,2024.08.04,14
ST_102,IT_139,2024.08.05,14
ST_102,IT_139,2024.08.06,14
ST_102,IT_139,2024.08.07,14
ST_102,IT_139,2024.08.08,14
ST_102,IT_139,2024.08.09,14
ST_102,IT_139,2024.08.10,14
ST_102,IT_139,2024.08.11,14
ST_102,IT_139,2024.08.12,14
ST_102,IT_139,2024.08.13,14
ST_102,IT_139,2024.08.14,14
ST_102,IT_139,2024.08.15,14
ST_102,IT_139,2024.08.16,14
ST_102,IT_139,2024.08.17,14
ST_102,IT_139,2024.08.18,14
ST_102,IT_139,2024.08.19,14
ST_102,IT_139,2024.08.20,14
ST_102,IT_139,2024.08.21,14
ST_102,IT_139,2024.08.22,14
ST_102,IT_139,2024.08.23,14
ST_102,IT_139,2024.08.24,14
ST_102,IT_139,2024.08.25,14
ST_102,IT_139,2024.08.26,14
ST_102,IT_139,2024.08.27,14
ST_102,IT_139,2024.08.28,14
ST_102,IT_139,2024.08.29,14
ST_102,IT_139,2024.08.30,14
ST_102,IT_139,2024.08.31,14
ST_102,IT_140,2024.08.01,36
ST_102,IT_140,2024.08.02,36
ST_102,IT_140,2024.08.03,36
ST_102,IT_140,2024.08.04,36
ST_102,IT_140,2024.08.05,36
ST_102,IT_140,2024.08.06,36
ST_102,IT_140,2024.08.07,36
ST_102,IT_140,2024.08.08,36
ST_102,IT_140,2024.08.09,36
ST_102,IT_140,2024.08.10,36
ST_102,IT_140,2024.08.11,36
ST_102,IT_140,2024.08.12,36
ST_102,IT_140,2024.08.13,36
ST_102,IT_140,2024.08.14,36
ST_102,IT_140,2024.08.15,36
ST_102,IT_140,2024.08.16,36
ST_102,IT_140,2024.08.17,36
ST_102,IT_140,2024.08.18,36
ST_102,IT_140,2024.08.19,36
ST_102,IT_140,2024.08.20,36
ST_102,IT_140,2024.08.21,36
ST_102,IT_140,2024.08.22,36
ST_102,IT_140,2024.08.23,36
ST_102,IT_140,2024.08.24,36
ST_102,IT_140,2024.08.25,36
ST_102,IT_140,2024.08.26,36
ST_102,IT_140,2024.08.27,36
ST_102,IT_140,2024.08.28,36
ST_102,IT_140,2024.08.29,36
ST_102,IT_140,2024.08.30,36
ST_102,IT_140,2024.08.31,36
ST_102,IT_141,2024.08.01,25
ST_102,IT_141,2024.08.02,25
ST_102,IT_141,2024.08.03,25
ST_102,IT_141,2024.08.04,25
ST_102,IT_141,2024.08.05,25
ST_102,IT_141,2024.08.06,25
ST_102,IT_141,2024.08.07,25
ST_102,IT_141,2024.08.08,25
ST_102,IT_141,2024.08.09,25
ST_102,IT_141,2024.08.10,25
ST_102,IT_141,2024.08.11,25
ST_102,IT_141,2024.08.12,25
ST_102,IT_141,2024.08.13,25
ST_102,IT_141,2024.08.14,25
ST_102,IT_141,2024.08.15,25
ST_102,IT_141,2024.08.16,25
ST_102,IT_141,2024.08.17,25
ST_102,IT_141,2024.08.18,25
ST_102,IT_141,2024.08.19,25
ST_102,IT_141,2024.08.20,25
ST_102,IT_141,2024.08.21,25
ST_102,IT_141,2024.08.22,25
ST_102,IT_141,2024.08.23,25
ST_102,IT_141,2024.08.24,25
ST_102,IT_141,2024.08.25,25
ST_102,IT_141,2024.08.26,25
ST_102,IT_141,2024.08.27,25
ST_102,IT_141,2024.08.28,25
ST_102,IT_141,2024.08.29,25
ST_102,IT_141,2024.08.30,25
ST_102,IT_141,2024.08.31,25
ST_102,IT_142,2024.08.01,51
ST_102,IT_142,2024.08.02,51
ST_102,IT_142,2024.08.03,51
ST_102,IT_142,2024.08.04,51
ST_102,IT_142,2024.08.05,51
ST_102,IT_142,2024.08.06,51
ST_102,IT_142,2024.08.07,51
ST_102,IT_142,2024.08.08,51
ST_102,IT_142,2024.08.09,51
ST_102,IT_142,2024.08.10,51
ST_102,IT_142,2024.08.11,51
ST_102,IT_142,2024.08.12,51
ST_102,IT_142,2024.08.13,51
ST_102,IT_142,2024.08.14,51
ST_102,IT_142,2024.08.15,51
ST_102,IT_142,2024.08.16,51
ST_102,IT_142,2024.08.17,51
ST_102,IT_142,2024.08.18,51
ST_102,IT_142,2024.08.19,51
ST_102,IT_142,2024.08.20,51
ST_102,IT_142,2024.08.21,51
ST_102,IT_142,2024.08.22,51
ST_102,IT_142,2024.08.23,51
ST_102,IT_142,2024.08.24,51
ST_102,IT_142,2024.08.25,51
ST_102,IT_142,2024.08.26,51
ST_102,IT_142,2024.08.27,51
ST_102,IT_142,2024.08.28,51
ST_102,IT_142,2024.08.29,51
ST_102,IT_142,2024.08.30,51
ST_102,IT_142,2024.08.31,51
ST_102,IT_143,2024.08.01,16
ST_102,IT_143,2024.08.02,16
ST_102,IT_143,2024.08.03,16
ST_102,IT_143,2024.08.04,16
ST_102,IT_143,2024.08.05,16
ST_102,IT_143,2024.08.06,16
ST_102,IT_143,2024.08.07,16
ST_102,IT_143,2024.08.08,16
ST_102,IT_143,2024.08.09,16
ST_102,IT_143,2024.08.10,16
ST_102,IT_143,2024.08.11,16
ST_102,IT_143,2024.08.12,16
ST_102,IT_143,2024.08.13,16
ST_102,IT_143,2024.08.14,16
ST_102,IT_143,2024.08.15,16
ST_102,IT_143,2024.08.16,16
ST_102,IT_143,2024.08.17,16
ST_102,IT_143,2024.08.18,16
ST_102,IT_143,2024.08.19,16
ST_102,IT_143,2024.08.20,16
ST_102,IT_143,2024.08.21,16
ST_102,IT_143,2024.08.22,16
ST_102,IT_143,2024.08.23,16
ST_102,IT_143,2024.08.24,16
ST_102,IT_143,2024.08.25,16
ST_102,IT_143,2024.08.26,16
ST_102,IT_143,2024.08.27,16
ST_102,IT_143,2024.08.28,16
ST_102,IT_143,2024.08.29,16
ST_102,IT_143,2024.08.30,16
ST_102,IT_143,2024.08.31,16
ST_102,IT_144,2024.08.01,10
ST_102,IT_144,2024.08.02,10
ST_102,IT_144,2024.08.03,10
ST_102,IT_144,2024.08.04,10
ST_102,IT_144,2024.08.05,10
ST_102,IT_144,2024.08.06,10
ST_102,IT_144,2024.08.07,10
ST_102,IT_144,2024.08.08,10
ST_102,IT_144,2024.08.09,10
ST_102,IT_144,2024.08.10,10
ST_102,IT_144,2024.08.11,10
ST_102,IT_144,2024.08.12,10
ST_102,IT_144,2024.08.13,10
ST_102,IT_144,2024.08.14,10
ST_102,IT_144,2024.08.15,10
ST_102,IT_144,2024.08.16,10
ST_102,IT_144,2024.08.17,10
ST_102,IT_144,2024.08.18,10
ST_102,IT_144,2024.08.19,10
ST_102,IT_144,2024.08.20,10
ST_102,IT_144,2024.08.21,10
ST_102,IT_144,2024.08.22,10
ST_102,IT_144,2024.08.23,10
ST_102,IT_144,2024.08.24,10
ST_102,IT_144,2024.08.25,10
ST_102,IT_144,2024.08.26,10
ST_102,IT_144,2024.08.27,10
ST_102,IT_144,2024.08.28,10
ST_102,IT_144,2024.08.29,10
ST_102,IT_144,2024.08.30,10
ST_102,IT_144,2024.08.31,10
ST_102,IT_145,2024.08.01,17
ST_102,IT_145,2024.08.02,17
ST_102,IT_145,2024.08.03,17
ST_102,IT_145,2024.08.04,17
ST_102,IT_145,2024.08.05,17
ST_102,IT_145,2024.08.06,17
ST_102,IT_145,2024.08.07,17
ST_102,IT_145,2024.08.08,17
ST_102,IT_145,2024.08.09,17
ST_102,IT_145,2024.08.10,17
ST_102,IT_145,2024.08.11,17
ST_102,IT_145,2024.08.12,17
ST_102,IT_145,2024.08.13,17
ST_102,IT_145,2024.08.14,17
ST_102,IT_145,2024.08.15,17
ST_102,IT_145,2024.08.16,17
ST_102,IT_145,2024.08.17,17
ST_102,IT_145,2024.08.18,17
ST_102,IT_145,2024.08.19,17
ST_102,IT_145,2024.08.20,17
ST_102,IT_145,2024.08.21,17
ST_102,IT_145,2024.08.22,17
ST_102,IT_145,2024.08.23,17
ST_102,IT_145,2024.08.24,17
ST_102,IT_145,2024.08.25,17
ST_102,IT_145,2024.08.26,17
ST_102,IT_145,2024.08.27,17
ST_102,IT_145,2024.08.28,17
ST_102,IT_145,2024.08.29,17
ST_102,IT_145,2024.08.30,17
ST_102,IT_145,2024.08.31,17
ST_102,IT_146,2024.08.01,14
ST_102,IT_146,2024.08.02,14
ST_102,IT_146,2024.08.03,14
ST_102,IT_146,2024.08.04,14
ST_102,IT_146,2024.08.05,14
ST_102,IT_146,2024.08.06,14
ST_102,IT_146,2024.08.07,14
ST_102,IT_146,2024.08.08,14
ST_102,IT_146,2024.08.09,14
ST_102,IT_146,2024.08.10,14
ST_102,IT_146,2024.08.11,14
ST_102,IT_146,2024.08.12,14
ST_102,IT_146,2024.08.13,14
ST_102,IT_146,2024.08.14,14
ST_102,IT_146,2024.08.15,14
ST_102,IT_146,2024.08.16,14
ST_102,IT_146,2024.08.17,14
ST_102,IT_146,2024.08.18,14
ST_102,IT_146,2024.08.19,14
ST_102,IT_146,2024.08.20,14
ST_102,IT_146,2024.08.21,14
ST_102,IT_146,2024.08.22,14
ST_102,IT_146,2024.08.23,14
ST_102,IT_146,2024.08.24,14
ST_102,IT_146,2024.08.25,14
ST_102,IT_146,2024.08.26,14
ST_102,IT_146,2024.08.27,14
ST_102,IT_146,2024.08.28,14
ST_102,IT_146,2024.08.29,14
ST_102,IT_146,2024.08.30,14
ST_102,IT_146,2024.08.31,14
ST_102,IT_147,2024.08.01,16
ST_102,IT_147,2024.08.02,16
ST_102,IT_147,2024.08.03,16
ST_102,IT_147,2024.08.04,16
ST_102,IT_147,2024.08.05,16
ST_102,IT_147,2024.08.06,16
ST_102,IT_147,2024.08.07,16
ST_102,IT_147,2024.08.08,16
ST_102,IT_147,2024.08.09,16
ST_102,IT_147,2024.08.10,16
ST_102,IT_147,2024.08.11,16
ST_102,IT_147,2024.08.12,16
ST_102,IT_147,2024.08.13,16
ST_102,IT_147,2024.08.14,16
ST_102,IT_147,2024.08.15,16
ST_102,IT_147,2024.08.16,16
ST_102,IT_147,2024.08.17,16
ST_102,IT_147,2024.08.18,16
ST_102,IT_147,2024.08.19,16
ST_102,IT_147,2024.08.20,16
ST_102,IT_147,2024.08.21,16
ST_102,IT_147,2024.08.22,16
ST_102,IT_147,2024.08.23,16
ST_102,IT_147,2024.08.24,16
ST_102,IT_147,2024.08.25,16
ST_102,IT_147,2024.08.26,16
ST_102,IT_147,2024.08.27,16
ST_102,IT_147,2024.08.28,16
ST_102,IT_147,2024.08.29,16
ST_102,IT_147,2024.08.30,16
ST_102,IT_147,2024.08.31,16
ST_102,IT_148,2024.08.01,18
ST_102,IT_148,2024.08.02,18
ST_102,IT_148,2024.08.03,18
ST_102,IT_148,2024.08.04,18
ST_102,IT_148,2024.08.05,18
ST_102,IT_148,2024.08.06,18
ST_102,IT_148,2024.08.07,18
ST_102,IT_148,2024.08.08,18
ST_102,IT_148,2024.08.09,18
ST_102,IT_148,2024.08.10,18
ST_102,IT_148,2024.08.11,18
ST_102,IT_148,2024.08.12,18
ST_102,IT_148,2024.08.13,18
ST_102,IT_148,2024.08.14,18
ST_102,IT_148,2024.08.15,18
ST_102,IT_148,2024.08.16,18
ST_102,IT_148,2024.08.17,18
ST_102,IT_148,2024.08.18,18
ST_102,IT_148,2024.08.19,18
ST_102,IT_148,2024.08.20,18
ST_102,IT_148,2024.08.21,18
ST_102,IT_148,2024.08.22,18
ST_102,IT_148,2024.08.23,18
ST_102,IT_148,2024.08.24,18
ST_102,IT_148,2024.08.25,18
ST_102,IT_148,2024.08.26,18
ST_102,IT_148,2024.08.27,18
ST_102,IT_148,2024.08.28,18
ST_102,IT_148,2024.08.29,18
ST_102,IT_148,2024.08.30,18
ST_102,IT_148,2024.08.31,18
ST_102,IT_149,2024.08.01,26
ST_102,IT_149,2024.08.02,26
ST_102,IT_149,2024.08.03,26
ST_102,IT_149,2024.08.04,26
ST_102,IT_149,2024.08.05,26
ST_102,IT_149,2024.08.06,26
ST_102,IT_149,2024.08.07,26
ST_102,IT_149,2024.08.08,26
ST_102,IT_149,2024.08.09,26
ST_102,IT_149,2024.08.10,26
ST_102,IT_149,2024.08.11,26
ST_102,IT_149,2024.08.12,26
ST_102,IT_149,2024.08.13,26
ST_102,IT_149,2024.08.14,26
ST_102,IT_149,2024.08.15,26
ST_102,IT_149,2024.08.16,26
ST_102,IT_149,2024.08.17,26
ST_102,IT_149,2024.08.18,26
ST_102,IT_149,2024.08.19,26
ST_102,IT_149,2024.08.20,26
ST_102,IT_149,2024.08.21,26
ST_102,IT_149,2024.08.22,26
ST_102,IT_149,2024.08.23,26
ST_102,IT_149,2024.08.24,26
ST_102,IT_149,2024.08.25,26
ST_102,IT_149,2024.08.26,26
ST_102,IT_149,2024.08.27,26
ST_102,IT_149,2024.08.28,26
ST_102,IT_149,2024.08.29,26
ST_102,IT_149,2024.08.30,26
ST_102,IT_149,2024.08.31,26
ST_102,IT_152,2024.08.01,18
ST_102,IT_152,2024.08.02,18
ST_102,IT_152,2024.08.03,18
ST_102,IT_152,2024.08.04,18
ST_102,IT_152,2024.08.05,18
ST_102,IT_152,2024.08.06,18
ST_102,IT_152,2024.08.07,18
ST_102,IT_152,2024.08.08,18
ST_102,IT_152,2024.08.09,18
ST_102,IT_152,2024.08.10,18
ST_102,IT_152,2024.08.11,18
ST_102,IT_152,2024.08.12,18
ST_102,IT_152,2024.08.13,18
ST_102,IT_152,2024.08.14,18
ST_102,IT_152,2024.08.15,18
ST_102,IT_152,2024.08.16,18
ST_102,IT_152,2024.08.17,18
ST_102,IT_152,2024.08.18,18
ST_102,IT_152,2024.08.19,18
ST_102,IT_152,2024.08.20,18
ST_102,IT_152,2024.08.21,18
ST_102,IT_152,2024.08.22,18
ST_102,IT_152,2024.08.23,18
ST_102,IT_152,2024.08.24,18
ST_102,IT_152,2024.08.25,18
ST_102,IT_152,2024.08.26,18
ST_102,IT_152,2024.08.27,18
ST_102,IT_152,2024.08.28,18
ST_102,IT_152,2024.08.29,18
ST_102,IT_152,2024.08.30,18
ST_102,IT_152,2024.08.31,18
ST_102,IT_153,2024.08.01,11
ST_102,IT_153,2024.08.02,11
ST_102,IT_153,2024.08.03,11
ST_102,IT_153,2024.08.04,11
ST_102,IT_153,2024.08.05,11
ST_102,IT_153,2024.08.06,11
ST_102,IT_153,2024.08.07,11
ST_102,IT_153,2024.08.08,11
ST_102,IT_153,2024.08.09,11
ST_102,IT_153,2024.08.10,11
ST_102,IT_153,2024.08.11,11
ST_102,IT_153,2024.08.12,11
ST_102,IT_153,2024.08.13,11
ST_102,IT_153,2024.08.14,11
ST_102,IT_153,2024.08.15,11
ST_102,IT_153,2024.08.16,11
ST_102,IT_153,2024.08.17,11
ST_102,IT_153,2024.08.18,11
ST_102,IT_153,2024.08.19,11
ST_102,IT_153,2024.08.20,11
ST_102,IT_153,2024.08.21,11
ST_102,IT_153,2024.08.22,11
ST_102,IT_153,2024.08.23,11
ST_102,IT_153,2024.08.24,11
ST_102,IT_153,2024.08.25,11
ST_102,IT_153,2024.08.26,11
ST_102,IT_153,2024.08.27,11
ST_102,IT_153,2024.08.28,11
ST_102,IT_153,2024.08.29,11
ST_102,IT_153,2024.08.30,11
ST_102,IT_153,2024.08.31,11
ST_102,IT_154,2024.08.01,35
ST_102,IT_154,2024.08.02,35
ST_102,IT_154,2024.08.03,35
ST_102,IT_154,2024.08.04,35
ST_102,IT_154,2024.08.05,35
ST_102,IT_154,2024.08.06,35
ST_102,IT_154,2024.08.07,35
ST_102,IT_154,2024.08.08,35
ST_102,IT_154,2024.08.09,35
ST_102,IT_154,2024.08.10,35
ST_102,IT_154,2024.08.11,35
ST_102,IT_154,2024.08.12,35
ST_102,IT_154,2024.08.13,35
ST_102,IT_154,2024.08.14,35
ST_102,IT_154,2024.08.15,35
ST_102,IT_154,2024.08.16,35
ST_102,IT_154,2024.08.17,35
ST_102,IT_154,2024.08.18,35
ST_102,IT_154,2024.08.19,35
ST_102,IT_154,2024.08.20,35
ST_102,IT_154,2024.08.21,35
ST_102,IT_154,2024.08.22,35
ST_102,IT_154,2024.08.23,35
ST_102,IT_154,2024.08.24,35
ST_102,IT_154,2024.08.25,35
ST_102,IT_154,2024.08.26,35
ST_102,IT_154,2024.08.27,35
ST_102,IT_154,2024.08.28,35
ST_102,IT_154,2024.08.29,35
ST_102,IT_154,2024.08.30,35
ST_102,IT_154,2024.08.31,35
ST_102,IT_155,2024.08.01,42
ST_102,IT_155,2024.08.02,42
ST_102,IT_155,2024.08.03,42
ST_102,IT_155,2024.08.04,42
ST_102,IT_155,2024.08.05,42
ST_102,IT_155,2024.08.06,42
ST_102,IT_155,2024.08.07,42
ST_102,IT_155,2024.08.08,42
ST_102,IT_155,2024.08.09,42
ST_102,IT_155,2024.08.10,42
ST_102,IT_155,2024.08.11,42
ST_102,IT_155,2024.08.12,42
ST_102,IT_155,2024.08.13,42
ST_102,IT_155,2024.08.14,42
ST_102,IT_155,2024.08.15,42
ST_102,IT_155,2024.08.16,42
ST_102,IT_155,2024.08.17,42
ST_102,IT_155,2024.08.18,42
ST_102,IT_155,2024.08.19,42
ST_102,IT_155,2024.08.20,42
ST_102,IT_155,2024.08.21,42
ST_102,IT_155,2024.08.22,42
ST_102,IT_155,2024.08.23,42
ST_102,IT_155,2024.08.24,42
ST_102,IT_155,2024.08.25,42
ST_102,IT_155,2024.08.26,42
ST_102,IT_155,2024.08.27,42
ST_102,IT_155,2024.08.28,42
ST_102,IT_155,2024.08.29,42
ST_102,IT_155,2024.08.30,42
ST_102,IT_155,2024.08.31,42
ST_102,IT_156,2024.08.01,42
ST_102,IT_156,2024.08.02,42
ST_102,IT_156,2024.08.03,42
ST_102,IT_156,2024.08.04,42
ST_102,IT_156,2024.08.05,42
ST_102,IT_156,2024.08.06,42
ST_102,IT_156,2024.08.07,42
ST_102,IT_156,2024.08.08,42
ST_102,IT_156,2024.08.09,42
ST_102,IT_156,2024.08.10,42
ST_102,IT_156,2024.08.11,42
ST_102,IT_156,2024.08.12,42
ST_102,IT_156,2024.08.13,42
ST_102,IT_156,2024.08.14,42
ST_102,IT_156,2024.08.15,42
ST_102,IT_156,2024.08.16,42
ST_102,IT_156,2024.08.17,42
ST_102,IT_156,2024.08.18,42
ST_102,IT_156,2024.08.19,42
ST_102,IT_156,2024.08.20,42
ST_102,IT_156,2024.08.21,42
ST_102,IT_156,2024.08.22,42
ST_102,IT_156,2024.08.23,42
ST_102,IT_156,2024.08.24,42
ST_102,IT_156,2024.08.25,42
ST_102,IT_156,2024.08.26,42
ST_102,IT_156,2024.08.27,42
ST_102,IT_156,2024.08.28,42
ST_102,IT_156,2024.08.29,42
ST_102,IT_156,2024.08.30,42
ST_102,IT_156,2024.08.31,42
ST_102,IT_157,2024.08.01,47
ST_102,IT_157,2024.08.02,47
ST_102,IT_157,2024.08.03,47
ST_102,IT_157,2024.08.04,47
ST_102,IT_157,2024.08.05,47
ST_102,IT_157,2024.08.06,47
ST_102,IT_157,2024.08.07,47
ST_102,IT_157,2024.08.08,47
ST_102,IT_157,2024.08.09,47
ST_102,IT_157,2024.08.10,47
ST_102,IT_157,2024.08.11,47
ST_102,IT_157,2024.08.12,47
ST_102,IT_157,2024.08.13,47
ST_102,IT_157,2024.08.14,47
ST_102,IT_157,2024.08.15,47
ST_102,IT_157,2024.08.16,47
ST_102,IT_157,2024.08.17,47
ST_102,IT_157,2024.08.18,47
ST_102,IT_157,2024.08.19,47
ST_102,IT_157,2024.08.20,47
ST_102,IT_157,2024.08.21,47
ST_102,IT_157,2024.08.22,47
ST_102,IT_157,2024.08.23,47
ST_102,IT_157,2024.08.24,47
ST_102,IT_157,2024.08.25,47
ST_102,IT_157,2024.08.26,47
ST_102,IT_157,2024.08.27,47
ST_102,IT_157,2024.08.28,47
ST_102,IT_157,2024.08.29,47
ST_102,IT_157,2024.08.30,47
ST_102,IT_157,2024.08.31,47
ST_102,IT_158,2024.08.01,0
ST_102,IT_158,2024.08.02,0
ST_102,IT_158,2024.08.03,0
ST_102,IT_158,2024.08.04,0
ST_102,IT_158,2024.08.05,0
ST_102,IT_158,2024.08.06,0
ST_102,IT_158,2024.08.07,0
ST_102,IT_158,2024.08.08,0
ST_102,IT_158,2024.08.09,0
ST_102,IT_158,2024.08.10,0
ST_102,IT_158,2024.08.11,0
ST_102,IT_158,2024.08.12,0
ST_102,IT_158,2024.08.13,0
ST_102,IT_158,2024.08.14,0
ST_102,IT_158,2024.08.15,0
ST_102,IT_158,2024.08.16,0
ST_102,IT_158,2024.08.17,0
ST_102,IT_158,2024.08.18,0
ST_102,IT_158,2024.08.19,0
ST_102,IT_158,2024.08.20,0
ST_102,IT_158,2024.08.21,0
ST_102,IT_158,2024.08.22,0
ST_102,IT_158,2024.08.23,0
ST_102,IT_158,2024.08.24,0
ST_102,IT_158,2024.08.25,0
ST_102,IT_158,2024.08.26,0
ST_102,IT_158,2024.08.27,0
ST_102,IT_158,2024.08.28,0
ST_102,IT_158,2024.08.29,0
ST_102,IT_158,2024.08.30,0
ST_102,IT_158,2024.08.31,0
ST_102,IT_159,2024.08.01,20
ST_102,IT_159,2024.08.02,20
ST_102,IT_159,2024.08.03,20
ST_102,IT_159,2024.08.04,20
ST_102,IT_159,2024.08.05,20
ST_102,IT_159,2024.08.06,20
ST_102,IT_159,2024.08.07,20
ST_102,IT_159,2024.08.08,20
ST_102,IT_159,2024.08.09,20
ST_102,IT_159,2024.08.10,20
ST_102,IT_159,2024.08.11,20
ST_102,IT_159,2024.08.12,20
ST_102,IT_159,2024.08.13,20
ST_102,IT_159,2024.08.14,20
ST_102,IT_159,2024.08.15,20
ST_102,IT_159,2024.08.16,20
ST_102,IT_159,2024.08.17,20
ST_102,IT_159,2024.08.18,20
ST_102,IT_159,2024.08.19,20
ST_102,IT_159,2024.08.20,20
ST_102,IT_159,2024.08.21,20
ST_102,IT_159,2024.08.22,20
ST_102,IT_159,2024.08.23,20
ST_102,IT_159,2024.08.24,20
ST_102,IT_159,2024.08.25,20
ST_102,IT_159,2024.08.26,20
ST_102,IT_159,2024.08.27,20
ST_102,IT_159,2024.08.28,20
ST_102,IT_159,2024.08.29,20
ST_102,IT_159,2024.08.30,20
ST_102,IT_159,2024.08.31,20
ST_102,IT_160,2024.08.01,0
ST_102,IT_160,2024.08.02,0
ST_102,IT_160,2024.08.03,0
ST_102,IT_160,2024.08.04,0
ST_102,IT_160,2024.08.05,0
ST_102,IT_160,2024.08.06,0
ST_102,IT_160,2024.08.07,0
ST_102,IT_160,2024.08.08,0
ST_102,IT_160,2024.08.09,0
ST_102,IT_160,2024.08.10,0
ST_102,IT_160,2024.08.11,0
ST_102,IT_160,2024.08.12,0
ST_102,IT_160,2024.08.13,0
ST_102,IT_160,2024.08.14,0
ST_102,IT_160,2024.08.15,0
ST_102,IT_160,2024.08.16,0
ST_102,IT_160,2024.08.17,0
ST_102,IT_160,2024.08.18,0
ST_102,IT_160,2024.08.19,0
ST_102,IT_160,2024.08.20,0
ST_102,IT_160,2024.08.21,0
ST_102,IT_160,2024.08.22,0
ST_102,IT_160,2024.08.23,0
ST_102,IT_160,2024.08.24,0
ST_102,IT_160,2024.08.25,0
ST_102,IT_160,2024.08.26,0
ST_102,IT_160,2024.08.27,0
ST_102,IT_160,2024.08.28,0
ST_102,IT_160,2024.08.29,0
ST_102,IT_160,2024.08.30,0
ST_102,IT_160,2024.08.31,0
ST_102,IT_161,2024.08.01,18
ST_102,IT_161,2024.08.02,18
ST_102,IT_161,2024.08.03,18
ST_102,IT_161,2024.08.04,18
ST_102,IT_161,2024.08.05,18
ST_102,IT_161,2024.08.06,18
ST_102,IT_161,2024.08.07,18
ST_102,IT_161,2024.08.08,18
ST_102,IT_161,2024.08.09,18
ST_102,IT_161,2024.08.10,18
ST_102,IT_161,2024.08.11,18
ST_102,IT_161,2024.08.12,18
ST_102,IT_161,2024.08.13,18
ST_102,IT_161,2024.08.14,18
ST_102,IT_161,2024.08.15,18
ST_102,IT_161,2024.08.16,18
ST_102,IT_161,2024.08.17,18
ST_102,IT_161,2024.08.18,18
ST_102,IT_161,2024.08.19,18
ST_102,IT_161,2024.08.20,18
ST_102,IT_161,2024.08.21,18
ST_102,IT_161,2024.08.22,18
ST_102,IT_161,2024.08.23,18
ST_102,IT_161,2024.08.24,18
ST_102,IT_161,2024.08.25,18
ST_102,IT_161,2024.08.26,18
ST_102,IT_161,2024.08.27,18
ST_102,IT_161,2024.08.28,18
ST_102,IT_161,2024.08.29,18
ST_102,IT_161,2024.08.30,18
ST_102,IT_161,2024.08.31,18
ST_102,IT_162,2024.08.01,19
ST_102,IT_162,2024.08.02,19
ST_102,IT_162,2024.08.03,19
ST_102,IT_162,2024.08.04,19
ST_102,IT_162,2024.08.05,19
ST_102,IT_162,2024.08.06,19
ST_102,IT_162,2024.08.07,19
ST_102,IT_162,2024.08.08,19
ST_102,IT_162,2024.08.09,19
ST_102,IT_162,2024.08.10,19
ST_102,IT_162,2024.08.11,19
ST_102,IT_162,2024.08.12,19
ST_102,IT_162,2024.08.13,19
ST_102,IT_162,2024.08.14,19
ST_102,IT_162,2024.08.15,19
ST_102,IT_162,2024.08.16,19
ST_102,IT_162,2024.08.17,19
ST_102,IT_162,2024.08.18,19
ST_102,IT_162,2024.08.19,19
ST_102,IT_162,2024.08.20,19
ST_102,IT_162,2024.08.21,19
ST_102,IT_162,2024.08.22,19
ST_102,IT_162,2024.08.23,19
ST_102,IT_162,2024.08.24,19
ST_102,IT_162,2024.08.25,19
ST_102,IT_162,2024.08.26,19
ST_102,IT_162,2024.08.27,19
ST_102,IT_162,2024.08.28,19
ST_102,IT_162,2024.08.29,19
ST_102,IT_162,2024.08.30,19
ST_102,IT_162,2024.08.31,19
ST_102,IT_163,2024.08.01,14
ST_102,IT_163,2024.08.02,14
ST_102,IT_163,2024.08.03,14
ST_102,IT_163,2024.08.04,14
ST_102,IT_163,2024.08.05,14
ST_102,IT_163,2024.08.06,14
ST_102,IT_163,2024.08.07,14
ST_102,IT_163,2024.08.08,14
ST_102,IT_163,2024.08.09,14
ST_102,IT_163,2024.08.10,14
ST_102,IT_163,2024.08.11,14
ST_102,IT_163,2024.08.12,14
ST_102,IT_163,2024.08.13,14
ST_102,IT_163,2024.08.14,14
ST_102,IT_163,2024.08.15,14
ST_102,IT_163,2024.08.16,14
ST_102,IT_163,2024.08.17,14
ST_102,IT_163,2024.08.18,14
ST_102,IT_163,2024.08.19,14
ST_102,IT_163,2024.08.20,14
ST_102,IT_163,2024.08.21,14
ST_102,IT_163,2024.08.22,14
ST_102,IT_163,2024.08.23,14
ST_102,IT_163,2024.08.24,14
ST_102,IT_163,2024.08.25,14
ST_102,IT_163,2024.08.26,14
ST_102,IT_163,2024.08.27,14
ST_102,IT_163,2024.08.28,14
ST_102,IT_163,2024.08.29,14
ST_102,IT_163,2024.08.30,14
ST_102,IT_163,2024.08.31,14
ST_102,IT_164,2024.08.01,24
ST_102,IT_164,2024.08.02,24
ST_102,IT_164,2024.08.03,24
ST_102,IT_164,2024.08.04,24
ST_102,IT_164,2024.08.05,24
ST_102,IT_164,2024.08.06,24
ST_102,IT_164,2024.08.07,24
ST_102,IT_164,2024.08.08,24
ST_102,IT_164,2024.08.09,24
ST_102,IT_164,2024.08.10,24
ST_102,IT_164,2024.08.11,24
ST_102,IT_164,2024.08.12,24
ST_102,IT_164,2024.08.13,24
ST_102,IT_164,2024.08.14,24
ST_102,IT_164,2024.08.15,24
ST_102,IT_164,2024.08.16,24
ST_102,IT_164,2024.08.17,24
ST_102,IT_164,2024.08.18,24
ST_102,IT_164,2024.08.19,24
ST_102,IT_164,2024.08.20,24
ST_102,IT_164,2024.08.21,24
ST_102,IT_164,2024.08.22,24
ST_102,IT_164,2024.08.23,24
ST_102,IT_164,2024.08.24,24
ST_102,IT_164,2024.08.25,24
ST_102,IT_164,2024.08.26,24
ST_102,IT_164,2024.08.27,24
ST_102,IT_164,2024.08.28,24
ST_102,IT_164,2024.08.29,24
ST_102,IT_164,2024.08.30,24
ST_102,IT_164,2024.08.31,24
ST_102,IT_165,2024.08.01,451
ST_102,IT_165,2024.08.02,451
ST_102,IT_165,2024.08.03,451
ST_102,IT_165,2024.08.04,451
ST_102,IT_165,2024.08.05,451
ST_102,IT_165,2024.08.06,451
ST_102,IT_165,2024.08.07,451
ST_102,IT_165,2024.08.08,451
ST_102,IT_165,2024.08.09,451
ST_102,IT_165,2024.08.10,451
ST_102,IT_165,2024.08.11,451
ST_102,IT_165,2024.08.12,451
ST_102,IT_165,2024.08.13,451
ST_102,IT_165,2024.08.14,451
ST_102,IT_165,2024.08.15,451
ST_102,IT_165,2024.08.16,451
ST_102,IT_165,2024.08.17,451
ST_102,IT_165,2024.08.18,451
ST_102,IT_165,2024.08.19,451
ST_102,IT_165,2024.08.20,451
ST_102,IT_165,2024.08.21,451
ST_102,IT_165,2024.08.22,451
ST_102,IT_165,2024.08.23,451
ST_102,IT_165,2024.08.24,451
ST_102,IT_165,2024.08.25,451
ST_102,IT_165,2024.08.26,451
ST_102,IT_165,2024.08.27,451
ST_102,IT_165,2024.08.28,451
ST_102,IT_165,2024.08.29,451
ST_102,IT_165,2024.08.30,451
ST_102,IT_165,2024.08.31,451
ST_102,IT_167,2024.08.01,11
ST_102,IT_167,2024.08.02,11
ST_102,IT_167,2024.08.03,11
ST_102,IT_167,2024.08.04,11
ST_102,IT_167,2024.08.05,11
ST_102,IT_167,2024.08.06,11
ST_102,IT_167,2024.08.07,11
ST_102,IT_167,2024.08.08,11
ST_102,IT_167,2024.08.09,11
ST_102,IT_167,2024.08.10,11
ST_102,IT_167,2024.08.11,11
ST_102,IT_167,2024.08.12,11
ST_102,IT_167,2024.08.13,11
ST_102,IT_167,2024.08.14,11
ST_102,IT_167,2024.08.15,11
ST_102,IT_167,2024.08.16,11
ST_102,IT_167,2024.08.17,11
ST_102,IT_167,2024.08.18,11
ST_102,IT_167,2024.08.19,11
ST_102,IT_167,2024.08.20,11
ST_102,IT_167,2024.08.21,11
ST_102,IT_167,2024.08.22,11
ST_102,IT_167,2024.08.23,11
ST_102,IT_167,2024.08.24,11
ST_102,IT_167,2024.08.25,11
ST_102,IT_167,2024.08.26,11
ST_102,IT_167,2024.08.27,11
ST_102,IT_167,2024.08.28,11
ST_102,IT_167,2024.08.29,11
ST_102,IT_167,2024.08.30,11
ST_102,IT_167,2024.08.31,11
ST_102,IT_168,2024.08.01,46
ST_102,IT_168,2024.08.02,46
ST_102,IT_168,2024.08.03,46
ST_102,IT_168,2024.08.04,46
ST_102,IT_168,2024.08.05,46
ST_102,IT_168,2024.08.06,46
ST_102,IT_168,2024.08.07,46
ST_102,IT_168,2024.08.08,46
ST_102,IT_168,2024.08.09,46
ST_102,IT_168,2024.08.10,46
ST_102,IT_168,2024.08.11,46
ST_102,IT_168,2024.08.12,46
ST_102,IT_168,2024.08.13,46
ST_102,IT_168,2024.08.14,46
ST_102,IT_168,2024.08.15,46
ST_102,IT_168,2024.08.16,46
ST_102,IT_168,2024.08.17,46
ST_102,IT_168,2024.08.18,46
ST_102,IT_168,2024.08.19,46
ST_102,IT_168,2024.08.20,46
ST_102,IT_168,2024.08.21,46
ST_102,IT_168,2024.08.22,46
ST_102,IT_168,2024.08.23,46
ST_102,IT_168,2024.08.24,46
ST_102,IT_168,2024.08.25,46
ST_102,IT_168,2024.08.26,46
ST_102,IT_168,2024.08.27,46
ST_102,IT_168,2024.08.28,46
ST_102,IT_168,2024.08.29,46
ST_102,IT_168,2024.08.30,46
ST_102,IT_168,2024.08.31,46
ST_102,IT_169,2024.08.01,33
ST_102,IT_169,2024.08.02,33
ST_102,IT_169,2024.08.03,33
ST_102,IT_169,2024.08.04,33
ST_102,IT_169,2024.08.05,33
ST_102,IT_169,2024.08.06,33
ST_102,IT_169,2024.08.07,33
ST_102,IT_169,2024.08.08,33
ST_102,IT_169,2024.08.09,33
ST_102,IT_169,2024.08.10,33
ST_102,IT_169,2024.08.11,33
ST_102,IT_169,2024.08.12,33
ST_102,IT_169,2024.08.13,33
ST_102,IT_169,2024.08.14,33
ST_102,IT_169,2024.08.15,33
ST_102,IT_169,2024.08.16,33
ST_102,IT_169,2024.08.17,33
ST_102,IT_169,2024.08.18,33
ST_102,IT_169,2024.08.19,33
ST_102,IT_169,2024.08.20,33
ST_102,IT_169,2024.08.21,33
ST_102,IT_169,2024.08.22,33
ST_102,IT_169,2024.08.23,33
ST_102,IT_169,2024.08.24,33
ST_102,IT_169,2024.08.25,33
ST_102,IT_169,2024.08.26,33
ST_102,IT_169,2024.08.27,33
ST_102,IT_169,2024.08.28,33
ST_102,IT_169,2024.08.29,33
ST_102,IT_169,2024.08.30,33
ST_102,IT_169,2024.08.31,33
ST_102,IT_170,2024.08.01,36
ST_102,IT_170,2024.08.02,36
ST_102,IT_170,2024.08.03,36
ST_102,IT_170,2024.08.04,36
ST_102,IT_170,2024.08.05,36
ST_102,IT_170,2024.08.06,36
ST_102,IT_170,2024.08.07,36
ST_102,IT_170,2024.08.08,36
ST_102,IT_170,2024.08.09,36
ST_102,IT_170,2024.08.10,36
ST_102,IT_170,2024.08.11,36
ST_102,IT_170,2024.08.12,36
ST_102,IT_170,2024.08.13,36
ST_102,IT_170,2024.08.14,36
ST_102,IT_170,2024.08.15,36
ST_102,IT_170,2024.08.16,36
ST_102,IT_170,2024.08.17,36
ST_102,IT_170,2024.08.18,36
ST_102,IT_170,2024.08.19,36
ST_102,IT_170,2024.08.20,36
ST_102,IT_170,2024.08.21,36
ST_102,IT_170,2024.08.22,36
ST_102,IT_170,2024.08.23,36
ST_102,IT_170,2024.08.24,36
ST_102,IT_170,2024.08.25,36
ST_102,IT_170,2024.08.26,36
ST_102,IT_170,2024.08.27,36
ST_102,IT_170,2024.08.28,36
ST_102,IT_170,2024.08.29,36
ST_102,IT_170,2024.08.30,36
ST_102,IT_170,2024.08.31,36
ST_102,IT_171,2024.08.01,39
ST_102,IT_171,2024.08.02,39
ST_102,IT_171,2024.08.03,39
ST_102,IT_171,2024.08.04,39
ST_102,IT_171,2024.08.05,39
ST_102,IT_171,2024.08.06,39
ST_102,IT_171,2024.08.07,39
ST_102,IT_171,2024.08.08,39
ST_102,IT_171,2024.08.09,39
ST_102,IT_171,2024.08.10,39
ST_102,IT_171,2024.08.11,39
ST_102,IT_171,2024.08.12,39
ST_102,IT_171,2024.08.13,39
ST_102,IT_171,2024.08.14,39
ST_102,IT_171,2024.08.15,39
ST_102,IT_171,2024.08.16,39
ST_102,IT_171,2024.08.17,39
ST_102,IT_171,2024.08.18,39
ST_102,IT_171,2024.08.19,39
ST_102,IT_171,2024.08.20,39
ST_102,IT_171,2024.08.21,39
ST_102,IT_171,2024.08.22,39
ST_102,IT_171,2024.08.23,39
ST_102,IT_171,2024.08.24,39
ST_102,IT_171,2024.08.25,39
ST_102,IT_171,2024.08.26,39
ST_102,IT_171,2024.08.27,39
ST_102,IT_171,2024.08.28,39
ST_102,IT_171,2024.08.29,39
ST_102,IT_171,2024.08.30,39
ST_102,IT_171,2024.08.31,39
ST_102,IT_101,2024.09.01,4000
ST_102,IT_101,2024.09.02,4000
ST_102,IT_101,2024.09.03,4000
ST_102,IT_101,2024.09.04,4000
ST_102,IT_101,2024.09.05,4000
ST_102,IT_101,2024.09.06,4000
ST_102,IT_101,2024.09.07,4000
ST_102,IT_101,2024.09.08,4000
ST_102,IT_101,2024.09.09,4000
ST_102,IT_101,2024.09.10,4000
ST_102,IT_101,2024.09.11,4000
ST_102,IT_101,2024.09.12,4000
ST_102,IT_101,2024.09.13,4000
ST_102,IT_101,2024.09.14,4000
ST_102,IT_101,2024.09.15,4000
ST_102,IT_101,2024.09.16,4000
ST_102,IT_101,2024.09.17,4000
ST_102,IT_101,2024.09.18,4000
ST_102,IT_101,2024.09.19,4000
ST_102,IT_101,2024.09.20,4000
ST_102,IT_101,2024.09.21,4000
ST_102,IT_101,2024.09.22,4000
ST_102,IT_101,2024.09.23,4000
ST_102,IT_101,2024.09.24,4000
ST_102,IT_101,2024.09.25,4000
ST_102,IT_101,2024.09.26,4000
ST_102,IT_101,2024.09.27,4000
ST_102,IT_101,2024.09.28,4000
ST_102,IT_101,2024.09.29,4000
ST_102,IT_101,2024.09.30,4000
ST_102,IT_102,2024.09.01,5000
ST_102,IT_102,2024.09.02,5000
ST_102,IT_102,2024.09.03,5000
ST_102,IT_102,2024.09.04,5000
ST_102,IT_102,2024.09.05,5000
ST_102,IT_102,2024.09.06,5000
ST_102,IT_102,2024.09.07,5000
ST_102,IT_102,2024.09.08,5000
ST_102,IT_102,2024.09.09,5000
ST_102,IT_102,2024.09.10,5000
ST_102,IT_102,2024.09.11,5000
ST_102,IT_102,2024.09.12,5000
ST_102,IT_102,2024.09.13,5000
ST_102,IT_102,2024.09.14,5000
ST_102,IT_102,2024.09.15,5000
ST_102,IT_102,2024.09.16,5000
ST_102,IT_102,2024.09.17,5000
ST_102,IT_102,2024.09.18,5000
ST_102,IT_102,2024.09.19,5000
ST_102,IT_102,2024.09.20,5000
ST_102,IT_102,2024.09.21,5000
ST_102,IT_102,2024.09.22,5000
ST_102,IT_102,2024.09.23,5000
ST_102,IT_102,2024.09.24,5000
ST_102,IT_102,2024.09.25,5000
ST_102,IT_102,2024.09.26,5000
ST_102,IT_102,2024.09.27,5000
ST_102,IT_102,2024.09.28,5000
ST_102,IT_102,2024.09.29,5000
ST_102,IT_102,2024.09.30,5000
ST_102,IT_103,2024.09.01,5000
ST_102,IT_103,2024.09.02,5000
ST_102,IT_103,2024.09.03,5000
ST_102,IT_103,2024.09.04,5000
ST_102,IT_103,2024.09.05,5000
ST_102,IT_103,2024.09.06,5000
ST_102,IT_103,2024.09.07,5000
ST_102,IT_103,2024.09.08,5000
ST_102,IT_103,2024.09.09,5000
ST_102,IT_103,2024.09.10,5000
ST_102,IT_103,2024.09.11,5000
ST_102,IT_103,2024.09.12,5000
ST_102,IT_103,2024.09.13,5000
ST_102,IT_103,2024.09.14,5000
ST_102,IT_103,2024.09.15,5000
ST_102,IT_103,2024.09.16,5000
ST_102,IT_103,2024.09.17,5000
ST_102,IT_103,2024.09.18,5000
ST_102,IT_103,2024.09.19,5000
ST_102,IT_103,2024.09.20,5000
ST_102,IT_103,2024.09.21,5000
ST_102,IT_103,2024.09.22,5000
ST_102,IT_103,2024.09.23,5000
ST_102,IT_103,2024.09.24,5000
ST_102,IT_103,2024.09.25,5000
ST_102,IT_103,2024.09.26,5000
ST_102,IT_103,2024.09.27,5000
ST_102,IT_103,2024.09.28,5000
ST_102,IT_103,2024.09.29,5000
ST_102,IT_103,2024.09.30,5000
ST_102,IT_104,2024.09.01,0
ST_102,IT_104,2024.09.02,0
ST_102,IT_104,2024.09.03,0
ST_102,IT_104,2024.09.04,0
ST_102,IT_104,2024.09.05,0
ST_102,IT_104,2024.09.06,0
ST_102,IT_104,2024.09.07,0
ST_102,IT_104,2024.09.08,0
ST_102,IT_104,2024.09.09,0
ST_102,IT_104,2024.09.10,0
ST_102,IT_104,2024.09.11,0
ST_102,IT_104,2024.09.12,0
ST_102,IT_104,2024.09.13,0
ST_102,IT_104,2024.09.14,0
ST_102,IT_104,2024.09.15,0
ST_102,IT_104,2024.09.16,0
ST_102,IT_104,2024.09.17,0
ST_102,IT_104,2024.09.18,0
ST_102,IT_104,2024.09.19,0
ST_102,IT_104,2024.09.20,0
ST_102,IT_104,2024.09.21,0
ST_102,IT_104,2024.09.22,0
ST_102,IT_104,2024.09.23,0
ST_102,IT_104,2024.09.24,0
ST_102,IT_104,2024.09.25,0
ST_102,IT_104,2024.09.26,0
ST_102,IT_104,2024.09.27,0
ST_102,IT_104,2024.09.28,0
ST_102,IT_104,2024.09.29,0
ST_102,IT_104,2024.09.30,0
ST_102,IT_105,2024.09.01,7000
ST_102,IT_105,2024.09.02,7000
ST_102,IT_105,2024.09.03,7000
ST_102,IT_105,2024.09.04,7000
ST_102,IT_105,2024.09.05,7000
ST_102,IT_105,2024.09.06,7000
ST_102,IT_105,2024.09.07,7000
ST_102,IT_105,2024.09.08,7000
ST_102,IT_105,2024.09.09,7000
ST_102,IT_105,2024.09.10,7000
ST_102,IT_105,2024.09.11,7000
ST_102,IT_105,2024.09.12,7000
ST_102,IT_105,2024.09.13,7000
ST_102,IT_105,2024.09.14,7000
ST_102,IT_105,2024.09.15,7000
ST_102,IT_105,2024.09.16,7000
ST_102,IT_105,2024.09.17,7000
ST_102,IT_105,2024.09.18,7000
ST_102,IT_105,2024.09.19,7000
ST_102,IT_105,2024.09.20,7000
ST_102,IT_105,2024.09.21,7000
ST_102,IT_105,2024.09.22,7000
ST_102,IT_105,2024.09.23,7000
ST_102,IT_105,2024.09.24,7000
ST_102,IT_105,2024.09.25,7000
ST_102,IT_105,2024.09.26,7000
ST_102,IT_105,2024.09.27,7000
ST_102,IT_105,2024.09.28,7000
ST_102,IT_105,2024.09.29,7000
ST_102,IT_105,2024.09.30,7000
ST_102,IT_106,2024.09.01,5000
ST_102,IT_106,2024.09.02,5000
ST_102,IT_106,2024.09.03,5000
ST_102,IT_106,2024.09.04,5000
ST_102,IT_106,2024.09.05,5000
ST_102,IT_106,2024.09.06,5000
ST_102,IT_106,2024.09.07,5000
ST_102,IT_106,2024.09.08,5000
ST_102,IT_106,2024.09.09,5000
ST_102,IT_106,2024.09.10,5000
ST_102,IT_106,2024.09.11,5000
ST_102,IT_106,2024.09.12,5000
ST_102,IT_106,2024.09.13,5000
ST_102,IT_106,2024.09.14,5000
ST_102,IT_106,2024.09.15,5000
ST_102,IT_106,2024.09.16,5000
ST_102,IT_106,2024.09.17,5000
ST_102,IT_106,2024.09.18,5000
ST_102,IT_106,2024.09.19,5000
ST_102,IT_106,2024.09.20,5000
ST_102,IT_106,2024.09.21,5000
ST_102,IT_106,2024.09.22,5000
ST_102,IT_106,2024.09.23,5000
ST_102,IT_106,2024.09.24,5000
ST_102,IT_106,2024.09.25,5000
ST_102,IT_106,2024.09.26,5000
ST_102,IT_106,2024.09.27,5000
ST_102,IT_106,2024.09.28,5000
ST_102,IT_106,2024.09.29,5000
ST_102,IT_106,2024.09.30,5000
ST_102,IT_107,2024.09.01,8000
ST_102,IT_107,2024.09.02,8000
ST_102,IT_107,2024.09.03,8000
ST_102,IT_107,2024.09.04,8000
ST_102,IT_107,2024.09.05,8000
ST_102,IT_107,2024.09.06,8000
ST_102,IT_107,2024.09.07,8000
ST_102,IT_107,2024.09.08,8000
ST_102,IT_107,2024.09.09,8000
ST_102,IT_107,2024.09.10,8000
ST_102,IT_107,2024.09.11,8000
ST_102,IT_107,2024.09.12,8000
ST_102,IT_107,2024.09.13,8000
ST_102,IT_107,2024.09.14,8000
ST_102,IT_107,2024.09.15,8000
ST_102,IT_107,2024.09.16,8000
ST_102,IT_107,2024.09.17,8000
ST_102,IT_107,2024.09.18,8000
ST_102,IT_107,2024.09.19,8000
ST_102,IT_107,2024.09.20,8000
ST_102,IT_107,2024.09.21,8000
ST_102,IT_107,2024.09.22,8000
ST_102,IT_107,2024.09.23,8000
ST_102,IT_107,2024.09.24,8000
ST_102,IT_107,2024.09.25,8000
ST_102,IT_107,2024.09.26,8000
ST_102,IT_107,2024.09.27,8000
ST_102,IT_107,2024.09.28,8000
ST_102,IT_107,2024.09.29,8000
ST_102,IT_107,2024.09.30,8000
ST_102,IT_108,2024.09.01,7000
ST_102,IT_108,2024.09.02,7000
ST_102,IT_108,2024.09.03,7000
ST_102,IT_108,2024.09.04,7000
ST_102,IT_108,2024.09.05,7000
ST_102,IT_108,2024.09.06,7000
ST_102,IT_108,2024.09.07,7000
ST_102,IT_108,2024.09.08,7000
ST_102,IT_108,2024.09.09,7000
ST_102,IT_108,2024.09.10,7000
ST_102,IT_108,2024.09.11,7000
ST_102,IT_108,2024.09.12,7000
ST_102,IT_108,2024.09.13,7000
ST_102,IT_108,2024.09.14,7000
ST_102,IT_108,2024.09.15,7000
ST_102,IT_108,2024.09.16,7000
ST_102,IT_108,2024.09.17,7000
ST_102,IT_108,2024.09.18,7000
ST_102,IT_108,2024.09.19,7000
ST_102,IT_108,2024.09.20,7000
ST_102,IT_108,2024.09.21,7000
ST_102,IT_108,2024.09.22,7000
ST_102,IT_108,2024.09.23,7000
ST_102,IT_108,2024.09.24,7000
ST_102,IT_108,2024.09.25,7000
ST_102,IT_108,2024.09.26,7000
ST_102,IT_108,2024.09.27,7000
ST_102,IT_108,2024.09.28,7000
ST_102,IT_108,2024.09.29,7000
ST_102,IT_108,2024.09.30,7000
ST_102,IT_109,2024.09.01,0
ST_102,IT_109,2024.09.02,0
ST_102,IT_109,2024.09.03,0
ST_102,IT_109,2024.09.04,0
ST_102,IT_109,2024.09.05,0
ST_102,IT_109,2024.09.06,0
ST_102,IT_109,2024.09.07,0
ST_102,IT_109,2024.09.08,0
ST_102,IT_109,2024.09.09,0
ST_102,IT_109,2024.09.10,0
ST_102,IT_109,2024.09.11,0
ST_102,IT_109,2024.09.12,0
ST_102,IT_109,2024.09.13,0
ST_102,IT_109,2024.09.14,0
ST_102,IT_109,2024.09.15,0
ST_102,IT_109,2024.09.16,0
ST_102,IT_109,2024.09.17,0
ST_102,IT_109,2024.09.18,0
ST_102,IT_109,2024.09.19,0
ST_102,IT_109,2024.09.20,0
ST_102,IT_109,2024.09.21,0
ST_102,IT_109,2024.09.22,0
ST_102,IT_109,2024.09.23,0
ST_102,IT_109,2024.09.24,0
ST_102,IT_109,2024.09.25,0
ST_102,IT_109,2024.09.26,0
ST_102,IT_109,2024.09.27,0
ST_102,IT_109,2024.09.28,0
ST_102,IT_109,2024.09.29,0
ST_102,IT_109,2024.09.30,0
ST_102,IT_110,2024.09.01,3000
ST_102,IT_110,2024.09.02,3000
ST_102,IT_110,2024.09.03,3000
ST_102,IT_110,2024.09.04,3000
ST_102,IT_110,2024.09.05,3000
ST_102,IT_110,2024.09.06,3000
ST_102,IT_110,2024.09.07,3000
ST_102,IT_110,2024.09.08,3000
ST_102,IT_110,2024.09.09,3000
ST_102,IT_110,2024.09.10,3000
ST_102,IT_110,2024.09.11,3000
ST_102,IT_110,2024.09.12,3000
ST_102,IT_110,2024.09.13,3000
ST_102,IT_110,2024.09.14,3000
ST_102,IT_110,2024.09.15,3000
ST_102,IT_110,2024.09.16,3000
ST_102,IT_110,2024.09.17,3000
ST_102,IT_110,2024.09.18,3000
ST_102,IT_110,2024.09.19,3000
ST_102,IT_110,2024.09.20,3000
ST_102,IT_110,2024.09.21,3000
ST_102,IT_110,2024.09.22,3000
ST_102,IT_110,2024.09.23,3000
ST_102,IT_110,2024.09.24,3000
ST_102,IT_110,2024.09.25,3000
ST_102,IT_110,2024.09.26,3000
ST_102,IT_110,2024.09.27,3000
ST_102,IT_110,2024.09.28,3000
ST_102,IT_110,2024.09.29,3000
ST_102,IT_110,2024.09.30,3000
ST_102,IT_111,2024.09.01,11000
ST_102,IT_111,2024.09.02,11000
ST_102,IT_111,2024.09.03,11000
ST_102,IT_111,2024.09.04,11000
ST_102,IT_111,2024.09.05,11000
ST_102,IT_111,2024.09.06,11000
ST_102,IT_111,2024.09.07,11000
ST_102,IT_111,2024.09.08,11000
ST_102,IT_111,2024.09.09,11000
ST_102,IT_111,2024.09.10,11000
ST_102,IT_111,2024.09.11,11000
ST_102,IT_111,2024.09.12,11000
ST_102,IT_111,2024.09.13,11000
ST_102,IT_111,2024.09.14,11000
ST_102,IT_111,2024.09.15,11000
ST_102,IT_111,2024.09.16,11000
ST_102,IT_111,2024.09.17,11000
ST_102,IT_111,2024.09.18,11000
ST_102,IT_111,2024.09.19,11000
ST_102,IT_111,2024.09.20,11000
ST_102,IT_111,2024.09.21,11000
ST_102,IT_111,2024.09.22,11000
ST_102,IT_111,2024.09.23,11000
ST_102,IT_111,2024.09.24,11000
ST_102,IT_111,2024.09.25,11000
ST_102,IT_111,2024.09.26,11000
ST_102,IT_111,2024.09.27,11000
ST_102,IT_111,2024.09.28,11000
ST_102,IT_111,2024.09.29,11000
ST_102,IT_111,2024.09.30,11000
ST_102,IT_112,2024.09.01,10000
ST_102,IT_112,2024.09.02,10000
ST_102,IT_112,2024.09.03,10000
ST_102,IT_112,2024.09.04,10000
ST_102,IT_112,2024.09.05,10000
ST_102,IT_112,2024.09.06,10000
ST_102,IT_112,2024.09.07,10000
ST_102,IT_112,2024.09.08,10000
ST_102,IT_112,2024.09.09,10000
ST_102,IT_112,2024.09.10,10000
ST_102,IT_112,2024.09.11,10000
ST_102,IT_112,2024.09.12,10000
ST_102,IT_112,2024.09.13,10000
ST_102,IT_112,2024.09.14,10000
ST_102,IT_112,2024.09.15,10000
ST_102,IT_112,2024.09.16,10000
ST_102,IT_112,2024.09.17,10000
ST_102,IT_112,2024.09.18,10000
ST_102,IT_112,2024.09.19,10000
ST_102,IT_112,2024.09.20,10000
ST_102,IT_112,2024.09.21,10000
ST_102,IT_112,2024.09.22,10000
ST_102,IT_112,2024.09.23,10000
ST_102,IT_112,2024.09.24,10000
ST_102,IT_112,2024.09.25,10000
ST_102,IT_112,2024.09.26,10000
ST_102,IT_112,2024.09.27,10000
ST_102,IT_112,2024.09.28,10000
ST_102,IT_112,2024.09.29,10000
ST_102,IT_112,2024.09.30,10000
ST_102,IT_113,2024.09.01,3600
ST_102,IT_113,2024.09.02,3600
ST_102,IT_113,2024.09.03,3600
ST_102,IT_113,2024.09.04,3600
ST_102,IT_113,2024.09.05,3600
ST_102,IT_113,2024.09.06,3600
ST_102,IT_113,2024.09.07,3600
ST_102,IT_113,2024.09.08,3600
ST_102,IT_113,2024.09.09,3600
ST_102,IT_113,2024.09.10,3600
ST_102,IT_113,2024.09.11,3600
ST_102,IT_113,2024.09.12,3600
ST_102,IT_113,2024.09.13,3600
ST_102,IT_113,2024.09.14,3600
ST_102,IT_113,2024.09.15,3600
ST_102,IT_113,2024.09.16,3600
ST_102,IT_113,2024.09.17,3600
ST_102,IT_113,2024.09.18,3600
ST_102,IT_113,2024.09.19,3600
ST_102,IT_113,2024.09.20,3600
ST_102,IT_113,2024.09.21,3600
ST_102,IT_113,2024.09.22,3600
ST_102,IT_113,2024.09.23,3600
ST_102,IT_113,2024.09.24,3600
ST_102,IT_113,2024.09.25,3600
ST_102,IT_113,2024.09.26,3600
ST_102,IT_113,2024.09.27,3600
ST_102,IT_113,2024.09.28,3600
ST_102,IT_113,2024.09.29,3600
ST_102,IT_113,2024.09.30,3600
ST_102,IT_114,2024.09.01,2000
ST_102,IT_114,2024.09.02,2000
ST_102,IT_114,2024.09.03,2000
ST_102,IT_114,2024.09.04,2000
ST_102,IT_114,2024.09.05,2000
ST_102,IT_114,2024.09.06,2000
ST_102,IT_114,2024.09.07,2000
ST_102,IT_114,2024.09.08,2000
ST_102,IT_114,2024.09.09,2000
ST_102,IT_114,2024.09.10,2000
ST_102,IT_114,2024.09.11,2000
ST_102,IT_114,2024.09.12,2000
ST_102,IT_114,2024.09.13,2000
ST_102,IT_114,2024.09.14,2000
ST_102,IT_114,2024.09.15,2000
ST_102,IT_114,2024.09.16,2000
ST_102,IT_114,2024.09.17,2000
ST_102,IT_114,2024.09.18,2000
ST_102,IT_114,2024.09.19,2000
ST_102,IT_114,2024.09.20,2000
ST_102,IT_114,2024.09.21,2000
ST_102,IT_114,2024.09.22,2000
ST_102,IT_114,2024.09.23,2000
ST_102,IT_114,2024.09.24,2000
ST_102,IT_114,2024.09.25,2000
ST_102,IT_114,2024.09.26,2000
ST_102,IT_114,2024.09.27,2000
ST_102,IT_114,2024.09.28,2000
ST_102,IT_114,2024.09.29,2000
ST_102,IT_114,2024.09.30,2000
ST_102,IT_115,2024.09.01,3500
ST_102,IT_115,2024.09.02,3500
ST_102,IT_115,2024.09.03,3500
ST_102,IT_115,2024.09.04,3500
ST_102,IT_115,2024.09.05,3500
ST_102,IT_115,2024.09.06,3500
ST_102,IT_115,2024.09.07,3500
ST_102,IT_115,2024.09.08,3500
ST_102,IT_115,2024.09.09,3500
ST_102,IT_115,2024.09.10,3500
ST_102,IT_115,2024.09.11,3500
ST_102,IT_115,2024.09.12,3500
ST_102,IT_115,2024.09.13,3500
ST_102,IT_115,2024.09.14,3500
ST_102,IT_115,2024.09.15,3500
ST_102,IT_115,2024.09.16,3500
ST_102,IT_115,2024.09.17,3500
ST_102,IT_115,2024.09.18,3500
ST_102,IT_115,2024.09.19,3500
ST_102,IT_115,2024.09.20,3500
ST_102,IT_115,2024.09.21,3500
ST_102,IT_115,2024.09.22,3500
ST_102,IT_115,2024.09.23,3500
ST_102,IT_115,2024.09.24,3500
ST_102,IT_115,2024.09.25,3500
ST_102,IT_115,2024.09.26,3500
ST_102,IT_115,2024.09.27,3500
ST_102,IT_115,2024.09.28,3500
ST_102,IT_115,2024.09.29,3500
ST_102,IT_115,2024.09.30,3500
ST_102,IT_116,2024.09.01,4600
ST_102,IT_116,2024.09.02,4600
ST_102,IT_116,2024.09.03,4600
ST_102,IT_116,2024.09.04,4600
ST_102,IT_116,2024.09.05,4600
ST_102,IT_116,2024.09.06,4600
ST_102,IT_116,2024.09.07,4600
ST_102,IT_116,2024.09.08,4600
ST_102,IT_116,2024.09.09,4600
ST_102,IT_116,2024.09.10,4600
ST_102,IT_116,2024.09.11,4600
ST_102,IT_116,2024.09.12,4600
ST_102,IT_116,2024.09.13,4600
ST_102,IT_116,2024.09.14,4600
ST_102,IT_116,2024.09.15,4600
ST_102,IT_116,2024.09.16,4600
ST_102,IT_116,2024.09.17,4600
ST_102,IT_116,2024.09.18,4600
ST_102,IT_116,2024.09.19,4600
ST_102,IT_116,2024.09.20,4600
ST_102,IT_116,2024.09.21,4600
ST_102,IT_116,2024.09.22,4600
ST_102,IT_116,2024.09.23,4600
ST_102,IT_116,2024.09.24,4600
ST_102,IT_116,2024.09.25,4600
ST_102,IT_116,2024.09.26,4600
ST_102,IT_116,2024.09.27,4600
ST_102,IT_116,2024.09.28,4600
ST_102,IT_116,2024.09.29,4600
ST_102,IT_116,2024.09.30,4600
ST_102,IT_117,2024.09.01,2400
ST_102,IT_117,2024.09.02,2400
ST_102,IT_117,2024.09.03,2400
ST_102,IT_117,2024.09.04,2400
ST_102,IT_117,2024.09.05,2400
ST_102,IT_117,2024.09.06,2400
ST_102,IT_117,2024.09.07,2400
ST_102,IT_117,2024.09.08,2400
ST_102,IT_117,2024.09.09,2400
ST_102,IT_117,2024.09.10,2400
ST_102,IT_117,2024.09.11,2400
ST_102,IT_117,2024.09.12,2400
ST_102,IT_117,2024.09.13,2400
ST_102,IT_117,2024.09.14,2400
ST_102,IT_117,2024.09.15,2400
ST_102,IT_117,2024.09.16,2400
ST_102,IT_117,2024.09.17,2400
ST_102,IT_117,2024.09.18,2400
ST_102,IT_117,2024.09.19,2400
ST_102,IT_117,2024.09.20,2400
ST_102,IT_117,2024.09.21,2400
ST_102,IT_117,2024.09.22,2400
ST_102,IT_117,2024.09.23,2400
ST_102,IT_117,2024.09.24,2400
ST_102,IT_117,2024.09.25,2400
ST_102,IT_117,2024.09.26,2400
ST_102,IT_117,2024.09.27,2400
ST_102,IT_117,2024.09.28,2400
ST_102,IT_117,2024.09.29,2400
ST_102,IT_117,2024.09.30,2400
ST_102,IT_118,2024.09.01,2000
ST_102,IT_118,2024.09.02,2000
ST_102,IT_118,2024.09.03,2000
ST_102,IT_118,2024.09.04,2000
ST_102,IT_118,2024.09.05,2000
ST_102,IT_118,2024.09.06,2000
ST_102,IT_118,2024.09.07,2000
ST_102,IT_118,2024.09.08,2000
ST_102,IT_118,2024.09.09,2000
ST_102,IT_118,2024.09.10,2000
ST_102,IT_118,2024.09.11,2000
ST_102,IT_118,2024.09.12,2000
ST_102,IT_118,2024.09.13,2000
ST_102,IT_118,2024.09.14,2000
ST_102,IT_118,2024.09.15,2000
ST_102,IT_118,2024.09.16,2000
ST_102,IT_118,2024.09.17,2000
ST_102,IT_118,2024.09.18,2000
ST_102,IT_118,2024.09.19,2000
ST_102,IT_118,2024.09.20,2000
ST_102,IT_118,2024.09.21,2000
ST_102,IT_118,2024.09.22,2000
ST_102,IT_118,2024.09.23,2000
ST_102,IT_118,2024.09.24,2000
ST_102,IT_118,2024.09.25,2000
ST_102,IT_118,2024.09.26,2000
ST_102,IT_118,2024.09.27,2000
ST_102,IT_118,2024.09.28,2000
ST_102,IT_118,2024.09.29,2000
ST_102,IT_118,2024.09.30,2000
ST_102,IT_119,2024.09.01,24000
ST_102,IT_119,2024.09.02,24000
ST_102,IT_119,2024.09.03,24000
ST_102,IT_119,2024.09.04,24000
ST_102,IT_119,2024.09.05,24000
ST_102,IT_119,2024.09.06,24000
ST_102,IT_119,2024.09.07,24000
ST_102,IT_119,2024.09.08,24000
ST_102,IT_119,2024.09.09,24000
ST_102,IT_119,2024.09.10,24000
ST_102,IT_119,2024.09.11,24000
ST_102,IT_119,2024.09.12,24000
ST_102,IT_119,2024.09.13,24000
ST_102,IT_119,2024.09.14,24000
ST_102,IT_119,2024.09.15,24000
ST_102,IT_119,2024.09.16,24000
ST_102,IT_119,2024.09.17,24000
ST_102,IT_119,2024.09.18,24000
ST_102,IT_119,2024.09.19,24000
ST_102,IT_119,2024.09.20,24000
ST_102,IT_119,2024.09.21,24000
ST_102,IT_119,2024.09.22,24000
ST_102,IT_119,2024.09.23,24000
ST_102,IT_119,2024.09.24,24000
ST_102,IT_119,2024.09.25,24000
ST_102,IT_119,2024.09.26,24000
ST_102,IT_119,2024.09.27,24000
ST_102,IT_119,2024.09.28,24000
ST_102,IT_119,2024.09.29,24000
ST_102,IT_119,2024.09.30,24000
ST_102,IT_120,2024.09.01,5
ST_102,IT_120,2024.09.02,5
ST_102,IT_120,2024.09.03,5
ST_102,IT_120,2024.09.04,5
ST_102,IT_120,2024.09.05,5
ST_102,IT_120,2024.09.06,5
ST_102,IT_120,2024.09.07,5
ST_102,IT_120,2024.09.08,5
ST_102,IT_120,2024.09.09,5
ST_102,IT_120,2024.09.10,5
ST_102,IT_120,2024.09.11,5
ST_102,IT_120,2024.09.12,5
ST_102,IT_120,2024.09.13,5
ST_102,IT_120,2024.09.14,5
ST_102,IT_120,2024.09.15,5
ST_102,IT_120,2024.09.16,5
ST_102,IT_120,2024.09.17,5
ST_102,IT_120,2024.09.18,5
ST_102,IT_120,2024.09.19,5
ST_102,IT_120,2024.09.20,5
ST_102,IT_120,2024.09.21,5
ST_102,IT_120,2024.09.22,5
ST_102,IT_120,2024.09.23,5
ST_102,IT_120,2024.09.24,5
ST_102,IT_120,2024.09.25,5
ST_102,IT_120,2024.09.26,5
ST_102,IT_120,2024.09.27,5
ST_102,IT_120,2024.09.28,5
ST_102,IT_120,2024.09.29,5
ST_102,IT_120,2024.09.30,5
ST_102,IT_121,2024.09.01,3000
ST_102,IT_121,2024.09.02,3000
ST_102,IT_121,2024.09.03,3000
ST_102,IT_121,2024.09.04,3000
ST_102,IT_121,2024.09.05,3000
ST_102,IT_121,2024.09.06,3000
ST_102,IT_121,2024.09.07,3000
ST_102,IT_121,2024.09.08,3000
ST_102,IT_121,2024.09.09,3000
ST_102,IT_121,2024.09.10,3000
ST_102,IT_121,2024.09.11,3000
ST_102,IT_121,2024.09.12,3000
ST_102,IT_121,2024.09.13,3000
ST_102,IT_121,2024.09.14,3000
ST_102,IT_121,2024.09.15,3000
ST_102,IT_121,2024.09.16,3000
ST_102,IT_121,2024.09.17,3000
ST_102,IT_121,2024.09.18,3000
ST_102,IT_121,2024.09.19,3000
ST_102,IT_121,2024.09.20,3000
ST_102,IT_121,2024.09.21,3000
ST_102,IT_121,2024.09.22,3000
ST_102,IT_121,2024.09.23,3000
ST_102,IT_121,2024.09.24,3000
ST_102,IT_121,2024.09.25,3000
ST_102,IT_121,2024.09.26,3000
ST_102,IT_121,2024.09.27,3000
ST_102,IT_121,2024.09.28,3000
ST_102,IT_121,2024.09.29,3000
ST_102,IT_121,2024.09.30,3000
ST_102,IT_122,2024.09.01,3000
ST_102,IT_122,2024.09.02,3000
ST_102,IT_122,2024.09.03,3000
ST_102,IT_122,2024.09.04,3000
ST_102,IT_122,2024.09.05,3000
ST_102,IT_122,2024.09.06,3000
ST_102,IT_122,2024.09.07,3000
ST_102,IT_122,2024.09.08,3000
ST_102,IT_122,2024.09.09,3000
ST_102,IT_122,2024.09.10,3000
ST_102,IT_122,2024.09.11,3000
ST_102,IT_122,2024.09.12,3000
ST_102,IT_122,2024.09.13,3000
ST_102,IT_122,2024.09.14,3000
ST_102,IT_122,2024.09.15,3000
ST_102,IT_122,2024.09.16,3000
ST_102,IT_122,2024.09.17,3000
ST_102,IT_122,2024.09.18,3000
ST_102,IT_122,2024.09.19,3000
ST_102,IT_122,2024.09.20,3000
ST_102,IT_122,2024.09.21,3000
ST_102,IT_122,2024.09.22,3000
ST_102,IT_122,2024.09.23,3000
ST_102,IT_122,2024.09.24,3000
ST_102,IT_122,2024.09.25,3000
ST_102,IT_122,2024.09.26,3000
ST_102,IT_122,2024.09.27,3000
ST_102,IT_122,2024.09.28,3000
ST_102,IT_122,2024.09.29,3000
ST_102,IT_122,2024.09.30,3000
ST_102,IT_123,2024.09.01,600
ST_102,IT_123,2024.09.02,600
ST_102,IT_123,2024.09.03,600
ST_102,IT_123,2024.09.04,600
ST_102,IT_123,2024.09.05,600
ST_102,IT_123,2024.09.06,600
ST_102,IT_123,2024.09.07,600
ST_102,IT_123,2024.09.08,600
ST_102,IT_123,2024.09.09,600
ST_102,IT_123,2024.09.10,600
ST_102,IT_123,2024.09.11,600
ST_102,IT_123,2024.09.12,600
ST_102,IT_123,2024.09.13,600
ST_102,IT_123,2024.09.14,600
ST_102,IT_123,2024.09.15,600
ST_102,IT_123,2024.09.16,600
ST_102,IT_123,2024.09.17,600
ST_102,IT_123,2024.09.18,600
ST_102,IT_123,2024.09.19,600
ST_102,IT_123,2024.09.20,600
ST_102,IT_123,2024.09.21,600
ST_102,IT_123,2024.09.22,600
ST_102,IT_123,2024.09.23,600
ST_102,IT_123,2024.09.24,600
ST_102,IT_123,2024.09.25,600
ST_102,IT_123,2024.09.26,600
ST_102,IT_123,2024.09.27,600
ST_102,IT_123,2024.09.28,600
ST_102,IT_123,2024.09.29,600
ST_102,IT_123,2024.09.30,600
ST_102,IT_124,2024.09.01,50
ST_102,IT_124,2024.09.02,50
ST_102,IT_124,2024.09.03,50
ST_102,IT_124,2024.09.04,50
ST_102,IT_124,2024.09.05,50
ST_102,IT_124,2024.09.06,50
ST_102,IT_124,2024.09.07,50
ST_102,IT_124,2024.09.08,50
ST_102,IT_124,2024.09.09,50
ST_102,IT_124,2024.09.10,50
ST_102,IT_124,2024.09.11,50
ST_102,IT_124,2024.09.12,50
ST_102,IT_124,2024.09.13,50
ST_102,IT_124,2024.09.14,50
ST_102,IT_124,2024.09.15,50
ST_102,IT_124,2024.09.16,50
ST_102,IT_124,2024.09.17,50
ST_102,IT_124,2024.09.18,50
ST_102,IT_124,2024.09.19,50
ST_102,IT_124,2024.09.20,50
ST_102,IT_124,2024.09.21,50
ST_102,IT_124,2024.09.22,50
ST_102,IT_124,2024.09.23,50
ST_102,IT_124,2024.09.24,50
ST_102,IT_124,2024.09.25,50
ST_102,IT_124,2024.09.26,50
ST_102,IT_124,2024.09.27,50
ST_102,IT_124,2024.09.28,50
ST_102,IT_124,2024.09.29,50
ST_102,IT_124,2024.09.30,50
ST_102,IT_125,2024.09.01,36
ST_102,IT_125,2024.09.02,36
ST_102,IT_125,2024.09.03,36
ST_102,IT_125,2024.09.04,36
ST_102,IT_125,2024.09.05,36
ST_102,IT_125,2024.09.06,36
ST_102,IT_125,2024.09.07,36
ST_102,IT_125,2024.09.08,36
ST_102,IT_125,2024.09.09,36
ST_102,IT_125,2024.09.10,36
ST_102,IT_125,2024.09.11,36
ST_102,IT_125,2024.09.12,36
ST_102,IT_125,2024.09.13,36
ST_102,IT_125,2024.09.14,36
ST_102,IT_125,2024.09.15,36
ST_102,IT_125,2024.09.16,36
ST_102,IT_125,2024.09.17,36
ST_102,IT_125,2024.09.18,36
ST_102,IT_125,2024.09.19,36
ST_102,IT_125,2024.09.20,36
ST_102,IT_125,2024.09.21,36
ST_102,IT_125,2024.09.22,36
ST_102,IT_125,2024.09.23,36
ST_102,IT_125,2024.09.24,36
ST_102,IT_125,2024.09.25,36
ST_102,IT_125,2024.09.26,36
ST_102,IT_125,2024.09.27,36
ST_102,IT_125,2024.09.28,36
ST_102,IT_125,2024.09.29,36
ST_102,IT_125,2024.09.30,36
ST_102,IT_126,2024.09.01,18
ST_102,IT_126,2024.09.02,18
ST_102,IT_126,2024.09.03,18
ST_102,IT_126,2024.09.04,18
ST_102,IT_126,2024.09.05,18
ST_102,IT_126,2024.09.06,18
ST_102,IT_126,2024.09.07,18
ST_102,IT_126,2024.09.08,18
ST_102,IT_126,2024.09.09,18
ST_102,IT_126,2024.09.10,18
ST_102,IT_126,2024.09.11,18
ST_102,IT_126,2024.09.12,18
ST_102,IT_126,2024.09.13,18
ST_102,IT_126,2024.09.14,18
ST_102,IT_126,2024.09.15,18
ST_102,IT_126,2024.09.16,18
ST_102,IT_126,2024.09.17,18
ST_102,IT_126,2024.09.18,18
ST_102,IT_126,2024.09.19,18
ST_102,IT_126,2024.09.20,18
ST_102,IT_126,2024.09.21,18
ST_102,IT_126,2024.09.22,18
ST_102,IT_126,2024.09.23,18
ST_102,IT_126,2024.09.24,18
ST_102,IT_126,2024.09.25,18
ST_102,IT_126,2024.09.26,18
ST_102,IT_126,2024.09.27,18
ST_102,IT_126,2024.09.28,18
ST_102,IT_126,2024.09.29,18
ST_102,IT_126,2024.09.30,18
ST_102,IT_127,2024.09.01,0
ST_102,IT_127,2024.09.02,0
ST_102,IT_127,2024.09.03,0
ST_102,IT_127,2024.09.04,0
ST_102,IT_127,2024.09.05,0
ST_102,IT_127,2024.09.06,0
ST_102,IT_127,2024.09.07,0
ST_102,IT_127,2024.09.08,0
ST_102,IT_127,2024.09.09,0
ST_102,IT_127,2024.09.10,0
ST_102,IT_127,2024.09.11,0
ST_102,IT_127,2024.09.12,0
ST_102,IT_127,2024.09.13,0
ST_102,IT_127,2024.09.14,0
ST_102,IT_127,2024.09.15,0
ST_102,IT_127,2024.09.16,0
ST_102,IT_127,2024.09.17,0
ST_102,IT_127,2024.09.18,0
ST_102,IT_127,2024.09.19,0
ST_102,IT_127,2024.09.20,0
ST_102,IT_127,2024.09.21,0
ST_102,IT_127,2024.09.22,0
ST_102,IT_127,2024.09.23,0
ST_102,IT_127,2024.09.24,0
ST_102,IT_127,2024.09.25,0
ST_102,IT_127,2024.09.26,0
ST_102,IT_127,2024.09.27,0
ST_102,IT_127,2024.09.28,0
ST_102,IT_127,2024.09.29,0
ST_102,IT_127,2024.09.30,0
ST_102,IT_128,2024.09.01,29
ST_102,IT_128,2024.09.02,29
ST_102,IT_128,2024.09.03,29
ST_102,IT_128,2024.09.04,29
ST_102,IT_128,2024.09.05,29
ST_102,IT_128,2024.09.06,29
ST_102,IT_128,2024.09.07,29
ST_102,IT_128,2024.09.08,29
ST_102,IT_128,2024.09.09,29
ST_102,IT_128,2024.09.10,29
ST_102,IT_128,2024.09.11,29
ST_102,IT_128,2024.09.12,29
ST_102,IT_128,2024.09.13,29
ST_102,IT_128,2024.09.14,29
ST_102,IT_128,2024.09.15,29
ST_102,IT_128,2024.09.16,29
ST_102,IT_128,2024.09.17,29
ST_102,IT_128,2024.09.18,29
ST_102,IT_128,2024.09.19,29
ST_102,IT_128,2024.09.20,29
ST_102,IT_128,2024.09.21,29
ST_102,IT_128,2024.09.22,29
ST_102,IT_128,2024.09.23,29
ST_102,IT_128,2024.09.24,29
ST_102,IT_128,2024.09.25,29
ST_102,IT_128,2024.09.26,29
ST_102,IT_128,2024.09.27,29
ST_102,IT_128,2024.09.28,29
ST_102,IT_128,2024.09.29,29
ST_102,IT_128,2024.09.30,29
ST_102,IT_129,2024.09.01,60
ST_102,IT_129,2024.09.02,60
ST_102,IT_129,2024.09.03,60
ST_102,IT_129,2024.09.04,60
ST_102,IT_129,2024.09.05,60
ST_102,IT_129,2024.09.06,60
ST_102,IT_129,2024.09.07,60
ST_102,IT_129,2024.09.08,60
ST_102,IT_129,2024.09.09,60
ST_102,IT_129,2024.09.10,60
ST_102,IT_129,2024.09.11,60
ST_102,IT_129,2024.09.12,60
ST_102,IT_129,2024.09.13,60
ST_102,IT_129,2024.09.14,60
ST_102,IT_129,2024.09.15,60
ST_102,IT_129,2024.09.16,60
ST_102,IT_129,2024.09.17,60
ST_102,IT_129,2024.09.18,60
ST_102,IT_129,2024.09.19,60
ST_102,IT_129,2024.09.20,60
ST_102,IT_129,2024.09.21,60
ST_102,IT_129,2024.09.22,60
ST_102,IT_129,2024.09.23,60
ST_102,IT_129,2024.09.24,60
ST_102,IT_129,2024.09.25,60
ST_102,IT_129,2024.09.26,60
ST_102,IT_129,2024.09.27,60
ST_102,IT_129,2024.09.28,60
ST_102,IT_129,2024.09.29,60
ST_102,IT_129,2024.09.30,60
ST_102,IT_130,2024.09.01,0
ST_102,IT_130,2024.09.02,0
ST_102,IT_130,2024.09.03,0
ST_102,IT_130,2024.09.04,0
ST_102,IT_130,2024.09.05,0
ST_102,IT_130,2024.09.06,0
ST_102,IT_130,2024.09.07,0
ST_102,IT_130,2024.09.08,0
ST_102,IT_130,2024.09.09,0
ST_102,IT_130,2024.09.10,0
ST_102,IT_130,2024.09.11,0
ST_102,IT_130,2024.09.12,0
ST_102,IT_130,2024.09.13,0
ST_102,IT_130,2024.09.14,0
ST_102,IT_130,2024.09.15,0
ST_102,IT_130,2024.09.16,0
ST_102,IT_130,2024.09.17,0
ST_102,IT_130,2024.09.18,0
ST_102,IT_130,2024.09.19,0
ST_102,IT_130,2024.09.20,0
ST_102,IT_130,2024.09.21,0
ST_102,IT_130,2024.09.22,0
ST_102,IT_130,2024.09.23,0
ST_102,IT_130,2024.09.24,0
ST_102,IT_130,2024.09.25,0
ST_102,IT_130,2024.09.26,0
ST_102,IT_130,2024.09.27,0
ST_102,IT_130,2024.09.28,0
ST_102,IT_130,2024.09.29,0
ST_102,IT_130,2024.09.30,0
ST_102,IT_131,2024.09.01,183
ST_102,IT_131,2024.09.02,183
ST_102,IT_131,2024.09.03,183
ST_102,IT_131,2024.09.04,183
ST_102,IT_131,2024.09.05,183
ST_102,IT_131,2024.09.06,183
ST_102,IT_131,2024.09.07,183
ST_102,IT_131,2024.09.08,183
ST_102,IT_131,2024.09.09,183
ST_102,IT_131,2024.09.10,183
ST_102,IT_131,2024.09.11,183
ST_102,IT_131,2024.09.12,183
ST_102,IT_131,2024.09.13,183
ST_102,IT_131,2024.09.14,183
ST_102,IT_131,2024.09.15,183
ST_102,IT_131,2024.09.16,183
ST_102,IT_131,2024.09.17,183
ST_102,IT_131,2024.09.18,183
ST_102,IT_131,2024.09.19,183
ST_102,IT_131,2024.09.20,183
ST_102,IT_131,2024.09.21,183
ST_102,IT_131,2024.09.22,183
ST_102,IT_131,2024.09.23,183
ST_102,IT_131,2024.09.24,183
ST_102,IT_131,2024.09.25,183
ST_102,IT_131,2024.09.26,183
ST_102,IT_131,2024.09.27,183
ST_102,IT_131,2024.09.28,183
ST_102,IT_131,2024.09.29,183
ST_102,IT_131,2024.09.30,183
ST_102,IT_132,2024.09.01,100
ST_102,IT_132,2024.09.02,100
ST_102,IT_132,2024.09.03,100
ST_102,IT_132,2024.09.04,100
ST_102,IT_132,2024.09.05,100
ST_102,IT_132,2024.09.06,100
ST_102,IT_132,2024.09.07,100
ST_102,IT_132,2024.09.08,100
ST_102,IT_132,2024.09.09,100
ST_102,IT_132,2024.09.10,100
ST_102,IT_132,2024.09.11,100
ST_102,IT_132,2024.09.12,100
ST_102,IT_132,2024.09.13,100
ST_102,IT_132,2024.09.14,100
ST_102,IT_132,2024.09.15,100
ST_102,IT_132,2024.09.16,100
ST_102,IT_132,2024.09.17,100
ST_102,IT_132,2024.09.18,100
ST_102,IT_132,2024.09.19,100
ST_102,IT_132,2024.09.20,100
ST_102,IT_132,2024.09.21,100
ST_102,IT_132,2024.09.22,100
ST_102,IT_132,2024.09.23,100
ST_102,IT_132,2024.09.24,100
ST_102,IT_132,2024.09.25,100
ST_102,IT_132,2024.09.26,100
ST_102,IT_132,2024.09.27,100
ST_102,IT_132,2024.09.28,100
ST_102,IT_132,2024.09.29,100
ST_102,IT_132,2024.09.30,100
ST_102,IT_133,2024.09.01,0
ST_102,IT_133,2024.09.02,0
ST_102,IT_133,2024.09.03,0
ST_102,IT_133,2024.09.04,0
ST_102,IT_133,2024.09.05,0
ST_102,IT_133,2024.09.06,0
ST_102,IT_133,2024.09.07,0
ST_102,IT_133,2024.09.08,0
ST_102,IT_133,2024.09.09,0
ST_102,IT_133,2024.09.10,0
ST_102,IT_133,2024.09.11,0
ST_102,IT_133,2024.09.12,0
ST_102,IT_133,2024.09.13,0
ST_102,IT_133,2024.09.14,0
ST_102,IT_133,2024.09.15,0
ST_102,IT_133,2024.09.16,0
ST_102,IT_133,2024.09.17,0
ST_102,IT_133,2024.09.18,0
ST_102,IT_133,2024.09.19,0
ST_102,IT_133,2024.09.20,0
ST_102,IT_133,2024.09.21,0
ST_102,IT_133,2024.09.22,0
ST_102,IT_133,2024.09.23,0
ST_102,IT_133,2024.09.24,0
ST_102,IT_133,2024.09.25,0
ST_102,IT_133,2024.09.26,0
ST_102,IT_133,2024.09.27,0
ST_102,IT_133,2024.09.28,0
ST_102,IT_133,2024.09.29,0
ST_102,IT_133,2024.09.30,0
ST_102,IT_134,2024.09.01,0
ST_102,IT_134,2024.09.02,0
ST_102,IT_134,2024.09.03,0
ST_102,IT_134,2024.09.04,0
ST_102,IT_134,2024.09.05,0
ST_102,IT_134,2024.09.06,0
ST_102,IT_134,2024.09.07,0
ST_102,IT_134,2024.09.08,0
ST_102,IT_134,2024.09.09,0
ST_102,IT_134,2024.09.10,0
ST_102,IT_134,2024.09.11,0
ST_102,IT_134,2024.09.12,0
ST_102,IT_134,2024.09.13,0
ST_102,IT_134,2024.09.14,0
ST_102,IT_134,2024.09.15,0
ST_102,IT_134,2024.09.16,0
ST_102,IT_134,2024.09.17,0
ST_102,IT_134,2024.09.18,0
ST_102,IT_134,2024.09.19,0
ST_102,IT_134,2024.09.20,0
ST_102,IT_134,2024.09.21,0
ST_102,IT_134,2024.09.22,0
ST_102,IT_134,2024.09.23,0
ST_102,IT_134,2024.09.24,0
ST_102,IT_134,2024.09.25,0
ST_102,IT_134,2024.09.26,0
ST_102,IT_134,2024.09.27,0
ST_102,IT_134,2024.09.28,0
ST_102,IT_134,2024.09.29,0
ST_102,IT_134,2024.09.30,0
ST_102,IT_135,2024.09.01,33
ST_102,IT_135,2024.09.02,33
ST_102,IT_135,2024.09.03,33
ST_102,IT_135,2024.09.04,33
ST_102,IT_135,2024.09.05,33
ST_102,IT_135,2024.09.06,33
ST_102,IT_135,2024.09.07,33
ST_102,IT_135,2024.09.08,33
ST_102,IT_135,2024.09.09,33
ST_102,IT_135,2024.09.10,33
ST_102,IT_135,2024.09.11,33
ST_102,IT_135,2024.09.12,33
ST_102,IT_135,2024.09.13,33
ST_102,IT_135,2024.09.14,33
ST_102,IT_135,2024.09.15,33
ST_102,IT_135,2024.09.16,33
ST_102,IT_135,2024.09.17,33
ST_102,IT_135,2024.09.18,33
ST_102,IT_135,2024.09.19,33
ST_102,IT_135,2024.09.20,33
ST_102,IT_135,2024.09.21,33
ST_102,IT_135,2024.09.22,33
ST_102,IT_135,2024.09.23,33
ST_102,IT_135,2024.09.24,33
ST_102,IT_135,2024.09.25,33
ST_102,IT_135,2024.09.26,33
ST_102,IT_135,2024.09.27,33
ST_102,IT_135,2024.09.28,33
ST_102,IT_135,2024.09.29,33
ST_102,IT_135,2024.09.30,33
ST_102,IT_136,2024.09.01,12
ST_102,IT_136,2024.09.02,12
ST_102,IT_136,2024.09.03,12
ST_102,IT_136,2024.09.04,12
ST_102,IT_136,2024.09.05,12
ST_102,IT_136,2024.09.06,12
ST_102,IT_136,2024.09.07,12
ST_102,IT_136,2024.09.08,12
ST_102,IT_136,2024.09.09,12
ST_102,IT_136,2024.09.10,12
ST_102,IT_136,2024.09.11,12
ST_102,IT_136,2024.09.12,12
ST_102,IT_136,2024.09.13,12
ST_102,IT_136,2024.09.14,12
ST_102,IT_136,2024.09.15,12
ST_102,IT_136,2024.09.16,12
ST_102,IT_136,2024.09.17,12
ST_102,IT_136,2024.09.18,12
ST_102,IT_136,2024.09.19,12
ST_102,IT_136,2024.09.20,12
ST_102,IT_136,2024.09.21,12
ST_102,IT_136,2024.09.22,12
ST_102,IT_136,2024.09.23,12
ST_102,IT_136,2024.09.24,12
ST_102,IT_136,2024.09.25,12
ST_102,IT_136,2024.09.26,12
ST_102,IT_136,2024.09.27,12
ST_102,IT_136,2024.09.28,12
ST_102,IT_136,2024.09.29,12
ST_102,IT_136,2024.09.30,12
ST_102,IT_137,2024.09.01,4800
ST_102,IT_137,2024.09.02,4800
ST_102,IT_137,2024.09.03,4800
ST_102,IT_137,2024.09.04,4800
ST_102,IT_137,2024.09.05,4800
ST_102,IT_137,2024.09.06,4800
ST_102,IT_137,2024.09.07,4800
ST_102,IT_137,2024.09.08,4800
ST_102,IT_137,2024.09.09,4800
ST_102,IT_137,2024.09.10,4800
ST_102,IT_137,2024.09.11,4800
ST_102,IT_137,2024.09.12,4800
ST_102,IT_137,2024.09.13,4800
ST_102,IT_137,2024.09.14,4800
ST_102,IT_137,2024.09.15,4800
ST_102,IT_137,2024.09.16,4800
ST_102,IT_137,2024.09.17,4800
ST_102,IT_137,2024.09.18,4800
ST_102,IT_137,2024.09.19,4800
ST_102,IT_137,2024.09.20,4800
ST_102,IT_137,2024.09.21,4800
ST_102,IT_137,2024.09.22,4800
ST_102,IT_137,2024.09.23,4800
ST_102,IT_137,2024.09.24,4800
ST_102,IT_137,2024.09.25,4800
ST_102,IT_137,2024.09.26,4800
ST_102,IT_137,2024.09.27,4800
ST_102,IT_137,2024.09.28,4800
ST_102,IT_137,2024.09.29,4800
ST_102,IT_137,2024.09.30,4800
ST_102,IT_138,2024.09.01,2400
ST_102,IT_138,2024.09.02,2400
ST_102,IT_138,2024.09.03,2400
ST_102,IT_138,2024.09.04,2400
ST_102,IT_138,2024.09.05,2400
ST_102,IT_138,2024.09.06,2400
ST_102,IT_138,2024.09.07,2400
ST_102,IT_138,2024.09.08,2400
ST_102,IT_138,2024.09.09,2400
ST_102,IT_138,2024.09.10,2400
ST_102,IT_138,2024.09.11,2400
ST_102,IT_138,2024.09.12,2400
ST_102,IT_138,2024.09.13,2400
ST_102,IT_138,2024.09.14,2400
ST_102,IT_138,2024.09.15,2400
ST_102,IT_138,2024.09.16,2400
ST_102,IT_138,2024.09.17,2400
ST_102,IT_138,2024.09.18,2400
ST_102,IT_138,2024.09.19,2400
ST_102,IT_138,2024.09.20,2400
ST_102,IT_138,2024.09.21,2400
ST_102,IT_138,2024.09.22,2400
ST_102,IT_138,2024.09.23,2400
ST_102,IT_138,2024.09.24,2400
ST_102,IT_138,2024.09.25,2400
ST_102,IT_138,2024.09.26,2400
ST_102,IT_138,2024.09.27,2400
ST_102,IT_138,2024.09.28,2400
ST_102,IT_138,2024.09.29,2400
ST_102,IT_138,2024.09.30,2400
ST_102,IT_139,2024.09.01,8
ST_102,IT_139,2024.09.02,8
ST_102,IT_139,2024.09.03,8
ST_102,IT_139,2024.09.04,8
ST_102,IT_139,2024.09.05,8
ST_102,IT_139,2024.09.06,8
ST_102,IT_139,2024.09.07,8
ST_102,IT_139,2024.09.08,8
ST_102,IT_139,2024.09.09,8
ST_102,IT_139,2024.09.10,8
ST_102,IT_139,2024.09.11,8
ST_102,IT_139,2024.09.12,8
ST_102,IT_139,2024.09.13,8
ST_102,IT_139,2024.09.14,8
ST_102,IT_139,2024.09.15,8
ST_102,IT_139,2024.09.16,8
ST_102,IT_139,2024.09.17,8
ST_102,IT_139,2024.09.18,8
ST_102,IT_139,2024.09.19,8
ST_102,IT_139,2024.09.20,8
ST_102,IT_139,2024.09.21,8
ST_102,IT_139,2024.09.22,8
ST_102,IT_139,2024.09.23,8
ST_102,IT_139,2024.09.24,8
ST_102,IT_139,2024.09.25,8
ST_102,IT_139,2024.09.26,8
ST_102,IT_139,2024.09.27,8
ST_102,IT_139,2024.09.28,8
ST_102,IT_139,2024.09.29,8
ST_102,IT_139,2024.09.30,8
ST_102,IT_140,2024.09.01,23
ST_102,IT_140,2024.09.02,23
ST_102,IT_140,2024.09.03,23
ST_102,IT_140,2024.09.04,23
ST_102,IT_140,2024.09.05,23
ST_102,IT_140,2024.09.06,23
ST_102,IT_140,2024.09.07,23
ST_102,IT_140,2024.09.08,23
ST_102,IT_140,2024.09.09,23
ST_102,IT_140,2024.09.10,23
ST_102,IT_140,2024.09.11,23
ST_102,IT_140,2024.09.12,23
ST_102,IT_140,2024.09.13,23
ST_102,IT_140,2024.09.14,23
ST_102,IT_140,2024.09.15,23
ST_102,IT_140,2024.09.16,23
ST_102,IT_140,2024.09.17,23
ST_102,IT_140,2024.09.18,23
ST_102,IT_140,2024.09.19,23
ST_102,IT_140,2024.09.20,23
ST_102,IT_140,2024.09.21,23
ST_102,IT_140,2024.09.22,23
ST_102,IT_140,2024.09.23,23
ST_102,IT_140,2024.09.24,23
ST_102,IT_140,2024.09.25,23
ST_102,IT_140,2024.09.26,23
ST_102,IT_140,2024.09.27,23
ST_102,IT_140,2024.09.28,23
ST_102,IT_140,2024.09.29,23
ST_102,IT_140,2024.09.30,23
ST_102,IT_141,2024.09.01,20
ST_102,IT_141,2024.09.02,20
ST_102,IT_141,2024.09.03,20
ST_102,IT_141,2024.09.04,20
ST_102,IT_141,2024.09.05,20
ST_102,IT_141,2024.09.06,20
ST_102,IT_141,2024.09.07,20
ST_102,IT_141,2024.09.08,20
ST_102,IT_141,2024.09.09,20
ST_102,IT_141,2024.09.10,20
ST_102,IT_141,2024.09.11,20
ST_102,IT_141,2024.09.12,20
ST_102,IT_141,2024.09.13,20
ST_102,IT_141,2024.09.14,20
ST_102,IT_141,2024.09.15,20
ST_102,IT_141,2024.09.16,20
ST_102,IT_141,2024.09.17,20
ST_102,IT_141,2024.09.18,20
ST_102,IT_141,2024.09.19,20
ST_102,IT_141,2024.09.20,20
ST_102,IT_141,2024.09.21,20
ST_102,IT_141,2024.09.22,20
ST_102,IT_141,2024.09.23,20
ST_102,IT_141,2024.09.24,20
ST_102,IT_141,2024.09.25,20
ST_102,IT_141,2024.09.26,20
ST_102,IT_141,2024.09.27,20
ST_102,IT_141,2024.09.28,20
ST_102,IT_141,2024.09.29,20
ST_102,IT_141,2024.09.30,20
ST_102,IT_142,2024.09.01,30
ST_102,IT_142,2024.09.02,30
ST_102,IT_142,2024.09.03,30
ST_102,IT_142,2024.09.04,30
ST_102,IT_142,2024.09.05,30
ST_102,IT_142,2024.09.06,30
ST_102,IT_142,2024.09.07,30
ST_102,IT_142,2024.09.08,30
ST_102,IT_142,2024.09.09,30
ST_102,IT_142,2024.09.10,30
ST_102,IT_142,2024.09.11,30
ST_102,IT_142,2024.09.12,30
ST_102,IT_142,2024.09.13,30
ST_102,IT_142,2024.09.14,30
ST_102,IT_142,2024.09.15,30
ST_102,IT_142,2024.09.16,30
ST_102,IT_142,2024.09.17,30
ST_102,IT_142,2024.09.18,30
ST_102,IT_142,2024.09.19,30
ST_102,IT_142,2024.09.20,30
ST_102,IT_142,2024.09.21,30
ST_102,IT_142,2024.09.22,30
ST_102,IT_142,2024.09.23,30
ST_102,IT_142,2024.09.24,30
ST_102,IT_142,2024.09.25,30
ST_102,IT_142,2024.09.26,30
ST_102,IT_142,2024.09.27,30
ST_102,IT_142,2024.09.28,30
ST_102,IT_142,2024.09.29,30
ST_102,IT_142,2024.09.30,30
ST_102,IT_143,2024.09.01,15
ST_102,IT_143,2024.09.02,15
ST_102,IT_143,2024.09.03,15
ST_102,IT_143,2024.09.04,15
ST_102,IT_143,2024.09.05,15
ST_102,IT_143,2024.09.06,15
ST_102,IT_143,2024.09.07,15
ST_102,IT_143,2024.09.08,15
ST_102,IT_143,2024.09.09,15
ST_102,IT_143,2024.09.10,15
ST_102,IT_143,2024.09.11,15
ST_102,IT_143,2024.09.12,15
ST_102,IT_143,2024.09.13,15
ST_102,IT_143,2024.09.14,15
ST_102,IT_143,2024.09.15,15
ST_102,IT_143,2024.09.16,15
ST_102,IT_143,2024.09.17,15
ST_102,IT_143,2024.09.18,15
ST_102,IT_143,2024.09.19,15
ST_102,IT_143,2024.09.20,15
ST_102,IT_143,2024.09.21,15
ST_102,IT_143,2024.09.22,15
ST_102,IT_143,2024.09.23,15
ST_102,IT_143,2024.09.24,15
ST_102,IT_143,2024.09.25,15
ST_102,IT_143,2024.09.26,15
ST_102,IT_143,2024.09.27,15
ST_102,IT_143,2024.09.28,15
ST_102,IT_143,2024.09.29,15
ST_102,IT_143,2024.09.30,15
ST_102,IT_144,2024.09.01,24
ST_102,IT_144,2024.09.02,24
ST_102,IT_144,2024.09.03,24
ST_102,IT_144,2024.09.04,24
ST_102,IT_144,2024.09.05,24
ST_102,IT_144,2024.09.06,24
ST_102,IT_144,2024.09.07,24
ST_102,IT_144,2024.09.08,24
ST_102,IT_144,2024.09.09,24
ST_102,IT_144,2024.09.10,24
ST_102,IT_144,2024.09.11,24
ST_102,IT_144,2024.09.12,24
ST_102,IT_144,2024.09.13,24
ST_102,IT_144,2024.09.14,24
ST_102,IT_144,2024.09.15,24
ST_102,IT_144,2024.09.16,24
ST_102,IT_144,2024.09.17,24
ST_102,IT_144,2024.09.18,24
ST_102,IT_144,2024.09.19,24
ST_102,IT_144,2024.09.20,24
ST_102,IT_144,2024.09.21,24
ST_102,IT_144,2024.09.22,24
ST_102,IT_144,2024.09.23,24
ST_102,IT_144,2024.09.24,24
ST_102,IT_144,2024.09.25,24
ST_102,IT_144,2024.09.26,24
ST_102,IT_144,2024.09.27,24
ST_102,IT_144,2024.09.28,24
ST_102,IT_144,2024.09.29,24
ST_102,IT_144,2024.09.30,24
ST_102,IT_145,2024.09.01,11
ST_102,IT_145,2024.09.02,11
ST_102,IT_145,2024.09.03,11
ST_102,IT_145,2024.09.04,11
ST_102,IT_145,2024.09.05,11
ST_102,IT_145,2024.09.06,11
ST_102,IT_145,2024.09.07,11
ST_102,IT_145,2024.09.08,11
ST_102,IT_145,2024.09.09,11
ST_102,IT_145,2024.09.10,11
ST_102,IT_145,2024.09.11,11
ST_102,IT_145,2024.09.12,11
ST_102,IT_145,2024.09.13,11
ST_102,IT_145,2024.09.14,11
ST_102,IT_145,2024.09.15,11
ST_102,IT_145,2024.09.16,11
ST_102,IT_145,2024.09.17,11
ST_102,IT_145,2024.09.18,11
ST_102,IT_145,2024.09.19,11
ST_102,IT_145,2024.09.20,11
ST_102,IT_145,2024.09.21,11
ST_102,IT_145,2024.09.22,11
ST_102,IT_145,2024.09.23,11
ST_102,IT_145,2024.09.24,11
ST_102,IT_145,2024.09.25,11
ST_102,IT_145,2024.09.26,11
ST_102,IT_145,2024.09.27,11
ST_102,IT_145,2024.09.28,11
ST_102,IT_145,2024.09.29,11
ST_102,IT_145,2024.09.30,11
ST_102,IT_146,2024.09.01,11
ST_102,IT_146,2024.09.02,11
ST_102,IT_146,2024.09.03,11
ST_102,IT_146,2024.09.04,11
ST_102,IT_146,2024.09.05,11
ST_102,IT_146,2024.09.06,11
ST_102,IT_146,2024.09.07,11
ST_102,IT_146,2024.09.08,11
ST_102,IT_146,2024.09.09,11
ST_102,IT_146,2024.09.10,11
ST_102,IT_146,2024.09.11,11
ST_102,IT_146,2024.09.12,11
ST_102,IT_146,2024.09.13,11
ST_102,IT_146,2024.09.14,11
ST_102,IT_146,2024.09.15,11
ST_102,IT_146,2024.09.16,11
ST_102,IT_146,2024.09.17,11
ST_102,IT_146,2024.09.18,11
ST_102,IT_146,2024.09.19,11
ST_102,IT_146,2024.09.20,11
ST_102,IT_146,2024.09.21,11
ST_102,IT_146,2024.09.22,11
ST_102,IT_146,2024.09.23,11
ST_102,IT_146,2024.09.24,11
ST_102,IT_146,2024.09.25,11
ST_102,IT_146,2024.09.26,11
ST_102,IT_146,2024.09.27,11
ST_102,IT_146,2024.09.28,11
ST_102,IT_146,2024.09.29,11
ST_102,IT_146,2024.09.30,11
ST_102,IT_147,2024.09.01,17
ST_102,IT_147,2024.09.02,17
ST_102,IT_147,2024.09.03,17
ST_102,IT_147,2024.09.04,17
ST_102,IT_147,2024.09.05,17
ST_102,IT_147,2024.09.06,17
ST_102,IT_147,2024.09.07,17
ST_102,IT_147,2024.09.08,17
ST_102,IT_147,2024.09.09,17
ST_102,IT_147,2024.09.10,17
ST_102,IT_147,2024.09.11,17
ST_102,IT_147,2024.09.12,17
ST_102,IT_147,2024.09.13,17
ST_102,IT_147,2024.09.14,17
ST_102,IT_147,2024.09.15,17
ST_102,IT_147,2024.09.16,17
ST_102,IT_147,2024.09.17,17
ST_102,IT_147,2024.09.18,17
ST_102,IT_147,2024.09.19,17
ST_102,IT_147,2024.09.20,17
ST_102,IT_147,2024.09.21,17
ST_102,IT_147,2024.09.22,17
ST_102,IT_147,2024.09.23,17
ST_102,IT_147,2024.09.24,17
ST_102,IT_147,2024.09.25,17
ST_102,IT_147,2024.09.26,17
ST_102,IT_147,2024.09.27,17
ST_102,IT_147,2024.09.28,17
ST_102,IT_147,2024.09.29,17
ST_102,IT_147,2024.09.30,17
ST_102,IT_148,2024.09.01,13
ST_102,IT_148,2024.09.02,13
ST_102,IT_148,2024.09.03,13
ST_102,IT_148,2024.09.04,13
ST_102,IT_148,2024.09.05,13
ST_102,IT_148,2024.09.06,13
ST_102,IT_148,2024.09.07,13
ST_102,IT_148,2024.09.08,13
ST_102,IT_148,2024.09.09,13
ST_102,IT_148,2024.09.10,13
ST_102,IT_148,2024.09.11,13
ST_102,IT_148,2024.09.12,13
ST_102,IT_148,2024.09.13,13
ST_102,IT_148,2024.09.14,13
ST_102,IT_148,2024.09.15,13
ST_102,IT_148,2024.09.16,13
ST_102,IT_148,2024.09.17,13
ST_102,IT_148,2024.09.18,13
ST_102,IT_148,2024.09.19,13
ST_102,IT_148,2024.09.20,13
ST_102,IT_148,2024.09.21,13
ST_102,IT_148,2024.09.22,13
ST_102,IT_148,2024.09.23,13
ST_102,IT_148,2024.09.24,13
ST_102,IT_148,2024.09.25,13
ST_102,IT_148,2024.09.26,13
ST_102,IT_148,2024.09.27,13
ST_102,IT_148,2024.09.28,13
ST_102,IT_148,2024.09.29,13
ST_102,IT_148,2024.09.30,13
ST_102,IT_149,2024.09.01,30
ST_102,IT_149,2024.09.02,30
ST_102,IT_149,2024.09.03,30
ST_102,IT_149,2024.09.04,30
ST_102,IT_149,2024.09.05,30
ST_102,IT_149,2024.09.06,30
ST_102,IT_149,2024.09.07,30
ST_102,IT_149,2024.09.08,30
ST_102,IT_149,2024.09.09,30
ST_102,IT_149,2024.09.10,30
ST_102,IT_149,2024.09.11,30
ST_102,IT_149,2024.09.12,30
ST_102,IT_149,2024.09.13,30
ST_102,IT_149,2024.09.14,30
ST_102,IT_149,2024.09.15,30
ST_102,IT_149,2024.09.16,30
ST_102,IT_149,2024.09.17,30
ST_102,IT_149,2024.09.18,30
ST_102,IT_149,2024.09.19,30
ST_102,IT_149,2024.09.20,30
ST_102,IT_149,2024.09.21,30
ST_102,IT_149,2024.09.22,30
ST_102,IT_149,2024.09.23,30
ST_102,IT_149,2024.09.24,30
ST_102,IT_149,2024.09.25,30
ST_102,IT_149,2024.09.26,30
ST_102,IT_149,2024.09.27,30
ST_102,IT_149,2024.09.28,30
ST_102,IT_149,2024.09.29,30
ST_102,IT_149,2024.09.30,30
ST_102,IT_152,2024.09.01,20
ST_102,IT_152,2024.09.02,20
ST_102,IT_152,2024.09.03,20
ST_102,IT_152,2024.09.04,20
ST_102,IT_152,2024.09.05,20
ST_102,IT_152,2024.09.06,20
ST_102,IT_152,2024.09.07,20
ST_102,IT_152,2024.09.08,20
ST_102,IT_152,2024.09.09,20
ST_102,IT_152,2024.09.10,20
ST_102,IT_152,2024.09.11,20
ST_102,IT_152,2024.09.12,20
ST_102,IT_152,2024.09.13,20
ST_102,IT_152,2024.09.14,20
ST_102,IT_152,2024.09.15,20
ST_102,IT_152,2024.09.16,20
ST_102,IT_152,2024.09.17,20
ST_102,IT_152,2024.09.18,20
ST_102,IT_152,2024.09.19,20
ST_102,IT_152,2024.09.20,20
ST_102,IT_152,2024.09.21,20
ST_102,IT_152,2024.09.22,20
ST_102,IT_152,2024.09.23,20
ST_102,IT_152,2024.09.24,20
ST_102,IT_152,2024.09.25,20
ST_102,IT_152,2024.09.26,20
ST_102,IT_152,2024.09.27,20
ST_102,IT_152,2024.09.28,20
ST_102,IT_152,2024.09.29,20
ST_102,IT_152,2024.09.30,20
ST_102,IT_153,2024.09.01,13
ST_102,IT_153,2024.09.02,13
ST_102,IT_153,2024.09.03,13
ST_102,IT_153,2024.09.04,13
ST_102,IT_153,2024.09.05,13
ST_102,IT_153,2024.09.06,13
ST_102,IT_153,2024.09.07,13
ST_102,IT_153,2024.09.08,13
ST_102,IT_153,2024.09.09,13
ST_102,IT_153,2024.09.10,13
ST_102,IT_153,2024.09.11,13
ST_102,IT_153,2024.09.12,13
ST_102,IT_153,2024.09.13,13
ST_102,IT_153,2024.09.14,13
ST_102,IT_153,2024.09.15,13
ST_102,IT_153,2024.09.16,13
ST_102,IT_153,2024.09.17,13
ST_102,IT_153,2024.09.18,13
ST_102,IT_153,2024.09.19,13
ST_102,IT_153,2024.09.20,13
ST_102,IT_153,2024.09.21,13
ST_102,IT_153,2024.09.22,13
ST_102,IT_153,2024.09.23,13
ST_102,IT_153,2024.09.24,13
ST_102,IT_153,2024.09.25,13
ST_102,IT_153,2024.09.26,13
ST_102,IT_153,2024.09.27,13
ST_102,IT_153,2024.09.28,13
ST_102,IT_153,2024.09.29,13
ST_102,IT_153,2024.09.30,13
ST_102,IT_154,2024.09.01,12
ST_102,IT_154,2024.09.02,12
ST_102,IT_154,2024.09.03,12
ST_102,IT_154,2024.09.04,12
ST_102,IT_154,2024.09.05,12
ST_102,IT_154,2024.09.06,12
ST_102,IT_154,2024.09.07,12
ST_102,IT_154,2024.09.08,12
ST_102,IT_154,2024.09.09,12
ST_102,IT_154,2024.09.10,12
ST_102,IT_154,2024.09.11,12
ST_102,IT_154,2024.09.12,12
ST_102,IT_154,2024.09.13,12
ST_102,IT_154,2024.09.14,12
ST_102,IT_154,2024.09.15,12
ST_102,IT_154,2024.09.16,12
ST_102,IT_154,2024.09.17,12
ST_102,IT_154,2024.09.18,12
ST_102,IT_154,2024.09.19,12
ST_102,IT_154,2024.09.20,12
ST_102,IT_154,2024.09.21,12
ST_102,IT_154,2024.09.22,12
ST_102,IT_154,2024.09.23,12
ST_102,IT_154,2024.09.24,12
ST_102,IT_154,2024.09.25,12
ST_102,IT_154,2024.09.26,12
ST_102,IT_154,2024.09.27,12
ST_102,IT_154,2024.09.28,12
ST_102,IT_154,2024.09.29,12
ST_102,IT_154,2024.09.30,12
ST_102,IT_155,2024.09.01,27
ST_102,IT_155,2024.09.02,27
ST_102,IT_155,2024.09.03,27
ST_102,IT_155,2024.09.04,27
ST_102,IT_155,2024.09.05,27
ST_102,IT_155,2024.09.06,27
ST_102,IT_155,2024.09.07,27
ST_102,IT_155,2024.09.08,27
ST_102,IT_155,2024.09.09,27
ST_102,IT_155,2024.09.10,27
ST_102,IT_155,2024.09.11,27
ST_102,IT_155,2024.09.12,27
ST_102,IT_155,2024.09.13,27
ST_102,IT_155,2024.09.14,27
ST_102,IT_155,2024.09.15,27
ST_102,IT_155,2024.09.16,27
ST_102,IT_155,2024.09.17,27
ST_102,IT_155,2024.09.18,27
ST_102,IT_155,2024.09.19,27
ST_102,IT_155,2024.09.20,27
ST_102,IT_155,2024.09.21,27
ST_102,IT_155,2024.09.22,27
ST_102,IT_155,2024.09.23,27
ST_102,IT_155,2024.09.24,27
ST_102,IT_155,2024.09.25,27
ST_102,IT_155,2024.09.26,27
ST_102,IT_155,2024.09.27,27
ST_102,IT_155,2024.09.28,27
ST_102,IT_155,2024.09.29,27
ST_102,IT_155,2024.09.30,27
ST_102,IT_156,2024.09.01,27
ST_102,IT_156,2024.09.02,27
ST_102,IT_156,2024.09.03,27
ST_102,IT_156,2024.09.04,27
ST_102,IT_156,2024.09.05,27
ST_102,IT_156,2024.09.06,27
ST_102,IT_156,2024.09.07,27
ST_102,IT_156,2024.09.08,27
ST_102,IT_156,2024.09.09,27
ST_102,IT_156,2024.09.10,27
ST_102,IT_156,2024.09.11,27
ST_102,IT_156,2024.09.12,27
ST_102,IT_156,2024.09.13,27
ST_102,IT_156,2024.09.14,27
ST_102,IT_156,2024.09.15,27
ST_102,IT_156,2024.09.16,27
ST_102,IT_156,2024.09.17,27
ST_102,IT_156,2024.09.18,27
ST_102,IT_156,2024.09.19,27
ST_102,IT_156,2024.09.20,27
ST_102,IT_156,2024.09.21,27
ST_102,IT_156,2024.09.22,27
ST_102,IT_156,2024.09.23,27
ST_102,IT_156,2024.09.24,27
ST_102,IT_156,2024.09.25,27
ST_102,IT_156,2024.09.26,27
ST_102,IT_156,2024.09.27,27
ST_102,IT_156,2024.09.28,27
ST_102,IT_156,2024.09.29,27
ST_102,IT_156,2024.09.30,27
ST_102,IT_157,2024.09.01,18
ST_102,IT_157,2024.09.02,18
ST_102,IT_157,2024.09.03,18
ST_102,IT_157,2024.09.04,18
ST_102,IT_157,2024.09.05,18
ST_102,IT_157,2024.09.06,18
ST_102,IT_157,2024.09.07,18
ST_102,IT_157,2024.09.08,18
ST_102,IT_157,2024.09.09,18
ST_102,IT_157,2024.09.10,18
ST_102,IT_157,2024.09.11,18
ST_102,IT_157,2024.09.12,18
ST_102,IT_157,2024.09.13,18
ST_102,IT_157,2024.09.14,18
ST_102,IT_157,2024.09.15,18
ST_102,IT_157,2024.09.16,18
ST_102,IT_157,2024.09.17,18
ST_102,IT_157,2024.09.18,18
ST_102,IT_157,2024.09.19,18
ST_102,IT_157,2024.09.20,18
ST_102,IT_157,2024.09.21,18
ST_102,IT_157,2024.09.22,18
ST_102,IT_157,2024.09.23,18
ST_102,IT_157,2024.09.24,18
ST_102,IT_157,2024.09.25,18
ST_102,IT_157,2024.09.26,18
ST_102,IT_157,2024.09.27,18
ST_102,IT_157,2024.09.28,18
ST_102,IT_157,2024.09.29,18
ST_102,IT_157,2024.09.30,18
ST_102,IT_158,2024.09.01,0
ST_102,IT_158,2024.09.02,0
ST_102,IT_158,2024.09.03,0
ST_102,IT_158,2024.09.04,0
ST_102,IT_158,2024.09.05,0
ST_102,IT_158,2024.09.06,0
ST_102,IT_158,2024.09.07,0
ST_102,IT_158,2024.09.08,0
ST_102,IT_158,2024.09.09,0
ST_102,IT_158,2024.09.10,0
ST_102,IT_158,2024.09.11,0
ST_102,IT_158,2024.09.12,0
ST_102,IT_158,2024.09.13,0
ST_102,IT_158,2024.09.14,0
ST_102,IT_158,2024.09.15,0
ST_102,IT_158,2024.09.16,0
ST_102,IT_158,2024.09.17,0
ST_102,IT_158,2024.09.18,0
ST_102,IT_158,2024.09.19,0
ST_102,IT_158,2024.09.20,0
ST_102,IT_158,2024.09.21,0
ST_102,IT_158,2024.09.22,0
ST_102,IT_158,2024.09.23,0
ST_102,IT_158,2024.09.24,0
ST_102,IT_158,2024.09.25,0
ST_102,IT_158,2024.09.26,0
ST_102,IT_158,2024.09.27,0
ST_102,IT_158,2024.09.28,0
ST_102,IT_158,2024.09.29,0
ST_102,IT_158,2024.09.30,0
ST_102,IT_159,2024.09.01,11
ST_102,IT_159,2024.09.02,11
ST_102,IT_159,2024.09.03,11
ST_102,IT_159,2024.09.04,11
ST_102,IT_159,2024.09.05,11
ST_102,IT_159,2024.09.06,11
ST_102,IT_159,2024.09.07,11
ST_102,IT_159,2024.09.08,11
ST_102,IT_159,2024.09.09,11
ST_102,IT_159,2024.09.10,11
ST_102,IT_159,2024.09.11,11
ST_102,IT_159,2024.09.12,11
ST_102,IT_159,2024.09.13,11
ST_102,IT_159,2024.09.14,11
ST_102,IT_159,2024.09.15,11
ST_102,IT_159,2024.09.16,11
ST_102,IT_159,2024.09.17,11
ST_102,IT_159,2024.09.18,11
ST_102,IT_159,2024.09.19,11
ST_102,IT_159,2024.09.20,11
ST_102,IT_159,2024.09.21,11
ST_102,IT_159,2024.09.22,11
ST_102,IT_159,2024.09.23,11
ST_102,IT_159,2024.09.24,11
ST_102,IT_159,2024.09.25,11
ST_102,IT_159,2024.09.26,11
ST_102,IT_159,2024.09.27,11
ST_102,IT_159,2024.09.28,11
ST_102,IT_159,2024.09.29,11
ST_102,IT_159,2024.09.30,11
ST_102,IT_160,2024.09.01,0
ST_102,IT_160,2024.09.02,0
ST_102,IT_160,2024.09.03,0
ST_102,IT_160,2024.09.04,0
ST_102,IT_160,2024.09.05,0
ST_102,IT_160,2024.09.06,0
ST_102,IT_160,2024.09.07,0
ST_102,IT_160,2024.09.08,0
ST_102,IT_160,2024.09.09,0
ST_102,IT_160,2024.09.10,0
ST_102,IT_160,2024.09.11,0
ST_102,IT_160,2024.09.12,0
ST_102,IT_160,2024.09.13,0
ST_102,IT_160,2024.09.14,0
ST_102,IT_160,2024.09.15,0
ST_102,IT_160,2024.09.16,0
ST_102,IT_160,2024.09.17,0
ST_102,IT_160,2024.09.18,0
ST_102,IT_160,2024.09.19,0
ST_102,IT_160,2024.09.20,0
ST_102,IT_160,2024.09.21,0
ST_102,IT_160,2024.09.22,0
ST_102,IT_160,2024.09.23,0
ST_102,IT_160,2024.09.24,0
ST_102,IT_160,2024.09.25,0
ST_102,IT_160,2024.09.26,0
ST_102,IT_160,2024.09.27,0
ST_102,IT_160,2024.09.28,0
ST_102,IT_160,2024.09.29,0
ST_102,IT_160,2024.09.30,0
ST_102,IT_161,2024.09.01,15
ST_102,IT_161,2024.09.02,15
ST_102,IT_161,2024.09.03,15
ST_102,IT_161,2024.09.04,15
ST_102,IT_161,2024.09.05,15
ST_102,IT_161,2024.09.06,15
ST_102,IT_161,2024.09.07,15
ST_102,IT_161,2024.09.08,15
ST_102,IT_161,2024.09.09,15
ST_102,IT_161,2024.09.10,15
ST_102,IT_161,2024.09.11,15
ST_102,IT_161,2024.09.12,15
ST_102,IT_161,2024.09.13,15
ST_102,IT_161,2024.09.14,15
ST_102,IT_161,2024.09.15,15
ST_102,IT_161,2024.09.16,15
ST_102,IT_161,2024.09.17,15
ST_102,IT_161,2024.09.18,15
ST_102,IT_161,2024.09.19,15
ST_102,IT_161,2024.09.20,15
ST_102,IT_161,2024.09.21,15
ST_102,IT_161,2024.09.22,15
ST_102,IT_161,2024.09.23,15
ST_102,IT_161,2024.09.24,15
ST_102,IT_161,2024.09.25,15
ST_102,IT_161,2024.09.26,15
ST_102,IT_161,2024.09.27,15
ST_102,IT_161,2024.09.28,15
ST_102,IT_161,2024.09.29,15
ST_102,IT_161,2024.09.30,15
ST_102,IT_162,2024.09.01,14
ST_102,IT_162,2024.09.02,14
ST_102,IT_162,2024.09.03,14
ST_102,IT_162,2024.09.04,14
ST_102,IT_162,2024.09.05,14
ST_102,IT_162,2024.09.06,14
ST_102,IT_162,2024.09.07,14
ST_102,IT_162,2024.09.08,14
ST_102,IT_162,2024.09.09,14
ST_102,IT_162,2024.09.10,14
ST_102,IT_162,2024.09.11,14
ST_102,IT_162,2024.09.12,14
ST_102,IT_162,2024.09.13,14
ST_102,IT_162,2024.09.14,14
ST_102,IT_162,2024.09.15,14
ST_102,IT_162,2024.09.16,14
ST_102,IT_162,2024.09.17,14
ST_102,IT_162,2024.09.18,14
ST_102,IT_162,2024.09.19,14
ST_102,IT_162,2024.09.20,14
ST_102,IT_162,2024.09.21,14
ST_102,IT_162,2024.09.22,14
ST_102,IT_162,2024.09.23,14
ST_102,IT_162,2024.09.24,14
ST_102,IT_162,2024.09.25,14
ST_102,IT_162,2024.09.26,14
ST_102,IT_162,2024.09.27,14
ST_102,IT_162,2024.09.28,14
ST_102,IT_162,2024.09.29,14
ST_102,IT_162,2024.09.30,14
ST_102,IT_163,2024.09.01,9
ST_102,IT_163,2024.09.02,9
ST_102,IT_163,2024.09.03,9
ST_102,IT_163,2024.09.04,9
ST_102,IT_163,2024.09.05,9
ST_102,IT_163,2024.09.06,9
ST_102,IT_163,2024.09.07,9
ST_102,IT_163,2024.09.08,9
ST_102,IT_163,2024.09.09,9
ST_102,IT_163,2024.09.10,9
ST_102,IT_163,2024.09.11,9
ST_102,IT_163,2024.09.12,9
ST_102,IT_163,2024.09.13,9
ST_102,IT_163,2024.09.14,9
ST_102,IT_163,2024.09.15,9
ST_102,IT_163,2024.09.16,9
ST_102,IT_163,2024.09.17,9
ST_102,IT_163,2024.09.18,9
ST_102,IT_163,2024.09.19,9
ST_102,IT_163,2024.09.20,9
ST_102,IT_163,2024.09.21,9
ST_102,IT_163,2024.09.22,9
ST_102,IT_163,2024.09.23,9
ST_102,IT_163,2024.09.24,9
ST_102,IT_163,2024.09.25,9
ST_102,IT_163,2024.09.26,9
ST_102,IT_163,2024.09.27,9
ST_102,IT_163,2024.09.28,9
ST_102,IT_163,2024.09.29,9
ST_102,IT_163,2024.09.30,9
ST_102,IT_164,2024.09.01,12
ST_102,IT_164,2024.09.02,12
ST_102,IT_164,2024.09.03,12
ST_102,IT_164,2024.09.04,12
ST_102,IT_164,2024.09.05,12
ST_102,IT_164,2024.09.06,12
ST_102,IT_164,2024.09.07,12
ST_102,IT_164,2024.09.08,12
ST_102,IT_164,2024.09.09,12
ST_102,IT_164,2024.09.10,12
ST_102,IT_164,2024.09.11,12
ST_102,IT_164,2024.09.12,12
ST_102,IT_164,2024.09.13,12
ST_102,IT_164,2024.09.14,12
ST_102,IT_164,2024.09.15,12
ST_102,IT_164,2024.09.16,12
ST_102,IT_164,2024.09.17,12
ST_102,IT_164,2024.09.18,12
ST_102,IT_164,2024.09.19,12
ST_102,IT_164,2024.09.20,12
ST_102,IT_164,2024.09.21,12
ST_102,IT_164,2024.09.22,12
ST_102,IT_164,2024.09.23,12
ST_102,IT_164,2024.09.24,12
ST_102,IT_164,2024.09.25,12
ST_102,IT_164,2024.09.26,12
ST_102,IT_164,2024.09.27,12
ST_102,IT_164,2024.09.28,12
ST_102,IT_164,2024.09.29,12
ST_102,IT_164,2024.09.30,12
ST_102,IT_165,2024.09.01,133
ST_102,IT_165,2024.09.02,133
ST_102,IT_165,2024.09.03,133
ST_102,IT_165,2024.09.04,133
ST_102,IT_165,2024.09.05,133
ST_102,IT_165,2024.09.06,133
ST_102,IT_165,2024.09.07,133
ST_102,IT_165,2024.09.08,133
ST_102,IT_165,2024.09.09,133
ST_102,IT_165,2024.09.10,133
ST_102,IT_165,2024.09.11,133
ST_102,IT_165,2024.09.12,133
ST_102,IT_165,2024.09.13,133
ST_102,IT_165,2024.09.14,133
ST_102,IT_165,2024.09.15,133
ST_102,IT_165,2024.09.16,133
ST_102,IT_165,2024.09.17,133
ST_102,IT_165,2024.09.18,133
ST_102,IT_165,2024.09.19,133
ST_102,IT_165,2024.09.20,133
ST_102,IT_165,2024.09.21,133
ST_102,IT_165,2024.09.22,133
ST_102,IT_165,2024.09.23,133
ST_102,IT_165,2024.09.24,133
ST_102,IT_165,2024.09.25,133
ST_102,IT_165,2024.09.26,133
ST_102,IT_165,2024.09.27,133
ST_102,IT_165,2024.09.28,133
ST_102,IT_165,2024.09.29,133
ST_102,IT_165,2024.09.30,133
ST_102,IT_167,2024.09.01,1
ST_102,IT_167,2024.09.02,1
ST_102,IT_167,2024.09.03,1
ST_102,IT_167,2024.09.04,1
ST_102,IT_167,2024.09.05,1
ST_102,IT_167,2024.09.06,1
ST_102,IT_167,2024.09.07,1
ST_102,IT_167,2024.09.08,1
ST_102,IT_167,2024.09.09,1
ST_102,IT_167,2024.09.10,1
ST_102,IT_167,2024.09.11,1
ST_102,IT_167,2024.09.12,1
ST_102,IT_167,2024.09.13,1
ST_102,IT_167,2024.09.14,1
ST_102,IT_167,2024.09.15,1
ST_102,IT_167,2024.09.16,1
ST_102,IT_167,2024.09.17,1
ST_102,IT_167,2024.09.18,1
ST_102,IT_167,2024.09.19,1
ST_102,IT_167,2024.09.20,1
ST_102,IT_167,2024.09.21,1
ST_102,IT_167,2024.09.22,1
ST_102,IT_167,2024.09.23,1
ST_102,IT_167,2024.09.24,1
ST_102,IT_167,2024.09.25,1
ST_102,IT_167,2024.09.26,1
ST_102,IT_167,2024.09.27,1
ST_102,IT_167,2024.09.28,1
ST_102,IT_167,2024.09.29,1
ST_102,IT_167,2024.09.30,1
ST_102,IT_168,2024.09.01,44
ST_102,IT_168,2024.09.02,44
ST_102,IT_168,2024.09.03,44
ST_102,IT_168,2024.09.04,44
ST_102,IT_168,2024.09.05,44
ST_102,IT_168,2024.09.06,44
ST_102,IT_168,2024.09.07,44
ST_102,IT_168,2024.09.08,44
ST_102,IT_168,2024.09.09,44
ST_102,IT_168,2024.09.10,44
ST_102,IT_168,2024.09.11,44
ST_102,IT_168,2024.09.12,44
ST_102,IT_168,2024.09.13,44
ST_102,IT_168,2024.09.14,44
ST_102,IT_168,2024.09.15,44
ST_102,IT_168,2024.09.16,44
ST_102,IT_168,2024.09.17,44
ST_102,IT_168,2024.09.18,44
ST_102,IT_168,2024.09.19,44
ST_102,IT_168,2024.09.20,44
ST_102,IT_168,2024.09.21,44
ST_102,IT_168,2024.09.22,44
ST_102,IT_168,2024.09.23,44
ST_102,IT_168,2024.09.24,44
ST_102,IT_168,2024.09.25,44
ST_102,IT_168,2024.09.26,44
ST_102,IT_168,2024.09.27,44
ST_102,IT_168,2024.09.28,44
ST_102,IT_168,2024.09.29,44
ST_102,IT_168,2024.09.30,44
ST_102,IT_169,2024.09.01,28
ST_102,IT_169,2024.09.02,28
ST_102,IT_169,2024.09.03,28
ST_102,IT_169,2024.09.04,28
ST_102,IT_169,2024.09.05,28
ST_102,IT_169,2024.09.06,28
ST_102,IT_169,2024.09.07,28
ST_102,IT_169,2024.09.08,28
ST_102,IT_169,2024.09.09,28
ST_102,IT_169,2024.09.10,28
ST_102,IT_169,2024.09.11,28
ST_102,IT_169,2024.09.12,28
ST_102,IT_169,2024.09.13,28
ST_102,IT_169,2024.09.14,28
ST_102,IT_169,2024.09.15,28
ST_102,IT_169,2024.09.16,28
ST_102,IT_169,2024.09.17,28
ST_102,IT_169,2024.09.18,28
ST_102,IT_169,2024.09.19,28
ST_102,IT_169,2024.09.20,28
ST_102,IT_169,2024.09.21,28
ST_102,IT_169,2024.09.22,28
ST_102,IT_169,2024.09.23,28
ST_102,IT_169,2024.09.24,28
ST_102,IT_169,2024.09.25,28
ST_102,IT_169,2024.09.26,28
ST_102,IT_169,2024.09.27,28
ST_102,IT_169,2024.09.28,28
ST_102,IT_169,2024.09.29,28
ST_102,IT_169,2024.09.30,28
ST_102,IT_170,2024.09.01,30
ST_102,IT_170,2024.09.02,30
ST_102,IT_170,2024.09.03,30
ST_102,IT_170,2024.09.04,30
ST_102,IT_170,2024.09.05,30
ST_102,IT_170,2024.09.06,30
ST_102,IT_170,2024.09.07,30
ST_102,IT_170,2024.09.08,30
ST_102,IT_170,2024.09.09,30
ST_102,IT_170,2024.09.10,30
ST_102,IT_170,2024.09.11,30
ST_102,IT_170,2024.09.12,30
ST_102,IT_170,2024.09.13,30
ST_102,IT_170,2024.09.14,30
ST_102,IT_170,2024.09.15,30
ST_102,IT_170,2024.09.16,30
ST_102,IT_170,2024.09.17,30
ST_102,IT_170,2024.09.18,30
ST_102,IT_170,2024.09.19,30
ST_102,IT_170,2024.09.20,30
ST_102,IT_170,2024.09.21,30
ST_102,IT_170,2024.09.22,30
ST_102,IT_170,2024.09.23,30
ST_102,IT_170,2024.09.24,30
ST_102,IT_170,2024.09.25,30
ST_102,IT_170,2024.09.26,30
ST_102,IT_170,2024.09.27,30
ST_102,IT_170,2024.09.28,30
ST_102,IT_170,2024.09.29,30
ST_102,IT_170,2024.09.30,30
ST_102,IT_171,2024.09.01,37
ST_102,IT_171,2024.09.02,37
ST_102,IT_171,2024.09.03,37
ST_102,IT_171,2024.09.04,37
ST_102,IT_171,2024.09.05,37
ST_102,IT_171,2024.09.06,37
ST_102,IT_171,2024.09.07,37
ST_102,IT_171,2024.09.08,37
ST_102,IT_171,2024.09.09,37
ST_102,IT_171,2024.09.10,37
ST_102,IT_171,2024.09.11,37
ST_102,IT_171,2024.09.12,37
ST_102,IT_171,2024.09.13,37
ST_102,IT_171,2024.09.14,37
ST_102,IT_171,2024.09.15,37
ST_102,IT_171,2024.09.16,37
ST_102,IT_171,2024.09.17,37
ST_102,IT_171,2024.09.18,37
ST_102,IT_171,2024.09.19,37
ST_102,IT_171,2024.09.20,37
ST_102,IT_171,2024.09.21,37
ST_102,IT_171,2024.09.22,37
ST_102,IT_171,2024.09.23,37
ST_102,IT_171,2024.09.24,37
ST_102,IT_171,2024.09.25,37
ST_102,IT_171,2024.09.26,37
ST_102,IT_171,2024.09.27,37
ST_102,IT_171,2024.09.28,37
ST_102,IT_171,2024.09.29,37
ST_102,IT_171,2024.09.30,37
ST_102,IT_101,2024.10.01,4000
ST_102,IT_101,2024.10.02,4000
ST_102,IT_101,2024.10.03,4000
ST_102,IT_101,2024.10.04,4000
ST_102,IT_101,2024.10.05,4000
ST_102,IT_101,2024.10.06,4000
ST_102,IT_101,2024.10.07,4000
ST_102,IT_101,2024.10.08,4000
ST_102,IT_101,2024.10.09,4000
ST_102,IT_101,2024.10.10,4000
ST_102,IT_101,2024.10.11,4000
ST_102,IT_101,2024.10.12,4000
ST_102,IT_101,2024.10.13,4000
ST_102,IT_101,2024.10.14,4000
ST_102,IT_101,2024.10.15,4000
ST_102,IT_101,2024.10.16,4000
ST_102,IT_101,2024.10.17,4000
ST_102,IT_101,2024.10.18,4000
ST_102,IT_101,2024.10.19,4000
ST_102,IT_101,2024.10.20,4000
ST_102,IT_101,2024.10.21,4000
ST_102,IT_101,2024.10.22,4000
ST_102,IT_101,2024.10.23,4000
ST_102,IT_101,2024.10.24,4000
ST_102,IT_101,2024.10.25,4000
ST_102,IT_101,2024.10.26,4000
ST_102,IT_101,2024.10.27,4000
ST_102,IT_101,2024.10.28,4000
ST_102,IT_101,2024.10.29,4000
ST_102,IT_101,2024.10.30,4000
ST_102,IT_101,2024.10.31,4000
ST_102,IT_102,2024.10.01,10000
ST_102,IT_102,2024.10.02,10000
ST_102,IT_102,2024.10.03,10000
ST_102,IT_102,2024.10.04,10000
ST_102,IT_102,2024.10.05,10000
ST_102,IT_102,2024.10.06,10000
ST_102,IT_102,2024.10.07,10000
ST_102,IT_102,2024.10.08,10000
ST_102,IT_102,2024.10.09,10000
ST_102,IT_102,2024.10.10,10000
ST_102,IT_102,2024.10.11,10000
ST_102,IT_102,2024.10.12,10000
ST_102,IT_102,2024.10.13,10000
ST_102,IT_102,2024.10.14,10000
ST_102,IT_102,2024.10.15,10000
ST_102,IT_102,2024.10.16,10000
ST_102,IT_102,2024.10.17,10000
ST_102,IT_102,2024.10.18,10000
ST_102,IT_102,2024.10.19,10000
ST_102,IT_102,2024.10.20,10000
ST_102,IT_102,2024.10.21,10000
ST_102,IT_102,2024.10.22,10000
ST_102,IT_102,2024.10.23,10000
ST_102,IT_102,2024.10.24,10000
ST_102,IT_102,2024.10.25,10000
ST_102,IT_102,2024.10.26,10000
ST_102,IT_102,2024.10.27,10000
ST_102,IT_102,2024.10.28,10000
ST_102,IT_102,2024.10.29,10000
ST_102,IT_102,2024.10.30,10000
ST_102,IT_102,2024.10.31,10000
ST_102,IT_103,2024.10.01,9000
ST_102,IT_103,2024.10.02,9000
ST_102,IT_103,2024.10.03,9000
ST_102,IT_103,2024.10.04,9000
ST_102,IT_103,2024.10.05,9000
ST_102,IT_103,2024.10.06,9000
ST_102,IT_103,2024.10.07,9000
ST_102,IT_103,2024.10.08,9000
ST_102,IT_103,2024.10.09,9000
ST_102,IT_103,2024.10.10,9000
ST_102,IT_103,2024.10.11,9000
ST_102,IT_103,2024.10.12,9000
ST_102,IT_103,2024.10.13,9000
ST_102,IT_103,2024.10.14,9000
ST_102,IT_103,2024.10.15,9000
ST_102,IT_103,2024.10.16,9000
ST_102,IT_103,2024.10.17,9000
ST_102,IT_103,2024.10.18,9000
ST_102,IT_103,2024.10.19,9000
ST_102,IT_103,2024.10.20,9000
ST_102,IT_103,2024.10.21,9000
ST_102,IT_103,2024.10.22,9000
ST_102,IT_103,2024.10.23,9000
ST_102,IT_103,2024.10.24,9000
ST_102,IT_103,2024.10.25,9000
ST_102,IT_103,2024.10.26,9000
ST_102,IT_103,2024.10.27,9000
ST_102,IT_103,2024.10.28,9000
ST_102,IT_103,2024.10.29,9000
ST_102,IT_103,2024.10.30,9000
ST_102,IT_103,2024.10.31,9000
ST_102,IT_104,2024.10.01,0
ST_102,IT_104,2024.10.02,0
ST_102,IT_104,2024.10.03,0
ST_102,IT_104,2024.10.04,0
ST_102,IT_104,2024.10.05,0
ST_102,IT_104,2024.10.06,0
ST_102,IT_104,2024.10.07,0
ST_102,IT_104,2024.10.08,0
ST_102,IT_104,2024.10.09,0
ST_102,IT_104,2024.10.10,0
ST_102,IT_104,2024.10.11,0
ST_102,IT_104,2024.10.12,0
ST_102,IT_104,2024.10.13,0
ST_102,IT_104,2024.10.14,0
ST_102,IT_104,2024.10.15,0
ST_102,IT_104,2024.10.16,0
ST_102,IT_104,2024.10.17,0
ST_102,IT_104,2024.10.18,0
ST_102,IT_104,2024.10.19,0
ST_102,IT_104,2024.10.20,0
ST_102,IT_104,2024.10.21,0
ST_102,IT_104,2024.10.22,0
ST_102,IT_104,2024.10.23,0
ST_102,IT_104,2024.10.24,0
ST_102,IT_104,2024.10.25,0
ST_102,IT_104,2024.10.26,0
ST_102,IT_104,2024.10.27,0
ST_102,IT_104,2024.10.28,0
ST_102,IT_104,2024.10.29,0
ST_102,IT_104,2024.10.30,0
ST_102,IT_104,2024.10.31,0
ST_102,IT_105,2024.10.01,8000
ST_102,IT_105,2024.10.02,8000
ST_102,IT_105,2024.10.03,8000
ST_102,IT_105,2024.10.04,8000
ST_102,IT_105,2024.10.05,8000
ST_102,IT_105,2024.10.06,8000
ST_102,IT_105,2024.10.07,8000
ST_102,IT_105,2024.10.08,8000
ST_102,IT_105,2024.10.09,8000
ST_102,IT_105,2024.10.10,8000
ST_102,IT_105,2024.10.11,8000
ST_102,IT_105,2024.10.12,8000
ST_102,IT_105,2024.10.13,8000
ST_102,IT_105,2024.10.14,8000
ST_102,IT_105,2024.10.15,8000
ST_102,IT_105,2024.10.16,8000
ST_102,IT_105,2024.10.17,8000
ST_102,IT_105,2024.10.18,8000
ST_102,IT_105,2024.10.19,8000
ST_102,IT_105,2024.10.20,8000
ST_102,IT_105,2024.10.21,8000
ST_102,IT_105,2024.10.22,8000
ST_102,IT_105,2024.10.23,8000
ST_102,IT_105,2024.10.24,8000
ST_102,IT_105,2024.10.25,8000
ST_102,IT_105,2024.10.26,8000
ST_102,IT_105,2024.10.27,8000
ST_102,IT_105,2024.10.28,8000
ST_102,IT_105,2024.10.29,8000
ST_102,IT_105,2024.10.30,8000
ST_102,IT_105,2024.10.31,8000
ST_102,IT_106,2024.10.01,7000
ST_102,IT_106,2024.10.02,7000
ST_102,IT_106,2024.10.03,7000
ST_102,IT_106,2024.10.04,7000
ST_102,IT_106,2024.10.05,7000
ST_102,IT_106,2024.10.06,7000
ST_102,IT_106,2024.10.07,7000
ST_102,IT_106,2024.10.08,7000
ST_102,IT_106,2024.10.09,7000
ST_102,IT_106,2024.10.10,7000
ST_102,IT_106,2024.10.11,7000
ST_102,IT_106,2024.10.12,7000
ST_102,IT_106,2024.10.13,7000
ST_102,IT_106,2024.10.14,7000
ST_102,IT_106,2024.10.15,7000
ST_102,IT_106,2024.10.16,7000
ST_102,IT_106,2024.10.17,7000
ST_102,IT_106,2024.10.18,7000
ST_102,IT_106,2024.10.19,7000
ST_102,IT_106,2024.10.20,7000
ST_102,IT_106,2024.10.21,7000
ST_102,IT_106,2024.10.22,7000
ST_102,IT_106,2024.10.23,7000
ST_102,IT_106,2024.10.24,7000
ST_102,IT_106,2024.10.25,7000
ST_102,IT_106,2024.10.26,7000
ST_102,IT_106,2024.10.27,7000
ST_102,IT_106,2024.10.28,7000
ST_102,IT_106,2024.10.29,7000
ST_102,IT_106,2024.10.30,7000
ST_102,IT_106,2024.10.31,7000
ST_102,IT_107,2024.10.01,8000
ST_102,IT_107,2024.10.02,8000
ST_102,IT_107,2024.10.03,8000
ST_102,IT_107,2024.10.04,8000
ST_102,IT_107,2024.10.05,8000
ST_102,IT_107,2024.10.06,8000
ST_102,IT_107,2024.10.07,8000
ST_102,IT_107,2024.10.08,8000
ST_102,IT_107,2024.10.09,8000
ST_102,IT_107,2024.10.10,8000
ST_102,IT_107,2024.10.11,8000
ST_102,IT_107,2024.10.12,8000
ST_102,IT_107,2024.10.13,8000
ST_102,IT_107,2024.10.14,8000
ST_102,IT_107,2024.10.15,8000
ST_102,IT_107,2024.10.16,8000
ST_102,IT_107,2024.10.17,8000
ST_102,IT_107,2024.10.18,8000
ST_102,IT_107,2024.10.19,8000
ST_102,IT_107,2024.10.20,8000
ST_102,IT_107,2024.10.21,8000
ST_102,IT_107,2024.10.22,8000
ST_102,IT_107,2024.10.23,8000
ST_102,IT_107,2024.10.24,8000
ST_102,IT_107,2024.10.25,8000
ST_102,IT_107,2024.10.26,8000
ST_102,IT_107,2024.10.27,8000
ST_102,IT_107,2024.10.28,8000
ST_102,IT_107,2024.10.29,8000
ST_102,IT_107,2024.10.30,8000
ST_102,IT_107,2024.10.31,8000
ST_102,IT_108,2024.10.01,6000
ST_102,IT_108,2024.10.02,6000
ST_102,IT_108,2024.10.03,6000
ST_102,IT_108,2024.10.04,6000
ST_102,IT_108,2024.10.05,6000
ST_102,IT_108,2024.10.06,6000
ST_102,IT_108,2024.10.07,6000
ST_102,IT_108,2024.10.08,6000
ST_102,IT_108,2024.10.09,6000
ST_102,IT_108,2024.10.10,6000
ST_102,IT_108,2024.10.11,6000
ST_102,IT_108,2024.10.12,6000
ST_102,IT_108,2024.10.13,6000
ST_102,IT_108,2024.10.14,6000
ST_102,IT_108,2024.10.15,6000
ST_102,IT_108,2024.10.16,6000
ST_102,IT_108,2024.10.17,6000
ST_102,IT_108,2024.10.18,6000
ST_102,IT_108,2024.10.19,6000
ST_102,IT_108,2024.10.20,6000
ST_102,IT_108,2024.10.21,6000
ST_102,IT_108,2024.10.22,6000
ST_102,IT_108,2024.10.23,6000
ST_102,IT_108,2024.10.24,6000
ST_102,IT_108,2024.10.25,6000
ST_102,IT_108,2024.10.26,6000
ST_102,IT_108,2024.10.27,6000
ST_102,IT_108,2024.10.28,6000
ST_102,IT_108,2024.10.29,6000
ST_102,IT_108,2024.10.30,6000
ST_102,IT_108,2024.10.31,6000
ST_102,IT_109,2024.10.01,0
ST_102,IT_109,2024.10.02,0
ST_102,IT_109,2024.10.03,0
ST_102,IT_109,2024.10.04,0
ST_102,IT_109,2024.10.05,0
ST_102,IT_109,2024.10.06,0
ST_102,IT_109,2024.10.07,0
ST_102,IT_109,2024.10.08,0
ST_102,IT_109,2024.10.09,0
ST_102,IT_109,2024.10.10,0
ST_102,IT_109,2024.10.11,0
ST_102,IT_109,2024.10.12,0
ST_102,IT_109,2024.10.13,0
ST_102,IT_109,2024.10.14,0
ST_102,IT_109,2024.10.15,0
ST_102,IT_109,2024.10.16,0
ST_102,IT_109,2024.10.17,0
ST_102,IT_109,2024.10.18,0
ST_102,IT_109,2024.10.19,0
ST_102,IT_109,2024.10.20,0
ST_102,IT_109,2024.10.21,0
ST_102,IT_109,2024.10.22,0
ST_102,IT_109,2024.10.23,0
ST_102,IT_109,2024.10.24,0
ST_102,IT_109,2024.10.25,0
ST_102,IT_109,2024.10.26,0
ST_102,IT_109,2024.10.27,0
ST_102,IT_109,2024.10.28,0
ST_102,IT_109,2024.10.29,0
ST_102,IT_109,2024.10.30,0
ST_102,IT_109,2024.10.31,0
ST_102,IT_110,2024.10.01,3000
ST_102,IT_110,2024.10.02,3000
ST_102,IT_110,2024.10.03,3000
ST_102,IT_110,2024.10.04,3000
ST_102,IT_110,2024.10.05,3000
ST_102,IT_110,2024.10.06,3000
ST_102,IT_110,2024.10.07,3000
ST_102,IT_110,2024.10.08,3000
ST_102,IT_110,2024.10.09,3000
ST_102,IT_110,2024.10.10,3000
ST_102,IT_110,2024.10.11,3000
ST_102,IT_110,2024.10.12,3000
ST_102,IT_110,2024.10.13,3000
ST_102,IT_110,2024.10.14,3000
ST_102,IT_110,2024.10.15,3000
ST_102,IT_110,2024.10.16,3000
ST_102,IT_110,2024.10.17,3000
ST_102,IT_110,2024.10.18,3000
ST_102,IT_110,2024.10.19,3000
ST_102,IT_110,2024.10.20,3000
ST_102,IT_110,2024.10.21,3000
ST_102,IT_110,2024.10.22,3000
ST_102,IT_110,2024.10.23,3000
ST_102,IT_110,2024.10.24,3000
ST_102,IT_110,2024.10.25,3000
ST_102,IT_110,2024.10.26,3000
ST_102,IT_110,2024.10.27,3000
ST_102,IT_110,2024.10.28,3000
ST_102,IT_110,2024.10.29,3000
ST_102,IT_110,2024.10.30,3000
ST_102,IT_110,2024.10.31,3000
ST_102,IT_111,2024.10.01,14000
ST_102,IT_111,2024.10.02,14000
ST_102,IT_111,2024.10.03,14000
ST_102,IT_111,2024.10.04,14000
ST_102,IT_111,2024.10.05,14000
ST_102,IT_111,2024.10.06,14000
ST_102,IT_111,2024.10.07,14000
ST_102,IT_111,2024.10.08,14000
ST_102,IT_111,2024.10.09,14000
ST_102,IT_111,2024.10.10,14000
ST_102,IT_111,2024.10.11,14000
ST_102,IT_111,2024.10.12,14000
ST_102,IT_111,2024.10.13,14000
ST_102,IT_111,2024.10.14,14000
ST_102,IT_111,2024.10.15,14000
ST_102,IT_111,2024.10.16,14000
ST_102,IT_111,2024.10.17,14000
ST_102,IT_111,2024.10.18,14000
ST_102,IT_111,2024.10.19,14000
ST_102,IT_111,2024.10.20,14000
ST_102,IT_111,2024.10.21,14000
ST_102,IT_111,2024.10.22,14000
ST_102,IT_111,2024.10.23,14000
ST_102,IT_111,2024.10.24,14000
ST_102,IT_111,2024.10.25,14000
ST_102,IT_111,2024.10.26,14000
ST_102,IT_111,2024.10.27,14000
ST_102,IT_111,2024.10.28,14000
ST_102,IT_111,2024.10.29,14000
ST_102,IT_111,2024.10.30,14000
ST_102,IT_111,2024.10.31,14000
ST_102,IT_112,2024.10.01,10000
ST_102,IT_112,2024.10.02,10000
ST_102,IT_112,2024.10.03,10000
ST_102,IT_112,2024.10.04,10000
ST_102,IT_112,2024.10.05,10000
ST_102,IT_112,2024.10.06,10000
ST_102,IT_112,2024.10.07,10000
ST_102,IT_112,2024.10.08,10000
ST_102,IT_112,2024.10.09,10000
ST_102,IT_112,2024.10.10,10000
ST_102,IT_112,2024.10.11,10000
ST_102,IT_112,2024.10.12,10000
ST_102,IT_112,2024.10.13,10000
ST_102,IT_112,2024.10.14,10000
ST_102,IT_112,2024.10.15,10000
ST_102,IT_112,2024.10.16,10000
ST_102,IT_112,2024.10.17,10000
ST_102,IT_112,2024.10.18,10000
ST_102,IT_112,2024.10.19,10000
ST_102,IT_112,2024.10.20,10000
ST_102,IT_112,2024.10.21,10000
ST_102,IT_112,2024.10.22,10000
ST_102,IT_112,2024.10.23,10000
ST_102,IT_112,2024.10.24,10000
ST_102,IT_112,2024.10.25,10000
ST_102,IT_112,2024.10.26,10000
ST_102,IT_112,2024.10.27,10000
ST_102,IT_112,2024.10.28,10000
ST_102,IT_112,2024.10.29,10000
ST_102,IT_112,2024.10.30,10000
ST_102,IT_112,2024.10.31,10000
ST_102,IT_113,2024.10.01,2200
ST_102,IT_113,2024.10.02,2200
ST_102,IT_113,2024.10.03,2200
ST_102,IT_113,2024.10.04,2200
ST_102,IT_113,2024.10.05,2200
ST_102,IT_113,2024.10.06,2200
ST_102,IT_113,2024.10.07,2200
ST_102,IT_113,2024.10.08,2200
ST_102,IT_113,2024.10.09,2200
ST_102,IT_113,2024.10.10,2200
ST_102,IT_113,2024.10.11,2200
ST_102,IT_113,2024.10.12,2200
ST_102,IT_113,2024.10.13,2200
ST_102,IT_113,2024.10.14,2200
ST_102,IT_113,2024.10.15,2200
ST_102,IT_113,2024.10.16,2200
ST_102,IT_113,2024.10.17,2200
ST_102,IT_113,2024.10.18,2200
ST_102,IT_113,2024.10.19,2200
ST_102,IT_113,2024.10.20,2200
ST_102,IT_113,2024.10.21,2200
ST_102,IT_113,2024.10.22,2200
ST_102,IT_113,2024.10.23,2200
ST_102,IT_113,2024.10.24,2200
ST_102,IT_113,2024.10.25,2200
ST_102,IT_113,2024.10.26,2200
ST_102,IT_113,2024.10.27,2200
ST_102,IT_113,2024.10.28,2200
ST_102,IT_113,2024.10.29,2200
ST_102,IT_113,2024.10.30,2200
ST_102,IT_113,2024.10.31,2200
ST_102,IT_114,2024.10.01,9000
ST_102,IT_114,2024.10.02,9000
ST_102,IT_114,2024.10.03,9000
ST_102,IT_114,2024.10.04,9000
ST_102,IT_114,2024.10.05,9000
ST_102,IT_114,2024.10.06,9000
ST_102,IT_114,2024.10.07,9000
ST_102,IT_114,2024.10.08,9000
ST_102,IT_114,2024.10.09,9000
ST_102,IT_114,2024.10.10,9000
ST_102,IT_114,2024.10.11,9000
ST_102,IT_114,2024.10.12,9000
ST_102,IT_114,2024.10.13,9000
ST_102,IT_114,2024.10.14,9000
ST_102,IT_114,2024.10.15,9000
ST_102,IT_114,2024.10.16,9000
ST_102,IT_114,2024.10.17,9000
ST_102,IT_114,2024.10.18,9000
ST_102,IT_114,2024.10.19,9000
ST_102,IT_114,2024.10.20,9000
ST_102,IT_114,2024.10.21,9000
ST_102,IT_114,2024.10.22,9000
ST_102,IT_114,2024.10.23,9000
ST_102,IT_114,2024.10.24,9000
ST_102,IT_114,2024.10.25,9000
ST_102,IT_114,2024.10.26,9000
ST_102,IT_114,2024.10.27,9000
ST_102,IT_114,2024.10.28,9000
ST_102,IT_114,2024.10.29,9000
ST_102,IT_114,2024.10.30,9000
ST_102,IT_114,2024.10.31,9000
ST_102,IT_115,2024.10.01,3500
ST_102,IT_115,2024.10.02,3500
ST_102,IT_115,2024.10.03,3500
ST_102,IT_115,2024.10.04,3500
ST_102,IT_115,2024.10.05,3500
ST_102,IT_115,2024.10.06,3500
ST_102,IT_115,2024.10.07,3500
ST_102,IT_115,2024.10.08,3500
ST_102,IT_115,2024.10.09,3500
ST_102,IT_115,2024.10.10,3500
ST_102,IT_115,2024.10.11,3500
ST_102,IT_115,2024.10.12,3500
ST_102,IT_115,2024.10.13,3500
ST_102,IT_115,2024.10.14,3500
ST_102,IT_115,2024.10.15,3500
ST_102,IT_115,2024.10.16,3500
ST_102,IT_115,2024.10.17,3500
ST_102,IT_115,2024.10.18,3500
ST_102,IT_115,2024.10.19,3500
ST_102,IT_115,2024.10.20,3500
ST_102,IT_115,2024.10.21,3500
ST_102,IT_115,2024.10.22,3500
ST_102,IT_115,2024.10.23,3500
ST_102,IT_115,2024.10.24,3500
ST_102,IT_115,2024.10.25,3500
ST_102,IT_115,2024.10.26,3500
ST_102,IT_115,2024.10.27,3500
ST_102,IT_115,2024.10.28,3500
ST_102,IT_115,2024.10.29,3500
ST_102,IT_115,2024.10.30,3500
ST_102,IT_115,2024.10.31,3500
ST_102,IT_116,2024.10.01,4600
ST_102,IT_116,2024.10.02,4600
ST_102,IT_116,2024.10.03,4600
ST_102,IT_116,2024.10.04,4600
ST_102,IT_116,2024.10.05,4600
ST_102,IT_116,2024.10.06,4600
ST_102,IT_116,2024.10.07,4600
ST_102,IT_116,2024.10.08,4600
ST_102,IT_116,2024.10.09,4600
ST_102,IT_116,2024.10.10,4600
ST_102,IT_116,2024.10.11,4600
ST_102,IT_116,2024.10.12,4600
ST_102,IT_116,2024.10.13,4600
ST_102,IT_116,2024.10.14,4600
ST_102,IT_116,2024.10.15,4600
ST_102,IT_116,2024.10.16,4600
ST_102,IT_116,2024.10.17,4600
ST_102,IT_116,2024.10.18,4600
ST_102,IT_116,2024.10.19,4600
ST_102,IT_116,2024.10.20,4600
ST_102,IT_116,2024.10.21,4600
ST_102,IT_116,2024.10.22,4600
ST_102,IT_116,2024.10.23,4600
ST_102,IT_116,2024.10.24,4600
ST_102,IT_116,2024.10.25,4600
ST_102,IT_116,2024.10.26,4600
ST_102,IT_116,2024.10.27,4600
ST_102,IT_116,2024.10.28,4600
ST_102,IT_116,2024.10.29,4600
ST_102,IT_116,2024.10.30,4600
ST_102,IT_116,2024.10.31,4600
ST_102,IT_117,2024.10.01,4200
ST_102,IT_117,2024.10.02,4200
ST_102,IT_117,2024.10.03,4200
ST_102,IT_117,2024.10.04,4200
ST_102,IT_117,2024.10.05,4200
ST_102,IT_117,2024.10.06,4200
ST_102,IT_117,2024.10.07,4200
ST_102,IT_117,2024.10.08,4200
ST_102,IT_117,2024.10.09,4200
ST_102,IT_117,2024.10.10,4200
ST_102,IT_117,2024.10.11,4200
ST_102,IT_117,2024.10.12,4200
ST_102,IT_117,2024.10.13,4200
ST_102,IT_117,2024.10.14,4200
ST_102,IT_117,2024.10.15,4200
ST_102,IT_117,2024.10.16,4200
ST_102,IT_117,2024.10.17,4200
ST_102,IT_117,2024.10.18,4200
ST_102,IT_117,2024.10.19,4200
ST_102,IT_117,2024.10.20,4200
ST_102,IT_117,2024.10.21,4200
ST_102,IT_117,2024.10.22,4200
ST_102,IT_117,2024.10.23,4200
ST_102,IT_117,2024.10.24,4200
ST_102,IT_117,2024.10.25,4200
ST_102,IT_117,2024.10.26,4200
ST_102,IT_117,2024.10.27,4200
ST_102,IT_117,2024.10.28,4200
ST_102,IT_117,2024.10.29,4200
ST_102,IT_117,2024.10.30,4200
ST_102,IT_117,2024.10.31,4200
ST_102,IT_118,2024.10.01,1400
ST_102,IT_118,2024.10.02,1400
ST_102,IT_118,2024.10.03,1400
ST_102,IT_118,2024.10.04,1400
ST_102,IT_118,2024.10.05,1400
ST_102,IT_118,2024.10.06,1400
ST_102,IT_118,2024.10.07,1400
ST_102,IT_118,2024.10.08,1400
ST_102,IT_118,2024.10.09,1400
ST_102,IT_118,2024.10.10,1400
ST_102,IT_118,2024.10.11,1400
ST_102,IT_118,2024.10.12,1400
ST_102,IT_118,2024.10.13,1400
ST_102,IT_118,2024.10.14,1400
ST_102,IT_118,2024.10.15,1400
ST_102,IT_118,2024.10.16,1400
ST_102,IT_118,2024.10.17,1400
ST_102,IT_118,2024.10.18,1400
ST_102,IT_118,2024.10.19,1400
ST_102,IT_118,2024.10.20,1400
ST_102,IT_118,2024.10.21,1400
ST_102,IT_118,2024.10.22,1400
ST_102,IT_118,2024.10.23,1400
ST_102,IT_118,2024.10.24,1400
ST_102,IT_118,2024.10.25,1400
ST_102,IT_118,2024.10.26,1400
ST_102,IT_118,2024.10.27,1400
ST_102,IT_118,2024.10.28,1400
ST_102,IT_118,2024.10.29,1400
ST_102,IT_118,2024.10.30,1400
ST_102,IT_118,2024.10.31,1400
ST_102,IT_119,2024.10.01,40000
ST_102,IT_119,2024.10.02,40000
ST_102,IT_119,2024.10.03,40000
ST_102,IT_119,2024.10.04,40000
ST_102,IT_119,2024.10.05,40000
ST_102,IT_119,2024.10.06,40000
ST_102,IT_119,2024.10.07,40000
ST_102,IT_119,2024.10.08,40000
ST_102,IT_119,2024.10.09,40000
ST_102,IT_119,2024.10.10,40000
ST_102,IT_119,2024.10.11,40000
ST_102,IT_119,2024.10.12,40000
ST_102,IT_119,2024.10.13,40000
ST_102,IT_119,2024.10.14,40000
ST_102,IT_119,2024.10.15,40000
ST_102,IT_119,2024.10.16,40000
ST_102,IT_119,2024.10.17,40000
ST_102,IT_119,2024.10.18,40000
ST_102,IT_119,2024.10.19,40000
ST_102,IT_119,2024.10.20,40000
ST_102,IT_119,2024.10.21,40000
ST_102,IT_119,2024.10.22,40000
ST_102,IT_119,2024.10.23,40000
ST_102,IT_119,2024.10.24,40000
ST_102,IT_119,2024.10.25,40000
ST_102,IT_119,2024.10.26,40000
ST_102,IT_119,2024.10.27,40000
ST_102,IT_119,2024.10.28,40000
ST_102,IT_119,2024.10.29,40000
ST_102,IT_119,2024.10.30,40000
ST_102,IT_119,2024.10.31,40000
ST_102,IT_120,2024.10.01,4
ST_102,IT_120,2024.10.02,4
ST_102,IT_120,2024.10.03,4
ST_102,IT_120,2024.10.04,4
ST_102,IT_120,2024.10.05,4
ST_102,IT_120,2024.10.06,4
ST_102,IT_120,2024.10.07,4
ST_102,IT_120,2024.10.08,4
ST_102,IT_120,2024.10.09,4
ST_102,IT_120,2024.10.10,4
ST_102,IT_120,2024.10.11,4
ST_102,IT_120,2024.10.12,4
ST_102,IT_120,2024.10.13,4
ST_102,IT_120,2024.10.14,4
ST_102,IT_120,2024.10.15,4
ST_102,IT_120,2024.10.16,4
ST_102,IT_120,2024.10.17,4
ST_102,IT_120,2024.10.18,4
ST_102,IT_120,2024.10.19,4
ST_102,IT_120,2024.10.20,4
ST_102,IT_120,2024.10.21,4
ST_102,IT_120,2024.10.22,4
ST_102,IT_120,2024.10.23,4
ST_102,IT_120,2024.10.24,4
ST_102,IT_120,2024.10.25,4
ST_102,IT_120,2024.10.26,4
ST_102,IT_120,2024.10.27,4
ST_102,IT_120,2024.10.28,4
ST_102,IT_120,2024.10.29,4
ST_102,IT_120,2024.10.30,4
ST_102,IT_120,2024.10.31,4
ST_102,IT_121,2024.10.01,3000
ST_102,IT_121,2024.10.02,3000
ST_102,IT_121,2024.10.03,3000
ST_102,IT_121,2024.10.04,3000
ST_102,IT_121,2024.10.05,3000
ST_102,IT_121,2024.10.06,3000
ST_102,IT_121,2024.10.07,3000
ST_102,IT_121,2024.10.08,3000
ST_102,IT_121,2024.10.09,3000
ST_102,IT_121,2024.10.10,3000
ST_102,IT_121,2024.10.11,3000
ST_102,IT_121,2024.10.12,3000
ST_102,IT_121,2024.10.13,3000
ST_102,IT_121,2024.10.14,3000
ST_102,IT_121,2024.10.15,3000
ST_102,IT_121,2024.10.16,3000
ST_102,IT_121,2024.10.17,3000
ST_102,IT_121,2024.10.18,3000
ST_102,IT_121,2024.10.19,3000
ST_102,IT_121,2024.10.20,3000
ST_102,IT_121,2024.10.21,3000
ST_102,IT_121,2024.10.22,3000
ST_102,IT_121,2024.10.23,3000
ST_102,IT_121,2024.10.24,3000
ST_102,IT_121,2024.10.25,3000
ST_102,IT_121,2024.10.26,3000
ST_102,IT_121,2024.10.27,3000
ST_102,IT_121,2024.10.28,3000
ST_102,IT_121,2024.10.29,3000
ST_102,IT_121,2024.10.30,3000
ST_102,IT_121,2024.10.31,3000
ST_102,IT_122,2024.10.01,3000
ST_102,IT_122,2024.10.02,3000
ST_102,IT_122,2024.10.03,3000
ST_102,IT_122,2024.10.04,3000
ST_102,IT_122,2024.10.05,3000
ST_102,IT_122,2024.10.06,3000
ST_102,IT_122,2024.10.07,3000
ST_102,IT_122,2024.10.08,3000
ST_102,IT_122,2024.10.09,3000
ST_102,IT_122,2024.10.10,3000
ST_102,IT_122,2024.10.11,3000
ST_102,IT_122,2024.10.12,3000
ST_102,IT_122,2024.10.13,3000
ST_102,IT_122,2024.10.14,3000
ST_102,IT_122,2024.10.15,3000
ST_102,IT_122,2024.10.16,3000
ST_102,IT_122,2024.10.17,3000
ST_102,IT_122,2024.10.18,3000
ST_102,IT_122,2024.10.19,3000
ST_102,IT_122,2024.10.20,3000
ST_102,IT_122,2024.10.21,3000
ST_102,IT_122,2024.10.22,3000
ST_102,IT_122,2024.10.23,3000
ST_102,IT_122,2024.10.24,3000
ST_102,IT_122,2024.10.25,3000
ST_102,IT_122,2024.10.26,3000
ST_102,IT_122,2024.10.27,3000
ST_102,IT_122,2024.10.28,3000
ST_102,IT_122,2024.10.29,3000
ST_102,IT_122,2024.10.30,3000
ST_102,IT_122,2024.10.31,3000
ST_102,IT_123,2024.10.01,600
ST_102,IT_123,2024.10.02,600
ST_102,IT_123,2024.10.03,600
ST_102,IT_123,2024.10.04,600
ST_102,IT_123,2024.10.05,600
ST_102,IT_123,2024.10.06,600
ST_102,IT_123,2024.10.07,600
ST_102,IT_123,2024.10.08,600
ST_102,IT_123,2024.10.09,600
ST_102,IT_123,2024.10.10,600
ST_102,IT_123,2024.10.11,600
ST_102,IT_123,2024.10.12,600
ST_102,IT_123,2024.10.13,600
ST_102,IT_123,2024.10.14,600
ST_102,IT_123,2024.10.15,600
ST_102,IT_123,2024.10.16,600
ST_102,IT_123,2024.10.17,600
ST_102,IT_123,2024.10.18,600
ST_102,IT_123,2024.10.19,600
ST_102,IT_123,2024.10.20,600
ST_102,IT_123,2024.10.21,600
ST_102,IT_123,2024.10.22,600
ST_102,IT_123,2024.10.23,600
ST_102,IT_123,2024.10.24,600
ST_102,IT_123,2024.10.25,600
ST_102,IT_123,2024.10.26,600
ST_102,IT_123,2024.10.27,600
ST_102,IT_123,2024.10.28,600
ST_102,IT_123,2024.10.29,600
ST_102,IT_123,2024.10.30,600
ST_102,IT_123,2024.10.31,600
ST_102,IT_124,2024.10.01,27
ST_102,IT_124,2024.10.02,27
ST_102,IT_124,2024.10.03,27
ST_102,IT_124,2024.10.04,27
ST_102,IT_124,2024.10.05,27
ST_102,IT_124,2024.10.06,27
ST_102,IT_124,2024.10.07,27
ST_102,IT_124,2024.10.08,27
ST_102,IT_124,2024.10.09,27
ST_102,IT_124,2024.10.10,27
ST_102,IT_124,2024.10.11,27
ST_102,IT_124,2024.10.12,27
ST_102,IT_124,2024.10.13,27
ST_102,IT_124,2024.10.14,27
ST_102,IT_124,2024.10.15,27
ST_102,IT_124,2024.10.16,27
ST_102,IT_124,2024.10.17,27
ST_102,IT_124,2024.10.18,27
ST_102,IT_124,2024.10.19,27
ST_102,IT_124,2024.10.20,27
ST_102,IT_124,2024.10.21,27
ST_102,IT_124,2024.10.22,27
ST_102,IT_124,2024.10.23,27
ST_102,IT_124,2024.10.24,27
ST_102,IT_124,2024.10.25,27
ST_102,IT_124,2024.10.26,27
ST_102,IT_124,2024.10.27,27
ST_102,IT_124,2024.10.28,27
ST_102,IT_124,2024.10.29,27
ST_102,IT_124,2024.10.30,27
ST_102,IT_124,2024.10.31,27
ST_102,IT_125,2024.10.01,19
ST_102,IT_125,2024.10.02,19
ST_102,IT_125,2024.10.03,19
ST_102,IT_125,2024.10.04,19
ST_102,IT_125,2024.10.05,19
ST_102,IT_125,2024.10.06,19
ST_102,IT_125,2024.10.07,19
ST_102,IT_125,2024.10.08,19
ST_102,IT_125,2024.10.09,19
ST_102,IT_125,2024.10.10,19
ST_102,IT_125,2024.10.11,19
ST_102,IT_125,2024.10.12,19
ST_102,IT_125,2024.10.13,19
ST_102,IT_125,2024.10.14,19
ST_102,IT_125,2024.10.15,19
ST_102,IT_125,2024.10.16,19
ST_102,IT_125,2024.10.17,19
ST_102,IT_125,2024.10.18,19
ST_102,IT_125,2024.10.19,19
ST_102,IT_125,2024.10.20,19
ST_102,IT_125,2024.10.21,19
ST_102,IT_125,2024.10.22,19
ST_102,IT_125,2024.10.23,19
ST_102,IT_125,2024.10.24,19
ST_102,IT_125,2024.10.25,19
ST_102,IT_125,2024.10.26,19
ST_102,IT_125,2024.10.27,19
ST_102,IT_125,2024.10.28,19
ST_102,IT_125,2024.10.29,19
ST_102,IT_125,2024.10.30,19
ST_102,IT_125,2024.10.31,19
ST_102,IT_126,2024.10.01,14
ST_102,IT_126,2024.10.02,14
ST_102,IT_126,2024.10.03,14
ST_102,IT_126,2024.10.04,14
ST_102,IT_126,2024.10.05,14
ST_102,IT_126,2024.10.06,14
ST_102,IT_126,2024.10.07,14
ST_102,IT_126,2024.10.08,14
ST_102,IT_126,2024.10.09,14
ST_102,IT_126,2024.10.10,14
ST_102,IT_126,2024.10.11,14
ST_102,IT_126,2024.10.12,14
ST_102,IT_126,2024.10.13,14
ST_102,IT_126,2024.10.14,14
ST_102,IT_126,2024.10.15,14
ST_102,IT_126,2024.10.16,14
ST_102,IT_126,2024.10.17,14
ST_102,IT_126,2024.10.18,14
ST_102,IT_126,2024.10.19,14
ST_102,IT_126,2024.10.20,14
ST_102,IT_126,2024.10.21,14
ST_102,IT_126,2024.10.22,14
ST_102,IT_126,2024.10.23,14
ST_102,IT_126,2024.10.24,14
ST_102,IT_126,2024.10.25,14
ST_102,IT_126,2024.10.26,14
ST_102,IT_126,2024.10.27,14
ST_102,IT_126,2024.10.28,14
ST_102,IT_126,2024.10.29,14
ST_102,IT_126,2024.10.30,14
ST_102,IT_126,2024.10.31,14
ST_102,IT_127,2024.10.01,0
ST_102,IT_127,2024.10.02,0
ST_102,IT_127,2024.10.03,0
ST_102,IT_127,2024.10.04,0
ST_102,IT_127,2024.10.05,0
ST_102,IT_127,2024.10.06,0
ST_102,IT_127,2024.10.07,0
ST_102,IT_127,2024.10.08,0
ST_102,IT_127,2024.10.09,0
ST_102,IT_127,2024.10.10,0
ST_102,IT_127,2024.10.11,0
ST_102,IT_127,2024.10.12,0
ST_102,IT_127,2024.10.13,0
ST_102,IT_127,2024.10.14,0
ST_102,IT_127,2024.10.15,0
ST_102,IT_127,2024.10.16,0
ST_102,IT_127,2024.10.17,0
ST_102,IT_127,2024.10.18,0
ST_102,IT_127,2024.10.19,0
ST_102,IT_127,2024.10.20,0
ST_102,IT_127,2024.10.21,0
ST_102,IT_127,2024.10.22,0
ST_102,IT_127,2024.10.23,0
ST_102,IT_127,2024.10.24,0
ST_102,IT_127,2024.10.25,0
ST_102,IT_127,2024.10.26,0
ST_102,IT_127,2024.10.27,0
ST_102,IT_127,2024.10.28,0
ST_102,IT_127,2024.10.29,0
ST_102,IT_127,2024.10.30,0
ST_102,IT_127,2024.10.31,0
ST_102,IT_128,2024.10.01,34
ST_102,IT_128,2024.10.02,34
ST_102,IT_128,2024.10.03,34
ST_102,IT_128,2024.10.04,34
ST_102,IT_128,2024.10.05,34
ST_102,IT_128,2024.10.06,34
ST_102,IT_128,2024.10.07,34
ST_102,IT_128,2024.10.08,34
ST_102,IT_128,2024.10.09,34
ST_102,IT_128,2024.10.10,34
ST_102,IT_128,2024.10.11,34
ST_102,IT_128,2024.10.12,34
ST_102,IT_128,2024.10.13,34
ST_102,IT_128,2024.10.14,34
ST_102,IT_128,2024.10.15,34
ST_102,IT_128,2024.10.16,34
ST_102,IT_128,2024.10.17,34
ST_102,IT_128,2024.10.18,34
ST_102,IT_128,2024.10.19,34
ST_102,IT_128,2024.10.20,34
ST_102,IT_128,2024.10.21,34
ST_102,IT_128,2024.10.22,34
ST_102,IT_128,2024.10.23,34
ST_102,IT_128,2024.10.24,34
ST_102,IT_128,2024.10.25,34
ST_102,IT_128,2024.10.26,34
ST_102,IT_128,2024.10.27,34
ST_102,IT_128,2024.10.28,34
ST_102,IT_128,2024.10.29,34
ST_102,IT_128,2024.10.30,34
ST_102,IT_128,2024.10.31,34
ST_102,IT_129,2024.10.01,100
ST_102,IT_129,2024.10.02,100
ST_102,IT_129,2024.10.03,100
ST_102,IT_129,2024.10.04,100
ST_102,IT_129,2024.10.05,100
ST_102,IT_129,2024.10.06,100
ST_102,IT_129,2024.10.07,100
ST_102,IT_129,2024.10.08,100
ST_102,IT_129,2024.10.09,100
ST_102,IT_129,2024.10.10,100
ST_102,IT_129,2024.10.11,100
ST_102,IT_129,2024.10.12,100
ST_102,IT_129,2024.10.13,100
ST_102,IT_129,2024.10.14,100
ST_102,IT_129,2024.10.15,100
ST_102,IT_129,2024.10.16,100
ST_102,IT_129,2024.10.17,100
ST_102,IT_129,2024.10.18,100
ST_102,IT_129,2024.10.19,100
ST_102,IT_129,2024.10.20,100
ST_102,IT_129,2024.10.21,100
ST_102,IT_129,2024.10.22,100
ST_102,IT_129,2024.10.23,100
ST_102,IT_129,2024.10.24,100
ST_102,IT_129,2024.10.25,100
ST_102,IT_129,2024.10.26,100
ST_102,IT_129,2024.10.27,100
ST_102,IT_129,2024.10.28,100
ST_102,IT_129,2024.10.29,100
ST_102,IT_129,2024.10.30,100
ST_102,IT_129,2024.10.31,100
ST_102,IT_130,2024.10.01,0
ST_102,IT_130,2024.10.02,0
ST_102,IT_130,2024.10.03,0
ST_102,IT_130,2024.10.04,0
ST_102,IT_130,2024.10.05,0
ST_102,IT_130,2024.10.06,0
ST_102,IT_130,2024.10.07,0
ST_102,IT_130,2024.10.08,0
ST_102,IT_130,2024.10.09,0
ST_102,IT_130,2024.10.10,0
ST_102,IT_130,2024.10.11,0
ST_102,IT_130,2024.10.12,0
ST_102,IT_130,2024.10.13,0
ST_102,IT_130,2024.10.14,0
ST_102,IT_130,2024.10.15,0
ST_102,IT_130,2024.10.16,0
ST_102,IT_130,2024.10.17,0
ST_102,IT_130,2024.10.18,0
ST_102,IT_130,2024.10.19,0
ST_102,IT_130,2024.10.20,0
ST_102,IT_130,2024.10.21,0
ST_102,IT_130,2024.10.22,0
ST_102,IT_130,2024.10.23,0
ST_102,IT_130,2024.10.24,0
ST_102,IT_130,2024.10.25,0
ST_102,IT_130,2024.10.26,0
ST_102,IT_130,2024.10.27,0
ST_102,IT_130,2024.10.28,0
ST_102,IT_130,2024.10.29,0
ST_102,IT_130,2024.10.30,0
ST_102,IT_130,2024.10.31,0
ST_102,IT_131,2024.10.01,172
ST_102,IT_131,2024.10.02,172
ST_102,IT_131,2024.10.03,172
ST_102,IT_131,2024.10.04,172
ST_102,IT_131,2024.10.05,172
ST_102,IT_131,2024.10.06,172
ST_102,IT_131,2024.10.07,172
ST_102,IT_131,2024.10.08,172
ST_102,IT_131,2024.10.09,172
ST_102,IT_131,2024.10.10,172
ST_102,IT_131,2024.10.11,172
ST_102,IT_131,2024.10.12,172
ST_102,IT_131,2024.10.13,172
ST_102,IT_131,2024.10.14,172
ST_102,IT_131,2024.10.15,172
ST_102,IT_131,2024.10.16,172
ST_102,IT_131,2024.10.17,172
ST_102,IT_131,2024.10.18,172
ST_102,IT_131,2024.10.19,172
ST_102,IT_131,2024.10.20,172
ST_102,IT_131,2024.10.21,172
ST_102,IT_131,2024.10.22,172
ST_102,IT_131,2024.10.23,172
ST_102,IT_131,2024.10.24,172
ST_102,IT_131,2024.10.25,172
ST_102,IT_131,2024.10.26,172
ST_102,IT_131,2024.10.27,172
ST_102,IT_131,2024.10.28,172
ST_102,IT_131,2024.10.29,172
ST_102,IT_131,2024.10.30,172
ST_102,IT_131,2024.10.31,172
ST_102,IT_132,2024.10.01,104
ST_102,IT_132,2024.10.02,104
ST_102,IT_132,2024.10.03,104
ST_102,IT_132,2024.10.04,104
ST_102,IT_132,2024.10.05,104
ST_102,IT_132,2024.10.06,104
ST_102,IT_132,2024.10.07,104
ST_102,IT_132,2024.10.08,104
ST_102,IT_132,2024.10.09,104
ST_102,IT_132,2024.10.10,104
ST_102,IT_132,2024.10.11,104
ST_102,IT_132,2024.10.12,104
ST_102,IT_132,2024.10.13,104
ST_102,IT_132,2024.10.14,104
ST_102,IT_132,2024.10.15,104
ST_102,IT_132,2024.10.16,104
ST_102,IT_132,2024.10.17,104
ST_102,IT_132,2024.10.18,104
ST_102,IT_132,2024.10.19,104
ST_102,IT_132,2024.10.20,104
ST_102,IT_132,2024.10.21,104
ST_102,IT_132,2024.10.22,104
ST_102,IT_132,2024.10.23,104
ST_102,IT_132,2024.10.24,104
ST_102,IT_132,2024.10.25,104
ST_102,IT_132,2024.10.26,104
ST_102,IT_132,2024.10.27,104
ST_102,IT_132,2024.10.28,104
ST_102,IT_132,2024.10.29,104
ST_102,IT_132,2024.10.30,104
ST_102,IT_132,2024.10.31,104
ST_102,IT_133,2024.10.01,0
ST_102,IT_133,2024.10.02,0
ST_102,IT_133,2024.10.03,0
ST_102,IT_133,2024.10.04,0
ST_102,IT_133,2024.10.05,0
ST_102,IT_133,2024.10.06,0
ST_102,IT_133,2024.10.07,0
ST_102,IT_133,2024.10.08,0
ST_102,IT_133,2024.10.09,0
ST_102,IT_133,2024.10.10,0
ST_102,IT_133,2024.10.11,0
ST_102,IT_133,2024.10.12,0
ST_102,IT_133,2024.10.13,0
ST_102,IT_133,2024.10.14,0
ST_102,IT_133,2024.10.15,0
ST_102,IT_133,2024.10.16,0
ST_102,IT_133,2024.10.17,0
ST_102,IT_133,2024.10.18,0
ST_102,IT_133,2024.10.19,0
ST_102,IT_133,2024.10.20,0
ST_102,IT_133,2024.10.21,0
ST_102,IT_133,2024.10.22,0
ST_102,IT_133,2024.10.23,0
ST_102,IT_133,2024.10.24,0
ST_102,IT_133,2024.10.25,0
ST_102,IT_133,2024.10.26,0
ST_102,IT_133,2024.10.27,0
ST_102,IT_133,2024.10.28,0
ST_102,IT_133,2024.10.29,0
ST_102,IT_133,2024.10.30,0
ST_102,IT_133,2024.10.31,0
ST_102,IT_134,2024.10.01,0
ST_102,IT_134,2024.10.02,0
ST_102,IT_134,2024.10.03,0
ST_102,IT_134,2024.10.04,0
ST_102,IT_134,2024.10.05,0
ST_102,IT_134,2024.10.06,0
ST_102,IT_134,2024.10.07,0
ST_102,IT_134,2024.10.08,0
ST_102,IT_134,2024.10.09,0
ST_102,IT_134,2024.10.10,0
ST_102,IT_134,2024.10.11,0
ST_102,IT_134,2024.10.12,0
ST_102,IT_134,2024.10.13,0
ST_102,IT_134,2024.10.14,0
ST_102,IT_134,2024.10.15,0
ST_102,IT_134,2024.10.16,0
ST_102,IT_134,2024.10.17,0
ST_102,IT_134,2024.10.18,0
ST_102,IT_134,2024.10.19,0
ST_102,IT_134,2024.10.20,0
ST_102,IT_134,2024.10.21,0
ST_102,IT_134,2024.10.22,0
ST_102,IT_134,2024.10.23,0
ST_102,IT_134,2024.10.24,0
ST_102,IT_134,2024.10.25,0
ST_102,IT_134,2024.10.26,0
ST_102,IT_134,2024.10.27,0
ST_102,IT_134,2024.10.28,0
ST_102,IT_134,2024.10.29,0
ST_102,IT_134,2024.10.30,0
ST_102,IT_134,2024.10.31,0
ST_102,IT_135,2024.10.01,50
ST_102,IT_135,2024.10.02,50
ST_102,IT_135,2024.10.03,50
ST_102,IT_135,2024.10.04,50
ST_102,IT_135,2024.10.05,50
ST_102,IT_135,2024.10.06,50
ST_102,IT_135,2024.10.07,50
ST_102,IT_135,2024.10.08,50
ST_102,IT_135,2024.10.09,50
ST_102,IT_135,2024.10.10,50
ST_102,IT_135,2024.10.11,50
ST_102,IT_135,2024.10.12,50
ST_102,IT_135,2024.10.13,50
ST_102,IT_135,2024.10.14,50
ST_102,IT_135,2024.10.15,50
ST_102,IT_135,2024.10.16,50
ST_102,IT_135,2024.10.17,50
ST_102,IT_135,2024.10.18,50
ST_102,IT_135,2024.10.19,50
ST_102,IT_135,2024.10.20,50
ST_102,IT_135,2024.10.21,50
ST_102,IT_135,2024.10.22,50
ST_102,IT_135,2024.10.23,50
ST_102,IT_135,2024.10.24,50
ST_102,IT_135,2024.10.25,50
ST_102,IT_135,2024.10.26,50
ST_102,IT_135,2024.10.27,50
ST_102,IT_135,2024.10.28,50
ST_102,IT_135,2024.10.29,50
ST_102,IT_135,2024.10.30,50
ST_102,IT_135,2024.10.31,50
ST_102,IT_136,2024.10.01,18
ST_102,IT_136,2024.10.02,18
ST_102,IT_136,2024.10.03,18
ST_102,IT_136,2024.10.04,18
ST_102,IT_136,2024.10.05,18
ST_102,IT_136,2024.10.06,18
ST_102,IT_136,2024.10.07,18
ST_102,IT_136,2024.10.08,18
ST_102,IT_136,2024.10.09,18
ST_102,IT_136,2024.10.10,18
ST_102,IT_136,2024.10.11,18
ST_102,IT_136,2024.10.12,18
ST_102,IT_136,2024.10.13,18
ST_102,IT_136,2024.10.14,18
ST_102,IT_136,2024.10.15,18
ST_102,IT_136,2024.10.16,18
ST_102,IT_136,2024.10.17,18
ST_102,IT_136,2024.10.18,18
ST_102,IT_136,2024.10.19,18
ST_102,IT_136,2024.10.20,18
ST_102,IT_136,2024.10.21,18
ST_102,IT_136,2024.10.22,18
ST_102,IT_136,2024.10.23,18
ST_102,IT_136,2024.10.24,18
ST_102,IT_136,2024.10.25,18
ST_102,IT_136,2024.10.26,18
ST_102,IT_136,2024.10.27,18
ST_102,IT_136,2024.10.28,18
ST_102,IT_136,2024.10.29,18
ST_102,IT_136,2024.10.30,18
ST_102,IT_136,2024.10.31,18
ST_102,IT_137,2024.10.01,2300
ST_102,IT_137,2024.10.02,2300
ST_102,IT_137,2024.10.03,2300
ST_102,IT_137,2024.10.04,2300
ST_102,IT_137,2024.10.05,2300
ST_102,IT_137,2024.10.06,2300
ST_102,IT_137,2024.10.07,2300
ST_102,IT_137,2024.10.08,2300
ST_102,IT_137,2024.10.09,2300
ST_102,IT_137,2024.10.10,2300
ST_102,IT_137,2024.10.11,2300
ST_102,IT_137,2024.10.12,2300
ST_102,IT_137,2024.10.13,2300
ST_102,IT_137,2024.10.14,2300
ST_102,IT_137,2024.10.15,2300
ST_102,IT_137,2024.10.16,2300
ST_102,IT_137,2024.10.17,2300
ST_102,IT_137,2024.10.18,2300
ST_102,IT_137,2024.10.19,2300
ST_102,IT_137,2024.10.20,2300
ST_102,IT_137,2024.10.21,2300
ST_102,IT_137,2024.10.22,2300
ST_102,IT_137,2024.10.23,2300
ST_102,IT_137,2024.10.24,2300
ST_102,IT_137,2024.10.25,2300
ST_102,IT_137,2024.10.26,2300
ST_102,IT_137,2024.10.27,2300
ST_102,IT_137,2024.10.28,2300
ST_102,IT_137,2024.10.29,2300
ST_102,IT_137,2024.10.30,2300
ST_102,IT_137,2024.10.31,2300
ST_102,IT_138,2024.10.01,2200
ST_102,IT_138,2024.10.02,2200
ST_102,IT_138,2024.10.03,2200
ST_102,IT_138,2024.10.04,2200
ST_102,IT_138,2024.10.05,2200
ST_102,IT_138,2024.10.06,2200
ST_102,IT_138,2024.10.07,2200
ST_102,IT_138,2024.10.08,2200
ST_102,IT_138,2024.10.09,2200
ST_102,IT_138,2024.10.10,2200
ST_102,IT_138,2024.10.11,2200
ST_102,IT_138,2024.10.12,2200
ST_102,IT_138,2024.10.13,2200
ST_102,IT_138,2024.10.14,2200
ST_102,IT_138,2024.10.15,2200
ST_102,IT_138,2024.10.16,2200
ST_102,IT_138,2024.10.17,2200
ST_102,IT_138,2024.10.18,2200
ST_102,IT_138,2024.10.19,2200
ST_102,IT_138,2024.10.20,2200
ST_102,IT_138,2024.10.21,2200
ST_102,IT_138,2024.10.22,2200
ST_102,IT_138,2024.10.23,2200
ST_102,IT_138,2024.10.24,2200
ST_102,IT_138,2024.10.25,2200
ST_102,IT_138,2024.10.26,2200
ST_102,IT_138,2024.10.27,2200
ST_102,IT_138,2024.10.28,2200
ST_102,IT_138,2024.10.29,2200
ST_102,IT_138,2024.10.30,2200
ST_102,IT_138,2024.10.31,2200
ST_102,IT_139,2024.10.01,23
ST_102,IT_139,2024.10.02,23
ST_102,IT_139,2024.10.03,23
ST_102,IT_139,2024.10.04,23
ST_102,IT_139,2024.10.05,23
ST_102,IT_139,2024.10.06,23
ST_102,IT_139,2024.10.07,23
ST_102,IT_139,2024.10.08,23
ST_102,IT_139,2024.10.09,23
ST_102,IT_139,2024.10.10,23
ST_102,IT_139,2024.10.11,23
ST_102,IT_139,2024.10.12,23
ST_102,IT_139,2024.10.13,23
ST_102,IT_139,2024.10.14,23
ST_102,IT_139,2024.10.15,23
ST_102,IT_139,2024.10.16,23
ST_102,IT_139,2024.10.17,23
ST_102,IT_139,2024.10.18,23
ST_102,IT_139,2024.10.19,23
ST_102,IT_139,2024.10.20,23
ST_102,IT_139,2024.10.21,23
ST_102,IT_139,2024.10.22,23
ST_102,IT_139,2024.10.23,23
ST_102,IT_139,2024.10.24,23
ST_102,IT_139,2024.10.25,23
ST_102,IT_139,2024.10.26,23
ST_102,IT_139,2024.10.27,23
ST_102,IT_139,2024.10.28,23
ST_102,IT_139,2024.10.29,23
ST_102,IT_139,2024.10.30,23
ST_102,IT_139,2024.10.31,23
ST_102,IT_140,2024.10.01,20
ST_102,IT_140,2024.10.02,20
ST_102,IT_140,2024.10.03,20
ST_102,IT_140,2024.10.04,20
ST_102,IT_140,2024.10.05,20
ST_102,IT_140,2024.10.06,20
ST_102,IT_140,2024.10.07,20
ST_102,IT_140,2024.10.08,20
ST_102,IT_140,2024.10.09,20
ST_102,IT_140,2024.10.10,20
ST_102,IT_140,2024.10.11,20
ST_102,IT_140,2024.10.12,20
ST_102,IT_140,2024.10.13,20
ST_102,IT_140,2024.10.14,20
ST_102,IT_140,2024.10.15,20
ST_102,IT_140,2024.10.16,20
ST_102,IT_140,2024.10.17,20
ST_102,IT_140,2024.10.18,20
ST_102,IT_140,2024.10.19,20
ST_102,IT_140,2024.10.20,20
ST_102,IT_140,2024.10.21,20
ST_102,IT_140,2024.10.22,20
ST_102,IT_140,2024.10.23,20
ST_102,IT_140,2024.10.24,20
ST_102,IT_140,2024.10.25,20
ST_102,IT_140,2024.10.26,20
ST_102,IT_140,2024.10.27,20
ST_102,IT_140,2024.10.28,20
ST_102,IT_140,2024.10.29,20
ST_102,IT_140,2024.10.30,20
ST_102,IT_140,2024.10.31,20
ST_102,IT_141,2024.10.01,23
ST_102,IT_141,2024.10.02,23
ST_102,IT_141,2024.10.03,23
ST_102,IT_141,2024.10.04,23
ST_102,IT_141,2024.10.05,23
ST_102,IT_141,2024.10.06,23
ST_102,IT_141,2024.10.07,23
ST_102,IT_141,2024.10.08,23
ST_102,IT_141,2024.10.09,23
ST_102,IT_141,2024.10.10,23
ST_102,IT_141,2024.10.11,23
ST_102,IT_141,2024.10.12,23
ST_102,IT_141,2024.10.13,23
ST_102,IT_141,2024.10.14,23
ST_102,IT_141,2024.10.15,23
ST_102,IT_141,2024.10.16,23
ST_102,IT_141,2024.10.17,23
ST_102,IT_141,2024.10.18,23
ST_102,IT_141,2024.10.19,23
ST_102,IT_141,2024.10.20,23
ST_102,IT_141,2024.10.21,23
ST_102,IT_141,2024.10.22,23
ST_102,IT_141,2024.10.23,23
ST_102,IT_141,2024.10.24,23
ST_102,IT_141,2024.10.25,23
ST_102,IT_141,2024.10.26,23
ST_102,IT_141,2024.10.27,23
ST_102,IT_141,2024.10.28,23
ST_102,IT_141,2024.10.29,23
ST_102,IT_141,2024.10.30,23
ST_102,IT_141,2024.10.31,23
ST_102,IT_142,2024.10.01,36
ST_102,IT_142,2024.10.02,36
ST_102,IT_142,2024.10.03,36
ST_102,IT_142,2024.10.04,36
ST_102,IT_142,2024.10.05,36
ST_102,IT_142,2024.10.06,36
ST_102,IT_142,2024.10.07,36
ST_102,IT_142,2024.10.08,36
ST_102,IT_142,2024.10.09,36
ST_102,IT_142,2024.10.10,36
ST_102,IT_142,2024.10.11,36
ST_102,IT_142,2024.10.12,36
ST_102,IT_142,2024.10.13,36
ST_102,IT_142,2024.10.14,36
ST_102,IT_142,2024.10.15,36
ST_102,IT_142,2024.10.16,36
ST_102,IT_142,2024.10.17,36
ST_102,IT_142,2024.10.18,36
ST_102,IT_142,2024.10.19,36
ST_102,IT_142,2024.10.20,36
ST_102,IT_142,2024.10.21,36
ST_102,IT_142,2024.10.22,36
ST_102,IT_142,2024.10.23,36
ST_102,IT_142,2024.10.24,36
ST_102,IT_142,2024.10.25,36
ST_102,IT_142,2024.10.26,36
ST_102,IT_142,2024.10.27,36
ST_102,IT_142,2024.10.28,36
ST_102,IT_142,2024.10.29,36
ST_102,IT_142,2024.10.30,36
ST_102,IT_142,2024.10.31,36
ST_102,IT_143,2024.10.01,11
ST_102,IT_143,2024.10.02,11
ST_102,IT_143,2024.10.03,11
ST_102,IT_143,2024.10.04,11
ST_102,IT_143,2024.10.05,11
ST_102,IT_143,2024.10.06,11
ST_102,IT_143,2024.10.07,11
ST_102,IT_143,2024.10.08,11
ST_102,IT_143,2024.10.09,11
ST_102,IT_143,2024.10.10,11
ST_102,IT_143,2024.10.11,11
ST_102,IT_143,2024.10.12,11
ST_102,IT_143,2024.10.13,11
ST_102,IT_143,2024.10.14,11
ST_102,IT_143,2024.10.15,11
ST_102,IT_143,2024.10.16,11
ST_102,IT_143,2024.10.17,11
ST_102,IT_143,2024.10.18,11
ST_102,IT_143,2024.10.19,11
ST_102,IT_143,2024.10.20,11
ST_102,IT_143,2024.10.21,11
ST_102,IT_143,2024.10.22,11
ST_102,IT_143,2024.10.23,11
ST_102,IT_143,2024.10.24,11
ST_102,IT_143,2024.10.25,11
ST_102,IT_143,2024.10.26,11
ST_102,IT_143,2024.10.27,11
ST_102,IT_143,2024.10.28,11
ST_102,IT_143,2024.10.29,11
ST_102,IT_143,2024.10.30,11
ST_102,IT_143,2024.10.31,11
ST_102,IT_144,2024.10.01,15
ST_102,IT_144,2024.10.02,15
ST_102,IT_144,2024.10.03,15
ST_102,IT_144,2024.10.04,15
ST_102,IT_144,2024.10.05,15
ST_102,IT_144,2024.10.06,15
ST_102,IT_144,2024.10.07,15
ST_102,IT_144,2024.10.08,15
ST_102,IT_144,2024.10.09,15
ST_102,IT_144,2024.10.10,15
ST_102,IT_144,2024.10.11,15
ST_102,IT_144,2024.10.12,15
ST_102,IT_144,2024.10.13,15
ST_102,IT_144,2024.10.14,15
ST_102,IT_144,2024.10.15,15
ST_102,IT_144,2024.10.16,15
ST_102,IT_144,2024.10.17,15
ST_102,IT_144,2024.10.18,15
ST_102,IT_144,2024.10.19,15
ST_102,IT_144,2024.10.20,15
ST_102,IT_144,2024.10.21,15
ST_102,IT_144,2024.10.22,15
ST_102,IT_144,2024.10.23,15
ST_102,IT_144,2024.10.24,15
ST_102,IT_144,2024.10.25,15
ST_102,IT_144,2024.10.26,15
ST_102,IT_144,2024.10.27,15
ST_102,IT_144,2024.10.28,15
ST_102,IT_144,2024.10.29,15
ST_102,IT_144,2024.10.30,15
ST_102,IT_144,2024.10.31,15
ST_102,IT_145,2024.10.01,17
ST_102,IT_145,2024.10.02,17
ST_102,IT_145,2024.10.03,17
ST_102,IT_145,2024.10.04,17
ST_102,IT_145,2024.10.05,17
ST_102,IT_145,2024.10.06,17
ST_102,IT_145,2024.10.07,17
ST_102,IT_145,2024.10.08,17
ST_102,IT_145,2024.10.09,17
ST_102,IT_145,2024.10.10,17
ST_102,IT_145,2024.10.11,17
ST_102,IT_145,2024.10.12,17
ST_102,IT_145,2024.10.13,17
ST_102,IT_145,2024.10.14,17
ST_102,IT_145,2024.10.15,17
ST_102,IT_145,2024.10.16,17
ST_102,IT_145,2024.10.17,17
ST_102,IT_145,2024.10.18,17
ST_102,IT_145,2024.10.19,17
ST_102,IT_145,2024.10.20,17
ST_102,IT_145,2024.10.21,17
ST_102,IT_145,2024.10.22,17
ST_102,IT_145,2024.10.23,17
ST_102,IT_145,2024.10.24,17
ST_102,IT_145,2024.10.25,17
ST_102,IT_145,2024.10.26,17
ST_102,IT_145,2024.10.27,17
ST_102,IT_145,2024.10.28,17
ST_102,IT_145,2024.10.29,17
ST_102,IT_145,2024.10.30,17
ST_102,IT_145,2024.10.31,17
ST_102,IT_146,2024.10.01,10
ST_102,IT_146,2024.10.02,10
ST_102,IT_146,2024.10.03,10
ST_102,IT_146,2024.10.04,10
ST_102,IT_146,2024.10.05,10
ST_102,IT_146,2024.10.06,10
ST_102,IT_146,2024.10.07,10
ST_102,IT_146,2024.10.08,10
ST_102,IT_146,2024.10.09,10
ST_102,IT_146,2024.10.10,10
ST_102,IT_146,2024.10.11,10
ST_102,IT_146,2024.10.12,10
ST_102,IT_146,2024.10.13,10
ST_102,IT_146,2024.10.14,10
ST_102,IT_146,2024.10.15,10
ST_102,IT_146,2024.10.16,10
ST_102,IT_146,2024.10.17,10
ST_102,IT_146,2024.10.18,10
ST_102,IT_146,2024.10.19,10
ST_102,IT_146,2024.10.20,10
ST_102,IT_146,2024.10.21,10
ST_102,IT_146,2024.10.22,10
ST_102,IT_146,2024.10.23,10
ST_102,IT_146,2024.10.24,10
ST_102,IT_146,2024.10.25,10
ST_102,IT_146,2024.10.26,10
ST_102,IT_146,2024.10.27,10
ST_102,IT_146,2024.10.28,10
ST_102,IT_146,2024.10.29,10
ST_102,IT_146,2024.10.30,10
ST_102,IT_146,2024.10.31,10
ST_102,IT_147,2024.10.01,17
ST_102,IT_147,2024.10.02,17
ST_102,IT_147,2024.10.03,17
ST_102,IT_147,2024.10.04,17
ST_102,IT_147,2024.10.05,17
ST_102,IT_147,2024.10.06,17
ST_102,IT_147,2024.10.07,17
ST_102,IT_147,2024.10.08,17
ST_102,IT_147,2024.10.09,17
ST_102,IT_147,2024.10.10,17
ST_102,IT_147,2024.10.11,17
ST_102,IT_147,2024.10.12,17
ST_102,IT_147,2024.10.13,17
ST_102,IT_147,2024.10.14,17
ST_102,IT_147,2024.10.15,17
ST_102,IT_147,2024.10.16,17
ST_102,IT_147,2024.10.17,17
ST_102,IT_147,2024.10.18,17
ST_102,IT_147,2024.10.19,17
ST_102,IT_147,2024.10.20,17
ST_102,IT_147,2024.10.21,17
ST_102,IT_147,2024.10.22,17
ST_102,IT_147,2024.10.23,17
ST_102,IT_147,2024.10.24,17
ST_102,IT_147,2024.10.25,17
ST_102,IT_147,2024.10.26,17
ST_102,IT_147,2024.10.27,17
ST_102,IT_147,2024.10.28,17
ST_102,IT_147,2024.10.29,17
ST_102,IT_147,2024.10.30,17
ST_102,IT_147,2024.10.31,17
ST_102,IT_148,2024.10.01,11
ST_102,IT_148,2024.10.02,11
ST_102,IT_148,2024.10.03,11
ST_102,IT_148,2024.10.04,11
ST_102,IT_148,2024.10.05,11
ST_102,IT_148,2024.10.06,11
ST_102,IT_148,2024.10.07,11
ST_102,IT_148,2024.10.08,11
ST_102,IT_148,2024.10.09,11
ST_102,IT_148,2024.10.10,11
ST_102,IT_148,2024.10.11,11
ST_102,IT_148,2024.10.12,11
ST_102,IT_148,2024.10.13,11
ST_102,IT_148,2024.10.14,11
ST_102,IT_148,2024.10.15,11
ST_102,IT_148,2024.10.16,11
ST_102,IT_148,2024.10.17,11
ST_102,IT_148,2024.10.18,11
ST_102,IT_148,2024.10.19,11
ST_102,IT_148,2024.10.20,11
ST_102,IT_148,2024.10.21,11
ST_102,IT_148,2024.10.22,11
ST_102,IT_148,2024.10.23,11
ST_102,IT_148,2024.10.24,11
ST_102,IT_148,2024.10.25,11
ST_102,IT_148,2024.10.26,11
ST_102,IT_148,2024.10.27,11
ST_102,IT_148,2024.10.28,11
ST_102,IT_148,2024.10.29,11
ST_102,IT_148,2024.10.30,11
ST_102,IT_148,2024.10.31,11
ST_102,IT_149,2024.10.01,34
ST_102,IT_149,2024.10.02,34
ST_102,IT_149,2024.10.03,34
ST_102,IT_149,2024.10.04,34
ST_102,IT_149,2024.10.05,34
ST_102,IT_149,2024.10.06,34
ST_102,IT_149,2024.10.07,34
ST_102,IT_149,2024.10.08,34
ST_102,IT_149,2024.10.09,34
ST_102,IT_149,2024.10.10,34
ST_102,IT_149,2024.10.11,34
ST_102,IT_149,2024.10.12,34
ST_102,IT_149,2024.10.13,34
ST_102,IT_149,2024.10.14,34
ST_102,IT_149,2024.10.15,34
ST_102,IT_149,2024.10.16,34
ST_102,IT_149,2024.10.17,34
ST_102,IT_149,2024.10.18,34
ST_102,IT_149,2024.10.19,34
ST_102,IT_149,2024.10.20,34
ST_102,IT_149,2024.10.21,34
ST_102,IT_149,2024.10.22,34
ST_102,IT_149,2024.10.23,34
ST_102,IT_149,2024.10.24,34
ST_102,IT_149,2024.10.25,34
ST_102,IT_149,2024.10.26,34
ST_102,IT_149,2024.10.27,34
ST_102,IT_149,2024.10.28,34
ST_102,IT_149,2024.10.29,34
ST_102,IT_149,2024.10.30,34
ST_102,IT_149,2024.10.31,34
ST_102,IT_152,2024.10.01,22
ST_102,IT_152,2024.10.02,22
ST_102,IT_152,2024.10.03,22
ST_102,IT_152,2024.10.04,22
ST_102,IT_152,2024.10.05,22
ST_102,IT_152,2024.10.06,22
ST_102,IT_152,2024.10.07,22
ST_102,IT_152,2024.10.08,22
ST_102,IT_152,2024.10.09,22
ST_102,IT_152,2024.10.10,22
ST_102,IT_152,2024.10.11,22
ST_102,IT_152,2024.10.12,22
ST_102,IT_152,2024.10.13,22
ST_102,IT_152,2024.10.14,22
ST_102,IT_152,2024.10.15,22
ST_102,IT_152,2024.10.16,22
ST_102,IT_152,2024.10.17,22
ST_102,IT_152,2024.10.18,22
ST_102,IT_152,2024.10.19,22
ST_102,IT_152,2024.10.20,22
ST_102,IT_152,2024.10.21,22
ST_102,IT_152,2024.10.22,22
ST_102,IT_152,2024.10.23,22
ST_102,IT_152,2024.10.24,22
ST_102,IT_152,2024.10.25,22
ST_102,IT_152,2024.10.26,22
ST_102,IT_152,2024.10.27,22
ST_102,IT_152,2024.10.28,22
ST_102,IT_152,2024.10.29,22
ST_102,IT_152,2024.10.30,22
ST_102,IT_152,2024.10.31,22
ST_102,IT_153,2024.10.01,17
ST_102,IT_153,2024.10.02,17
ST_102,IT_153,2024.10.03,17
ST_102,IT_153,2024.10.04,17
ST_102,IT_153,2024.10.05,17
ST_102,IT_153,2024.10.06,17
ST_102,IT_153,2024.10.07,17
ST_102,IT_153,2024.10.08,17
ST_102,IT_153,2024.10.09,17
ST_102,IT_153,2024.10.10,17
ST_102,IT_153,2024.10.11,17
ST_102,IT_153,2024.10.12,17
ST_102,IT_153,2024.10.13,17
ST_102,IT_153,2024.10.14,17
ST_102,IT_153,2024.10.15,17
ST_102,IT_153,2024.10.16,17
ST_102,IT_153,2024.10.17,17
ST_102,IT_153,2024.10.18,17
ST_102,IT_153,2024.10.19,17
ST_102,IT_153,2024.10.20,17
ST_102,IT_153,2024.10.21,17
ST_102,IT_153,2024.10.22,17
ST_102,IT_153,2024.10.23,17
ST_102,IT_153,2024.10.24,17
ST_102,IT_153,2024.10.25,17
ST_102,IT_153,2024.10.26,17
ST_102,IT_153,2024.10.27,17
ST_102,IT_153,2024.10.28,17
ST_102,IT_153,2024.10.29,17
ST_102,IT_153,2024.10.30,17
ST_102,IT_153,2024.10.31,17
ST_102,IT_154,2024.10.01,22
ST_102,IT_154,2024.10.02,22
ST_102,IT_154,2024.10.03,22
ST_102,IT_154,2024.10.04,22
ST_102,IT_154,2024.10.05,22
ST_102,IT_154,2024.10.06,22
ST_102,IT_154,2024.10.07,22
ST_102,IT_154,2024.10.08,22
ST_102,IT_154,2024.10.09,22
ST_102,IT_154,2024.10.10,22
ST_102,IT_154,2024.10.11,22
ST_102,IT_154,2024.10.12,22
ST_102,IT_154,2024.10.13,22
ST_102,IT_154,2024.10.14,22
ST_102,IT_154,2024.10.15,22
ST_102,IT_154,2024.10.16,22
ST_102,IT_154,2024.10.17,22
ST_102,IT_154,2024.10.18,22
ST_102,IT_154,2024.10.19,22
ST_102,IT_154,2024.10.20,22
ST_102,IT_154,2024.10.21,22
ST_102,IT_154,2024.10.22,22
ST_102,IT_154,2024.10.23,22
ST_102,IT_154,2024.10.24,22
ST_102,IT_154,2024.10.25,22
ST_102,IT_154,2024.10.26,22
ST_102,IT_154,2024.10.27,22
ST_102,IT_154,2024.10.28,22
ST_102,IT_154,2024.10.29,22
ST_102,IT_154,2024.10.30,22
ST_102,IT_154,2024.10.31,22
ST_102,IT_155,2024.10.01,12
ST_102,IT_155,2024.10.02,12
ST_102,IT_155,2024.10.03,12
ST_102,IT_155,2024.10.04,12
ST_102,IT_155,2024.10.05,12
ST_102,IT_155,2024.10.06,12
ST_102,IT_155,2024.10.07,12
ST_102,IT_155,2024.10.08,12
ST_102,IT_155,2024.10.09,12
ST_102,IT_155,2024.10.10,12
ST_102,IT_155,2024.10.11,12
ST_102,IT_155,2024.10.12,12
ST_102,IT_155,2024.10.13,12
ST_102,IT_155,2024.10.14,12
ST_102,IT_155,2024.10.15,12
ST_102,IT_155,2024.10.16,12
ST_102,IT_155,2024.10.17,12
ST_102,IT_155,2024.10.18,12
ST_102,IT_155,2024.10.19,12
ST_102,IT_155,2024.10.20,12
ST_102,IT_155,2024.10.21,12
ST_102,IT_155,2024.10.22,12
ST_102,IT_155,2024.10.23,12
ST_102,IT_155,2024.10.24,12
ST_102,IT_155,2024.10.25,12
ST_102,IT_155,2024.10.26,12
ST_102,IT_155,2024.10.27,12
ST_102,IT_155,2024.10.28,12
ST_102,IT_155,2024.10.29,12
ST_102,IT_155,2024.10.30,12
ST_102,IT_155,2024.10.31,12
ST_102,IT_156,2024.10.01,8
ST_102,IT_156,2024.10.02,8
ST_102,IT_156,2024.10.03,8
ST_102,IT_156,2024.10.04,8
ST_102,IT_156,2024.10.05,8
ST_102,IT_156,2024.10.06,8
ST_102,IT_156,2024.10.07,8
ST_102,IT_156,2024.10.08,8
ST_102,IT_156,2024.10.09,8
ST_102,IT_156,2024.10.10,8
ST_102,IT_156,2024.10.11,8
ST_102,IT_156,2024.10.12,8
ST_102,IT_156,2024.10.13,8
ST_102,IT_156,2024.10.14,8
ST_102,IT_156,2024.10.15,8
ST_102,IT_156,2024.10.16,8
ST_102,IT_156,2024.10.17,8
ST_102,IT_156,2024.10.18,8
ST_102,IT_156,2024.10.19,8
ST_102,IT_156,2024.10.20,8
ST_102,IT_156,2024.10.21,8
ST_102,IT_156,2024.10.22,8
ST_102,IT_156,2024.10.23,8
ST_102,IT_156,2024.10.24,8
ST_102,IT_156,2024.10.25,8
ST_102,IT_156,2024.10.26,8
ST_102,IT_156,2024.10.27,8
ST_102,IT_156,2024.10.28,8
ST_102,IT_156,2024.10.29,8
ST_102,IT_156,2024.10.30,8
ST_102,IT_156,2024.10.31,8
ST_102,IT_157,2024.10.01,22
ST_102,IT_157,2024.10.02,22
ST_102,IT_157,2024.10.03,22
ST_102,IT_157,2024.10.04,22
ST_102,IT_157,2024.10.05,22
ST_102,IT_157,2024.10.06,22
ST_102,IT_157,2024.10.07,22
ST_102,IT_157,2024.10.08,22
ST_102,IT_157,2024.10.09,22
ST_102,IT_157,2024.10.10,22
ST_102,IT_157,2024.10.11,22
ST_102,IT_157,2024.10.12,22
ST_102,IT_157,2024.10.13,22
ST_102,IT_157,2024.10.14,22
ST_102,IT_157,2024.10.15,22
ST_102,IT_157,2024.10.16,22
ST_102,IT_157,2024.10.17,22
ST_102,IT_157,2024.10.18,22
ST_102,IT_157,2024.10.19,22
ST_102,IT_157,2024.10.20,22
ST_102,IT_157,2024.10.21,22
ST_102,IT_157,2024.10.22,22
ST_102,IT_157,2024.10.23,22
ST_102,IT_157,2024.10.24,22
ST_102,IT_157,2024.10.25,22
ST_102,IT_157,2024.10.26,22
ST_102,IT_157,2024.10.27,22
ST_102,IT_157,2024.10.28,22
ST_102,IT_157,2024.10.29,22
ST_102,IT_157,2024.10.30,22
ST_102,IT_157,2024.10.31,22
ST_102,IT_158,2024.10.01,0
ST_102,IT_158,2024.10.02,0
ST_102,IT_158,2024.10.03,0
ST_102,IT_158,2024.10.04,0
ST_102,IT_158,2024.10.05,0
ST_102,IT_158,2024.10.06,0
ST_102,IT_158,2024.10.07,0
ST_102,IT_158,2024.10.08,0
ST_102,IT_158,2024.10.09,0
ST_102,IT_158,2024.10.10,0
ST_102,IT_158,2024.10.11,0
ST_102,IT_158,2024.10.12,0
ST_102,IT_158,2024.10.13,0
ST_102,IT_158,2024.10.14,0
ST_102,IT_158,2024.10.15,0
ST_102,IT_158,2024.10.16,0
ST_102,IT_158,2024.10.17,0
ST_102,IT_158,2024.10.18,0
ST_102,IT_158,2024.10.19,0
ST_102,IT_158,2024.10.20,0
ST_102,IT_158,2024.10.21,0
ST_102,IT_158,2024.10.22,0
ST_102,IT_158,2024.10.23,0
ST_102,IT_158,2024.10.24,0
ST_102,IT_158,2024.10.25,0
ST_102,IT_158,2024.10.26,0
ST_102,IT_158,2024.10.27,0
ST_102,IT_158,2024.10.28,0
ST_102,IT_158,2024.10.29,0
ST_102,IT_158,2024.10.30,0
ST_102,IT_158,2024.10.31,0
ST_102,IT_159,2024.10.01,5
ST_102,IT_159,2024.10.02,5
ST_102,IT_159,2024.10.03,5
ST_102,IT_159,2024.10.04,5
ST_102,IT_159,2024.10.05,5
ST_102,IT_159,2024.10.06,5
ST_102,IT_159,2024.10.07,5
ST_102,IT_159,2024.10.08,5
ST_102,IT_159,2024.10.09,5
ST_102,IT_159,2024.10.10,5
ST_102,IT_159,2024.10.11,5
ST_102,IT_159,2024.10.12,5
ST_102,IT_159,2024.10.13,5
ST_102,IT_159,2024.10.14,5
ST_102,IT_159,2024.10.15,5
ST_102,IT_159,2024.10.16,5
ST_102,IT_159,2024.10.17,5
ST_102,IT_159,2024.10.18,5
ST_102,IT_159,2024.10.19,5
ST_102,IT_159,2024.10.20,5
ST_102,IT_159,2024.10.21,5
ST_102,IT_159,2024.10.22,5
ST_102,IT_159,2024.10.23,5
ST_102,IT_159,2024.10.24,5
ST_102,IT_159,2024.10.25,5
ST_102,IT_159,2024.10.26,5
ST_102,IT_159,2024.10.27,5
ST_102,IT_159,2024.10.28,5
ST_102,IT_159,2024.10.29,5
ST_102,IT_159,2024.10.30,5
ST_102,IT_159,2024.10.31,5
ST_102,IT_160,2024.10.01,0
ST_102,IT_160,2024.10.02,0
ST_102,IT_160,2024.10.03,0
ST_102,IT_160,2024.10.04,0
ST_102,IT_160,2024.10.05,0
ST_102,IT_160,2024.10.06,0
ST_102,IT_160,2024.10.07,0
ST_102,IT_160,2024.10.08,0
ST_102,IT_160,2024.10.09,0
ST_102,IT_160,2024.10.10,0
ST_102,IT_160,2024.10.11,0
ST_102,IT_160,2024.10.12,0
ST_102,IT_160,2024.10.13,0
ST_102,IT_160,2024.10.14,0
ST_102,IT_160,2024.10.15,0
ST_102,IT_160,2024.10.16,0
ST_102,IT_160,2024.10.17,0
ST_102,IT_160,2024.10.18,0
ST_102,IT_160,2024.10.19,0
ST_102,IT_160,2024.10.20,0
ST_102,IT_160,2024.10.21,0
ST_102,IT_160,2024.10.22,0
ST_102,IT_160,2024.10.23,0
ST_102,IT_160,2024.10.24,0
ST_102,IT_160,2024.10.25,0
ST_102,IT_160,2024.10.26,0
ST_102,IT_160,2024.10.27,0
ST_102,IT_160,2024.10.28,0
ST_102,IT_160,2024.10.29,0
ST_102,IT_160,2024.10.30,0
ST_102,IT_160,2024.10.31,0
ST_102,IT_161,2024.10.01,16
ST_102,IT_161,2024.10.02,16
ST_102,IT_161,2024.10.03,16
ST_102,IT_161,2024.10.04,16
ST_102,IT_161,2024.10.05,16
ST_102,IT_161,2024.10.06,16
ST_102,IT_161,2024.10.07,16
ST_102,IT_161,2024.10.08,16
ST_102,IT_161,2024.10.09,16
ST_102,IT_161,2024.10.10,16
ST_102,IT_161,2024.10.11,16
ST_102,IT_161,2024.10.12,16
ST_102,IT_161,2024.10.13,16
ST_102,IT_161,2024.10.14,16
ST_102,IT_161,2024.10.15,16
ST_102,IT_161,2024.10.16,16
ST_102,IT_161,2024.10.17,16
ST_102,IT_161,2024.10.18,16
ST_102,IT_161,2024.10.19,16
ST_102,IT_161,2024.10.20,16
ST_102,IT_161,2024.10.21,16
ST_102,IT_161,2024.10.22,16
ST_102,IT_161,2024.10.23,16
ST_102,IT_161,2024.10.24,16
ST_102,IT_161,2024.10.25,16
ST_102,IT_161,2024.10.26,16
ST_102,IT_161,2024.10.27,16
ST_102,IT_161,2024.10.28,16
ST_102,IT_161,2024.10.29,16
ST_102,IT_161,2024.10.30,16
ST_102,IT_161,2024.10.31,16
ST_102,IT_162,2024.10.01,14
ST_102,IT_162,2024.10.02,14
ST_102,IT_162,2024.10.03,14
ST_102,IT_162,2024.10.04,14
ST_102,IT_162,2024.10.05,14
ST_102,IT_162,2024.10.06,14
ST_102,IT_162,2024.10.07,14
ST_102,IT_162,2024.10.08,14
ST_102,IT_162,2024.10.09,14
ST_102,IT_162,2024.10.10,14
ST_102,IT_162,2024.10.11,14
ST_102,IT_162,2024.10.12,14
ST_102,IT_162,2024.10.13,14
ST_102,IT_162,2024.10.14,14
ST_102,IT_162,2024.10.15,14
ST_102,IT_162,2024.10.16,14
ST_102,IT_162,2024.10.17,14
ST_102,IT_162,2024.10.18,14
ST_102,IT_162,2024.10.19,14
ST_102,IT_162,2024.10.20,14
ST_102,IT_162,2024.10.21,14
ST_102,IT_162,2024.10.22,14
ST_102,IT_162,2024.10.23,14
ST_102,IT_162,2024.10.24,14
ST_102,IT_162,2024.10.25,14
ST_102,IT_162,2024.10.26,14
ST_102,IT_162,2024.10.27,14
ST_102,IT_162,2024.10.28,14
ST_102,IT_162,2024.10.29,14
ST_102,IT_162,2024.10.30,14
ST_102,IT_162,2024.10.31,14
ST_102,IT_163,2024.10.01,12
ST_102,IT_163,2024.10.02,12
ST_102,IT_163,2024.10.03,12
ST_102,IT_163,2024.10.04,12
ST_102,IT_163,2024.10.05,12
ST_102,IT_163,2024.10.06,12
ST_102,IT_163,2024.10.07,12
ST_102,IT_163,2024.10.08,12
ST_102,IT_163,2024.10.09,12
ST_102,IT_163,2024.10.10,12
ST_102,IT_163,2024.10.11,12
ST_102,IT_163,2024.10.12,12
ST_102,IT_163,2024.10.13,12
ST_102,IT_163,2024.10.14,12
ST_102,IT_163,2024.10.15,12
ST_102,IT_163,2024.10.16,12
ST_102,IT_163,2024.10.17,12
ST_102,IT_163,2024.10.18,12
ST_102,IT_163,2024.10.19,12
ST_102,IT_163,2024.10.20,12
ST_102,IT_163,2024.10.21,12
ST_102,IT_163,2024.10.22,12
ST_102,IT_163,2024.10.23,12
ST_102,IT_163,2024.10.24,12
ST_102,IT_163,2024.10.25,12
ST_102,IT_163,2024.10.26,12
ST_102,IT_163,2024.10.27,12
ST_102,IT_163,2024.10.28,12
ST_102,IT_163,2024.10.29,12
ST_102,IT_163,2024.10.30,12
ST_102,IT_163,2024.10.31,12
ST_102,IT_164,2024.10.01,18
ST_102,IT_164,2024.10.02,18
ST_102,IT_164,2024.10.03,18
ST_102,IT_164,2024.10.04,18
ST_102,IT_164,2024.10.05,18
ST_102,IT_164,2024.10.06,18
ST_102,IT_164,2024.10.07,18
ST_102,IT_164,2024.10.08,18
ST_102,IT_164,2024.10.09,18
ST_102,IT_164,2024.10.10,18
ST_102,IT_164,2024.10.11,18
ST_102,IT_164,2024.10.12,18
ST_102,IT_164,2024.10.13,18
ST_102,IT_164,2024.10.14,18
ST_102,IT_164,2024.10.15,18
ST_102,IT_164,2024.10.16,18
ST_102,IT_164,2024.10.17,18
ST_102,IT_164,2024.10.18,18
ST_102,IT_164,2024.10.19,18
ST_102,IT_164,2024.10.20,18
ST_102,IT_164,2024.10.21,18
ST_102,IT_164,2024.10.22,18
ST_102,IT_164,2024.10.23,18
ST_102,IT_164,2024.10.24,18
ST_102,IT_164,2024.10.25,18
ST_102,IT_164,2024.10.26,18
ST_102,IT_164,2024.10.27,18
ST_102,IT_164,2024.10.28,18
ST_102,IT_164,2024.10.29,18
ST_102,IT_164,2024.10.30,18
ST_102,IT_164,2024.10.31,18
ST_102,IT_165,2024.10.01,151
ST_102,IT_165,2024.10.02,151
ST_102,IT_165,2024.10.03,151
ST_102,IT_165,2024.10.04,151
ST_102,IT_165,2024.10.05,151
ST_102,IT_165,2024.10.06,151
ST_102,IT_165,2024.10.07,151
ST_102,IT_165,2024.10.08,151
ST_102,IT_165,2024.10.09,151
ST_102,IT_165,2024.10.10,151
ST_102,IT_165,2024.10.11,151
ST_102,IT_165,2024.10.12,151
ST_102,IT_165,2024.10.13,151
ST_102,IT_165,2024.10.14,151
ST_102,IT_165,2024.10.15,151
ST_102,IT_165,2024.10.16,151
ST_102,IT_165,2024.10.17,151
ST_102,IT_165,2024.10.18,151
ST_102,IT_165,2024.10.19,151
ST_102,IT_165,2024.10.20,151
ST_102,IT_165,2024.10.21,151
ST_102,IT_165,2024.10.22,151
ST_102,IT_165,2024.10.23,151
ST_102,IT_165,2024.10.24,151
ST_102,IT_165,2024.10.25,151
ST_102,IT_165,2024.10.26,151
ST_102,IT_165,2024.10.27,151
ST_102,IT_165,2024.10.28,151
ST_102,IT_165,2024.10.29,151
ST_102,IT_165,2024.10.30,151
ST_102,IT_165,2024.10.31,151
ST_102,IT_167,2024.10.01,25
ST_102,IT_167,2024.10.02,25
ST_102,IT_167,2024.10.03,25
ST_102,IT_167,2024.10.04,25
ST_102,IT_167,2024.10.05,25
ST_102,IT_167,2024.10.06,25
ST_102,IT_167,2024.10.07,25
ST_102,IT_167,2024.10.08,25
ST_102,IT_167,2024.10.09,25
ST_102,IT_167,2024.10.10,25
ST_102,IT_167,2024.10.11,25
ST_102,IT_167,2024.10.12,25
ST_102,IT_167,2024.10.13,25
ST_102,IT_167,2024.10.14,25
ST_102,IT_167,2024.10.15,25
ST_102,IT_167,2024.10.16,25
ST_102,IT_167,2024.10.17,25
ST_102,IT_167,2024.10.18,25
ST_102,IT_167,2024.10.19,25
ST_102,IT_167,2024.10.20,25
ST_102,IT_167,2024.10.21,25
ST_102,IT_167,2024.10.22,25
ST_102,IT_167,2024.10.23,25
ST_102,IT_167,2024.10.24,25
ST_102,IT_167,2024.10.25,25
ST_102,IT_167,2024.10.26,25
ST_102,IT_167,2024.10.27,25
ST_102,IT_167,2024.10.28,25
ST_102,IT_167,2024.10.29,25
ST_102,IT_167,2024.10.30,25
ST_102,IT_167,2024.10.31,25
ST_102,IT_168,2024.10.01,31
ST_102,IT_168,2024.10.02,31
ST_102,IT_168,2024.10.03,31
ST_102,IT_168,2024.10.04,31
ST_102,IT_168,2024.10.05,31
ST_102,IT_168,2024.10.06,31
ST_102,IT_168,2024.10.07,31
ST_102,IT_168,2024.10.08,31
ST_102,IT_168,2024.10.09,31
ST_102,IT_168,2024.10.10,31
ST_102,IT_168,2024.10.11,31
ST_102,IT_168,2024.10.12,31
ST_102,IT_168,2024.10.13,31
ST_102,IT_168,2024.10.14,31
ST_102,IT_168,2024.10.15,31
ST_102,IT_168,2024.10.16,31
ST_102,IT_168,2024.10.17,31
ST_102,IT_168,2024.10.18,31
ST_102,IT_168,2024.10.19,31
ST_102,IT_168,2024.10.20,31
ST_102,IT_168,2024.10.21,31
ST_102,IT_168,2024.10.22,31
ST_102,IT_168,2024.10.23,31
ST_102,IT_168,2024.10.24,31
ST_102,IT_168,2024.10.25,31
ST_102,IT_168,2024.10.26,31
ST_102,IT_168,2024.10.27,31
ST_102,IT_168,2024.10.28,31
ST_102,IT_168,2024.10.29,31
ST_102,IT_168,2024.10.30,31
ST_102,IT_168,2024.10.31,31
ST_102,IT_169,2024.10.01,22
ST_102,IT_169,2024.10.02,22
ST_102,IT_169,2024.10.03,22
ST_102,IT_169,2024.10.04,22
ST_102,IT_169,2024.10.05,22
ST_102,IT_169,2024.10.06,22
ST_102,IT_169,2024.10.07,22
ST_102,IT_169,2024.10.08,22
ST_102,IT_169,2024.10.09,22
ST_102,IT_169,2024.10.10,22
ST_102,IT_169,2024.10.11,22
ST_102,IT_169,2024.10.12,22
ST_102,IT_169,2024.10.13,22
ST_102,IT_169,2024.10.14,22
ST_102,IT_169,2024.10.15,22
ST_102,IT_169,2024.10.16,22
ST_102,IT_169,2024.10.17,22
ST_102,IT_169,2024.10.18,22
ST_102,IT_169,2024.10.19,22
ST_102,IT_169,2024.10.20,22
ST_102,IT_169,2024.10.21,22
ST_102,IT_169,2024.10.22,22
ST_102,IT_169,2024.10.23,22
ST_102,IT_169,2024.10.24,22
ST_102,IT_169,2024.10.25,22
ST_102,IT_169,2024.10.26,22
ST_102,IT_169,2024.10.27,22
ST_102,IT_169,2024.10.28,22
ST_102,IT_169,2024.10.29,22
ST_102,IT_169,2024.10.30,22
ST_102,IT_169,2024.10.31,22
ST_102,IT_170,2024.10.01,23
ST_102,IT_170,2024.10.02,23
ST_102,IT_170,2024.10.03,23
ST_102,IT_170,2024.10.04,23
ST_102,IT_170,2024.10.05,23
ST_102,IT_170,2024.10.06,23
ST_102,IT_170,2024.10.07,23
ST_102,IT_170,2024.10.08,23
ST_102,IT_170,2024.10.09,23
ST_102,IT_170,2024.10.10,23
ST_102,IT_170,2024.10.11,23
ST_102,IT_170,2024.10.12,23
ST_102,IT_170,2024.10.13,23
ST_102,IT_170,2024.10.14,23
ST_102,IT_170,2024.10.15,23
ST_102,IT_170,2024.10.16,23
ST_102,IT_170,2024.10.17,23
ST_102,IT_170,2024.10.18,23
ST_102,IT_170,2024.10.19,23
ST_102,IT_170,2024.10.20,23
ST_102,IT_170,2024.10.21,23
ST_102,IT_170,2024.10.22,23
ST_102,IT_170,2024.10.23,23
ST_102,IT_170,2024.10.24,23
ST_102,IT_170,2024.10.25,23
ST_102,IT_170,2024.10.26,23
ST_102,IT_170,2024.10.27,23
ST_102,IT_170,2024.10.28,23
ST_102,IT_170,2024.10.29,23
ST_102,IT_170,2024.10.30,23
ST_102,IT_170,2024.10.31,23
ST_102,IT_171,2024.10.01,31
ST_102,IT_171,2024.10.02,31
ST_102,IT_171,2024.10.03,31
ST_102,IT_171,2024.10.04,31
ST_102,IT_171,2024.10.05,31
ST_102,IT_171,2024.10.06,31
ST_102,IT_171,2024.10.07,31
ST_102,IT_171,2024.10.08,31
ST_102,IT_171,2024.10.09,31
ST_102,IT_171,2024.10.10,31
ST_102,IT_171,2024.10.11,31
ST_102,IT_171,2024.10.12,31
ST_102,IT_171,2024.10.13,31
ST_102,IT_171,2024.10.14,31
ST_102,IT_171,2024.10.15,31
ST_102,IT_171,2024.10.16,31
ST_102,IT_171,2024.10.17,31
ST_102,IT_171,2024.10.18,31
ST_102,IT_171,2024.10.19,31
ST_102,IT_171,2024.10.20,31
ST_102,IT_171,2024.10.21,31
ST_102,IT_171,2024.10.22,31
ST_102,IT_171,2024.10.23,31
ST_102,IT_171,2024.10.24,31
ST_102,IT_171,2024.10.25,31
ST_102,IT_171,2024.10.26,31
ST_102,IT_171,2024.10.27,31
ST_102,IT_171,2024.10.28,31
ST_102,IT_171,2024.10.29,31
ST_102,IT_171,2024.10.30,31
ST_102,IT_171,2024.10.31,31
ST_102,IT_101,2024.11.01,4000
ST_102,IT_101,2024.11.02,4000
ST_102,IT_101,2024.11.03,4000
ST_102,IT_101,2024.11.04,4000
ST_102,IT_101,2024.11.05,4000
ST_102,IT_101,2024.11.06,4000
ST_102,IT_101,2024.11.07,4000
ST_102,IT_101,2024.11.08,4000
ST_102,IT_101,2024.11.09,4000
ST_102,IT_101,2024.11.10,4000
ST_102,IT_101,2024.11.11,4000
ST_102,IT_101,2024.11.12,4000
ST_102,IT_101,2024.11.13,4000
ST_102,IT_101,2024.11.14,4000
ST_102,IT_101,2024.11.15,4000
ST_102,IT_101,2024.11.16,4000
ST_102,IT_101,2024.11.17,4000
ST_102,IT_101,2024.11.18,4000
ST_102,IT_101,2024.11.19,4000
ST_102,IT_101,2024.11.20,4000
ST_102,IT_101,2024.11.21,4000
ST_102,IT_101,2024.11.22,4000
ST_102,IT_101,2024.11.23,4000
ST_102,IT_101,2024.11.24,4000
ST_102,IT_101,2024.11.25,4000
ST_102,IT_101,2024.11.26,4000
ST_102,IT_101,2024.11.27,4000
ST_102,IT_101,2024.11.28,4000
ST_102,IT_101,2024.11.29,4000
ST_102,IT_101,2024.11.30,4000
ST_102,IT_102,2024.11.01,4000
ST_102,IT_102,2024.11.02,4000
ST_102,IT_102,2024.11.03,4000
ST_102,IT_102,2024.11.04,4000
ST_102,IT_102,2024.11.05,4000
ST_102,IT_102,2024.11.06,4000
ST_102,IT_102,2024.11.07,4000
ST_102,IT_102,2024.11.08,4000
ST_102,IT_102,2024.11.09,4000
ST_102,IT_102,2024.11.10,4000
ST_102,IT_102,2024.11.11,4000
ST_102,IT_102,2024.11.12,4000
ST_102,IT_102,2024.11.13,4000
ST_102,IT_102,2024.11.14,4000
ST_102,IT_102,2024.11.15,4000
ST_102,IT_102,2024.11.16,4000
ST_102,IT_102,2024.11.17,4000
ST_102,IT_102,2024.11.18,4000
ST_102,IT_102,2024.11.19,4000
ST_102,IT_102,2024.11.20,4000
ST_102,IT_102,2024.11.21,4000
ST_102,IT_102,2024.11.22,4000
ST_102,IT_102,2024.11.23,4000
ST_102,IT_102,2024.11.24,4000
ST_102,IT_102,2024.11.25,4000
ST_102,IT_102,2024.11.26,4000
ST_102,IT_102,2024.11.27,4000
ST_102,IT_102,2024.11.28,4000
ST_102,IT_102,2024.11.29,4000
ST_102,IT_102,2024.11.30,4000
ST_102,IT_103,2024.11.01,7000
ST_102,IT_103,2024.11.02,7000
ST_102,IT_103,2024.11.03,7000
ST_102,IT_103,2024.11.04,7000
ST_102,IT_103,2024.11.05,7000
ST_102,IT_103,2024.11.06,7000
ST_102,IT_103,2024.11.07,7000
ST_102,IT_103,2024.11.08,7000
ST_102,IT_103,2024.11.09,7000
ST_102,IT_103,2024.11.10,7000
ST_102,IT_103,2024.11.11,7000
ST_102,IT_103,2024.11.12,7000
ST_102,IT_103,2024.11.13,7000
ST_102,IT_103,2024.11.14,7000
ST_102,IT_103,2024.11.15,7000
ST_102,IT_103,2024.11.16,7000
ST_102,IT_103,2024.11.17,7000
ST_102,IT_103,2024.11.18,7000
ST_102,IT_103,2024.11.19,7000
ST_102,IT_103,2024.11.20,7000
ST_102,IT_103,2024.11.21,7000
ST_102,IT_103,2024.11.22,7000
ST_102,IT_103,2024.11.23,7000
ST_102,IT_103,2024.11.24,7000
ST_102,IT_103,2024.11.25,7000
ST_102,IT_103,2024.11.26,7000
ST_102,IT_103,2024.11.27,7000
ST_102,IT_103,2024.11.28,7000
ST_102,IT_103,2024.11.29,7000
ST_102,IT_103,2024.11.30,7000
ST_102,IT_104,2024.11.01,0
ST_102,IT_104,2024.11.02,0
ST_102,IT_104,2024.11.03,0
ST_102,IT_104,2024.11.04,0
ST_102,IT_104,2024.11.05,0
ST_102,IT_104,2024.11.06,0
ST_102,IT_104,2024.11.07,0
ST_102,IT_104,2024.11.08,0
ST_102,IT_104,2024.11.09,0
ST_102,IT_104,2024.11.10,0
ST_102,IT_104,2024.11.11,0
ST_102,IT_104,2024.11.12,0
ST_102,IT_104,2024.11.13,0
ST_102,IT_104,2024.11.14,0
ST_102,IT_104,2024.11.15,0
ST_102,IT_104,2024.11.16,0
ST_102,IT_104,2024.11.17,0
ST_102,IT_104,2024.11.18,0
ST_102,IT_104,2024.11.19,0
ST_102,IT_104,2024.11.20,0
ST_102,IT_104,2024.11.21,0
ST_102,IT_104,2024.11.22,0
ST_102,IT_104,2024.11.23,0
ST_102,IT_104,2024.11.24,0
ST_102,IT_104,2024.11.25,0
ST_102,IT_104,2024.11.26,0
ST_102,IT_104,2024.11.27,0
ST_102,IT_104,2024.11.28,0
ST_102,IT_104,2024.11.29,0
ST_102,IT_104,2024.11.30,0
ST_102,IT_105,2024.11.01,8000
ST_102,IT_105,2024.11.02,8000
ST_102,IT_105,2024.11.03,8000
ST_102,IT_105,2024.11.04,8000
ST_102,IT_105,2024.11.05,8000
ST_102,IT_105,2024.11.06,8000
ST_102,IT_105,2024.11.07,8000
ST_102,IT_105,2024.11.08,8000
ST_102,IT_105,2024.11.09,8000
ST_102,IT_105,2024.11.10,8000
ST_102,IT_105,2024.11.11,8000
ST_102,IT_105,2024.11.12,8000
ST_102,IT_105,2024.11.13,8000
ST_102,IT_105,2024.11.14,8000
ST_102,IT_105,2024.11.15,8000
ST_102,IT_105,2024.11.16,8000
ST_102,IT_105,2024.11.17,8000
ST_102,IT_105,2024.11.18,8000
ST_102,IT_105,2024.11.19,8000
ST_102,IT_105,2024.11.20,8000
ST_102,IT_105,2024.11.21,8000
ST_102,IT_105,2024.11.22,8000
ST_102,IT_105,2024.11.23,8000
ST_102,IT_105,2024.11.24,8000
ST_102,IT_105,2024.11.25,8000
ST_102,IT_105,2024.11.26,8000
ST_102,IT_105,2024.11.27,8000
ST_102,IT_105,2024.11.28,8000
ST_102,IT_105,2024.11.29,8000
ST_102,IT_105,2024.11.30,8000
ST_102,IT_106,2024.11.01,3000
ST_102,IT_106,2024.11.02,3000
ST_102,IT_106,2024.11.03,3000
ST_102,IT_106,2024.11.04,3000
ST_102,IT_106,2024.11.05,3000
ST_102,IT_106,2024.11.06,3000
ST_102,IT_106,2024.11.07,3000
ST_102,IT_106,2024.11.08,3000
ST_102,IT_106,2024.11.09,3000
ST_102,IT_106,2024.11.10,3000
ST_102,IT_106,2024.11.11,3000
ST_102,IT_106,2024.11.12,3000
ST_102,IT_106,2024.11.13,3000
ST_102,IT_106,2024.11.14,3000
ST_102,IT_106,2024.11.15,3000
ST_102,IT_106,2024.11.16,3000
ST_102,IT_106,2024.11.17,3000
ST_102,IT_106,2024.11.18,3000
ST_102,IT_106,2024.11.19,3000
ST_102,IT_106,2024.11.20,3000
ST_102,IT_106,2024.11.21,3000
ST_102,IT_106,2024.11.22,3000
ST_102,IT_106,2024.11.23,3000
ST_102,IT_106,2024.11.24,3000
ST_102,IT_106,2024.11.25,3000
ST_102,IT_106,2024.11.26,3000
ST_102,IT_106,2024.11.27,3000
ST_102,IT_106,2024.11.28,3000
ST_102,IT_106,2024.11.29,3000
ST_102,IT_106,2024.11.30,3000
ST_102,IT_107,2024.11.01,9000
ST_102,IT_107,2024.11.02,9000
ST_102,IT_107,2024.11.03,9000
ST_102,IT_107,2024.11.04,9000
ST_102,IT_107,2024.11.05,9000
ST_102,IT_107,2024.11.06,9000
ST_102,IT_107,2024.11.07,9000
ST_102,IT_107,2024.11.08,9000
ST_102,IT_107,2024.11.09,9000
ST_102,IT_107,2024.11.10,9000
ST_102,IT_107,2024.11.11,9000
ST_102,IT_107,2024.11.12,9000
ST_102,IT_107,2024.11.13,9000
ST_102,IT_107,2024.11.14,9000
ST_102,IT_107,2024.11.15,9000
ST_102,IT_107,2024.11.16,9000
ST_102,IT_107,2024.11.17,9000
ST_102,IT_107,2024.11.18,9000
ST_102,IT_107,2024.11.19,9000
ST_102,IT_107,2024.11.20,9000
ST_102,IT_107,2024.11.21,9000
ST_102,IT_107,2024.11.22,9000
ST_102,IT_107,2024.11.23,9000
ST_102,IT_107,2024.11.24,9000
ST_102,IT_107,2024.11.25,9000
ST_102,IT_107,2024.11.26,9000
ST_102,IT_107,2024.11.27,9000
ST_102,IT_107,2024.11.28,9000
ST_102,IT_107,2024.11.29,9000
ST_102,IT_107,2024.11.30,9000
ST_102,IT_108,2024.11.01,3000
ST_102,IT_108,2024.11.02,3000
ST_102,IT_108,2024.11.03,3000
ST_102,IT_108,2024.11.04,3000
ST_102,IT_108,2024.11.05,3000
ST_102,IT_108,2024.11.06,3000
ST_102,IT_108,2024.11.07,3000
ST_102,IT_108,2024.11.08,3000
ST_102,IT_108,2024.11.09,3000
ST_102,IT_108,2024.11.10,3000
ST_102,IT_108,2024.11.11,3000
ST_102,IT_108,2024.11.12,3000
ST_102,IT_108,2024.11.13,3000
ST_102,IT_108,2024.11.14,3000
ST_102,IT_108,2024.11.15,3000
ST_102,IT_108,2024.11.16,3000
ST_102,IT_108,2024.11.17,3000
ST_102,IT_108,2024.11.18,3000
ST_102,IT_108,2024.11.19,3000
ST_102,IT_108,2024.11.20,3000
ST_102,IT_108,2024.11.21,3000
ST_102,IT_108,2024.11.22,3000
ST_102,IT_108,2024.11.23,3000
ST_102,IT_108,2024.11.24,3000
ST_102,IT_108,2024.11.25,3000
ST_102,IT_108,2024.11.26,3000
ST_102,IT_108,2024.11.27,3000
ST_102,IT_108,2024.11.28,3000
ST_102,IT_108,2024.11.29,3000
ST_102,IT_108,2024.11.30,3000
ST_102,IT_109,2024.11.01,0
ST_102,IT_109,2024.11.02,0
ST_102,IT_109,2024.11.03,0
ST_102,IT_109,2024.11.04,0
ST_102,IT_109,2024.11.05,0
ST_102,IT_109,2024.11.06,0
ST_102,IT_109,2024.11.07,0
ST_102,IT_109,2024.11.08,0
ST_102,IT_109,2024.11.09,0
ST_102,IT_109,2024.11.10,0
ST_102,IT_109,2024.11.11,0
ST_102,IT_109,2024.11.12,0
ST_102,IT_109,2024.11.13,0
ST_102,IT_109,2024.11.14,0
ST_102,IT_109,2024.11.15,0
ST_102,IT_109,2024.11.16,0
ST_102,IT_109,2024.11.17,0
ST_102,IT_109,2024.11.18,0
ST_102,IT_109,2024.11.19,0
ST_102,IT_109,2024.11.20,0
ST_102,IT_109,2024.11.21,0
ST_102,IT_109,2024.11.22,0
ST_102,IT_109,2024.11.23,0
ST_102,IT_109,2024.11.24,0
ST_102,IT_109,2024.11.25,0
ST_102,IT_109,2024.11.26,0
ST_102,IT_109,2024.11.27,0
ST_102,IT_109,2024.11.28,0
ST_102,IT_109,2024.11.29,0
ST_102,IT_109,2024.11.30,0
ST_102,IT_110,2024.11.01,3000
ST_102,IT_110,2024.11.02,3000
ST_102,IT_110,2024.11.03,3000
ST_102,IT_110,2024.11.04,3000
ST_102,IT_110,2024.11.05,3000
ST_102,IT_110,2024.11.06,3000
ST_102,IT_110,2024.11.07,3000
ST_102,IT_110,2024.11.08,3000
ST_102,IT_110,2024.11.09,3000
ST_102,IT_110,2024.11.10,3000
ST_102,IT_110,2024.11.11,3000
ST_102,IT_110,2024.11.12,3000
ST_102,IT_110,2024.11.13,3000
ST_102,IT_110,2024.11.14,3000
ST_102,IT_110,2024.11.15,3000
ST_102,IT_110,2024.11.16,3000
ST_102,IT_110,2024.11.17,3000
ST_102,IT_110,2024.11.18,3000
ST_102,IT_110,2024.11.19,3000
ST_102,IT_110,2024.11.20,3000
ST_102,IT_110,2024.11.21,3000
ST_102,IT_110,2024.11.22,3000
ST_102,IT_110,2024.11.23,3000
ST_102,IT_110,2024.11.24,3000
ST_102,IT_110,2024.11.25,3000
ST_102,IT_110,2024.11.26,3000
ST_102,IT_110,2024.11.27,3000
ST_102,IT_110,2024.11.28,3000
ST_102,IT_110,2024.11.29,3000
ST_102,IT_110,2024.11.30,3000
ST_102,IT_111,2024.11.01,12000
ST_102,IT_111,2024.11.02,12000
ST_102,IT_111,2024.11.03,12000
ST_102,IT_111,2024.11.04,12000
ST_102,IT_111,2024.11.05,12000
ST_102,IT_111,2024.11.06,12000
ST_102,IT_111,2024.11.07,12000
ST_102,IT_111,2024.11.08,12000
ST_102,IT_111,2024.11.09,12000
ST_102,IT_111,2024.11.10,12000
ST_102,IT_111,2024.11.11,12000
ST_102,IT_111,2024.11.12,12000
ST_102,IT_111,2024.11.13,12000
ST_102,IT_111,2024.11.14,12000
ST_102,IT_111,2024.11.15,12000
ST_102,IT_111,2024.11.16,12000
ST_102,IT_111,2024.11.17,12000
ST_102,IT_111,2024.11.18,12000
ST_102,IT_111,2024.11.19,12000
ST_102,IT_111,2024.11.20,12000
ST_102,IT_111,2024.11.21,12000
ST_102,IT_111,2024.11.22,12000
ST_102,IT_111,2024.11.23,12000
ST_102,IT_111,2024.11.24,12000
ST_102,IT_111,2024.11.25,12000
ST_102,IT_111,2024.11.26,12000
ST_102,IT_111,2024.11.27,12000
ST_102,IT_111,2024.11.28,12000
ST_102,IT_111,2024.11.29,12000
ST_102,IT_111,2024.11.30,12000
ST_102,IT_112,2024.11.01,14500
ST_102,IT_112,2024.11.02,14500
ST_102,IT_112,2024.11.03,14500
ST_102,IT_112,2024.11.04,14500
ST_102,IT_112,2024.11.05,14500
ST_102,IT_112,2024.11.06,14500
ST_102,IT_112,2024.11.07,14500
ST_102,IT_112,2024.11.08,14500
ST_102,IT_112,2024.11.09,14500
ST_102,IT_112,2024.11.10,14500
ST_102,IT_112,2024.11.11,14500
ST_102,IT_112,2024.11.12,14500
ST_102,IT_112,2024.11.13,14500
ST_102,IT_112,2024.11.14,14500
ST_102,IT_112,2024.11.15,14500
ST_102,IT_112,2024.11.16,14500
ST_102,IT_112,2024.11.17,14500
ST_102,IT_112,2024.11.18,14500
ST_102,IT_112,2024.11.19,14500
ST_102,IT_112,2024.11.20,14500
ST_102,IT_112,2024.11.21,14500
ST_102,IT_112,2024.11.22,14500
ST_102,IT_112,2024.11.23,14500
ST_102,IT_112,2024.11.24,14500
ST_102,IT_112,2024.11.25,14500
ST_102,IT_112,2024.11.26,14500
ST_102,IT_112,2024.11.27,14500
ST_102,IT_112,2024.11.28,14500
ST_102,IT_112,2024.11.29,14500
ST_102,IT_112,2024.11.30,14500
ST_102,IT_113,2024.11.01,5000
ST_102,IT_113,2024.11.02,5000
ST_102,IT_113,2024.11.03,5000
ST_102,IT_113,2024.11.04,5000
ST_102,IT_113,2024.11.05,5000
ST_102,IT_113,2024.11.06,5000
ST_102,IT_113,2024.11.07,5000
ST_102,IT_113,2024.11.08,5000
ST_102,IT_113,2024.11.09,5000
ST_102,IT_113,2024.11.10,5000
ST_102,IT_113,2024.11.11,5000
ST_102,IT_113,2024.11.12,5000
ST_102,IT_113,2024.11.13,5000
ST_102,IT_113,2024.11.14,5000
ST_102,IT_113,2024.11.15,5000
ST_102,IT_113,2024.11.16,5000
ST_102,IT_113,2024.11.17,5000
ST_102,IT_113,2024.11.18,5000
ST_102,IT_113,2024.11.19,5000
ST_102,IT_113,2024.11.20,5000
ST_102,IT_113,2024.11.21,5000
ST_102,IT_113,2024.11.22,5000
ST_102,IT_113,2024.11.23,5000
ST_102,IT_113,2024.11.24,5000
ST_102,IT_113,2024.11.25,5000
ST_102,IT_113,2024.11.26,5000
ST_102,IT_113,2024.11.27,5000
ST_102,IT_113,2024.11.28,5000
ST_102,IT_113,2024.11.29,5000
ST_102,IT_113,2024.11.30,5000
ST_102,IT_114,2024.11.01,14000
ST_102,IT_114,2024.11.02,14000
ST_102,IT_114,2024.11.03,14000
ST_102,IT_114,2024.11.04,14000
ST_102,IT_114,2024.11.05,14000
ST_102,IT_114,2024.11.06,14000
ST_102,IT_114,2024.11.07,14000
ST_102,IT_114,2024.11.08,14000
ST_102,IT_114,2024.11.09,14000
ST_102,IT_114,2024.11.10,14000
ST_102,IT_114,2024.11.11,14000
ST_102,IT_114,2024.11.12,14000
ST_102,IT_114,2024.11.13,14000
ST_102,IT_114,2024.11.14,14000
ST_102,IT_114,2024.11.15,14000
ST_102,IT_114,2024.11.16,14000
ST_102,IT_114,2024.11.17,14000
ST_102,IT_114,2024.11.18,14000
ST_102,IT_114,2024.11.19,14000
ST_102,IT_114,2024.11.20,14000
ST_102,IT_114,2024.11.21,14000
ST_102,IT_114,2024.11.22,14000
ST_102,IT_114,2024.11.23,14000
ST_102,IT_114,2024.11.24,14000
ST_102,IT_114,2024.11.25,14000
ST_102,IT_114,2024.11.26,14000
ST_102,IT_114,2024.11.27,14000
ST_102,IT_114,2024.11.28,14000
ST_102,IT_114,2024.11.29,14000
ST_102,IT_114,2024.11.30,14000
ST_102,IT_115,2024.11.01,3500
ST_102,IT_115,2024.11.02,3500
ST_102,IT_115,2024.11.03,3500
ST_102,IT_115,2024.11.04,3500
ST_102,IT_115,2024.11.05,3500
ST_102,IT_115,2024.11.06,3500
ST_102,IT_115,2024.11.07,3500
ST_102,IT_115,2024.11.08,3500
ST_102,IT_115,2024.11.09,3500
ST_102,IT_115,2024.11.10,3500
ST_102,IT_115,2024.11.11,3500
ST_102,IT_115,2024.11.12,3500
ST_102,IT_115,2024.11.13,3500
ST_102,IT_115,2024.11.14,3500
ST_102,IT_115,2024.11.15,3500
ST_102,IT_115,2024.11.16,3500
ST_102,IT_115,2024.11.17,3500
ST_102,IT_115,2024.11.18,3500
ST_102,IT_115,2024.11.19,3500
ST_102,IT_115,2024.11.20,3500
ST_102,IT_115,2024.11.21,3500
ST_102,IT_115,2024.11.22,3500
ST_102,IT_115,2024.11.23,3500
ST_102,IT_115,2024.11.24,3500
ST_102,IT_115,2024.11.25,3500
ST_102,IT_115,2024.11.26,3500
ST_102,IT_115,2024.11.27,3500
ST_102,IT_115,2024.11.28,3500
ST_102,IT_115,2024.11.29,3500
ST_102,IT_115,2024.11.30,3500
ST_102,IT_116,2024.11.01,4600
ST_102,IT_116,2024.11.02,4600
ST_102,IT_116,2024.11.03,4600
ST_102,IT_116,2024.11.04,4600
ST_102,IT_116,2024.11.05,4600
ST_102,IT_116,2024.11.06,4600
ST_102,IT_116,2024.11.07,4600
ST_102,IT_116,2024.11.08,4600
ST_102,IT_116,2024.11.09,4600
ST_102,IT_116,2024.11.10,4600
ST_102,IT_116,2024.11.11,4600
ST_102,IT_116,2024.11.12,4600
ST_102,IT_116,2024.11.13,4600
ST_102,IT_116,2024.11.14,4600
ST_102,IT_116,2024.11.15,4600
ST_102,IT_116,2024.11.16,4600
ST_102,IT_116,2024.11.17,4600
ST_102,IT_116,2024.11.18,4600
ST_102,IT_116,2024.11.19,4600
ST_102,IT_116,2024.11.20,4600
ST_102,IT_116,2024.11.21,4600
ST_102,IT_116,2024.11.22,4600
ST_102,IT_116,2024.11.23,4600
ST_102,IT_116,2024.11.24,4600
ST_102,IT_116,2024.11.25,4600
ST_102,IT_116,2024.11.26,4600
ST_102,IT_116,2024.11.27,4600
ST_102,IT_116,2024.11.28,4600
ST_102,IT_116,2024.11.29,4600
ST_102,IT_116,2024.11.30,4600
ST_102,IT_117,2024.11.01,4000
ST_102,IT_117,2024.11.02,4000
ST_102,IT_117,2024.11.03,4000
ST_102,IT_117,2024.11.04,4000
ST_102,IT_117,2024.11.05,4000
ST_102,IT_117,2024.11.06,4000
ST_102,IT_117,2024.11.07,4000
ST_102,IT_117,2024.11.08,4000
ST_102,IT_117,2024.11.09,4000
ST_102,IT_117,2024.11.10,4000
ST_102,IT_117,2024.11.11,4000
ST_102,IT_117,2024.11.12,4000
ST_102,IT_117,2024.11.13,4000
ST_102,IT_117,2024.11.14,4000
ST_102,IT_117,2024.11.15,4000
ST_102,IT_117,2024.11.16,4000
ST_102,IT_117,2024.11.17,4000
ST_102,IT_117,2024.11.18,4000
ST_102,IT_117,2024.11.19,4000
ST_102,IT_117,2024.11.20,4000
ST_102,IT_117,2024.11.21,4000
ST_102,IT_117,2024.11.22,4000
ST_102,IT_117,2024.11.23,4000
ST_102,IT_117,2024.11.24,4000
ST_102,IT_117,2024.11.25,4000
ST_102,IT_117,2024.11.26,4000
ST_102,IT_117,2024.11.27,4000
ST_102,IT_117,2024.11.28,4000
ST_102,IT_117,2024.11.29,4000
ST_102,IT_117,2024.11.30,4000
ST_102,IT_118,2024.11.01,1400
ST_102,IT_118,2024.11.02,1400
ST_102,IT_118,2024.11.03,1400
ST_102,IT_118,2024.11.04,1400
ST_102,IT_118,2024.11.05,1400
ST_102,IT_118,2024.11.06,1400
ST_102,IT_118,2024.11.07,1400
ST_102,IT_118,2024.11.08,1400
ST_102,IT_118,2024.11.09,1400
ST_102,IT_118,2024.11.10,1400
ST_102,IT_118,2024.11.11,1400
ST_102,IT_118,2024.11.12,1400
ST_102,IT_118,2024.11.13,1400
ST_102,IT_118,2024.11.14,1400
ST_102,IT_118,2024.11.15,1400
ST_102,IT_118,2024.11.16,1400
ST_102,IT_118,2024.11.17,1400
ST_102,IT_118,2024.11.18,1400
ST_102,IT_118,2024.11.19,1400
ST_102,IT_118,2024.11.20,1400
ST_102,IT_118,2024.11.21,1400
ST_102,IT_118,2024.11.22,1400
ST_102,IT_118,2024.11.23,1400
ST_102,IT_118,2024.11.24,1400
ST_102,IT_118,2024.11.25,1400
ST_102,IT_118,2024.11.26,1400
ST_102,IT_118,2024.11.27,1400
ST_102,IT_118,2024.11.28,1400
ST_102,IT_118,2024.11.29,1400
ST_102,IT_118,2024.11.30,1400
ST_102,IT_119,2024.11.01,16000
ST_102,IT_119,2024.11.02,16000
ST_102,IT_119,2024.11.03,16000
ST_102,IT_119,2024.11.04,16000
ST_102,IT_119,2024.11.05,16000
ST_102,IT_119,2024.11.06,16000
ST_102,IT_119,2024.11.07,16000
ST_102,IT_119,2024.11.08,16000
ST_102,IT_119,2024.11.09,16000
ST_102,IT_119,2024.11.10,16000
ST_102,IT_119,2024.11.11,16000
ST_102,IT_119,2024.11.12,16000
ST_102,IT_119,2024.11.13,16000
ST_102,IT_119,2024.11.14,16000
ST_102,IT_119,2024.11.15,16000
ST_102,IT_119,2024.11.16,16000
ST_102,IT_119,2024.11.17,16000
ST_102,IT_119,2024.11.18,16000
ST_102,IT_119,2024.11.19,16000
ST_102,IT_119,2024.11.20,16000
ST_102,IT_119,2024.11.21,16000
ST_102,IT_119,2024.11.22,16000
ST_102,IT_119,2024.11.23,16000
ST_102,IT_119,2024.11.24,16000
ST_102,IT_119,2024.11.25,16000
ST_102,IT_119,2024.11.26,16000
ST_102,IT_119,2024.11.27,16000
ST_102,IT_119,2024.11.28,16000
ST_102,IT_119,2024.11.29,16000
ST_102,IT_119,2024.11.30,16000
ST_102,IT_120,2024.11.01,4
ST_102,IT_120,2024.11.02,4
ST_102,IT_120,2024.11.03,4
ST_102,IT_120,2024.11.04,4
ST_102,IT_120,2024.11.05,4
ST_102,IT_120,2024.11.06,4
ST_102,IT_120,2024.11.07,4
ST_102,IT_120,2024.11.08,4
ST_102,IT_120,2024.11.09,4
ST_102,IT_120,2024.11.10,4
ST_102,IT_120,2024.11.11,4
ST_102,IT_120,2024.11.12,4
ST_102,IT_120,2024.11.13,4
ST_102,IT_120,2024.11.14,4
ST_102,IT_120,2024.11.15,4
ST_102,IT_120,2024.11.16,4
ST_102,IT_120,2024.11.17,4
ST_102,IT_120,2024.11.18,4
ST_102,IT_120,2024.11.19,4
ST_102,IT_120,2024.11.20,4
ST_102,IT_120,2024.11.21,4
ST_102,IT_120,2024.11.22,4
ST_102,IT_120,2024.11.23,4
ST_102,IT_120,2024.11.24,4
ST_102,IT_120,2024.11.25,4
ST_102,IT_120,2024.11.26,4
ST_102,IT_120,2024.11.27,4
ST_102,IT_120,2024.11.28,4
ST_102,IT_120,2024.11.29,4
ST_102,IT_120,2024.11.30,4
ST_102,IT_121,2024.11.01,13000
ST_102,IT_121,2024.11.02,13000
ST_102,IT_121,2024.11.03,13000
ST_102,IT_121,2024.11.04,13000
ST_102,IT_121,2024.11.05,13000
ST_102,IT_121,2024.11.06,13000
ST_102,IT_121,2024.11.07,13000
ST_102,IT_121,2024.11.08,13000
ST_102,IT_121,2024.11.09,13000
ST_102,IT_121,2024.11.10,13000
ST_102,IT_121,2024.11.11,13000
ST_102,IT_121,2024.11.12,13000
ST_102,IT_121,2024.11.13,13000
ST_102,IT_121,2024.11.14,13000
ST_102,IT_121,2024.11.15,13000
ST_102,IT_121,2024.11.16,13000
ST_102,IT_121,2024.11.17,13000
ST_102,IT_121,2024.11.18,13000
ST_102,IT_121,2024.11.19,13000
ST_102,IT_121,2024.11.20,13000
ST_102,IT_121,2024.11.21,13000
ST_102,IT_121,2024.11.22,13000
ST_102,IT_121,2024.11.23,13000
ST_102,IT_121,2024.11.24,13000
ST_102,IT_121,2024.11.25,13000
ST_102,IT_121,2024.11.26,13000
ST_102,IT_121,2024.11.27,13000
ST_102,IT_121,2024.11.28,13000
ST_102,IT_121,2024.11.29,13000
ST_102,IT_121,2024.11.30,13000
ST_102,IT_122,2024.11.01,12000
ST_102,IT_122,2024.11.02,12000
ST_102,IT_122,2024.11.03,12000
ST_102,IT_122,2024.11.04,12000
ST_102,IT_122,2024.11.05,12000
ST_102,IT_122,2024.11.06,12000
ST_102,IT_122,2024.11.07,12000
ST_102,IT_122,2024.11.08,12000
ST_102,IT_122,2024.11.09,12000
ST_102,IT_122,2024.11.10,12000
ST_102,IT_122,2024.11.11,12000
ST_102,IT_122,2024.11.12,12000
ST_102,IT_122,2024.11.13,12000
ST_102,IT_122,2024.11.14,12000
ST_102,IT_122,2024.11.15,12000
ST_102,IT_122,2024.11.16,12000
ST_102,IT_122,2024.11.17,12000
ST_102,IT_122,2024.11.18,12000
ST_102,IT_122,2024.11.19,12000
ST_102,IT_122,2024.11.20,12000
ST_102,IT_122,2024.11.21,12000
ST_102,IT_122,2024.11.22,12000
ST_102,IT_122,2024.11.23,12000
ST_102,IT_122,2024.11.24,12000
ST_102,IT_122,2024.11.25,12000
ST_102,IT_122,2024.11.26,12000
ST_102,IT_122,2024.11.27,12000
ST_102,IT_122,2024.11.28,12000
ST_102,IT_122,2024.11.29,12000
ST_102,IT_122,2024.11.30,12000
ST_102,IT_123,2024.11.01,600
ST_102,IT_123,2024.11.02,600
ST_102,IT_123,2024.11.03,600
ST_102,IT_123,2024.11.04,600
ST_102,IT_123,2024.11.05,600
ST_102,IT_123,2024.11.06,600
ST_102,IT_123,2024.11.07,600
ST_102,IT_123,2024.11.08,600
ST_102,IT_123,2024.11.09,600
ST_102,IT_123,2024.11.10,600
ST_102,IT_123,2024.11.11,600
ST_102,IT_123,2024.11.12,600
ST_102,IT_123,2024.11.13,600
ST_102,IT_123,2024.11.14,600
ST_102,IT_123,2024.11.15,600
ST_102,IT_123,2024.11.16,600
ST_102,IT_123,2024.11.17,600
ST_102,IT_123,2024.11.18,600
ST_102,IT_123,2024.11.19,600
ST_102,IT_123,2024.11.20,600
ST_102,IT_123,2024.11.21,600
ST_102,IT_123,2024.11.22,600
ST_102,IT_123,2024.11.23,600
ST_102,IT_123,2024.11.24,600
ST_102,IT_123,2024.11.25,600
ST_102,IT_123,2024.11.26,600
ST_102,IT_123,2024.11.27,600
ST_102,IT_123,2024.11.28,600
ST_102,IT_123,2024.11.29,600
ST_102,IT_123,2024.11.30,600
ST_102,IT_124,2024.11.01,45
ST_102,IT_124,2024.11.02,45
ST_102,IT_124,2024.11.03,45
ST_102,IT_124,2024.11.04,45
ST_102,IT_124,2024.11.05,45
ST_102,IT_124,2024.11.06,45
ST_102,IT_124,2024.11.07,45
ST_102,IT_124,2024.11.08,45
ST_102,IT_124,2024.11.09,45
ST_102,IT_124,2024.11.10,45
ST_102,IT_124,2024.11.11,45
ST_102,IT_124,2024.11.12,45
ST_102,IT_124,2024.11.13,45
ST_102,IT_124,2024.11.14,45
ST_102,IT_124,2024.11.15,45
ST_102,IT_124,2024.11.16,45
ST_102,IT_124,2024.11.17,45
ST_102,IT_124,2024.11.18,45
ST_102,IT_124,2024.11.19,45
ST_102,IT_124,2024.11.20,45
ST_102,IT_124,2024.11.21,45
ST_102,IT_124,2024.11.22,45
ST_102,IT_124,2024.11.23,45
ST_102,IT_124,2024.11.24,45
ST_102,IT_124,2024.11.25,45
ST_102,IT_124,2024.11.26,45
ST_102,IT_124,2024.11.27,45
ST_102,IT_124,2024.11.28,45
ST_102,IT_124,2024.11.29,45
ST_102,IT_124,2024.11.30,45
ST_102,IT_125,2024.11.01,25
ST_102,IT_125,2024.11.02,25
ST_102,IT_125,2024.11.03,25
ST_102,IT_125,2024.11.04,25
ST_102,IT_125,2024.11.05,25
ST_102,IT_125,2024.11.06,25
ST_102,IT_125,2024.11.07,25
ST_102,IT_125,2024.11.08,25
ST_102,IT_125,2024.11.09,25
ST_102,IT_125,2024.11.10,25
ST_102,IT_125,2024.11.11,25
ST_102,IT_125,2024.11.12,25
ST_102,IT_125,2024.11.13,25
ST_102,IT_125,2024.11.14,25
ST_102,IT_125,2024.11.15,25
ST_102,IT_125,2024.11.16,25
ST_102,IT_125,2024.11.17,25
ST_102,IT_125,2024.11.18,25
ST_102,IT_125,2024.11.19,25
ST_102,IT_125,2024.11.20,25
ST_102,IT_125,2024.11.21,25
ST_102,IT_125,2024.11.22,25
ST_102,IT_125,2024.11.23,25
ST_102,IT_125,2024.11.24,25
ST_102,IT_125,2024.11.25,25
ST_102,IT_125,2024.11.26,25
ST_102,IT_125,2024.11.27,25
ST_102,IT_125,2024.11.28,25
ST_102,IT_125,2024.11.29,25
ST_102,IT_125,2024.11.30,25
ST_102,IT_126,2024.11.01,20
ST_102,IT_126,2024.11.02,20
ST_102,IT_126,2024.11.03,20
ST_102,IT_126,2024.11.04,20
ST_102,IT_126,2024.11.05,20
ST_102,IT_126,2024.11.06,20
ST_102,IT_126,2024.11.07,20
ST_102,IT_126,2024.11.08,20
ST_102,IT_126,2024.11.09,20
ST_102,IT_126,2024.11.10,20
ST_102,IT_126,2024.11.11,20
ST_102,IT_126,2024.11.12,20
ST_102,IT_126,2024.11.13,20
ST_102,IT_126,2024.11.14,20
ST_102,IT_126,2024.11.15,20
ST_102,IT_126,2024.11.16,20
ST_102,IT_126,2024.11.17,20
ST_102,IT_126,2024.11.18,20
ST_102,IT_126,2024.11.19,20
ST_102,IT_126,2024.11.20,20
ST_102,IT_126,2024.11.21,20
ST_102,IT_126,2024.11.22,20
ST_102,IT_126,2024.11.23,20
ST_102,IT_126,2024.11.24,20
ST_102,IT_126,2024.11.25,20
ST_102,IT_126,2024.11.26,20
ST_102,IT_126,2024.11.27,20
ST_102,IT_126,2024.11.28,20
ST_102,IT_126,2024.11.29,20
ST_102,IT_126,2024.11.30,20
ST_102,IT_127,2024.11.01,0
ST_102,IT_127,2024.11.02,0
ST_102,IT_127,2024.11.03,0
ST_102,IT_127,2024.11.04,0
ST_102,IT_127,2024.11.05,0
ST_102,IT_127,2024.11.06,0
ST_102,IT_127,2024.11.07,0
ST_102,IT_127,2024.11.08,0
ST_102,IT_127,2024.11.09,0
ST_102,IT_127,2024.11.10,0
ST_102,IT_127,2024.11.11,0
ST_102,IT_127,2024.11.12,0
ST_102,IT_127,2024.11.13,0
ST_102,IT_127,2024.11.14,0
ST_102,IT_127,2024.11.15,0
ST_102,IT_127,2024.11.16,0
ST_102,IT_127,2024.11.17,0
ST_102,IT_127,2024.11.18,0
ST_102,IT_127,2024.11.19,0
ST_102,IT_127,2024.11.20,0
ST_102,IT_127,2024.11.21,0
ST_102,IT_127,2024.11.22,0
ST_102,IT_127,2024.11.23,0
ST_102,IT_127,2024.11.24,0
ST_102,IT_127,2024.11.25,0
ST_102,IT_127,2024.11.26,0
ST_102,IT_127,2024.11.27,0
ST_102,IT_127,2024.11.28,0
ST_102,IT_127,2024.11.29,0
ST_102,IT_127,2024.11.30,0
ST_102,IT_128,2024.11.01,28
ST_102,IT_128,2024.11.02,28
ST_102,IT_128,2024.11.03,28
ST_102,IT_128,2024.11.04,28
ST_102,IT_128,2024.11.05,28
ST_102,IT_128,2024.11.06,28
ST_102,IT_128,2024.11.07,28
ST_102,IT_128,2024.11.08,28
ST_102,IT_128,2024.11.09,28
ST_102,IT_128,2024.11.10,28
ST_102,IT_128,2024.11.11,28
ST_102,IT_128,2024.11.12,28
ST_102,IT_128,2024.11.13,28
ST_102,IT_128,2024.11.14,28
ST_102,IT_128,2024.11.15,28
ST_102,IT_128,2024.11.16,28
ST_102,IT_128,2024.11.17,28
ST_102,IT_128,2024.11.18,28
ST_102,IT_128,2024.11.19,28
ST_102,IT_128,2024.11.20,28
ST_102,IT_128,2024.11.21,28
ST_102,IT_128,2024.11.22,28
ST_102,IT_128,2024.11.23,28
ST_102,IT_128,2024.11.24,28
ST_102,IT_128,2024.11.25,28
ST_102,IT_128,2024.11.26,28
ST_102,IT_128,2024.11.27,28
ST_102,IT_128,2024.11.28,28
ST_102,IT_128,2024.11.29,28
ST_102,IT_128,2024.11.30,28
ST_102,IT_129,2024.11.01,80
ST_102,IT_129,2024.11.02,80
ST_102,IT_129,2024.11.03,80
ST_102,IT_129,2024.11.04,80
ST_102,IT_129,2024.11.05,80
ST_102,IT_129,2024.11.06,80
ST_102,IT_129,2024.11.07,80
ST_102,IT_129,2024.11.08,80
ST_102,IT_129,2024.11.09,80
ST_102,IT_129,2024.11.10,80
ST_102,IT_129,2024.11.11,80
ST_102,IT_129,2024.11.12,80
ST_102,IT_129,2024.11.13,80
ST_102,IT_129,2024.11.14,80
ST_102,IT_129,2024.11.15,80
ST_102,IT_129,2024.11.16,80
ST_102,IT_129,2024.11.17,80
ST_102,IT_129,2024.11.18,80
ST_102,IT_129,2024.11.19,80
ST_102,IT_129,2024.11.20,80
ST_102,IT_129,2024.11.21,80
ST_102,IT_129,2024.11.22,80
ST_102,IT_129,2024.11.23,80
ST_102,IT_129,2024.11.24,80
ST_102,IT_129,2024.11.25,80
ST_102,IT_129,2024.11.26,80
ST_102,IT_129,2024.11.27,80
ST_102,IT_129,2024.11.28,80
ST_102,IT_129,2024.11.29,80
ST_102,IT_129,2024.11.30,80
ST_102,IT_130,2024.11.01,0
ST_102,IT_130,2024.11.02,0
ST_102,IT_130,2024.11.03,0
ST_102,IT_130,2024.11.04,0
ST_102,IT_130,2024.11.05,0
ST_102,IT_130,2024.11.06,0
ST_102,IT_130,2024.11.07,0
ST_102,IT_130,2024.11.08,0
ST_102,IT_130,2024.11.09,0
ST_102,IT_130,2024.11.10,0
ST_102,IT_130,2024.11.11,0
ST_102,IT_130,2024.11.12,0
ST_102,IT_130,2024.11.13,0
ST_102,IT_130,2024.11.14,0
ST_102,IT_130,2024.11.15,0
ST_102,IT_130,2024.11.16,0
ST_102,IT_130,2024.11.17,0
ST_102,IT_130,2024.11.18,0
ST_102,IT_130,2024.11.19,0
ST_102,IT_130,2024.11.20,0
ST_102,IT_130,2024.11.21,0
ST_102,IT_130,2024.11.22,0
ST_102,IT_130,2024.11.23,0
ST_102,IT_130,2024.11.24,0
ST_102,IT_130,2024.11.25,0
ST_102,IT_130,2024.11.26,0
ST_102,IT_130,2024.11.27,0
ST_102,IT_130,2024.11.28,0
ST_102,IT_130,2024.11.29,0
ST_102,IT_130,2024.11.30,0
ST_102,IT_131,2024.11.01,208
ST_102,IT_131,2024.11.02,208
ST_102,IT_131,2024.11.03,208
ST_102,IT_131,2024.11.04,208
ST_102,IT_131,2024.11.05,208
ST_102,IT_131,2024.11.06,208
ST_102,IT_131,2024.11.07,208
ST_102,IT_131,2024.11.08,208
ST_102,IT_131,2024.11.09,208
ST_102,IT_131,2024.11.10,208
ST_102,IT_131,2024.11.11,208
ST_102,IT_131,2024.11.12,208
ST_102,IT_131,2024.11.13,208
ST_102,IT_131,2024.11.14,208
ST_102,IT_131,2024.11.15,208
ST_102,IT_131,2024.11.16,208
ST_102,IT_131,2024.11.17,208
ST_102,IT_131,2024.11.18,208
ST_102,IT_131,2024.11.19,208
ST_102,IT_131,2024.11.20,208
ST_102,IT_131,2024.11.21,208
ST_102,IT_131,2024.11.22,208
ST_102,IT_131,2024.11.23,208
ST_102,IT_131,2024.11.24,208
ST_102,IT_131,2024.11.25,208
ST_102,IT_131,2024.11.26,208
ST_102,IT_131,2024.11.27,208
ST_102,IT_131,2024.11.28,208
ST_102,IT_131,2024.11.29,208
ST_102,IT_131,2024.11.30,208
ST_102,IT_132,2024.11.01,119
ST_102,IT_132,2024.11.02,119
ST_102,IT_132,2024.11.03,119
ST_102,IT_132,2024.11.04,119
ST_102,IT_132,2024.11.05,119
ST_102,IT_132,2024.11.06,119
ST_102,IT_132,2024.11.07,119
ST_102,IT_132,2024.11.08,119
ST_102,IT_132,2024.11.09,119
ST_102,IT_132,2024.11.10,119
ST_102,IT_132,2024.11.11,119
ST_102,IT_132,2024.11.12,119
ST_102,IT_132,2024.11.13,119
ST_102,IT_132,2024.11.14,119
ST_102,IT_132,2024.11.15,119
ST_102,IT_132,2024.11.16,119
ST_102,IT_132,2024.11.17,119
ST_102,IT_132,2024.11.18,119
ST_102,IT_132,2024.11.19,119
ST_102,IT_132,2024.11.20,119
ST_102,IT_132,2024.11.21,119
ST_102,IT_132,2024.11.22,119
ST_102,IT_132,2024.11.23,119
ST_102,IT_132,2024.11.24,119
ST_102,IT_132,2024.11.25,119
ST_102,IT_132,2024.11.26,119
ST_102,IT_132,2024.11.27,119
ST_102,IT_132,2024.11.28,119
ST_102,IT_132,2024.11.29,119
ST_102,IT_132,2024.11.30,119
ST_102,IT_133,2024.11.01,0
ST_102,IT_133,2024.11.02,0
ST_102,IT_133,2024.11.03,0
ST_102,IT_133,2024.11.04,0
ST_102,IT_133,2024.11.05,0
ST_102,IT_133,2024.11.06,0
ST_102,IT_133,2024.11.07,0
ST_102,IT_133,2024.11.08,0
ST_102,IT_133,2024.11.09,0
ST_102,IT_133,2024.11.10,0
ST_102,IT_133,2024.11.11,0
ST_102,IT_133,2024.11.12,0
ST_102,IT_133,2024.11.13,0
ST_102,IT_133,2024.11.14,0
ST_102,IT_133,2024.11.15,0
ST_102,IT_133,2024.11.16,0
ST_102,IT_133,2024.11.17,0
ST_102,IT_133,2024.11.18,0
ST_102,IT_133,2024.11.19,0
ST_102,IT_133,2024.11.20,0
ST_102,IT_133,2024.11.21,0
ST_102,IT_133,2024.11.22,0
ST_102,IT_133,2024.11.23,0
ST_102,IT_133,2024.11.24,0
ST_102,IT_133,2024.11.25,0
ST_102,IT_133,2024.11.26,0
ST_102,IT_133,2024.11.27,0
ST_102,IT_133,2024.11.28,0
ST_102,IT_133,2024.11.29,0
ST_102,IT_133,2024.11.30,0
ST_102,IT_134,2024.11.01,0
ST_102,IT_134,2024.11.02,0
ST_102,IT_134,2024.11.03,0
ST_102,IT_134,2024.11.04,0
ST_102,IT_134,2024.11.05,0
ST_102,IT_134,2024.11.06,0
ST_102,IT_134,2024.11.07,0
ST_102,IT_134,2024.11.08,0
ST_102,IT_134,2024.11.09,0
ST_102,IT_134,2024.11.10,0
ST_102,IT_134,2024.11.11,0
ST_102,IT_134,2024.11.12,0
ST_102,IT_134,2024.11.13,0
ST_102,IT_134,2024.11.14,0
ST_102,IT_134,2024.11.15,0
ST_102,IT_134,2024.11.16,0
ST_102,IT_134,2024.11.17,0
ST_102,IT_134,2024.11.18,0
ST_102,IT_134,2024.11.19,0
ST_102,IT_134,2024.11.20,0
ST_102,IT_134,2024.11.21,0
ST_102,IT_134,2024.11.22,0
ST_102,IT_134,2024.11.23,0
ST_102,IT_134,2024.11.24,0
ST_102,IT_134,2024.11.25,0
ST_102,IT_134,2024.11.26,0
ST_102,IT_134,2024.11.27,0
ST_102,IT_134,2024.11.28,0
ST_102,IT_134,2024.11.29,0
ST_102,IT_134,2024.11.30,0
ST_102,IT_135,2024.11.01,47
ST_102,IT_135,2024.11.02,47
ST_102,IT_135,2024.11.03,47
ST_102,IT_135,2024.11.04,47
ST_102,IT_135,2024.11.05,47
ST_102,IT_135,2024.11.06,47
ST_102,IT_135,2024.11.07,47
ST_102,IT_135,2024.11.08,47
ST_102,IT_135,2024.11.09,47
ST_102,IT_135,2024.11.10,47
ST_102,IT_135,2024.11.11,47
ST_102,IT_135,2024.11.12,47
ST_102,IT_135,2024.11.13,47
ST_102,IT_135,2024.11.14,47
ST_102,IT_135,2024.11.15,47
ST_102,IT_135,2024.11.16,47
ST_102,IT_135,2024.11.17,47
ST_102,IT_135,2024.11.18,47
ST_102,IT_135,2024.11.19,47
ST_102,IT_135,2024.11.20,47
ST_102,IT_135,2024.11.21,47
ST_102,IT_135,2024.11.22,47
ST_102,IT_135,2024.11.23,47
ST_102,IT_135,2024.11.24,47
ST_102,IT_135,2024.11.25,47
ST_102,IT_135,2024.11.26,47
ST_102,IT_135,2024.11.27,47
ST_102,IT_135,2024.11.28,47
ST_102,IT_135,2024.11.29,47
ST_102,IT_135,2024.11.30,47
ST_102,IT_136,2024.11.01,25
ST_102,IT_136,2024.11.02,25
ST_102,IT_136,2024.11.03,25
ST_102,IT_136,2024.11.04,25
ST_102,IT_136,2024.11.05,25
ST_102,IT_136,2024.11.06,25
ST_102,IT_136,2024.11.07,25
ST_102,IT_136,2024.11.08,25
ST_102,IT_136,2024.11.09,25
ST_102,IT_136,2024.11.10,25
ST_102,IT_136,2024.11.11,25
ST_102,IT_136,2024.11.12,25
ST_102,IT_136,2024.11.13,25
ST_102,IT_136,2024.11.14,25
ST_102,IT_136,2024.11.15,25
ST_102,IT_136,2024.11.16,25
ST_102,IT_136,2024.11.17,25
ST_102,IT_136,2024.11.18,25
ST_102,IT_136,2024.11.19,25
ST_102,IT_136,2024.11.20,25
ST_102,IT_136,2024.11.21,25
ST_102,IT_136,2024.11.22,25
ST_102,IT_136,2024.11.23,25
ST_102,IT_136,2024.11.24,25
ST_102,IT_136,2024.11.25,25
ST_102,IT_136,2024.11.26,25
ST_102,IT_136,2024.11.27,25
ST_102,IT_136,2024.11.28,25
ST_102,IT_136,2024.11.29,25
ST_102,IT_136,2024.11.30,25
ST_102,IT_137,2024.11.01,1100
ST_102,IT_137,2024.11.02,1100
ST_102,IT_137,2024.11.03,1100
ST_102,IT_137,2024.11.04,1100
ST_102,IT_137,2024.11.05,1100
ST_102,IT_137,2024.11.06,1100
ST_102,IT_137,2024.11.07,1100
ST_102,IT_137,2024.11.08,1100
ST_102,IT_137,2024.11.09,1100
ST_102,IT_137,2024.11.10,1100
ST_102,IT_137,2024.11.11,1100
ST_102,IT_137,2024.11.12,1100
ST_102,IT_137,2024.11.13,1100
ST_102,IT_137,2024.11.14,1100
ST_102,IT_137,2024.11.15,1100
ST_102,IT_137,2024.11.16,1100
ST_102,IT_137,2024.11.17,1100
ST_102,IT_137,2024.11.18,1100
ST_102,IT_137,2024.11.19,1100
ST_102,IT_137,2024.11.20,1100
ST_102,IT_137,2024.11.21,1100
ST_102,IT_137,2024.11.22,1100
ST_102,IT_137,2024.11.23,1100
ST_102,IT_137,2024.11.24,1100
ST_102,IT_137,2024.11.25,1100
ST_102,IT_137,2024.11.26,1100
ST_102,IT_137,2024.11.27,1100
ST_102,IT_137,2024.11.28,1100
ST_102,IT_137,2024.11.29,1100
ST_102,IT_137,2024.11.30,1100
ST_102,IT_138,2024.11.01,2100
ST_102,IT_138,2024.11.02,2100
ST_102,IT_138,2024.11.03,2100
ST_102,IT_138,2024.11.04,2100
ST_102,IT_138,2024.11.05,2100
ST_102,IT_138,2024.11.06,2100
ST_102,IT_138,2024.11.07,2100
ST_102,IT_138,2024.11.08,2100
ST_102,IT_138,2024.11.09,2100
ST_102,IT_138,2024.11.10,2100
ST_102,IT_138,2024.11.11,2100
ST_102,IT_138,2024.11.12,2100
ST_102,IT_138,2024.11.13,2100
ST_102,IT_138,2024.11.14,2100
ST_102,IT_138,2024.11.15,2100
ST_102,IT_138,2024.11.16,2100
ST_102,IT_138,2024.11.17,2100
ST_102,IT_138,2024.11.18,2100
ST_102,IT_138,2024.11.19,2100
ST_102,IT_138,2024.11.20,2100
ST_102,IT_138,2024.11.21,2100
ST_102,IT_138,2024.11.22,2100
ST_102,IT_138,2024.11.23,2100
ST_102,IT_138,2024.11.24,2100
ST_102,IT_138,2024.11.25,2100
ST_102,IT_138,2024.11.26,2100
ST_102,IT_138,2024.11.27,2100
ST_102,IT_138,2024.11.28,2100
ST_102,IT_138,2024.11.29,2100
ST_102,IT_138,2024.11.30,2100
ST_102,IT_139,2024.11.01,15
ST_102,IT_139,2024.11.02,15
ST_102,IT_139,2024.11.03,15
ST_102,IT_139,2024.11.04,15
ST_102,IT_139,2024.11.05,15
ST_102,IT_139,2024.11.06,15
ST_102,IT_139,2024.11.07,15
ST_102,IT_139,2024.11.08,15
ST_102,IT_139,2024.11.09,15
ST_102,IT_139,2024.11.10,15
ST_102,IT_139,2024.11.11,15
ST_102,IT_139,2024.11.12,15
ST_102,IT_139,2024.11.13,15
ST_102,IT_139,2024.11.14,15
ST_102,IT_139,2024.11.15,15
ST_102,IT_139,2024.11.16,15
ST_102,IT_139,2024.11.17,15
ST_102,IT_139,2024.11.18,15
ST_102,IT_139,2024.11.19,15
ST_102,IT_139,2024.11.20,15
ST_102,IT_139,2024.11.21,15
ST_102,IT_139,2024.11.22,15
ST_102,IT_139,2024.11.23,15
ST_102,IT_139,2024.11.24,15
ST_102,IT_139,2024.11.25,15
ST_102,IT_139,2024.11.26,15
ST_102,IT_139,2024.11.27,15
ST_102,IT_139,2024.11.28,15
ST_102,IT_139,2024.11.29,15
ST_102,IT_139,2024.11.30,15
ST_102,IT_140,2024.11.01,28
ST_102,IT_140,2024.11.02,28
ST_102,IT_140,2024.11.03,28
ST_102,IT_140,2024.11.04,28
ST_102,IT_140,2024.11.05,28
ST_102,IT_140,2024.11.06,28
ST_102,IT_140,2024.11.07,28
ST_102,IT_140,2024.11.08,28
ST_102,IT_140,2024.11.09,28
ST_102,IT_140,2024.11.10,28
ST_102,IT_140,2024.11.11,28
ST_102,IT_140,2024.11.12,28
ST_102,IT_140,2024.11.13,28
ST_102,IT_140,2024.11.14,28
ST_102,IT_140,2024.11.15,28
ST_102,IT_140,2024.11.16,28
ST_102,IT_140,2024.11.17,28
ST_102,IT_140,2024.11.18,28
ST_102,IT_140,2024.11.19,28
ST_102,IT_140,2024.11.20,28
ST_102,IT_140,2024.11.21,28
ST_102,IT_140,2024.11.22,28
ST_102,IT_140,2024.11.23,28
ST_102,IT_140,2024.11.24,28
ST_102,IT_140,2024.11.25,28
ST_102,IT_140,2024.11.26,28
ST_102,IT_140,2024.11.27,28
ST_102,IT_140,2024.11.28,28
ST_102,IT_140,2024.11.29,28
ST_102,IT_140,2024.11.30,28
ST_102,IT_141,2024.11.01,28
ST_102,IT_141,2024.11.02,28
ST_102,IT_141,2024.11.03,28
ST_102,IT_141,2024.11.04,28
ST_102,IT_141,2024.11.05,28
ST_102,IT_141,2024.11.06,28
ST_102,IT_141,2024.11.07,28
ST_102,IT_141,2024.11.08,28
ST_102,IT_141,2024.11.09,28
ST_102,IT_141,2024.11.10,28
ST_102,IT_141,2024.11.11,28
ST_102,IT_141,2024.11.12,28
ST_102,IT_141,2024.11.13,28
ST_102,IT_141,2024.11.14,28
ST_102,IT_141,2024.11.15,28
ST_102,IT_141,2024.11.16,28
ST_102,IT_141,2024.11.17,28
ST_102,IT_141,2024.11.18,28
ST_102,IT_141,2024.11.19,28
ST_102,IT_141,2024.11.20,28
ST_102,IT_141,2024.11.21,28
ST_102,IT_141,2024.11.22,28
ST_102,IT_141,2024.11.23,28
ST_102,IT_141,2024.11.24,28
ST_102,IT_141,2024.11.25,28
ST_102,IT_141,2024.11.26,28
ST_102,IT_141,2024.11.27,28
ST_102,IT_141,2024.11.28,28
ST_102,IT_141,2024.11.29,28
ST_102,IT_141,2024.11.30,28
ST_102,IT_142,2024.11.01,50
ST_102,IT_142,2024.11.02,50
ST_102,IT_142,2024.11.03,50
ST_102,IT_142,2024.11.04,50
ST_102,IT_142,2024.11.05,50
ST_102,IT_142,2024.11.06,50
ST_102,IT_142,2024.11.07,50
ST_102,IT_142,2024.11.08,50
ST_102,IT_142,2024.11.09,50
ST_102,IT_142,2024.11.10,50
ST_102,IT_142,2024.11.11,50
ST_102,IT_142,2024.11.12,50
ST_102,IT_142,2024.11.13,50
ST_102,IT_142,2024.11.14,50
ST_102,IT_142,2024.11.15,50
ST_102,IT_142,2024.11.16,50
ST_102,IT_142,2024.11.17,50
ST_102,IT_142,2024.11.18,50
ST_102,IT_142,2024.11.19,50
ST_102,IT_142,2024.11.20,50
ST_102,IT_142,2024.11.21,50
ST_102,IT_142,2024.11.22,50
ST_102,IT_142,2024.11.23,50
ST_102,IT_142,2024.11.24,50
ST_102,IT_142,2024.11.25,50
ST_102,IT_142,2024.11.26,50
ST_102,IT_142,2024.11.27,50
ST_102,IT_142,2024.11.28,50
ST_102,IT_142,2024.11.29,50
ST_102,IT_142,2024.11.30,50
ST_102,IT_143,2024.11.01,15
ST_102,IT_143,2024.11.02,15
ST_102,IT_143,2024.11.03,15
ST_102,IT_143,2024.11.04,15
ST_102,IT_143,2024.11.05,15
ST_102,IT_143,2024.11.06,15
ST_102,IT_143,2024.11.07,15
ST_102,IT_143,2024.11.08,15
ST_102,IT_143,2024.11.09,15
ST_102,IT_143,2024.11.10,15
ST_102,IT_143,2024.11.11,15
ST_102,IT_143,2024.11.12,15
ST_102,IT_143,2024.11.13,15
ST_102,IT_143,2024.11.14,15
ST_102,IT_143,2024.11.15,15
ST_102,IT_143,2024.11.16,15
ST_102,IT_143,2024.11.17,15
ST_102,IT_143,2024.11.18,15
ST_102,IT_143,2024.11.19,15
ST_102,IT_143,2024.11.20,15
ST_102,IT_143,2024.11.21,15
ST_102,IT_143,2024.11.22,15
ST_102,IT_143,2024.11.23,15
ST_102,IT_143,2024.11.24,15
ST_102,IT_143,2024.11.25,15
ST_102,IT_143,2024.11.26,15
ST_102,IT_143,2024.11.27,15
ST_102,IT_143,2024.11.28,15
ST_102,IT_143,2024.11.29,15
ST_102,IT_143,2024.11.30,15
ST_102,IT_144,2024.11.01,19
ST_102,IT_144,2024.11.02,19
ST_102,IT_144,2024.11.03,19
ST_102,IT_144,2024.11.04,19
ST_102,IT_144,2024.11.05,19
ST_102,IT_144,2024.11.06,19
ST_102,IT_144,2024.11.07,19
ST_102,IT_144,2024.11.08,19
ST_102,IT_144,2024.11.09,19
ST_102,IT_144,2024.11.10,19
ST_102,IT_144,2024.11.11,19
ST_102,IT_144,2024.11.12,19
ST_102,IT_144,2024.11.13,19
ST_102,IT_144,2024.11.14,19
ST_102,IT_144,2024.11.15,19
ST_102,IT_144,2024.11.16,19
ST_102,IT_144,2024.11.17,19
ST_102,IT_144,2024.11.18,19
ST_102,IT_144,2024.11.19,19
ST_102,IT_144,2024.11.20,19
ST_102,IT_144,2024.11.21,19
ST_102,IT_144,2024.11.22,19
ST_102,IT_144,2024.11.23,19
ST_102,IT_144,2024.11.24,19
ST_102,IT_144,2024.11.25,19
ST_102,IT_144,2024.11.26,19
ST_102,IT_144,2024.11.27,19
ST_102,IT_144,2024.11.28,19
ST_102,IT_144,2024.11.29,19
ST_102,IT_144,2024.11.30,19
ST_102,IT_145,2024.11.01,19
ST_102,IT_145,2024.11.02,19
ST_102,IT_145,2024.11.03,19
ST_102,IT_145,2024.11.04,19
ST_102,IT_145,2024.11.05,19
ST_102,IT_145,2024.11.06,19
ST_102,IT_145,2024.11.07,19
ST_102,IT_145,2024.11.08,19
ST_102,IT_145,2024.11.09,19
ST_102,IT_145,2024.11.10,19
ST_102,IT_145,2024.11.11,19
ST_102,IT_145,2024.11.12,19
ST_102,IT_145,2024.11.13,19
ST_102,IT_145,2024.11.14,19
ST_102,IT_145,2024.11.15,19
ST_102,IT_145,2024.11.16,19
ST_102,IT_145,2024.11.17,19
ST_102,IT_145,2024.11.18,19
ST_102,IT_145,2024.11.19,19
ST_102,IT_145,2024.11.20,19
ST_102,IT_145,2024.11.21,19
ST_102,IT_145,2024.11.22,19
ST_102,IT_145,2024.11.23,19
ST_102,IT_145,2024.11.24,19
ST_102,IT_145,2024.11.25,19
ST_102,IT_145,2024.11.26,19
ST_102,IT_145,2024.11.27,19
ST_102,IT_145,2024.11.28,19
ST_102,IT_145,2024.11.29,19
ST_102,IT_145,2024.11.30,19
ST_102,IT_146,2024.11.01,10
ST_102,IT_146,2024.11.02,10
ST_102,IT_146,2024.11.03,10
ST_102,IT_146,2024.11.04,10
ST_102,IT_146,2024.11.05,10
ST_102,IT_146,2024.11.06,10
ST_102,IT_146,2024.11.07,10
ST_102,IT_146,2024.11.08,10
ST_102,IT_146,2024.11.09,10
ST_102,IT_146,2024.11.10,10
ST_102,IT_146,2024.11.11,10
ST_102,IT_146,2024.11.12,10
ST_102,IT_146,2024.11.13,10
ST_102,IT_146,2024.11.14,10
ST_102,IT_146,2024.11.15,10
ST_102,IT_146,2024.11.16,10
ST_102,IT_146,2024.11.17,10
ST_102,IT_146,2024.11.18,10
ST_102,IT_146,2024.11.19,10
ST_102,IT_146,2024.11.20,10
ST_102,IT_146,2024.11.21,10
ST_102,IT_146,2024.11.22,10
ST_102,IT_146,2024.11.23,10
ST_102,IT_146,2024.11.24,10
ST_102,IT_146,2024.11.25,10
ST_102,IT_146,2024.11.26,10
ST_102,IT_146,2024.11.27,10
ST_102,IT_146,2024.11.28,10
ST_102,IT_146,2024.11.29,10
ST_102,IT_146,2024.11.30,10
ST_102,IT_147,2024.11.01,8
ST_102,IT_147,2024.11.02,8
ST_102,IT_147,2024.11.03,8
ST_102,IT_147,2024.11.04,8
ST_102,IT_147,2024.11.05,8
ST_102,IT_147,2024.11.06,8
ST_102,IT_147,2024.11.07,8
ST_102,IT_147,2024.11.08,8
ST_102,IT_147,2024.11.09,8
ST_102,IT_147,2024.11.10,8
ST_102,IT_147,2024.11.11,8
ST_102,IT_147,2024.11.12,8
ST_102,IT_147,2024.11.13,8
ST_102,IT_147,2024.11.14,8
ST_102,IT_147,2024.11.15,8
ST_102,IT_147,2024.11.16,8
ST_102,IT_147,2024.11.17,8
ST_102,IT_147,2024.11.18,8
ST_102,IT_147,2024.11.19,8
ST_102,IT_147,2024.11.20,8
ST_102,IT_147,2024.11.21,8
ST_102,IT_147,2024.11.22,8
ST_102,IT_147,2024.11.23,8
ST_102,IT_147,2024.11.24,8
ST_102,IT_147,2024.11.25,8
ST_102,IT_147,2024.11.26,8
ST_102,IT_147,2024.11.27,8
ST_102,IT_147,2024.11.28,8
ST_102,IT_147,2024.11.29,8
ST_102,IT_147,2024.11.30,8
ST_102,IT_148,2024.11.01,7
ST_102,IT_148,2024.11.02,7
ST_102,IT_148,2024.11.03,7
ST_102,IT_148,2024.11.04,7
ST_102,IT_148,2024.11.05,7
ST_102,IT_148,2024.11.06,7
ST_102,IT_148,2024.11.07,7
ST_102,IT_148,2024.11.08,7
ST_102,IT_148,2024.11.09,7
ST_102,IT_148,2024.11.10,7
ST_102,IT_148,2024.11.11,7
ST_102,IT_148,2024.11.12,7
ST_102,IT_148,2024.11.13,7
ST_102,IT_148,2024.11.14,7
ST_102,IT_148,2024.11.15,7
ST_102,IT_148,2024.11.16,7
ST_102,IT_148,2024.11.17,7
ST_102,IT_148,2024.11.18,7
ST_102,IT_148,2024.11.19,7
ST_102,IT_148,2024.11.20,7
ST_102,IT_148,2024.11.21,7
ST_102,IT_148,2024.11.22,7
ST_102,IT_148,2024.11.23,7
ST_102,IT_148,2024.11.24,7
ST_102,IT_148,2024.11.25,7
ST_102,IT_148,2024.11.26,7
ST_102,IT_148,2024.11.27,7
ST_102,IT_148,2024.11.28,7
ST_102,IT_148,2024.11.29,7
ST_102,IT_148,2024.11.30,7
ST_102,IT_149,2024.11.01,28
ST_102,IT_149,2024.11.02,28
ST_102,IT_149,2024.11.03,28
ST_102,IT_149,2024.11.04,28
ST_102,IT_149,2024.11.05,28
ST_102,IT_149,2024.11.06,28
ST_102,IT_149,2024.11.07,28
ST_102,IT_149,2024.11.08,28
ST_102,IT_149,2024.11.09,28
ST_102,IT_149,2024.11.10,28
ST_102,IT_149,2024.11.11,28
ST_102,IT_149,2024.11.12,28
ST_102,IT_149,2024.11.13,28
ST_102,IT_149,2024.11.14,28
ST_102,IT_149,2024.11.15,28
ST_102,IT_149,2024.11.16,28
ST_102,IT_149,2024.11.17,28
ST_102,IT_149,2024.11.18,28
ST_102,IT_149,2024.11.19,28
ST_102,IT_149,2024.11.20,28
ST_102,IT_149,2024.11.21,28
ST_102,IT_149,2024.11.22,28
ST_102,IT_149,2024.11.23,28
ST_102,IT_149,2024.11.24,28
ST_102,IT_149,2024.11.25,28
ST_102,IT_149,2024.11.26,28
ST_102,IT_149,2024.11.27,28
ST_102,IT_149,2024.11.28,28
ST_102,IT_149,2024.11.29,28
ST_102,IT_149,2024.11.30,28
ST_102,IT_150,2024.11.01,7
ST_102,IT_150,2024.11.02,7
ST_102,IT_150,2024.11.03,7
ST_102,IT_150,2024.11.04,7
ST_102,IT_150,2024.11.05,7
ST_102,IT_150,2024.11.06,7
ST_102,IT_150,2024.11.07,7
ST_102,IT_150,2024.11.08,7
ST_102,IT_150,2024.11.09,7
ST_102,IT_150,2024.11.10,7
ST_102,IT_150,2024.11.11,7
ST_102,IT_150,2024.11.12,7
ST_102,IT_150,2024.11.13,7
ST_102,IT_150,2024.11.14,7
ST_102,IT_150,2024.11.15,7
ST_102,IT_150,2024.11.16,7
ST_102,IT_150,2024.11.17,7
ST_102,IT_150,2024.11.18,7
ST_102,IT_150,2024.11.19,7
ST_102,IT_150,2024.11.20,7
ST_102,IT_150,2024.11.21,7
ST_102,IT_150,2024.11.22,7
ST_102,IT_150,2024.11.23,7
ST_102,IT_150,2024.11.24,7
ST_102,IT_150,2024.11.25,7
ST_102,IT_150,2024.11.26,7
ST_102,IT_150,2024.11.27,7
ST_102,IT_150,2024.11.28,7
ST_102,IT_150,2024.11.29,7
ST_102,IT_150,2024.11.30,7
ST_102,IT_151,2024.11.01,7
ST_102,IT_151,2024.11.02,7
ST_102,IT_151,2024.11.03,7
ST_102,IT_151,2024.11.04,7
ST_102,IT_151,2024.11.05,7
ST_102,IT_151,2024.11.06,7
ST_102,IT_151,2024.11.07,7
ST_102,IT_151,2024.11.08,7
ST_102,IT_151,2024.11.09,7
ST_102,IT_151,2024.11.10,7
ST_102,IT_151,2024.11.11,7
ST_102,IT_151,2024.11.12,7
ST_102,IT_151,2024.11.13,7
ST_102,IT_151,2024.11.14,7
ST_102,IT_151,2024.11.15,7
ST_102,IT_151,2024.11.16,7
ST_102,IT_151,2024.11.17,7
ST_102,IT_151,2024.11.18,7
ST_102,IT_151,2024.11.19,7
ST_102,IT_151,2024.11.20,7
ST_102,IT_151,2024.11.21,7
ST_102,IT_151,2024.11.22,7
ST_102,IT_151,2024.11.23,7
ST_102,IT_151,2024.11.24,7
ST_102,IT_151,2024.11.25,7
ST_102,IT_151,2024.11.26,7
ST_102,IT_151,2024.11.27,7
ST_102,IT_151,2024.11.28,7
ST_102,IT_151,2024.11.29,7
ST_102,IT_151,2024.11.30,7
ST_102,IT_152,2024.11.01,6
ST_102,IT_152,2024.11.02,6
ST_102,IT_152,2024.11.03,6
ST_102,IT_152,2024.11.04,6
ST_102,IT_152,2024.11.05,6
ST_102,IT_152,2024.11.06,6
ST_102,IT_152,2024.11.07,6
ST_102,IT_152,2024.11.08,6
ST_102,IT_152,2024.11.09,6
ST_102,IT_152,2024.11.10,6
ST_102,IT_152,2024.11.11,6
ST_102,IT_152,2024.11.12,6
ST_102,IT_152,2024.11.13,6
ST_102,IT_152,2024.11.14,6
ST_102,IT_152,2024.11.15,6
ST_102,IT_152,2024.11.16,6
ST_102,IT_152,2024.11.17,6
ST_102,IT_152,2024.11.18,6
ST_102,IT_152,2024.11.19,6
ST_102,IT_152,2024.11.20,6
ST_102,IT_152,2024.11.21,6
ST_102,IT_152,2024.11.22,6
ST_102,IT_152,2024.11.23,6
ST_102,IT_152,2024.11.24,6
ST_102,IT_152,2024.11.25,6
ST_102,IT_152,2024.11.26,6
ST_102,IT_152,2024.11.27,6
ST_102,IT_152,2024.11.28,6
ST_102,IT_152,2024.11.29,6
ST_102,IT_152,2024.11.30,6
ST_102,IT_153,2024.11.01,25
ST_102,IT_153,2024.11.02,25
ST_102,IT_153,2024.11.03,25
ST_102,IT_153,2024.11.04,25
ST_102,IT_153,2024.11.05,25
ST_102,IT_153,2024.11.06,25
ST_102,IT_153,2024.11.07,25
ST_102,IT_153,2024.11.08,25
ST_102,IT_153,2024.11.09,25
ST_102,IT_153,2024.11.10,25
ST_102,IT_153,2024.11.11,25
ST_102,IT_153,2024.11.12,25
ST_102,IT_153,2024.11.13,25
ST_102,IT_153,2024.11.14,25
ST_102,IT_153,2024.11.15,25
ST_102,IT_153,2024.11.16,25
ST_102,IT_153,2024.11.17,25
ST_102,IT_153,2024.11.18,25
ST_102,IT_153,2024.11.19,25
ST_102,IT_153,2024.11.20,25
ST_102,IT_153,2024.11.21,25
ST_102,IT_153,2024.11.22,25
ST_102,IT_153,2024.11.23,25
ST_102,IT_153,2024.11.24,25
ST_102,IT_153,2024.11.25,25
ST_102,IT_153,2024.11.26,25
ST_102,IT_153,2024.11.27,25
ST_102,IT_153,2024.11.28,25
ST_102,IT_153,2024.11.29,25
ST_102,IT_153,2024.11.30,25
ST_102,IT_154,2024.11.01,33
ST_102,IT_154,2024.11.02,33
ST_102,IT_154,2024.11.03,33
ST_102,IT_154,2024.11.04,33
ST_102,IT_154,2024.11.05,33
ST_102,IT_154,2024.11.06,33
ST_102,IT_154,2024.11.07,33
ST_102,IT_154,2024.11.08,33
ST_102,IT_154,2024.11.09,33
ST_102,IT_154,2024.11.10,33
ST_102,IT_154,2024.11.11,33
ST_102,IT_154,2024.11.12,33
ST_102,IT_154,2024.11.13,33
ST_102,IT_154,2024.11.14,33
ST_102,IT_154,2024.11.15,33
ST_102,IT_154,2024.11.16,33
ST_102,IT_154,2024.11.17,33
ST_102,IT_154,2024.11.18,33
ST_102,IT_154,2024.11.19,33
ST_102,IT_154,2024.11.20,33
ST_102,IT_154,2024.11.21,33
ST_102,IT_154,2024.11.22,33
ST_102,IT_154,2024.11.23,33
ST_102,IT_154,2024.11.24,33
ST_102,IT_154,2024.11.25,33
ST_102,IT_154,2024.11.26,33
ST_102,IT_154,2024.11.27,33
ST_102,IT_154,2024.11.28,33
ST_102,IT_154,2024.11.29,33
ST_102,IT_154,2024.11.30,33
ST_102,IT_155,2024.11.01,21
ST_102,IT_155,2024.11.02,21
ST_102,IT_155,2024.11.03,21
ST_102,IT_155,2024.11.04,21
ST_102,IT_155,2024.11.05,21
ST_102,IT_155,2024.11.06,21
ST_102,IT_155,2024.11.07,21
ST_102,IT_155,2024.11.08,21
ST_102,IT_155,2024.11.09,21
ST_102,IT_155,2024.11.10,21
ST_102,IT_155,2024.11.11,21
ST_102,IT_155,2024.11.12,21
ST_102,IT_155,2024.11.13,21
ST_102,IT_155,2024.11.14,21
ST_102,IT_155,2024.11.15,21
ST_102,IT_155,2024.11.16,21
ST_102,IT_155,2024.11.17,21
ST_102,IT_155,2024.11.18,21
ST_102,IT_155,2024.11.19,21
ST_102,IT_155,2024.11.20,21
ST_102,IT_155,2024.11.21,21
ST_102,IT_155,2024.11.22,21
ST_102,IT_155,2024.11.23,21
ST_102,IT_155,2024.11.24,21
ST_102,IT_155,2024.11.25,21
ST_102,IT_155,2024.11.26,21
ST_102,IT_155,2024.11.27,21
ST_102,IT_155,2024.11.28,21
ST_102,IT_155,2024.11.29,21
ST_102,IT_155,2024.11.30,21
ST_102,IT_156,2024.11.01,15
ST_102,IT_156,2024.11.02,15
ST_102,IT_156,2024.11.03,15
ST_102,IT_156,2024.11.04,15
ST_102,IT_156,2024.11.05,15
ST_102,IT_156,2024.11.06,15
ST_102,IT_156,2024.11.07,15
ST_102,IT_156,2024.11.08,15
ST_102,IT_156,2024.11.09,15
ST_102,IT_156,2024.11.10,15
ST_102,IT_156,2024.11.11,15
ST_102,IT_156,2024.11.12,15
ST_102,IT_156,2024.11.13,15
ST_102,IT_156,2024.11.14,15
ST_102,IT_156,2024.11.15,15
ST_102,IT_156,2024.11.16,15
ST_102,IT_156,2024.11.17,15
ST_102,IT_156,2024.11.18,15
ST_102,IT_156,2024.11.19,15
ST_102,IT_156,2024.11.20,15
ST_102,IT_156,2024.11.21,15
ST_102,IT_156,2024.11.22,15
ST_102,IT_156,2024.11.23,15
ST_102,IT_156,2024.11.24,15
ST_102,IT_156,2024.11.25,15
ST_102,IT_156,2024.11.26,15
ST_102,IT_156,2024.11.27,15
ST_102,IT_156,2024.11.28,15
ST_102,IT_156,2024.11.29,15
ST_102,IT_156,2024.11.30,15
ST_102,IT_157,2024.11.01,31
ST_102,IT_157,2024.11.02,31
ST_102,IT_157,2024.11.03,31
ST_102,IT_157,2024.11.04,31
ST_102,IT_157,2024.11.05,31
ST_102,IT_157,2024.11.06,31
ST_102,IT_157,2024.11.07,31
ST_102,IT_157,2024.11.08,31
ST_102,IT_157,2024.11.09,31
ST_102,IT_157,2024.11.10,31
ST_102,IT_157,2024.11.11,31
ST_102,IT_157,2024.11.12,31
ST_102,IT_157,2024.11.13,31
ST_102,IT_157,2024.11.14,31
ST_102,IT_157,2024.11.15,31
ST_102,IT_157,2024.11.16,31
ST_102,IT_157,2024.11.17,31
ST_102,IT_157,2024.11.18,31
ST_102,IT_157,2024.11.19,31
ST_102,IT_157,2024.11.20,31
ST_102,IT_157,2024.11.21,31
ST_102,IT_157,2024.11.22,31
ST_102,IT_157,2024.11.23,31
ST_102,IT_157,2024.11.24,31
ST_102,IT_157,2024.11.25,31
ST_102,IT_157,2024.11.26,31
ST_102,IT_157,2024.11.27,31
ST_102,IT_157,2024.11.28,31
ST_102,IT_157,2024.11.29,31
ST_102,IT_157,2024.11.30,31
ST_102,IT_158,2024.11.01,0
ST_102,IT_158,2024.11.02,0
ST_102,IT_158,2024.11.03,0
ST_102,IT_158,2024.11.04,0
ST_102,IT_158,2024.11.05,0
ST_102,IT_158,2024.11.06,0
ST_102,IT_158,2024.11.07,0
ST_102,IT_158,2024.11.08,0
ST_102,IT_158,2024.11.09,0
ST_102,IT_158,2024.11.10,0
ST_102,IT_158,2024.11.11,0
ST_102,IT_158,2024.11.12,0
ST_102,IT_158,2024.11.13,0
ST_102,IT_158,2024.11.14,0
ST_102,IT_158,2024.11.15,0
ST_102,IT_158,2024.11.16,0
ST_102,IT_158,2024.11.17,0
ST_102,IT_158,2024.11.18,0
ST_102,IT_158,2024.11.19,0
ST_102,IT_158,2024.11.20,0
ST_102,IT_158,2024.11.21,0
ST_102,IT_158,2024.11.22,0
ST_102,IT_158,2024.11.23,0
ST_102,IT_158,2024.11.24,0
ST_102,IT_158,2024.11.25,0
ST_102,IT_158,2024.11.26,0
ST_102,IT_158,2024.11.27,0
ST_102,IT_158,2024.11.28,0
ST_102,IT_158,2024.11.29,0
ST_102,IT_158,2024.11.30,0
ST_102,IT_159,2024.11.01,16
ST_102,IT_159,2024.11.02,16
ST_102,IT_159,2024.11.03,16
ST_102,IT_159,2024.11.04,16
ST_102,IT_159,2024.11.05,16
ST_102,IT_159,2024.11.06,16
ST_102,IT_159,2024.11.07,16
ST_102,IT_159,2024.11.08,16
ST_102,IT_159,2024.11.09,16
ST_102,IT_159,2024.11.10,16
ST_102,IT_159,2024.11.11,16
ST_102,IT_159,2024.11.12,16
ST_102,IT_159,2024.11.13,16
ST_102,IT_159,2024.11.14,16
ST_102,IT_159,2024.11.15,16
ST_102,IT_159,2024.11.16,16
ST_102,IT_159,2024.11.17,16
ST_102,IT_159,2024.11.18,16
ST_102,IT_159,2024.11.19,16
ST_102,IT_159,2024.11.20,16
ST_102,IT_159,2024.11.21,16
ST_102,IT_159,2024.11.22,16
ST_102,IT_159,2024.11.23,16
ST_102,IT_159,2024.11.24,16
ST_102,IT_159,2024.11.25,16
ST_102,IT_159,2024.11.26,16
ST_102,IT_159,2024.11.27,16
ST_102,IT_159,2024.11.28,16
ST_102,IT_159,2024.11.29,16
ST_102,IT_159,2024.11.30,16
ST_102,IT_160,2024.11.01,0
ST_102,IT_160,2024.11.02,0
ST_102,IT_160,2024.11.03,0
ST_102,IT_160,2024.11.04,0
ST_102,IT_160,2024.11.05,0
ST_102,IT_160,2024.11.06,0
ST_102,IT_160,2024.11.07,0
ST_102,IT_160,2024.11.08,0
ST_102,IT_160,2024.11.09,0
ST_102,IT_160,2024.11.10,0
ST_102,IT_160,2024.11.11,0
ST_102,IT_160,2024.11.12,0
ST_102,IT_160,2024.11.13,0
ST_102,IT_160,2024.11.14,0
ST_102,IT_160,2024.11.15,0
ST_102,IT_160,2024.11.16,0
ST_102,IT_160,2024.11.17,0
ST_102,IT_160,2024.11.18,0
ST_102,IT_160,2024.11.19,0
ST_102,IT_160,2024.11.20,0
ST_102,IT_160,2024.11.21,0
ST_102,IT_160,2024.11.22,0
ST_102,IT_160,2024.11.23,0
ST_102,IT_160,2024.11.24,0
ST_102,IT_160,2024.11.25,0
ST_102,IT_160,2024.11.26,0
ST_102,IT_160,2024.11.27,0
ST_102,IT_160,2024.11.28,0
ST_102,IT_160,2024.11.29,0
ST_102,IT_160,2024.11.30,0
ST_102,IT_161,2024.11.01,27
ST_102,IT_161,2024.11.02,27
ST_102,IT_161,2024.11.03,27
ST_102,IT_161,2024.11.04,27
ST_102,IT_161,2024.11.05,27
ST_102,IT_161,2024.11.06,27
ST_102,IT_161,2024.11.07,27
ST_102,IT_161,2024.11.08,27
ST_102,IT_161,2024.11.09,27
ST_102,IT_161,2024.11.10,27
ST_102,IT_161,2024.11.11,27
ST_102,IT_161,2024.11.12,27
ST_102,IT_161,2024.11.13,27
ST_102,IT_161,2024.11.14,27
ST_102,IT_161,2024.11.15,27
ST_102,IT_161,2024.11.16,27
ST_102,IT_161,2024.11.17,27
ST_102,IT_161,2024.11.18,27
ST_102,IT_161,2024.11.19,27
ST_102,IT_161,2024.11.20,27
ST_102,IT_161,2024.11.21,27
ST_102,IT_161,2024.11.22,27
ST_102,IT_161,2024.11.23,27
ST_102,IT_161,2024.11.24,27
ST_102,IT_161,2024.11.25,27
ST_102,IT_161,2024.11.26,27
ST_102,IT_161,2024.11.27,27
ST_102,IT_161,2024.11.28,27
ST_102,IT_161,2024.11.29,27
ST_102,IT_161,2024.11.30,27
ST_102,IT_162,2024.11.01,22
ST_102,IT_162,2024.11.02,22
ST_102,IT_162,2024.11.03,22
ST_102,IT_162,2024.11.04,22
ST_102,IT_162,2024.11.05,22
ST_102,IT_162,2024.11.06,22
ST_102,IT_162,2024.11.07,22
ST_102,IT_162,2024.11.08,22
ST_102,IT_162,2024.11.09,22
ST_102,IT_162,2024.11.10,22
ST_102,IT_162,2024.11.11,22
ST_102,IT_162,2024.11.12,22
ST_102,IT_162,2024.11.13,22
ST_102,IT_162,2024.11.14,22
ST_102,IT_162,2024.11.15,22
ST_102,IT_162,2024.11.16,22
ST_102,IT_162,2024.11.17,22
ST_102,IT_162,2024.11.18,22
ST_102,IT_162,2024.11.19,22
ST_102,IT_162,2024.11.20,22
ST_102,IT_162,2024.11.21,22
ST_102,IT_162,2024.11.22,22
ST_102,IT_162,2024.11.23,22
ST_102,IT_162,2024.11.24,22
ST_102,IT_162,2024.11.25,22
ST_102,IT_162,2024.11.26,22
ST_102,IT_162,2024.11.27,22
ST_102,IT_162,2024.11.28,22
ST_102,IT_162,2024.11.29,22
ST_102,IT_162,2024.11.30,22
ST_102,IT_163,2024.11.01,16
ST_102,IT_163,2024.11.02,16
ST_102,IT_163,2024.11.03,16
ST_102,IT_163,2024.11.04,16
ST_102,IT_163,2024.11.05,16
ST_102,IT_163,2024.11.06,16
ST_102,IT_163,2024.11.07,16
ST_102,IT_163,2024.11.08,16
ST_102,IT_163,2024.11.09,16
ST_102,IT_163,2024.11.10,16
ST_102,IT_163,2024.11.11,16
ST_102,IT_163,2024.11.12,16
ST_102,IT_163,2024.11.13,16
ST_102,IT_163,2024.11.14,16
ST_102,IT_163,2024.11.15,16
ST_102,IT_163,2024.11.16,16
ST_102,IT_163,2024.11.17,16
ST_102,IT_163,2024.11.18,16
ST_102,IT_163,2024.11.19,16
ST_102,IT_163,2024.11.20,16
ST_102,IT_163,2024.11.21,16
ST_102,IT_163,2024.11.22,16
ST_102,IT_163,2024.11.23,16
ST_102,IT_163,2024.11.24,16
ST_102,IT_163,2024.11.25,16
ST_102,IT_163,2024.11.26,16
ST_102,IT_163,2024.11.27,16
ST_102,IT_163,2024.11.28,16
ST_102,IT_163,2024.11.29,16
ST_102,IT_163,2024.11.30,16
ST_102,IT_164,2024.11.01,33
ST_102,IT_164,2024.11.02,33
ST_102,IT_164,2024.11.03,33
ST_102,IT_164,2024.11.04,33
ST_102,IT_164,2024.11.05,33
ST_102,IT_164,2024.11.06,33
ST_102,IT_164,2024.11.07,33
ST_102,IT_164,2024.11.08,33
ST_102,IT_164,2024.11.09,33
ST_102,IT_164,2024.11.10,33
ST_102,IT_164,2024.11.11,33
ST_102,IT_164,2024.11.12,33
ST_102,IT_164,2024.11.13,33
ST_102,IT_164,2024.11.14,33
ST_102,IT_164,2024.11.15,33
ST_102,IT_164,2024.11.16,33
ST_102,IT_164,2024.11.17,33
ST_102,IT_164,2024.11.18,33
ST_102,IT_164,2024.11.19,33
ST_102,IT_164,2024.11.20,33
ST_102,IT_164,2024.11.21,33
ST_102,IT_164,2024.11.22,33
ST_102,IT_164,2024.11.23,33
ST_102,IT_164,2024.11.24,33
ST_102,IT_164,2024.11.25,33
ST_102,IT_164,2024.11.26,33
ST_102,IT_164,2024.11.27,33
ST_102,IT_164,2024.11.28,33
ST_102,IT_164,2024.11.29,33
ST_102,IT_164,2024.11.30,33
ST_102,IT_165,2024.11.01,255
ST_102,IT_165,2024.11.02,255
ST_102,IT_165,2024.11.03,255
ST_102,IT_165,2024.11.04,255
ST_102,IT_165,2024.11.05,255
ST_102,IT_165,2024.11.06,255
ST_102,IT_165,2024.11.07,255
ST_102,IT_165,2024.11.08,255
ST_102,IT_165,2024.11.09,255
ST_102,IT_165,2024.11.10,255
ST_102,IT_165,2024.11.11,255
ST_102,IT_165,2024.11.12,255
ST_102,IT_165,2024.11.13,255
ST_102,IT_165,2024.11.14,255
ST_102,IT_165,2024.11.15,255
ST_102,IT_165,2024.11.16,255
ST_102,IT_165,2024.11.17,255
ST_102,IT_165,2024.11.18,255
ST_102,IT_165,2024.11.19,255
ST_102,IT_165,2024.11.20,255
ST_102,IT_165,2024.11.21,255
ST_102,IT_165,2024.11.22,255
ST_102,IT_165,2024.11.23,255
ST_102,IT_165,2024.11.24,255
ST_102,IT_165,2024.11.25,255
ST_102,IT_165,2024.11.26,255
ST_102,IT_165,2024.11.27,255
ST_102,IT_165,2024.11.28,255
ST_102,IT_165,2024.11.29,255
ST_102,IT_165,2024.11.30,255
ST_102,IT_167,2024.11.01,12
ST_102,IT_167,2024.11.02,12
ST_102,IT_167,2024.11.03,12
ST_102,IT_167,2024.11.04,12
ST_102,IT_167,2024.11.05,12
ST_102,IT_167,2024.11.06,12
ST_102,IT_167,2024.11.07,12
ST_102,IT_167,2024.11.08,12
ST_102,IT_167,2024.11.09,12
ST_102,IT_167,2024.11.10,12
ST_102,IT_167,2024.11.11,12
ST_102,IT_167,2024.11.12,12
ST_102,IT_167,2024.11.13,12
ST_102,IT_167,2024.11.14,12
ST_102,IT_167,2024.11.15,12
ST_102,IT_167,2024.11.16,12
ST_102,IT_167,2024.11.17,12
ST_102,IT_167,2024.11.18,12
ST_102,IT_167,2024.11.19,12
ST_102,IT_167,2024.11.20,12
ST_102,IT_167,2024.11.21,12
ST_102,IT_167,2024.11.22,12
ST_102,IT_167,2024.11.23,12
ST_102,IT_167,2024.11.24,12
ST_102,IT_167,2024.11.25,12
ST_102,IT_167,2024.11.26,12
ST_102,IT_167,2024.11.27,12
ST_102,IT_167,2024.11.28,12
ST_102,IT_167,2024.11.29,12
ST_102,IT_167,2024.11.30,12
ST_102,IT_168,2024.11.01,17
ST_102,IT_168,2024.11.02,17
ST_102,IT_168,2024.11.03,17
ST_102,IT_168,2024.11.04,17
ST_102,IT_168,2024.11.05,17
ST_102,IT_168,2024.11.06,17
ST_102,IT_168,2024.11.07,17
ST_102,IT_168,2024.11.08,17
ST_102,IT_168,2024.11.09,17
ST_102,IT_168,2024.11.10,17
ST_102,IT_168,2024.11.11,17
ST_102,IT_168,2024.11.12,17
ST_102,IT_168,2024.11.13,17
ST_102,IT_168,2024.11.14,17
ST_102,IT_168,2024.11.15,17
ST_102,IT_168,2024.11.16,17
ST_102,IT_168,2024.11.17,17
ST_102,IT_168,2024.11.18,17
ST_102,IT_168,2024.11.19,17
ST_102,IT_168,2024.11.20,17
ST_102,IT_168,2024.11.21,17
ST_102,IT_168,2024.11.22,17
ST_102,IT_168,2024.11.23,17
ST_102,IT_168,2024.11.24,17
ST_102,IT_168,2024.11.25,17
ST_102,IT_168,2024.11.26,17
ST_102,IT_168,2024.11.27,17
ST_102,IT_168,2024.11.28,17
ST_102,IT_168,2024.11.29,17
ST_102,IT_168,2024.11.30,17
ST_102,IT_169,2024.11.01,15
ST_102,IT_169,2024.11.02,15
ST_102,IT_169,2024.11.03,15
ST_102,IT_169,2024.11.04,15
ST_102,IT_169,2024.11.05,15
ST_102,IT_169,2024.11.06,15
ST_102,IT_169,2024.11.07,15
ST_102,IT_169,2024.11.08,15
ST_102,IT_169,2024.11.09,15
ST_102,IT_169,2024.11.10,15
ST_102,IT_169,2024.11.11,15
ST_102,IT_169,2024.11.12,15
ST_102,IT_169,2024.11.13,15
ST_102,IT_169,2024.11.14,15
ST_102,IT_169,2024.11.15,15
ST_102,IT_169,2024.11.16,15
ST_102,IT_169,2024.11.17,15
ST_102,IT_169,2024.11.18,15
ST_102,IT_169,2024.11.19,15
ST_102,IT_169,2024.11.20,15
ST_102,IT_169,2024.11.21,15
ST_102,IT_169,2024.11.22,15
ST_102,IT_169,2024.11.23,15
ST_102,IT_169,2024.11.24,15
ST_102,IT_169,2024.11.25,15
ST_102,IT_169,2024.11.26,15
ST_102,IT_169,2024.11.27,15
ST_102,IT_169,2024.11.28,15
ST_102,IT_169,2024.11.29,15
ST_102,IT_169,2024.11.30,15
ST_102,IT_170,2024.11.01,16
ST_102,IT_170,2024.11.02,16
ST_102,IT_170,2024.11.03,16
ST_102,IT_170,2024.11.04,16
ST_102,IT_170,2024.11.05,16
ST_102,IT_170,2024.11.06,16
ST_102,IT_170,2024.11.07,16
ST_102,IT_170,2024.11.08,16
ST_102,IT_170,2024.11.09,16
ST_102,IT_170,2024.11.10,16
ST_102,IT_170,2024.11.11,16
ST_102,IT_170,2024.11.12,16
ST_102,IT_170,2024.11.13,16
ST_102,IT_170,2024.11.14,16
ST_102,IT_170,2024.11.15,16
ST_102,IT_170,2024.11.16,16
ST_102,IT_170,2024.11.17,16
ST_102,IT_170,2024.11.18,16
ST_102,IT_170,2024.11.19,16
ST_102,IT_170,2024.11.20,16
ST_102,IT_170,2024.11.21,16
ST_102,IT_170,2024.11.22,16
ST_102,IT_170,2024.11.23,16
ST_102,IT_170,2024.11.24,16
ST_102,IT_170,2024.11.25,16
ST_102,IT_170,2024.11.26,16
ST_102,IT_170,2024.11.27,16
ST_102,IT_170,2024.11.28,16
ST_102,IT_170,2024.11.29,16
ST_102,IT_170,2024.11.30,16
ST_102,IT_171,2024.11.01,23
ST_102,IT_171,2024.11.02,23
ST_102,IT_171,2024.11.03,23
ST_102,IT_171,2024.11.04,23
ST_102,IT_171,2024.11.05,23
ST_102,IT_171,2024.11.06,23
ST_102,IT_171,2024.11.07,23
ST_102,IT_171,2024.11.08,23
ST_102,IT_171,2024.11.09,23
ST_102,IT_171,2024.11.10,23
ST_102,IT_171,2024.11.11,23
ST_102,IT_171,2024.11.12,23
ST_102,IT_171,2024.11.13,23
ST_102,IT_171,2024.11.14,23
ST_102,IT_171,2024.11.15,23
ST_102,IT_171,2024.11.16,23
ST_102,IT_171,2024.11.17,23
ST_102,IT_171,2024.11.18,23
ST_102,IT_171,2024.11.19,23
ST_102,IT_171,2024.11.20,23
ST_102,IT_171,2024.11.21,23
ST_102,IT_171,2024.11.22,23
ST_102,IT_171,2024.11.23,23
ST_102,IT_171,2024.11.24,23
ST_102,IT_171,2024.11.25,23
ST_102,IT_171,2024.11.26,23
ST_102,IT_171,2024.11.27,23
ST_102,IT_171,2024.11.28,23
ST_102,IT_171,2024.11.29,23
ST_102,IT_171,2024.11.30,23
ST_102,IT_101,2024.12.01,4000
ST_102,IT_101,2024.12.02,4000
ST_102,IT_101,2024.12.03,4000
ST_102,IT_101,2024.12.04,4000
ST_102,IT_101,2024.12.05,4000
ST_102,IT_101,2024.12.06,4000
ST_102,IT_101,2024.12.07,4000
ST_102,IT_101,2024.12.08,4000
ST_102,IT_101,2024.12.09,4000
ST_102,IT_101,2024.12.10,4000
ST_102,IT_101,2024.12.11,4000
ST_102,IT_101,2024.12.12,4000
ST_102,IT_101,2024.12.13,4000
ST_102,IT_101,2024.12.14,4000
ST_102,IT_101,2024.12.15,4000
ST_102,IT_101,2024.12.16,4000
ST_102,IT_101,2024.12.17,4000
ST_102,IT_101,2024.12.18,4000
ST_102,IT_101,2024.12.19,4000
ST_102,IT_101,2024.12.20,4000
ST_102,IT_101,2024.12.21,4000
ST_102,IT_101,2024.12.22,4000
ST_102,IT_101,2024.12.23,4000
ST_102,IT_101,2024.12.24,4000
ST_102,IT_101,2024.12.25,4000
ST_102,IT_101,2024.12.26,4000
ST_102,IT_101,2024.12.27,4000
ST_102,IT_101,2024.12.28,4000
ST_102,IT_101,2024.12.29,4000
ST_102,IT_101,2024.12.30,4000
ST_102,IT_101,2024.12.31,4000
ST_102,IT_102,2024.12.01,1000
ST_102,IT_102,2024.12.02,1000
ST_102,IT_102,2024.12.03,1000
ST_102,IT_102,2024.12.04,1000
ST_102,IT_102,2024.12.05,1000
ST_102,IT_102,2024.12.06,1000
ST_102,IT_102,2024.12.07,1000
ST_102,IT_102,2024.12.08,1000
ST_102,IT_102,2024.12.09,1000
ST_102,IT_102,2024.12.10,1000
ST_102,IT_102,2024.12.11,1000
ST_102,IT_102,2024.12.12,1000
ST_102,IT_102,2024.12.13,1000
ST_102,IT_102,2024.12.14,1000
ST_102,IT_102,2024.12.15,1000
ST_102,IT_102,2024.12.16,1000
ST_102,IT_102,2024.12.17,1000
ST_102,IT_102,2024.12.18,1000
ST_102,IT_102,2024.12.19,1000
ST_102,IT_102,2024.12.20,1000
ST_102,IT_102,2024.12.21,1000
ST_102,IT_102,2024.12.22,1000
ST_102,IT_102,2024.12.23,1000
ST_102,IT_102,2024.12.24,1000
ST_102,IT_102,2024.12.25,1000
ST_102,IT_102,2024.12.26,1000
ST_102,IT_102,2024.12.27,1000
ST_102,IT_102,2024.12.28,1000
ST_102,IT_102,2024.12.29,1000
ST_102,IT_102,2024.12.30,1000
ST_102,IT_102,2024.12.31,1000
ST_102,IT_103,2024.12.01,4000
ST_102,IT_103,2024.12.02,4000
ST_102,IT_103,2024.12.03,4000
ST_102,IT_103,2024.12.04,4000
ST_102,IT_103,2024.12.05,4000
ST_102,IT_103,2024.12.06,4000
ST_102,IT_103,2024.12.07,4000
ST_102,IT_103,2024.12.08,4000
ST_102,IT_103,2024.12.09,4000
ST_102,IT_103,2024.12.10,4000
ST_102,IT_103,2024.12.11,4000
ST_102,IT_103,2024.12.12,4000
ST_102,IT_103,2024.12.13,4000
ST_102,IT_103,2024.12.14,4000
ST_102,IT_103,2024.12.15,4000
ST_102,IT_103,2024.12.16,4000
ST_102,IT_103,2024.12.17,4000
ST_102,IT_103,2024.12.18,4000
ST_102,IT_103,2024.12.19,4000
ST_102,IT_103,2024.12.20,4000
ST_102,IT_103,2024.12.21,4000
ST_102,IT_103,2024.12.22,4000
ST_102,IT_103,2024.12.23,4000
ST_102,IT_103,2024.12.24,4000
ST_102,IT_103,2024.12.25,4000
ST_102,IT_103,2024.12.26,4000
ST_102,IT_103,2024.12.27,4000
ST_102,IT_103,2024.12.28,4000
ST_102,IT_103,2024.12.29,4000
ST_102,IT_103,2024.12.30,4000
ST_102,IT_103,2024.12.31,4000
ST_102,IT_104,2024.12.01,0
ST_102,IT_104,2024.12.02,0
ST_102,IT_104,2024.12.03,0
ST_102,IT_104,2024.12.04,0
ST_102,IT_104,2024.12.05,0
ST_102,IT_104,2024.12.06,0
ST_102,IT_104,2024.12.07,0
ST_102,IT_104,2024.12.08,0
ST_102,IT_104,2024.12.09,0
ST_102,IT_104,2024.12.10,0
ST_102,IT_104,2024.12.11,0
ST_102,IT_104,2024.12.12,0
ST_102,IT_104,2024.12.13,0
ST_102,IT_104,2024.12.14,0
ST_102,IT_104,2024.12.15,0
ST_102,IT_104,2024.12.16,0
ST_102,IT_104,2024.12.17,0
ST_102,IT_104,2024.12.18,0
ST_102,IT_104,2024.12.19,0
ST_102,IT_104,2024.12.20,0
ST_102,IT_104,2024.12.21,0
ST_102,IT_104,2024.12.22,0
ST_102,IT_104,2024.12.23,0
ST_102,IT_104,2024.12.24,0
ST_102,IT_104,2024.12.25,0
ST_102,IT_104,2024.12.26,0
ST_102,IT_104,2024.12.27,0
ST_102,IT_104,2024.12.28,0
ST_102,IT_104,2024.12.29,0
ST_102,IT_104,2024.12.30,0
ST_102,IT_104,2024.12.31,0
ST_102,IT_105,2024.12.01,6000
ST_102,IT_105,2024.12.02,6000
ST_102,IT_105,2024.12.03,6000
ST_102,IT_105,2024.12.04,6000
ST_102,IT_105,2024.12.05,6000
ST_102,IT_105,2024.12.06,6000
ST_102,IT_105,2024.12.07,6000
ST_102,IT_105,2024.12.08,6000
ST_102,IT_105,2024.12.09,6000
ST_102,IT_105,2024.12.10,6000
ST_102,IT_105,2024.12.11,6000
ST_102,IT_105,2024.12.12,6000
ST_102,IT_105,2024.12.13,6000
ST_102,IT_105,2024.12.14,6000
ST_102,IT_105,2024.12.15,6000
ST_102,IT_105,2024.12.16,6000
ST_102,IT_105,2024.12.17,6000
ST_102,IT_105,2024.12.18,6000
ST_102,IT_105,2024.12.19,6000
ST_102,IT_105,2024.12.20,6000
ST_102,IT_105,2024.12.21,6000
ST_102,IT_105,2024.12.22,6000
ST_102,IT_105,2024.12.23,6000
ST_102,IT_105,2024.12.24,6000
ST_102,IT_105,2024.12.25,6000
ST_102,IT_105,2024.12.26,6000
ST_102,IT_105,2024.12.27,6000
ST_102,IT_105,2024.12.28,6000
ST_102,IT_105,2024.12.29,6000
ST_102,IT_105,2024.12.30,6000
ST_102,IT_105,2024.12.31,6000
ST_102,IT_106,2024.12.01,4000
ST_102,IT_106,2024.12.02,4000
ST_102,IT_106,2024.12.03,4000
ST_102,IT_106,2024.12.04,4000
ST_102,IT_106,2024.12.05,4000
ST_102,IT_106,2024.12.06,4000
ST_102,IT_106,2024.12.07,4000
ST_102,IT_106,2024.12.08,4000
ST_102,IT_106,2024.12.09,4000
ST_102,IT_106,2024.12.10,4000
ST_102,IT_106,2024.12.11,4000
ST_102,IT_106,2024.12.12,4000
ST_102,IT_106,2024.12.13,4000
ST_102,IT_106,2024.12.14,4000
ST_102,IT_106,2024.12.15,4000
ST_102,IT_106,2024.12.16,4000
ST_102,IT_106,2024.12.17,4000
ST_102,IT_106,2024.12.18,4000
ST_102,IT_106,2024.12.19,4000
ST_102,IT_106,2024.12.20,4000
ST_102,IT_106,2024.12.21,4000
ST_102,IT_106,2024.12.22,4000
ST_102,IT_106,2024.12.23,4000
ST_102,IT_106,2024.12.24,4000
ST_102,IT_106,2024.12.25,4000
ST_102,IT_106,2024.12.26,4000
ST_102,IT_106,2024.12.27,4000
ST_102,IT_106,2024.12.28,4000
ST_102,IT_106,2024.12.29,4000
ST_102,IT_106,2024.12.30,4000
ST_102,IT_106,2024.12.31,4000
ST_102,IT_107,2024.12.01,6000
ST_102,IT_107,2024.12.02,6000
ST_102,IT_107,2024.12.03,6000
ST_102,IT_107,2024.12.04,6000
ST_102,IT_107,2024.12.05,6000
ST_102,IT_107,2024.12.06,6000
ST_102,IT_107,2024.12.07,6000
ST_102,IT_107,2024.12.08,6000
ST_102,IT_107,2024.12.09,6000
ST_102,IT_107,2024.12.10,6000
ST_102,IT_107,2024.12.11,6000
ST_102,IT_107,2024.12.12,6000
ST_102,IT_107,2024.12.13,6000
ST_102,IT_107,2024.12.14,6000
ST_102,IT_107,2024.12.15,6000
ST_102,IT_107,2024.12.16,6000
ST_102,IT_107,2024.12.17,6000
ST_102,IT_107,2024.12.18,6000
ST_102,IT_107,2024.12.19,6000
ST_102,IT_107,2024.12.20,6000
ST_102,IT_107,2024.12.21,6000
ST_102,IT_107,2024.12.22,6000
ST_102,IT_107,2024.12.23,6000
ST_102,IT_107,2024.12.24,6000
ST_102,IT_107,2024.12.25,6000
ST_102,IT_107,2024.12.26,6000
ST_102,IT_107,2024.12.27,6000
ST_102,IT_107,2024.12.28,6000
ST_102,IT_107,2024.12.29,6000
ST_102,IT_107,2024.12.30,6000
ST_102,IT_107,2024.12.31,6000
ST_102,IT_108,2024.12.01,3000
ST_102,IT_108,2024.12.02,3000
ST_102,IT_108,2024.12.03,3000
ST_102,IT_108,2024.12.04,3000
ST_102,IT_108,2024.12.05,3000
ST_102,IT_108,2024.12.06,3000
ST_102,IT_108,2024.12.07,3000
ST_102,IT_108,2024.12.08,3000
ST_102,IT_108,2024.12.09,3000
ST_102,IT_108,2024.12.10,3000
ST_102,IT_108,2024.12.11,3000
ST_102,IT_108,2024.12.12,3000
ST_102,IT_108,2024.12.13,3000
ST_102,IT_108,2024.12.14,3000
ST_102,IT_108,2024.12.15,3000
ST_102,IT_108,2024.12.16,3000
ST_102,IT_108,2024.12.17,3000
ST_102,IT_108,2024.12.18,3000
ST_102,IT_108,2024.12.19,3000
ST_102,IT_108,2024.12.20,3000
ST_102,IT_108,2024.12.21,3000
ST_102,IT_108,2024.12.22,3000
ST_102,IT_108,2024.12.23,3000
ST_102,IT_108,2024.12.24,3000
ST_102,IT_108,2024.12.25,3000
ST_102,IT_108,2024.12.26,3000
ST_102,IT_108,2024.12.27,3000
ST_102,IT_108,2024.12.28,3000
ST_102,IT_108,2024.12.29,3000
ST_102,IT_108,2024.12.30,3000
ST_102,IT_108,2024.12.31,3000
ST_102,IT_109,2024.12.01,0
ST_102,IT_109,2024.12.02,0
ST_102,IT_109,2024.12.03,0
ST_102,IT_109,2024.12.04,0
ST_102,IT_109,2024.12.05,0
ST_102,IT_109,2024.12.06,0
ST_102,IT_109,2024.12.07,0
ST_102,IT_109,2024.12.08,0
ST_102,IT_109,2024.12.09,0
ST_102,IT_109,2024.12.10,0
ST_102,IT_109,2024.12.11,0
ST_102,IT_109,2024.12.12,0
ST_102,IT_109,2024.12.13,0
ST_102,IT_109,2024.12.14,0
ST_102,IT_109,2024.12.15,0
ST_102,IT_109,2024.12.16,0
ST_102,IT_109,2024.12.17,0
ST_102,IT_109,2024.12.18,0
ST_102,IT_109,2024.12.19,0
ST_102,IT_109,2024.12.20,0
ST_102,IT_109,2024.12.21,0
ST_102,IT_109,2024.12.22,0
ST_102,IT_109,2024.12.23,0
ST_102,IT_109,2024.12.24,0
ST_102,IT_109,2024.12.25,0
ST_102,IT_109,2024.12.26,0
ST_102,IT_109,2024.12.27,0
ST_102,IT_109,2024.12.28,0
ST_102,IT_109,2024.12.29,0
ST_102,IT_109,2024.12.30,0
ST_102,IT_109,2024.12.31,0
ST_102,IT_110,2024.12.01,3000
ST_102,IT_110,2024.12.02,3000
ST_102,IT_110,2024.12.03,3000
ST_102,IT_110,2024.12.04,3000
ST_102,IT_110,2024.12.05,3000
ST_102,IT_110,2024.12.06,3000
ST_102,IT_110,2024.12.07,3000
ST_102,IT_110,2024.12.08,3000
ST_102,IT_110,2024.12.09,3000
ST_102,IT_110,2024.12.10,3000
ST_102,IT_110,2024.12.11,3000
ST_102,IT_110,2024.12.12,3000
ST_102,IT_110,2024.12.13,3000
ST_102,IT_110,2024.12.14,3000
ST_102,IT_110,2024.12.15,3000
ST_102,IT_110,2024.12.16,3000
ST_102,IT_110,2024.12.17,3000
ST_102,IT_110,2024.12.18,3000
ST_102,IT_110,2024.12.19,3000
ST_102,IT_110,2024.12.20,3000
ST_102,IT_110,2024.12.21,3000
ST_102,IT_110,2024.12.22,3000
ST_102,IT_110,2024.12.23,3000
ST_102,IT_110,2024.12.24,3000
ST_102,IT_110,2024.12.25,3000
ST_102,IT_110,2024.12.26,3000
ST_102,IT_110,2024.12.27,3000
ST_102,IT_110,2024.12.28,3000
ST_102,IT_110,2024.12.29,3000
ST_102,IT_110,2024.12.30,3000
ST_102,IT_110,2024.12.31,3000
ST_102,IT_111,2024.12.01,4000
ST_102,IT_111,2024.12.02,4000
ST_102,IT_111,2024.12.03,4000
ST_102,IT_111,2024.12.04,4000
ST_102,IT_111,2024.12.05,4000
ST_102,IT_111,2024.12.06,4000
ST_102,IT_111,2024.12.07,4000
ST_102,IT_111,2024.12.08,4000
ST_102,IT_111,2024.12.09,4000
ST_102,IT_111,2024.12.10,4000
ST_102,IT_111,2024.12.11,4000
ST_102,IT_111,2024.12.12,4000
ST_102,IT_111,2024.12.13,4000
ST_102,IT_111,2024.12.14,4000
ST_102,IT_111,2024.12.15,4000
ST_102,IT_111,2024.12.16,4000
ST_102,IT_111,2024.12.17,4000
ST_102,IT_111,2024.12.18,4000
ST_102,IT_111,2024.12.19,4000
ST_102,IT_111,2024.12.20,4000
ST_102,IT_111,2024.12.21,4000
ST_102,IT_111,2024.12.22,4000
ST_102,IT_111,2024.12.23,4000
ST_102,IT_111,2024.12.24,4000
ST_102,IT_111,2024.12.25,4000
ST_102,IT_111,2024.12.26,4000
ST_102,IT_111,2024.12.27,4000
ST_102,IT_111,2024.12.28,4000
ST_102,IT_111,2024.12.29,4000
ST_102,IT_111,2024.12.30,4000
ST_102,IT_111,2024.12.31,4000
ST_102,IT_112,2024.12.01,11000
ST_102,IT_112,2024.12.02,11000
ST_102,IT_112,2024.12.03,11000
ST_102,IT_112,2024.12.04,11000
ST_102,IT_112,2024.12.05,11000
ST_102,IT_112,2024.12.06,11000
ST_102,IT_112,2024.12.07,11000
ST_102,IT_112,2024.12.08,11000
ST_102,IT_112,2024.12.09,11000
ST_102,IT_112,2024.12.10,11000
ST_102,IT_112,2024.12.11,11000
ST_102,IT_112,2024.12.12,11000
ST_102,IT_112,2024.12.13,11000
ST_102,IT_112,2024.12.14,11000
ST_102,IT_112,2024.12.15,11000
ST_102,IT_112,2024.12.16,11000
ST_102,IT_112,2024.12.17,11000
ST_102,IT_112,2024.12.18,11000
ST_102,IT_112,2024.12.19,11000
ST_102,IT_112,2024.12.20,11000
ST_102,IT_112,2024.12.21,11000
ST_102,IT_112,2024.12.22,11000
ST_102,IT_112,2024.12.23,11000
ST_102,IT_112,2024.12.24,11000
ST_102,IT_112,2024.12.25,11000
ST_102,IT_112,2024.12.26,11000
ST_102,IT_112,2024.12.27,11000
ST_102,IT_112,2024.12.28,11000
ST_102,IT_112,2024.12.29,11000
ST_102,IT_112,2024.12.30,11000
ST_102,IT_112,2024.12.31,11000
ST_102,IT_113,2024.12.01,5000
ST_102,IT_113,2024.12.02,5000
ST_102,IT_113,2024.12.03,5000
ST_102,IT_113,2024.12.04,5000
ST_102,IT_113,2024.12.05,5000
ST_102,IT_113,2024.12.06,5000
ST_102,IT_113,2024.12.07,5000
ST_102,IT_113,2024.12.08,5000
ST_102,IT_113,2024.12.09,5000
ST_102,IT_113,2024.12.10,5000
ST_102,IT_113,2024.12.11,5000
ST_102,IT_113,2024.12.12,5000
ST_102,IT_113,2024.12.13,5000
ST_102,IT_113,2024.12.14,5000
ST_102,IT_113,2024.12.15,5000
ST_102,IT_113,2024.12.16,5000
ST_102,IT_113,2024.12.17,5000
ST_102,IT_113,2024.12.18,5000
ST_102,IT_113,2024.12.19,5000
ST_102,IT_113,2024.12.20,5000
ST_102,IT_113,2024.12.21,5000
ST_102,IT_113,2024.12.22,5000
ST_102,IT_113,2024.12.23,5000
ST_102,IT_113,2024.12.24,5000
ST_102,IT_113,2024.12.25,5000
ST_102,IT_113,2024.12.26,5000
ST_102,IT_113,2024.12.27,5000
ST_102,IT_113,2024.12.28,5000
ST_102,IT_113,2024.12.29,5000
ST_102,IT_113,2024.12.30,5000
ST_102,IT_113,2024.12.31,5000
ST_102,IT_114,2024.12.01,6000
ST_102,IT_114,2024.12.02,6000
ST_102,IT_114,2024.12.03,6000
ST_102,IT_114,2024.12.04,6000
ST_102,IT_114,2024.12.05,6000
ST_102,IT_114,2024.12.06,6000
ST_102,IT_114,2024.12.07,6000
ST_102,IT_114,2024.12.08,6000
ST_102,IT_114,2024.12.09,6000
ST_102,IT_114,2024.12.10,6000
ST_102,IT_114,2024.12.11,6000
ST_102,IT_114,2024.12.12,6000
ST_102,IT_114,2024.12.13,6000
ST_102,IT_114,2024.12.14,6000
ST_102,IT_114,2024.12.15,6000
ST_102,IT_114,2024.12.16,6000
ST_102,IT_114,2024.12.17,6000
ST_102,IT_114,2024.12.18,6000
ST_102,IT_114,2024.12.19,6000
ST_102,IT_114,2024.12.20,6000
ST_102,IT_114,2024.12.21,6000
ST_102,IT_114,2024.12.22,6000
ST_102,IT_114,2024.12.23,6000
ST_102,IT_114,2024.12.24,6000
ST_102,IT_114,2024.12.25,6000
ST_102,IT_114,2024.12.26,6000
ST_102,IT_114,2024.12.27,6000
ST_102,IT_114,2024.12.28,6000
ST_102,IT_114,2024.12.29,6000
ST_102,IT_114,2024.12.30,6000
ST_102,IT_114,2024.12.31,6000
ST_102,IT_115,2024.12.01,3500
ST_102,IT_115,2024.12.02,3500
ST_102,IT_115,2024.12.03,3500
ST_102,IT_115,2024.12.04,3500
ST_102,IT_115,2024.12.05,3500
ST_102,IT_115,2024.12.06,3500
ST_102,IT_115,2024.12.07,3500
ST_102,IT_115,2024.12.08,3500
ST_102,IT_115,2024.12.09,3500
ST_102,IT_115,2024.12.10,3500
ST_102,IT_115,2024.12.11,3500
ST_102,IT_115,2024.12.12,3500
ST_102,IT_115,2024.12.13,3500
ST_102,IT_115,2024.12.14,3500
ST_102,IT_115,2024.12.15,3500
ST_102,IT_115,2024.12.16,3500
ST_102,IT_115,2024.12.17,3500
ST_102,IT_115,2024.12.18,3500
ST_102,IT_115,2024.12.19,3500
ST_102,IT_115,2024.12.20,3500
ST_102,IT_115,2024.12.21,3500
ST_102,IT_115,2024.12.22,3500
ST_102,IT_115,2024.12.23,3500
ST_102,IT_115,2024.12.24,3500
ST_102,IT_115,2024.12.25,3500
ST_102,IT_115,2024.12.26,3500
ST_102,IT_115,2024.12.27,3500
ST_102,IT_115,2024.12.28,3500
ST_102,IT_115,2024.12.29,3500
ST_102,IT_115,2024.12.30,3500
ST_102,IT_115,2024.12.31,3500
ST_102,IT_116,2024.12.01,4600
ST_102,IT_116,2024.12.02,4600
ST_102,IT_116,2024.12.03,4600
ST_102,IT_116,2024.12.04,4600
ST_102,IT_116,2024.12.05,4600
ST_102,IT_116,2024.12.06,4600
ST_102,IT_116,2024.12.07,4600
ST_102,IT_116,2024.12.08,4600
ST_102,IT_116,2024.12.09,4600
ST_102,IT_116,2024.12.10,4600
ST_102,IT_116,2024.12.11,4600
ST_102,IT_116,2024.12.12,4600
ST_102,IT_116,2024.12.13,4600
ST_102,IT_116,2024.12.14,4600
ST_102,IT_116,2024.12.15,4600
ST_102,IT_116,2024.12.16,4600
ST_102,IT_116,2024.12.17,4600
ST_102,IT_116,2024.12.18,4600
ST_102,IT_116,2024.12.19,4600
ST_102,IT_116,2024.12.20,4600
ST_102,IT_116,2024.12.21,4600
ST_102,IT_116,2024.12.22,4600
ST_102,IT_116,2024.12.23,4600
ST_102,IT_116,2024.12.24,4600
ST_102,IT_116,2024.12.25,4600
ST_102,IT_116,2024.12.26,4600
ST_102,IT_116,2024.12.27,4600
ST_102,IT_116,2024.12.28,4600
ST_102,IT_116,2024.12.29,4600
ST_102,IT_116,2024.12.30,4600
ST_102,IT_116,2024.12.31,4600
ST_102,IT_117,2024.12.01,3800
ST_102,IT_117,2024.12.02,3800
ST_102,IT_117,2024.12.03,3800
ST_102,IT_117,2024.12.04,3800
ST_102,IT_117,2024.12.05,3800
ST_102,IT_117,2024.12.06,3800
ST_102,IT_117,2024.12.07,3800
ST_102,IT_117,2024.12.08,3800
ST_102,IT_117,2024.12.09,3800
ST_102,IT_117,2024.12.10,3800
ST_102,IT_117,2024.12.11,3800
ST_102,IT_117,2024.12.12,3800
ST_102,IT_117,2024.12.13,3800
ST_102,IT_117,2024.12.14,3800
ST_102,IT_117,2024.12.15,3800
ST_102,IT_117,2024.12.16,3800
ST_102,IT_117,2024.12.17,3800
ST_102,IT_117,2024.12.18,3800
ST_102,IT_117,2024.12.19,3800
ST_102,IT_117,2024.12.20,3800
ST_102,IT_117,2024.12.21,3800
ST_102,IT_117,2024.12.22,3800
ST_102,IT_117,2024.12.23,3800
ST_102,IT_117,2024.12.24,3800
ST_102,IT_117,2024.12.25,3800
ST_102,IT_117,2024.12.26,3800
ST_102,IT_117,2024.12.27,3800
ST_102,IT_117,2024.12.28,3800
ST_102,IT_117,2024.12.29,3800
ST_102,IT_117,2024.12.30,3800
ST_102,IT_117,2024.12.31,3800
ST_102,IT_118,2024.12.01,600
ST_102,IT_118,2024.12.02,600
ST_102,IT_118,2024.12.03,600
ST_102,IT_118,2024.12.04,600
ST_102,IT_118,2024.12.05,600
ST_102,IT_118,2024.12.06,600
ST_102,IT_118,2024.12.07,600
ST_102,IT_118,2024.12.08,600
ST_102,IT_118,2024.12.09,600
ST_102,IT_118,2024.12.10,600
ST_102,IT_118,2024.12.11,600
ST_102,IT_118,2024.12.12,600
ST_102,IT_118,2024.12.13,600
ST_102,IT_118,2024.12.14,600
ST_102,IT_118,2024.12.15,600
ST_102,IT_118,2024.12.16,600
ST_102,IT_118,2024.12.17,600
ST_102,IT_118,2024.12.18,600
ST_102,IT_118,2024.12.19,600
ST_102,IT_118,2024.12.20,600
ST_102,IT_118,2024.12.21,600
ST_102,IT_118,2024.12.22,600
ST_102,IT_118,2024.12.23,600
ST_102,IT_118,2024.12.24,600
ST_102,IT_118,2024.12.25,600
ST_102,IT_118,2024.12.26,600
ST_102,IT_118,2024.12.27,600
ST_102,IT_118,2024.12.28,600
ST_102,IT_118,2024.12.29,600
ST_102,IT_118,2024.12.30,600
ST_102,IT_118,2024.12.31,600
ST_102,IT_119,2024.12.01,32000
ST_102,IT_119,2024.12.02,32000
ST_102,IT_119,2024.12.03,32000
ST_102,IT_119,2024.12.04,32000
ST_102,IT_119,2024.12.05,32000
ST_102,IT_119,2024.12.06,32000
ST_102,IT_119,2024.12.07,32000
ST_102,IT_119,2024.12.08,32000
ST_102,IT_119,2024.12.09,32000
ST_102,IT_119,2024.12.10,32000
ST_102,IT_119,2024.12.11,32000
ST_102,IT_119,2024.12.12,32000
ST_102,IT_119,2024.12.13,32000
ST_102,IT_119,2024.12.14,32000
ST_102,IT_119,2024.12.15,32000
ST_102,IT_119,2024.12.16,32000
ST_102,IT_119,2024.12.17,32000
ST_102,IT_119,2024.12.18,32000
ST_102,IT_119,2024.12.19,32000
ST_102,IT_119,2024.12.20,32000
ST_102,IT_119,2024.12.21,32000
ST_102,IT_119,2024.12.22,32000
ST_102,IT_119,2024.12.23,32000
ST_102,IT_119,2024.12.24,32000
ST_102,IT_119,2024.12.25,32000
ST_102,IT_119,2024.12.26,32000
ST_102,IT_119,2024.12.27,32000
ST_102,IT_119,2024.12.28,32000
ST_102,IT_119,2024.12.29,32000
ST_102,IT_119,2024.12.30,32000
ST_102,IT_119,2024.12.31,32000
ST_102,IT_120,2024.12.01,3
ST_102,IT_120,2024.12.02,3
ST_102,IT_120,2024.12.03,3
ST_102,IT_120,2024.12.04,3
ST_102,IT_120,2024.12.05,3
ST_102,IT_120,2024.12.06,3
ST_102,IT_120,2024.12.07,3
ST_102,IT_120,2024.12.08,3
ST_102,IT_120,2024.12.09,3
ST_102,IT_120,2024.12.10,3
ST_102,IT_120,2024.12.11,3
ST_102,IT_120,2024.12.12,3
ST_102,IT_120,2024.12.13,3
ST_102,IT_120,2024.12.14,3
ST_102,IT_120,2024.12.15,3
ST_102,IT_120,2024.12.16,3
ST_102,IT_120,2024.12.17,3
ST_102,IT_120,2024.12.18,3
ST_102,IT_120,2024.12.19,3
ST_102,IT_120,2024.12.20,3
ST_102,IT_120,2024.12.21,3
ST_102,IT_120,2024.12.22,3
ST_102,IT_120,2024.12.23,3
ST_102,IT_120,2024.12.24,3
ST_102,IT_120,2024.12.25,3
ST_102,IT_120,2024.12.26,3
ST_102,IT_120,2024.12.27,3
ST_102,IT_120,2024.12.28,3
ST_102,IT_120,2024.12.29,3
ST_102,IT_120,2024.12.30,3
ST_102,IT_120,2024.12.31,3
ST_102,IT_121,2024.12.01,13000
ST_102,IT_121,2024.12.02,13000
ST_102,IT_121,2024.12.03,13000
ST_102,IT_121,2024.12.04,13000
ST_102,IT_121,2024.12.05,13000
ST_102,IT_121,2024.12.06,13000
ST_102,IT_121,2024.12.07,13000
ST_102,IT_121,2024.12.08,13000
ST_102,IT_121,2024.12.09,13000
ST_102,IT_121,2024.12.10,13000
ST_102,IT_121,2024.12.11,13000
ST_102,IT_121,2024.12.12,13000
ST_102,IT_121,2024.12.13,13000
ST_102,IT_121,2024.12.14,13000
ST_102,IT_121,2024.12.15,13000
ST_102,IT_121,2024.12.16,13000
ST_102,IT_121,2024.12.17,13000
ST_102,IT_121,2024.12.18,13000
ST_102,IT_121,2024.12.19,13000
ST_102,IT_121,2024.12.20,13000
ST_102,IT_121,2024.12.21,13000
ST_102,IT_121,2024.12.22,13000
ST_102,IT_121,2024.12.23,13000
ST_102,IT_121,2024.12.24,13000
ST_102,IT_121,2024.12.25,13000
ST_102,IT_121,2024.12.26,13000
ST_102,IT_121,2024.12.27,13000
ST_102,IT_121,2024.12.28,13000
ST_102,IT_121,2024.12.29,13000
ST_102,IT_121,2024.12.30,13000
ST_102,IT_121,2024.12.31,13000
ST_102,IT_122,2024.12.01,11000
ST_102,IT_122,2024.12.02,11000
ST_102,IT_122,2024.12.03,11000
ST_102,IT_122,2024.12.04,11000
ST_102,IT_122,2024.12.05,11000
ST_102,IT_122,2024.12.06,11000
ST_102,IT_122,2024.12.07,11000
ST_102,IT_122,2024.12.08,11000
ST_102,IT_122,2024.12.09,11000
ST_102,IT_122,2024.12.10,11000
ST_102,IT_122,2024.12.11,11000
ST_102,IT_122,2024.12.12,11000
ST_102,IT_122,2024.12.13,11000
ST_102,IT_122,2024.12.14,11000
ST_102,IT_122,2024.12.15,11000
ST_102,IT_122,2024.12.16,11000
ST_102,IT_122,2024.12.17,11000
ST_102,IT_122,2024.12.18,11000
ST_102,IT_122,2024.12.19,11000
ST_102,IT_122,2024.12.20,11000
ST_102,IT_122,2024.12.21,11000
ST_102,IT_122,2024.12.22,11000
ST_102,IT_122,2024.12.23,11000
ST_102,IT_122,2024.12.24,11000
ST_102,IT_122,2024.12.25,11000
ST_102,IT_122,2024.12.26,11000
ST_102,IT_122,2024.12.27,11000
ST_102,IT_122,2024.12.28,11000
ST_102,IT_122,2024.12.29,11000
ST_102,IT_122,2024.12.30,11000
ST_102,IT_122,2024.12.31,11000
ST_102,IT_123,2024.12.01,600
ST_102,IT_123,2024.12.02,600
ST_102,IT_123,2024.12.03,600
ST_102,IT_123,2024.12.04,600
ST_102,IT_123,2024.12.05,600
ST_102,IT_123,2024.12.06,600
ST_102,IT_123,2024.12.07,600
ST_102,IT_123,2024.12.08,600
ST_102,IT_123,2024.12.09,600
ST_102,IT_123,2024.12.10,600
ST_102,IT_123,2024.12.11,600
ST_102,IT_123,2024.12.12,600
ST_102,IT_123,2024.12.13,600
ST_102,IT_123,2024.12.14,600
ST_102,IT_123,2024.12.15,600
ST_102,IT_123,2024.12.16,600
ST_102,IT_123,2024.12.17,600
ST_102,IT_123,2024.12.18,600
ST_102,IT_123,2024.12.19,600
ST_102,IT_123,2024.12.20,600
ST_102,IT_123,2024.12.21,600
ST_102,IT_123,2024.12.22,600
ST_102,IT_123,2024.12.23,600
ST_102,IT_123,2024.12.24,600
ST_102,IT_123,2024.12.25,600
ST_102,IT_123,2024.12.26,600
ST_102,IT_123,2024.12.27,600
ST_102,IT_123,2024.12.28,600
ST_102,IT_123,2024.12.29,600
ST_102,IT_123,2024.12.30,600
ST_102,IT_123,2024.12.31,600
ST_102,IT_124,2024.12.01,20
ST_102,IT_124,2024.12.02,20
ST_102,IT_124,2024.12.03,20
ST_102,IT_124,2024.12.04,20
ST_102,IT_124,2024.12.05,20
ST_102,IT_124,2024.12.06,20
ST_102,IT_124,2024.12.07,20
ST_102,IT_124,2024.12.08,20
ST_102,IT_124,2024.12.09,20
ST_102,IT_124,2024.12.10,20
ST_102,IT_124,2024.12.11,20
ST_102,IT_124,2024.12.12,20
ST_102,IT_124,2024.12.13,20
ST_102,IT_124,2024.12.14,20
ST_102,IT_124,2024.12.15,20
ST_102,IT_124,2024.12.16,20
ST_102,IT_124,2024.12.17,20
ST_102,IT_124,2024.12.18,20
ST_102,IT_124,2024.12.19,20
ST_102,IT_124,2024.12.20,20
ST_102,IT_124,2024.12.21,20
ST_102,IT_124,2024.12.22,20
ST_102,IT_124,2024.12.23,20
ST_102,IT_124,2024.12.24,20
ST_102,IT_124,2024.12.25,20
ST_102,IT_124,2024.12.26,20
ST_102,IT_124,2024.12.27,20
ST_102,IT_124,2024.12.28,20
ST_102,IT_124,2024.12.29,20
ST_102,IT_124,2024.12.30,20
ST_102,IT_124,2024.12.31,20
ST_102,IT_125,2024.12.01,22
ST_102,IT_125,2024.12.02,22
ST_102,IT_125,2024.12.03,22
ST_102,IT_125,2024.12.04,22
ST_102,IT_125,2024.12.05,22
ST_102,IT_125,2024.12.06,22
ST_102,IT_125,2024.12.07,22
ST_102,IT_125,2024.12.08,22
ST_102,IT_125,2024.12.09,22
ST_102,IT_125,2024.12.10,22
ST_102,IT_125,2024.12.11,22
ST_102,IT_125,2024.12.12,22
ST_102,IT_125,2024.12.13,22
ST_102,IT_125,2024.12.14,22
ST_102,IT_125,2024.12.15,22
ST_102,IT_125,2024.12.16,22
ST_102,IT_125,2024.12.17,22
ST_102,IT_125,2024.12.18,22
ST_102,IT_125,2024.12.19,22
ST_102,IT_125,2024.12.20,22
ST_102,IT_125,2024.12.21,22
ST_102,IT_125,2024.12.22,22
ST_102,IT_125,2024.12.23,22
ST_102,IT_125,2024.12.24,22
ST_102,IT_125,2024.12.25,22
ST_102,IT_125,2024.12.26,22
ST_102,IT_125,2024.12.27,22
ST_102,IT_125,2024.12.28,22
ST_102,IT_125,2024.12.29,22
ST_102,IT_125,2024.12.30,22
ST_102,IT_125,2024.12.31,22
ST_102,IT_126,2024.12.01,30
ST_102,IT_126,2024.12.02,30
ST_102,IT_126,2024.12.03,30
ST_102,IT_126,2024.12.04,30
ST_102,IT_126,2024.12.05,30
ST_102,IT_126,2024.12.06,30
ST_102,IT_126,2024.12.07,30
ST_102,IT_126,2024.12.08,30
ST_102,IT_126,2024.12.09,30
ST_102,IT_126,2024.12.10,30
ST_102,IT_126,2024.12.11,30
ST_102,IT_126,2024.12.12,30
ST_102,IT_126,2024.12.13,30
ST_102,IT_126,2024.12.14,30
ST_102,IT_126,2024.12.15,30
ST_102,IT_126,2024.12.16,30
ST_102,IT_126,2024.12.17,30
ST_102,IT_126,2024.12.18,30
ST_102,IT_126,2024.12.19,30
ST_102,IT_126,2024.12.20,30
ST_102,IT_126,2024.12.21,30
ST_102,IT_126,2024.12.22,30
ST_102,IT_126,2024.12.23,30
ST_102,IT_126,2024.12.24,30
ST_102,IT_126,2024.12.25,30
ST_102,IT_126,2024.12.26,30
ST_102,IT_126,2024.12.27,30
ST_102,IT_126,2024.12.28,30
ST_102,IT_126,2024.12.29,30
ST_102,IT_126,2024.12.30,30
ST_102,IT_126,2024.12.31,30
ST_102,IT_127,2024.12.01,0
ST_102,IT_127,2024.12.02,0
ST_102,IT_127,2024.12.03,0
ST_102,IT_127,2024.12.04,0
ST_102,IT_127,2024.12.05,0
ST_102,IT_127,2024.12.06,0
ST_102,IT_127,2024.12.07,0
ST_102,IT_127,2024.12.08,0
ST_102,IT_127,2024.12.09,0
ST_102,IT_127,2024.12.10,0
ST_102,IT_127,2024.12.11,0
ST_102,IT_127,2024.12.12,0
ST_102,IT_127,2024.12.13,0
ST_102,IT_127,2024.12.14,0
ST_102,IT_127,2024.12.15,0
ST_102,IT_127,2024.12.16,0
ST_102,IT_127,2024.12.17,0
ST_102,IT_127,2024.12.18,0
ST_102,IT_127,2024.12.19,0
ST_102,IT_127,2024.12.20,0
ST_102,IT_127,2024.12.21,0
ST_102,IT_127,2024.12.22,0
ST_102,IT_127,2024.12.23,0
ST_102,IT_127,2024.12.24,0
ST_102,IT_127,2024.12.25,0
ST_102,IT_127,2024.12.26,0
ST_102,IT_127,2024.12.27,0
ST_102,IT_127,2024.12.28,0
ST_102,IT_127,2024.12.29,0
ST_102,IT_127,2024.12.30,0
ST_102,IT_127,2024.12.31,0
ST_102,IT_128,2024.12.01,23
ST_102,IT_128,2024.12.02,23
ST_102,IT_128,2024.12.03,23
ST_102,IT_128,2024.12.04,23
ST_102,IT_128,2024.12.05,23
ST_102,IT_128,2024.12.06,23
ST_102,IT_128,2024.12.07,23
ST_102,IT_128,2024.12.08,23
ST_102,IT_128,2024.12.09,23
ST_102,IT_128,2024.12.10,23
ST_102,IT_128,2024.12.11,23
ST_102,IT_128,2024.12.12,23
ST_102,IT_128,2024.12.13,23
ST_102,IT_128,2024.12.14,23
ST_102,IT_128,2024.12.15,23
ST_102,IT_128,2024.12.16,23
ST_102,IT_128,2024.12.17,23
ST_102,IT_128,2024.12.18,23
ST_102,IT_128,2024.12.19,23
ST_102,IT_128,2024.12.20,23
ST_102,IT_128,2024.12.21,23
ST_102,IT_128,2024.12.22,23
ST_102,IT_128,2024.12.23,23
ST_102,IT_128,2024.12.24,23
ST_102,IT_128,2024.12.25,23
ST_102,IT_128,2024.12.26,23
ST_102,IT_128,2024.12.27,23
ST_102,IT_128,2024.12.28,23
ST_102,IT_128,2024.12.29,23
ST_102,IT_128,2024.12.30,23
ST_102,IT_128,2024.12.31,23
ST_102,IT_129,2024.12.01,40
ST_102,IT_129,2024.12.02,40
ST_102,IT_129,2024.12.03,40
ST_102,IT_129,2024.12.04,40
ST_102,IT_129,2024.12.05,40
ST_102,IT_129,2024.12.06,40
ST_102,IT_129,2024.12.07,40
ST_102,IT_129,2024.12.08,40
ST_102,IT_129,2024.12.09,40
ST_102,IT_129,2024.12.10,40
ST_102,IT_129,2024.12.11,40
ST_102,IT_129,2024.12.12,40
ST_102,IT_129,2024.12.13,40
ST_102,IT_129,2024.12.14,40
ST_102,IT_129,2024.12.15,40
ST_102,IT_129,2024.12.16,40
ST_102,IT_129,2024.12.17,40
ST_102,IT_129,2024.12.18,40
ST_102,IT_129,2024.12.19,40
ST_102,IT_129,2024.12.20,40
ST_102,IT_129,2024.12.21,40
ST_102,IT_129,2024.12.22,40
ST_102,IT_129,2024.12.23,40
ST_102,IT_129,2024.12.24,40
ST_102,IT_129,2024.12.25,40
ST_102,IT_129,2024.12.26,40
ST_102,IT_129,2024.12.27,40
ST_102,IT_129,2024.12.28,40
ST_102,IT_129,2024.12.29,40
ST_102,IT_129,2024.12.30,40
ST_102,IT_129,2024.12.31,40
ST_102,IT_130,2024.12.01,0
ST_102,IT_130,2024.12.02,0
ST_102,IT_130,2024.12.03,0
ST_102,IT_130,2024.12.04,0
ST_102,IT_130,2024.12.05,0
ST_102,IT_130,2024.12.06,0
ST_102,IT_130,2024.12.07,0
ST_102,IT_130,2024.12.08,0
ST_102,IT_130,2024.12.09,0
ST_102,IT_130,2024.12.10,0
ST_102,IT_130,2024.12.11,0
ST_102,IT_130,2024.12.12,0
ST_102,IT_130,2024.12.13,0
ST_102,IT_130,2024.12.14,0
ST_102,IT_130,2024.12.15,0
ST_102,IT_130,2024.12.16,0
ST_102,IT_130,2024.12.17,0
ST_102,IT_130,2024.12.18,0
ST_102,IT_130,2024.12.19,0
ST_102,IT_130,2024.12.20,0
ST_102,IT_130,2024.12.21,0
ST_102,IT_130,2024.12.22,0
ST_102,IT_130,2024.12.23,0
ST_102,IT_130,2024.12.24,0
ST_102,IT_130,2024.12.25,0
ST_102,IT_130,2024.12.26,0
ST_102,IT_130,2024.12.27,0
ST_102,IT_130,2024.12.28,0
ST_102,IT_130,2024.12.29,0
ST_102,IT_130,2024.12.30,0
ST_102,IT_130,2024.12.31,0
ST_102,IT_131,2024.12.01,108
ST_102,IT_131,2024.12.02,108
ST_102,IT_131,2024.12.03,108
ST_102,IT_131,2024.12.04,108
ST_102,IT_131,2024.12.05,108
ST_102,IT_131,2024.12.06,108
ST_102,IT_131,2024.12.07,108
ST_102,IT_131,2024.12.08,108
ST_102,IT_131,2024.12.09,108
ST_102,IT_131,2024.12.10,108
ST_102,IT_131,2024.12.11,108
ST_102,IT_131,2024.12.12,108
ST_102,IT_131,2024.12.13,108
ST_102,IT_131,2024.12.14,108
ST_102,IT_131,2024.12.15,108
ST_102,IT_131,2024.12.16,108
ST_102,IT_131,2024.12.17,108
ST_102,IT_131,2024.12.18,108
ST_102,IT_131,2024.12.19,108
ST_102,IT_131,2024.12.20,108
ST_102,IT_131,2024.12.21,108
ST_102,IT_131,2024.12.22,108
ST_102,IT_131,2024.12.23,108
ST_102,IT_131,2024.12.24,108
ST_102,IT_131,2024.12.25,108
ST_102,IT_131,2024.12.26,108
ST_102,IT_131,2024.12.27,108
ST_102,IT_131,2024.12.28,108
ST_102,IT_131,2024.12.29,108
ST_102,IT_131,2024.12.30,108
ST_102,IT_131,2024.12.31,108
ST_102,IT_132,2024.12.01,88
ST_102,IT_132,2024.12.02,88
ST_102,IT_132,2024.12.03,88
ST_102,IT_132,2024.12.04,88
ST_102,IT_132,2024.12.05,88
ST_102,IT_132,2024.12.06,88
ST_102,IT_132,2024.12.07,88
ST_102,IT_132,2024.12.08,88
ST_102,IT_132,2024.12.09,88
ST_102,IT_132,2024.12.10,88
ST_102,IT_132,2024.12.11,88
ST_102,IT_132,2024.12.12,88
ST_102,IT_132,2024.12.13,88
ST_102,IT_132,2024.12.14,88
ST_102,IT_132,2024.12.15,88
ST_102,IT_132,2024.12.16,88
ST_102,IT_132,2024.12.17,88
ST_102,IT_132,2024.12.18,88
ST_102,IT_132,2024.12.19,88
ST_102,IT_132,2024.12.20,88
ST_102,IT_132,2024.12.21,88
ST_102,IT_132,2024.12.22,88
ST_102,IT_132,2024.12.23,88
ST_102,IT_132,2024.12.24,88
ST_102,IT_132,2024.12.25,88
ST_102,IT_132,2024.12.26,88
ST_102,IT_132,2024.12.27,88
ST_102,IT_132,2024.12.28,88
ST_102,IT_132,2024.12.29,88
ST_102,IT_132,2024.12.30,88
ST_102,IT_132,2024.12.31,88
ST_102,IT_133,2024.12.01,0
ST_102,IT_133,2024.12.02,0
ST_102,IT_133,2024.12.03,0
ST_102,IT_133,2024.12.04,0
ST_102,IT_133,2024.12.05,0
ST_102,IT_133,2024.12.06,0
ST_102,IT_133,2024.12.07,0
ST_102,IT_133,2024.12.08,0
ST_102,IT_133,2024.12.09,0
ST_102,IT_133,2024.12.10,0
ST_102,IT_133,2024.12.11,0
ST_102,IT_133,2024.12.12,0
ST_102,IT_133,2024.12.13,0
ST_102,IT_133,2024.12.14,0
ST_102,IT_133,2024.12.15,0
ST_102,IT_133,2024.12.16,0
ST_102,IT_133,2024.12.17,0
ST_102,IT_133,2024.12.18,0
ST_102,IT_133,2024.12.19,0
ST_102,IT_133,2024.12.20,0
ST_102,IT_133,2024.12.21,0
ST_102,IT_133,2024.12.22,0
ST_102,IT_133,2024.12.23,0
ST_102,IT_133,2024.12.24,0
ST_102,IT_133,2024.12.25,0
ST_102,IT_133,2024.12.26,0
ST_102,IT_133,2024.12.27,0
ST_102,IT_133,2024.12.28,0
ST_102,IT_133,2024.12.29,0
ST_102,IT_133,2024.12.30,0
ST_102,IT_133,2024.12.31,0
ST_102,IT_134,2024.12.01,0
ST_102,IT_134,2024.12.02,0
ST_102,IT_134,2024.12.03,0
ST_102,IT_134,2024.12.04,0
ST_102,IT_134,2024.12.05,0
ST_102,IT_134,2024.12.06,0
ST_102,IT_134,2024.12.07,0
ST_102,IT_134,2024.12.08,0
ST_102,IT_134,2024.12.09,0
ST_102,IT_134,2024.12.10,0
ST_102,IT_134,2024.12.11,0
ST_102,IT_134,2024.12.12,0
ST_102,IT_134,2024.12.13,0
ST_102,IT_134,2024.12.14,0
ST_102,IT_134,2024.12.15,0
ST_102,IT_134,2024.12.16,0
ST_102,IT_134,2024.12.17,0
ST_102,IT_134,2024.12.18,0
ST_102,IT_134,2024.12.19,0
ST_102,IT_134,2024.12.20,0
ST_102,IT_134,2024.12.21,0
ST_102,IT_134,2024.12.22,0
ST_102,IT_134,2024.12.23,0
ST_102,IT_134,2024.12.24,0
ST_102,IT_134,2024.12.25,0
ST_102,IT_134,2024.12.26,0
ST_102,IT_134,2024.12.27,0
ST_102,IT_134,2024.12.28,0
ST_102,IT_134,2024.12.29,0
ST_102,IT_134,2024.12.30,0
ST_102,IT_134,2024.12.31,0
ST_102,IT_135,2024.12.01,25
ST_102,IT_135,2024.12.02,25
ST_102,IT_135,2024.12.03,25
ST_102,IT_135,2024.12.04,25
ST_102,IT_135,2024.12.05,25
ST_102,IT_135,2024.12.06,25
ST_102,IT_135,2024.12.07,25
ST_102,IT_135,2024.12.08,25
ST_102,IT_135,2024.12.09,25
ST_102,IT_135,2024.12.10,25
ST_102,IT_135,2024.12.11,25
ST_102,IT_135,2024.12.12,25
ST_102,IT_135,2024.12.13,25
ST_102,IT_135,2024.12.14,25
ST_102,IT_135,2024.12.15,25
ST_102,IT_135,2024.12.16,25
ST_102,IT_135,2024.12.17,25
ST_102,IT_135,2024.12.18,25
ST_102,IT_135,2024.12.19,25
ST_102,IT_135,2024.12.20,25
ST_102,IT_135,2024.12.21,25
ST_102,IT_135,2024.12.22,25
ST_102,IT_135,2024.12.23,25
ST_102,IT_135,2024.12.24,25
ST_102,IT_135,2024.12.25,25
ST_102,IT_135,2024.12.26,25
ST_102,IT_135,2024.12.27,25
ST_102,IT_135,2024.12.28,25
ST_102,IT_135,2024.12.29,25
ST_102,IT_135,2024.12.30,25
ST_102,IT_135,2024.12.31,25
ST_102,IT_136,2024.12.01,8
ST_102,IT_136,2024.12.02,8
ST_102,IT_136,2024.12.03,8
ST_102,IT_136,2024.12.04,8
ST_102,IT_136,2024.12.05,8
ST_102,IT_136,2024.12.06,8
ST_102,IT_136,2024.12.07,8
ST_102,IT_136,2024.12.08,8
ST_102,IT_136,2024.12.09,8
ST_102,IT_136,2024.12.10,8
ST_102,IT_136,2024.12.11,8
ST_102,IT_136,2024.12.12,8
ST_102,IT_136,2024.12.13,8
ST_102,IT_136,2024.12.14,8
ST_102,IT_136,2024.12.15,8
ST_102,IT_136,2024.12.16,8
ST_102,IT_136,2024.12.17,8
ST_102,IT_136,2024.12.18,8
ST_102,IT_136,2024.12.19,8
ST_102,IT_136,2024.12.20,8
ST_102,IT_136,2024.12.21,8
ST_102,IT_136,2024.12.22,8
ST_102,IT_136,2024.12.23,8
ST_102,IT_136,2024.12.24,8
ST_102,IT_136,2024.12.25,8
ST_102,IT_136,2024.12.26,8
ST_102,IT_136,2024.12.27,8
ST_102,IT_136,2024.12.28,8
ST_102,IT_136,2024.12.29,8
ST_102,IT_136,2024.12.30,8
ST_102,IT_136,2024.12.31,8
ST_102,IT_137,2024.12.01,19000
ST_102,IT_137,2024.12.02,19000
ST_102,IT_137,2024.12.03,19000
ST_102,IT_137,2024.12.04,19000
ST_102,IT_137,2024.12.05,19000
ST_102,IT_137,2024.12.06,19000
ST_102,IT_137,2024.12.07,19000
ST_102,IT_137,2024.12.08,19000
ST_102,IT_137,2024.12.09,19000
ST_102,IT_137,2024.12.10,19000
ST_102,IT_137,2024.12.11,19000
ST_102,IT_137,2024.12.12,19000
ST_102,IT_137,2024.12.13,19000
ST_102,IT_137,2024.12.14,19000
ST_102,IT_137,2024.12.15,19000
ST_102,IT_137,2024.12.16,19000
ST_102,IT_137,2024.12.17,19000
ST_102,IT_137,2024.12.18,19000
ST_102,IT_137,2024.12.19,19000
ST_102,IT_137,2024.12.20,19000
ST_102,IT_137,2024.12.21,19000
ST_102,IT_137,2024.12.22,19000
ST_102,IT_137,2024.12.23,19000
ST_102,IT_137,2024.12.24,19000
ST_102,IT_137,2024.12.25,19000
ST_102,IT_137,2024.12.26,19000
ST_102,IT_137,2024.12.27,19000
ST_102,IT_137,2024.12.28,19000
ST_102,IT_137,2024.12.29,19000
ST_102,IT_137,2024.12.30,19000
ST_102,IT_137,2024.12.31,19000
ST_102,IT_138,2024.12.01,1700
ST_102,IT_138,2024.12.02,1700
ST_102,IT_138,2024.12.03,1700
ST_102,IT_138,2024.12.04,1700
ST_102,IT_138,2024.12.05,1700
ST_102,IT_138,2024.12.06,1700
ST_102,IT_138,2024.12.07,1700
ST_102,IT_138,2024.12.08,1700
ST_102,IT_138,2024.12.09,1700
ST_102,IT_138,2024.12.10,1700
ST_102,IT_138,2024.12.11,1700
ST_102,IT_138,2024.12.12,1700
ST_102,IT_138,2024.12.13,1700
ST_102,IT_138,2024.12.14,1700
ST_102,IT_138,2024.12.15,1700
ST_102,IT_138,2024.12.16,1700
ST_102,IT_138,2024.12.17,1700
ST_102,IT_138,2024.12.18,1700
ST_102,IT_138,2024.12.19,1700
ST_102,IT_138,2024.12.20,1700
ST_102,IT_138,2024.12.21,1700
ST_102,IT_138,2024.12.22,1700
ST_102,IT_138,2024.12.23,1700
ST_102,IT_138,2024.12.24,1700
ST_102,IT_138,2024.12.25,1700
ST_102,IT_138,2024.12.26,1700
ST_102,IT_138,2024.12.27,1700
ST_102,IT_138,2024.12.28,1700
ST_102,IT_138,2024.12.29,1700
ST_102,IT_138,2024.12.30,1700
ST_102,IT_138,2024.12.31,1700
ST_102,IT_139,2024.12.01,8
ST_102,IT_139,2024.12.02,8
ST_102,IT_139,2024.12.03,8
ST_102,IT_139,2024.12.04,8
ST_102,IT_139,2024.12.05,8
ST_102,IT_139,2024.12.06,8
ST_102,IT_139,2024.12.07,8
ST_102,IT_139,2024.12.08,8
ST_102,IT_139,2024.12.09,8
ST_102,IT_139,2024.12.10,8
ST_102,IT_139,2024.12.11,8
ST_102,IT_139,2024.12.12,8
ST_102,IT_139,2024.12.13,8
ST_102,IT_139,2024.12.14,8
ST_102,IT_139,2024.12.15,8
ST_102,IT_139,2024.12.16,8
ST_102,IT_139,2024.12.17,8
ST_102,IT_139,2024.12.18,8
ST_102,IT_139,2024.12.19,8
ST_102,IT_139,2024.12.20,8
ST_102,IT_139,2024.12.21,8
ST_102,IT_139,2024.12.22,8
ST_102,IT_139,2024.12.23,8
ST_102,IT_139,2024.12.24,8
ST_102,IT_139,2024.12.25,8
ST_102,IT_139,2024.12.26,8
ST_102,IT_139,2024.12.27,8
ST_102,IT_139,2024.12.28,8
ST_102,IT_139,2024.12.29,8
ST_102,IT_139,2024.12.30,8
ST_102,IT_139,2024.12.31,8
ST_102,IT_140,2024.12.01,21
ST_102,IT_140,2024.12.02,21
ST_102,IT_140,2024.12.03,21
ST_102,IT_140,2024.12.04,21
ST_102,IT_140,2024.12.05,21
ST_102,IT_140,2024.12.06,21
ST_102,IT_140,2024.12.07,21
ST_102,IT_140,2024.12.08,21
ST_102,IT_140,2024.12.09,21
ST_102,IT_140,2024.12.10,21
ST_102,IT_140,2024.12.11,21
ST_102,IT_140,2024.12.12,21
ST_102,IT_140,2024.12.13,21
ST_102,IT_140,2024.12.14,21
ST_102,IT_140,2024.12.15,21
ST_102,IT_140,2024.12.16,21
ST_102,IT_140,2024.12.17,21
ST_102,IT_140,2024.12.18,21
ST_102,IT_140,2024.12.19,21
ST_102,IT_140,2024.12.20,21
ST_102,IT_140,2024.12.21,21
ST_102,IT_140,2024.12.22,21
ST_102,IT_140,2024.12.23,21
ST_102,IT_140,2024.12.24,21
ST_102,IT_140,2024.12.25,21
ST_102,IT_140,2024.12.26,21
ST_102,IT_140,2024.12.27,21
ST_102,IT_140,2024.12.28,21
ST_102,IT_140,2024.12.29,21
ST_102,IT_140,2024.12.30,21
ST_102,IT_140,2024.12.31,21
ST_102,IT_141,2024.12.01,29
ST_102,IT_141,2024.12.02,29
ST_102,IT_141,2024.12.03,29
ST_102,IT_141,2024.12.04,29
ST_102,IT_141,2024.12.05,29
ST_102,IT_141,2024.12.06,29
ST_102,IT_141,2024.12.07,29
ST_102,IT_141,2024.12.08,29
ST_102,IT_141,2024.12.09,29
ST_102,IT_141,2024.12.10,29
ST_102,IT_141,2024.12.11,29
ST_102,IT_141,2024.12.12,29
ST_102,IT_141,2024.12.13,29
ST_102,IT_141,2024.12.14,29
ST_102,IT_141,2024.12.15,29
ST_102,IT_141,2024.12.16,29
ST_102,IT_141,2024.12.17,29
ST_102,IT_141,2024.12.18,29
ST_102,IT_141,2024.12.19,29
ST_102,IT_141,2024.12.20,29
ST_102,IT_141,2024.12.21,29
ST_102,IT_141,2024.12.22,29
ST_102,IT_141,2024.12.23,29
ST_102,IT_141,2024.12.24,29
ST_102,IT_141,2024.12.25,29
ST_102,IT_141,2024.12.26,29
ST_102,IT_141,2024.12.27,29
ST_102,IT_141,2024.12.28,29
ST_102,IT_141,2024.12.29,29
ST_102,IT_141,2024.12.30,29
ST_102,IT_141,2024.12.31,29
ST_102,IT_142,2024.12.01,36
ST_102,IT_142,2024.12.02,36
ST_102,IT_142,2024.12.03,36
ST_102,IT_142,2024.12.04,36
ST_102,IT_142,2024.12.05,36
ST_102,IT_142,2024.12.06,36
ST_102,IT_142,2024.12.07,36
ST_102,IT_142,2024.12.08,36
ST_102,IT_142,2024.12.09,36
ST_102,IT_142,2024.12.10,36
ST_102,IT_142,2024.12.11,36
ST_102,IT_142,2024.12.12,36
ST_102,IT_142,2024.12.13,36
ST_102,IT_142,2024.12.14,36
ST_102,IT_142,2024.12.15,36
ST_102,IT_142,2024.12.16,36
ST_102,IT_142,2024.12.17,36
ST_102,IT_142,2024.12.18,36
ST_102,IT_142,2024.12.19,36
ST_102,IT_142,2024.12.20,36
ST_102,IT_142,2024.12.21,36
ST_102,IT_142,2024.12.22,36
ST_102,IT_142,2024.12.23,36
ST_102,IT_142,2024.12.24,36
ST_102,IT_142,2024.12.25,36
ST_102,IT_142,2024.12.26,36
ST_102,IT_142,2024.12.27,36
ST_102,IT_142,2024.12.28,36
ST_102,IT_142,2024.12.29,36
ST_102,IT_142,2024.12.30,36
ST_102,IT_142,2024.12.31,36
ST_102,IT_143,2024.12.01,9
ST_102,IT_143,2024.12.02,9
ST_102,IT_143,2024.12.03,9
ST_102,IT_143,2024.12.04,9
ST_102,IT_143,2024.12.05,9
ST_102,IT_143,2024.12.06,9
ST_102,IT_143,2024.12.07,9
ST_102,IT_143,2024.12.08,9
ST_102,IT_143,2024.12.09,9
ST_102,IT_143,2024.12.10,9
ST_102,IT_143,2024.12.11,9
ST_102,IT_143,2024.12.12,9
ST_102,IT_143,2024.12.13,9
ST_102,IT_143,2024.12.14,9
ST_102,IT_143,2024.12.15,9
ST_102,IT_143,2024.12.16,9
ST_102,IT_143,2024.12.17,9
ST_102,IT_143,2024.12.18,9
ST_102,IT_143,2024.12.19,9
ST_102,IT_143,2024.12.20,9
ST_102,IT_143,2024.12.21,9
ST_102,IT_143,2024.12.22,9
ST_102,IT_143,2024.12.23,9
ST_102,IT_143,2024.12.24,9
ST_102,IT_143,2024.12.25,9
ST_102,IT_143,2024.12.26,9
ST_102,IT_143,2024.12.27,9
ST_102,IT_143,2024.12.28,9
ST_102,IT_143,2024.12.29,9
ST_102,IT_143,2024.12.30,9
ST_102,IT_143,2024.12.31,9
ST_102,IT_144,2024.12.01,21
ST_102,IT_144,2024.12.02,21
ST_102,IT_144,2024.12.03,21
ST_102,IT_144,2024.12.04,21
ST_102,IT_144,2024.12.05,21
ST_102,IT_144,2024.12.06,21
ST_102,IT_144,2024.12.07,21
ST_102,IT_144,2024.12.08,21
ST_102,IT_144,2024.12.09,21
ST_102,IT_144,2024.12.10,21
ST_102,IT_144,2024.12.11,21
ST_102,IT_144,2024.12.12,21
ST_102,IT_144,2024.12.13,21
ST_102,IT_144,2024.12.14,21
ST_102,IT_144,2024.12.15,21
ST_102,IT_144,2024.12.16,21
ST_102,IT_144,2024.12.17,21
ST_102,IT_144,2024.12.18,21
ST_102,IT_144,2024.12.19,21
ST_102,IT_144,2024.12.20,21
ST_102,IT_144,2024.12.21,21
ST_102,IT_144,2024.12.22,21
ST_102,IT_144,2024.12.23,21
ST_102,IT_144,2024.12.24,21
ST_102,IT_144,2024.12.25,21
ST_102,IT_144,2024.12.26,21
ST_102,IT_144,2024.12.27,21
ST_102,IT_144,2024.12.28,21
ST_102,IT_144,2024.12.29,21
ST_102,IT_144,2024.12.30,21
ST_102,IT_144,2024.12.31,21
ST_102,IT_145,2024.12.01,23
ST_102,IT_145,2024.12.02,23
ST_102,IT_145,2024.12.03,23
ST_102,IT_145,2024.12.04,23
ST_102,IT_145,2024.12.05,23
ST_102,IT_145,2024.12.06,23
ST_102,IT_145,2024.12.07,23
ST_102,IT_145,2024.12.08,23
ST_102,IT_145,2024.12.09,23
ST_102,IT_145,2024.12.10,23
ST_102,IT_145,2024.12.11,23
ST_102,IT_145,2024.12.12,23
ST_102,IT_145,2024.12.13,23
ST_102,IT_145,2024.12.14,23
ST_102,IT_145,2024.12.15,23
ST_102,IT_145,2024.12.16,23
ST_102,IT_145,2024.12.17,23
ST_102,IT_145,2024.12.18,23
ST_102,IT_145,2024.12.19,23
ST_102,IT_145,2024.12.20,23
ST_102,IT_145,2024.12.21,23
ST_102,IT_145,2024.12.22,23
ST_102,IT_145,2024.12.23,23
ST_102,IT_145,2024.12.24,23
ST_102,IT_145,2024.12.25,23
ST_102,IT_145,2024.12.26,23
ST_102,IT_145,2024.12.27,23
ST_102,IT_145,2024.12.28,23
ST_102,IT_145,2024.12.29,23
ST_102,IT_145,2024.12.30,23
ST_102,IT_145,2024.12.31,23
ST_102,IT_146,2024.12.01,10
ST_102,IT_146,2024.12.02,10
ST_102,IT_146,2024.12.03,10
ST_102,IT_146,2024.12.04,10
ST_102,IT_146,2024.12.05,10
ST_102,IT_146,2024.12.06,10
ST_102,IT_146,2024.12.07,10
ST_102,IT_146,2024.12.08,10
ST_102,IT_146,2024.12.09,10
ST_102,IT_146,2024.12.10,10
ST_102,IT_146,2024.12.11,10
ST_102,IT_146,2024.12.12,10
ST_102,IT_146,2024.12.13,10
ST_102,IT_146,2024.12.14,10
ST_102,IT_146,2024.12.15,10
ST_102,IT_146,2024.12.16,10
ST_102,IT_146,2024.12.17,10
ST_102,IT_146,2024.12.18,10
ST_102,IT_146,2024.12.19,10
ST_102,IT_146,2024.12.20,10
ST_102,IT_146,2024.12.21,10
ST_102,IT_146,2024.12.22,10
ST_102,IT_146,2024.12.23,10
ST_102,IT_146,2024.12.24,10
ST_102,IT_146,2024.12.25,10
ST_102,IT_146,2024.12.26,10
ST_102,IT_146,2024.12.27,10
ST_102,IT_146,2024.12.28,10
ST_102,IT_146,2024.12.29,10
ST_102,IT_146,2024.12.30,10
ST_102,IT_146,2024.12.31,10
ST_102,IT_147,2024.12.01,13
ST_102,IT_147,2024.12.02,13
ST_102,IT_147,2024.12.03,13
ST_102,IT_147,2024.12.04,13
ST_102,IT_147,2024.12.05,13
ST_102,IT_147,2024.12.06,13
ST_102,IT_147,2024.12.07,13
ST_102,IT_147,2024.12.08,13
ST_102,IT_147,2024.12.09,13
ST_102,IT_147,2024.12.10,13
ST_102,IT_147,2024.12.11,13
ST_102,IT_147,2024.12.12,13
ST_102,IT_147,2024.12.13,13
ST_102,IT_147,2024.12.14,13
ST_102,IT_147,2024.12.15,13
ST_102,IT_147,2024.12.16,13
ST_102,IT_147,2024.12.17,13
ST_102,IT_147,2024.12.18,13
ST_102,IT_147,2024.12.19,13
ST_102,IT_147,2024.12.20,13
ST_102,IT_147,2024.12.21,13
ST_102,IT_147,2024.12.22,13
ST_102,IT_147,2024.12.23,13
ST_102,IT_147,2024.12.24,13
ST_102,IT_147,2024.12.25,13
ST_102,IT_147,2024.12.26,13
ST_102,IT_147,2024.12.27,13
ST_102,IT_147,2024.12.28,13
ST_102,IT_147,2024.12.29,13
ST_102,IT_147,2024.12.30,13
ST_102,IT_147,2024.12.31,13
ST_102,IT_148,2024.12.01,13
ST_102,IT_148,2024.12.02,13
ST_102,IT_148,2024.12.03,13
ST_102,IT_148,2024.12.04,13
ST_102,IT_148,2024.12.05,13
ST_102,IT_148,2024.12.06,13
ST_102,IT_148,2024.12.07,13
ST_102,IT_148,2024.12.08,13
ST_102,IT_148,2024.12.09,13
ST_102,IT_148,2024.12.10,13
ST_102,IT_148,2024.12.11,13
ST_102,IT_148,2024.12.12,13
ST_102,IT_148,2024.12.13,13
ST_102,IT_148,2024.12.14,13
ST_102,IT_148,2024.12.15,13
ST_102,IT_148,2024.12.16,13
ST_102,IT_148,2024.12.17,13
ST_102,IT_148,2024.12.18,13
ST_102,IT_148,2024.12.19,13
ST_102,IT_148,2024.12.20,13
ST_102,IT_148,2024.12.21,13
ST_102,IT_148,2024.12.22,13
ST_102,IT_148,2024.12.23,13
ST_102,IT_148,2024.12.24,13
ST_102,IT_148,2024.12.25,13
ST_102,IT_148,2024.12.26,13
ST_102,IT_148,2024.12.27,13
ST_102,IT_148,2024.12.28,13
ST_102,IT_148,2024.12.29,13
ST_102,IT_148,2024.12.30,13
ST_102,IT_148,2024.12.31,13
ST_102,IT_149,2024.12.01,25
ST_102,IT_149,2024.12.02,25
ST_102,IT_149,2024.12.03,25
ST_102,IT_149,2024.12.04,25
ST_102,IT_149,2024.12.05,25
ST_102,IT_149,2024.12.06,25
ST_102,IT_149,2024.12.07,25
ST_102,IT_149,2024.12.08,25
ST_102,IT_149,2024.12.09,25
ST_102,IT_149,2024.12.10,25
ST_102,IT_149,2024.12.11,25
ST_102,IT_149,2024.12.12,25
ST_102,IT_149,2024.12.13,25
ST_102,IT_149,2024.12.14,25
ST_102,IT_149,2024.12.15,25
ST_102,IT_149,2024.12.16,25
ST_102,IT_149,2024.12.17,25
ST_102,IT_149,2024.12.18,25
ST_102,IT_149,2024.12.19,25
ST_102,IT_149,2024.12.20,25
ST_102,IT_149,2024.12.21,25
ST_102,IT_149,2024.12.22,25
ST_102,IT_149,2024.12.23,25
ST_102,IT_149,2024.12.24,25
ST_102,IT_149,2024.12.25,25
ST_102,IT_149,2024.12.26,25
ST_102,IT_149,2024.12.27,25
ST_102,IT_149,2024.12.28,25
ST_102,IT_149,2024.12.29,25
ST_102,IT_149,2024.12.30,25
ST_102,IT_149,2024.12.31,25
ST_102,IT_150,2024.12.01,14
ST_102,IT_150,2024.12.02,14
ST_102,IT_150,2024.12.03,14
ST_102,IT_150,2024.12.04,14
ST_102,IT_150,2024.12.05,14
ST_102,IT_150,2024.12.06,14
ST_102,IT_150,2024.12.07,14
ST_102,IT_150,2024.12.08,14
ST_102,IT_150,2024.12.09,14
ST_102,IT_150,2024.12.10,14
ST_102,IT_150,2024.12.11,14
ST_102,IT_150,2024.12.12,14
ST_102,IT_150,2024.12.13,14
ST_102,IT_150,2024.12.14,14
ST_102,IT_150,2024.12.15,14
ST_102,IT_150,2024.12.16,14
ST_102,IT_150,2024.12.17,14
ST_102,IT_150,2024.12.18,14
ST_102,IT_150,2024.12.19,14
ST_102,IT_150,2024.12.20,14
ST_102,IT_150,2024.12.21,14
ST_102,IT_150,2024.12.22,14
ST_102,IT_150,2024.12.23,14
ST_102,IT_150,2024.12.24,14
ST_102,IT_150,2024.12.25,14
ST_102,IT_150,2024.12.26,14
ST_102,IT_150,2024.12.27,14
ST_102,IT_150,2024.12.28,14
ST_102,IT_150,2024.12.29,14
ST_102,IT_150,2024.12.30,14
ST_102,IT_150,2024.12.31,14
ST_102,IT_151,2024.12.01,19
ST_102,IT_151,2024.12.02,19
ST_102,IT_151,2024.12.03,19
ST_102,IT_151,2024.12.04,19
ST_102,IT_151,2024.12.05,19
ST_102,IT_151,2024.12.06,19
ST_102,IT_151,2024.12.07,19
ST_102,IT_151,2024.12.08,19
ST_102,IT_151,2024.12.09,19
ST_102,IT_151,2024.12.10,19
ST_102,IT_151,2024.12.11,19
ST_102,IT_151,2024.12.12,19
ST_102,IT_151,2024.12.13,19
ST_102,IT_151,2024.12.14,19
ST_102,IT_151,2024.12.15,19
ST_102,IT_151,2024.12.16,19
ST_102,IT_151,2024.12.17,19
ST_102,IT_151,2024.12.18,19
ST_102,IT_151,2024.12.19,19
ST_102,IT_151,2024.12.20,19
ST_102,IT_151,2024.12.21,19
ST_102,IT_151,2024.12.22,19
ST_102,IT_151,2024.12.23,19
ST_102,IT_151,2024.12.24,19
ST_102,IT_151,2024.12.25,19
ST_102,IT_151,2024.12.26,19
ST_102,IT_151,2024.12.27,19
ST_102,IT_151,2024.12.28,19
ST_102,IT_151,2024.12.29,19
ST_102,IT_151,2024.12.30,19
ST_102,IT_151,2024.12.31,19
ST_102,IT_152,2024.12.01,18
ST_102,IT_152,2024.12.02,18
ST_102,IT_152,2024.12.03,18
ST_102,IT_152,2024.12.04,18
ST_102,IT_152,2024.12.05,18
ST_102,IT_152,2024.12.06,18
ST_102,IT_152,2024.12.07,18
ST_102,IT_152,2024.12.08,18
ST_102,IT_152,2024.12.09,18
ST_102,IT_152,2024.12.10,18
ST_102,IT_152,2024.12.11,18
ST_102,IT_152,2024.12.12,18
ST_102,IT_152,2024.12.13,18
ST_102,IT_152,2024.12.14,18
ST_102,IT_152,2024.12.15,18
ST_102,IT_152,2024.12.16,18
ST_102,IT_152,2024.12.17,18
ST_102,IT_152,2024.12.18,18
ST_102,IT_152,2024.12.19,18
ST_102,IT_152,2024.12.20,18
ST_102,IT_152,2024.12.21,18
ST_102,IT_152,2024.12.22,18
ST_102,IT_152,2024.12.23,18
ST_102,IT_152,2024.12.24,18
ST_102,IT_152,2024.12.25,18
ST_102,IT_152,2024.12.26,18
ST_102,IT_152,2024.12.27,18
ST_102,IT_152,2024.12.28,18
ST_102,IT_152,2024.12.29,18
ST_102,IT_152,2024.12.30,18
ST_102,IT_152,2024.12.31,18
ST_102,IT_153,2024.12.01,21
ST_102,IT_153,2024.12.02,21
ST_102,IT_153,2024.12.03,21
ST_102,IT_153,2024.12.04,21
ST_102,IT_153,2024.12.05,21
ST_102,IT_153,2024.12.06,21
ST_102,IT_153,2024.12.07,21
ST_102,IT_153,2024.12.08,21
ST_102,IT_153,2024.12.09,21
ST_102,IT_153,2024.12.10,21
ST_102,IT_153,2024.12.11,21
ST_102,IT_153,2024.12.12,21
ST_102,IT_153,2024.12.13,21
ST_102,IT_153,2024.12.14,21
ST_102,IT_153,2024.12.15,21
ST_102,IT_153,2024.12.16,21
ST_102,IT_153,2024.12.17,21
ST_102,IT_153,2024.12.18,21
ST_102,IT_153,2024.12.19,21
ST_102,IT_153,2024.12.20,21
ST_102,IT_153,2024.12.21,21
ST_102,IT_153,2024.12.22,21
ST_102,IT_153,2024.12.23,21
ST_102,IT_153,2024.12.24,21
ST_102,IT_153,2024.12.25,21
ST_102,IT_153,2024.12.26,21
ST_102,IT_153,2024.12.27,21
ST_102,IT_153,2024.12.28,21
ST_102,IT_153,2024.12.29,21
ST_102,IT_153,2024.12.30,21
ST_102,IT_153,2024.12.31,21
ST_102,IT_154,2024.12.01,33
ST_102,IT_154,2024.12.02,33
ST_102,IT_154,2024.12.03,33
ST_102,IT_154,2024.12.04,33
ST_102,IT_154,2024.12.05,33
ST_102,IT_154,2024.12.06,33
ST_102,IT_154,2024.12.07,33
ST_102,IT_154,2024.12.08,33
ST_102,IT_154,2024.12.09,33
ST_102,IT_154,2024.12.10,33
ST_102,IT_154,2024.12.11,33
ST_102,IT_154,2024.12.12,33
ST_102,IT_154,2024.12.13,33
ST_102,IT_154,2024.12.14,33
ST_102,IT_154,2024.12.15,33
ST_102,IT_154,2024.12.16,33
ST_102,IT_154,2024.12.17,33
ST_102,IT_154,2024.12.18,33
ST_102,IT_154,2024.12.19,33
ST_102,IT_154,2024.12.20,33
ST_102,IT_154,2024.12.21,33
ST_102,IT_154,2024.12.22,33
ST_102,IT_154,2024.12.23,33
ST_102,IT_154,2024.12.24,33
ST_102,IT_154,2024.12.25,33
ST_102,IT_154,2024.12.26,33
ST_102,IT_154,2024.12.27,33
ST_102,IT_154,2024.12.28,33
ST_102,IT_154,2024.12.29,33
ST_102,IT_154,2024.12.30,33
ST_102,IT_154,2024.12.31,33
ST_102,IT_155,2024.12.01,26
ST_102,IT_155,2024.12.02,26
ST_102,IT_155,2024.12.03,26
ST_102,IT_155,2024.12.04,26
ST_102,IT_155,2024.12.05,26
ST_102,IT_155,2024.12.06,26
ST_102,IT_155,2024.12.07,26
ST_102,IT_155,2024.12.08,26
ST_102,IT_155,2024.12.09,26
ST_102,IT_155,2024.12.10,26
ST_102,IT_155,2024.12.11,26
ST_102,IT_155,2024.12.12,26
ST_102,IT_155,2024.12.13,26
ST_102,IT_155,2024.12.14,26
ST_102,IT_155,2024.12.15,26
ST_102,IT_155,2024.12.16,26
ST_102,IT_155,2024.12.17,26
ST_102,IT_155,2024.12.18,26
ST_102,IT_155,2024.12.19,26
ST_102,IT_155,2024.12.20,26
ST_102,IT_155,2024.12.21,26
ST_102,IT_155,2024.12.22,26
ST_102,IT_155,2024.12.23,26
ST_102,IT_155,2024.12.24,26
ST_102,IT_155,2024.12.25,26
ST_102,IT_155,2024.12.26,26
ST_102,IT_155,2024.12.27,26
ST_102,IT_155,2024.12.28,26
ST_102,IT_155,2024.12.29,26
ST_102,IT_155,2024.12.30,26
ST_102,IT_155,2024.12.31,26
ST_102,IT_156,2024.12.01,20
ST_102,IT_156,2024.12.02,20
ST_102,IT_156,2024.12.03,20
ST_102,IT_156,2024.12.04,20
ST_102,IT_156,2024.12.05,20
ST_102,IT_156,2024.12.06,20
ST_102,IT_156,2024.12.07,20
ST_102,IT_156,2024.12.08,20
ST_102,IT_156,2024.12.09,20
ST_102,IT_156,2024.12.10,20
ST_102,IT_156,2024.12.11,20
ST_102,IT_156,2024.12.12,20
ST_102,IT_156,2024.12.13,20
ST_102,IT_156,2024.12.14,20
ST_102,IT_156,2024.12.15,20
ST_102,IT_156,2024.12.16,20
ST_102,IT_156,2024.12.17,20
ST_102,IT_156,2024.12.18,20
ST_102,IT_156,2024.12.19,20
ST_102,IT_156,2024.12.20,20
ST_102,IT_156,2024.12.21,20
ST_102,IT_156,2024.12.22,20
ST_102,IT_156,2024.12.23,20
ST_102,IT_156,2024.12.24,20
ST_102,IT_156,2024.12.25,20
ST_102,IT_156,2024.12.26,20
ST_102,IT_156,2024.12.27,20
ST_102,IT_156,2024.12.28,20
ST_102,IT_156,2024.12.29,20
ST_102,IT_156,2024.12.30,20
ST_102,IT_156,2024.12.31,20
ST_102,IT_157,2024.12.01,22
ST_102,IT_157,2024.12.02,22
ST_102,IT_157,2024.12.03,22
ST_102,IT_157,2024.12.04,22
ST_102,IT_157,2024.12.05,22
ST_102,IT_157,2024.12.06,22
ST_102,IT_157,2024.12.07,22
ST_102,IT_157,2024.12.08,22
ST_102,IT_157,2024.12.09,22
ST_102,IT_157,2024.12.10,22
ST_102,IT_157,2024.12.11,22
ST_102,IT_157,2024.12.12,22
ST_102,IT_157,2024.12.13,22
ST_102,IT_157,2024.12.14,22
ST_102,IT_157,2024.12.15,22
ST_102,IT_157,2024.12.16,22
ST_102,IT_157,2024.12.17,22
ST_102,IT_157,2024.12.18,22
ST_102,IT_157,2024.12.19,22
ST_102,IT_157,2024.12.20,22
ST_102,IT_157,2024.12.21,22
ST_102,IT_157,2024.12.22,22
ST_102,IT_157,2024.12.23,22
ST_102,IT_157,2024.12.24,22
ST_102,IT_157,2024.12.25,22
ST_102,IT_157,2024.12.26,22
ST_102,IT_157,2024.12.27,22
ST_102,IT_157,2024.12.28,22
ST_102,IT_157,2024.12.29,22
ST_102,IT_157,2024.12.30,22
ST_102,IT_157,2024.12.31,22
ST_102,IT_158,2024.12.01,0
ST_102,IT_158,2024.12.02,0
ST_102,IT_158,2024.12.03,0
ST_102,IT_158,2024.12.04,0
ST_102,IT_158,2024.12.05,0
ST_102,IT_158,2024.12.06,0
ST_102,IT_158,2024.12.07,0
ST_102,IT_158,2024.12.08,0
ST_102,IT_158,2024.12.09,0
ST_102,IT_158,2024.12.10,0
ST_102,IT_158,2024.12.11,0
ST_102,IT_158,2024.12.12,0
ST_102,IT_158,2024.12.13,0
ST_102,IT_158,2024.12.14,0
ST_102,IT_158,2024.12.15,0
ST_102,IT_158,2024.12.16,0
ST_102,IT_158,2024.12.17,0
ST_102,IT_158,2024.12.18,0
ST_102,IT_158,2024.12.19,0
ST_102,IT_158,2024.12.20,0
ST_102,IT_158,2024.12.21,0
ST_102,IT_158,2024.12.22,0
ST_102,IT_158,2024.12.23,0
ST_102,IT_158,2024.12.24,0
ST_102,IT_158,2024.12.25,0
ST_102,IT_158,2024.12.26,0
ST_102,IT_158,2024.12.27,0
ST_102,IT_158,2024.12.28,0
ST_102,IT_158,2024.12.29,0
ST_102,IT_158,2024.12.30,0
ST_102,IT_158,2024.12.31,0
ST_102,IT_159,2024.12.01,10
ST_102,IT_159,2024.12.02,10
ST_102,IT_159,2024.12.03,10
ST_102,IT_159,2024.12.04,10
ST_102,IT_159,2024.12.05,10
ST_102,IT_159,2024.12.06,10
ST_102,IT_159,2024.12.07,10
ST_102,IT_159,2024.12.08,10
ST_102,IT_159,2024.12.09,10
ST_102,IT_159,2024.12.10,10
ST_102,IT_159,2024.12.11,10
ST_102,IT_159,2024.12.12,10
ST_102,IT_159,2024.12.13,10
ST_102,IT_159,2024.12.14,10
ST_102,IT_159,2024.12.15,10
ST_102,IT_159,2024.12.16,10
ST_102,IT_159,2024.12.17,10
ST_102,IT_159,2024.12.18,10
ST_102,IT_159,2024.12.19,10
ST_102,IT_159,2024.12.20,10
ST_102,IT_159,2024.12.21,10
ST_102,IT_159,2024.12.22,10
ST_102,IT_159,2024.12.23,10
ST_102,IT_159,2024.12.24,10
ST_102,IT_159,2024.12.25,10
ST_102,IT_159,2024.12.26,10
ST_102,IT_159,2024.12.27,10
ST_102,IT_159,2024.12.28,10
ST_102,IT_159,2024.12.29,10
ST_102,IT_159,2024.12.30,10
ST_102,IT_159,2024.12.31,10
ST_102,IT_160,2024.12.01,0
ST_102,IT_160,2024.12.02,0
ST_102,IT_160,2024.12.03,0
ST_102,IT_160,2024.12.04,0
ST_102,IT_160,2024.12.05,0
ST_102,IT_160,2024.12.06,0
ST_102,IT_160,2024.12.07,0
ST_102,IT_160,2024.12.08,0
ST_102,IT_160,2024.12.09,0
ST_102,IT_160,2024.12.10,0
ST_102,IT_160,2024.12.11,0
ST_102,IT_160,2024.12.12,0
ST_102,IT_160,2024.12.13,0
ST_102,IT_160,2024.12.14,0
ST_102,IT_160,2024.12.15,0
ST_102,IT_160,2024.12.16,0
ST_102,IT_160,2024.12.17,0
ST_102,IT_160,2024.12.18,0
ST_102,IT_160,2024.12.19,0
ST_102,IT_160,2024.12.20,0
ST_102,IT_160,2024.12.21,0
ST_102,IT_160,2024.12.22,0
ST_102,IT_160,2024.12.23,0
ST_102,IT_160,2024.12.24,0
ST_102,IT_160,2024.12.25,0
ST_102,IT_160,2024.12.26,0
ST_102,IT_160,2024.12.27,0
ST_102,IT_160,2024.12.28,0
ST_102,IT_160,2024.12.29,0
ST_102,IT_160,2024.12.30,0
ST_102,IT_160,2024.12.31,0
ST_102,IT_161,2024.12.01,19
ST_102,IT_161,2024.12.02,19
ST_102,IT_161,2024.12.03,19
ST_102,IT_161,2024.12.04,19
ST_102,IT_161,2024.12.05,19
ST_102,IT_161,2024.12.06,19
ST_102,IT_161,2024.12.07,19
ST_102,IT_161,2024.12.08,19
ST_102,IT_161,2024.12.09,19
ST_102,IT_161,2024.12.10,19
ST_102,IT_161,2024.12.11,19
ST_102,IT_161,2024.12.12,19
ST_102,IT_161,2024.12.13,19
ST_102,IT_161,2024.12.14,19
ST_102,IT_161,2024.12.15,19
ST_102,IT_161,2024.12.16,19
ST_102,IT_161,2024.12.17,19
ST_102,IT_161,2024.12.18,19
ST_102,IT_161,2024.12.19,19
ST_102,IT_161,2024.12.20,19
ST_102,IT_161,2024.12.21,19
ST_102,IT_161,2024.12.22,19
ST_102,IT_161,2024.12.23,19
ST_102,IT_161,2024.12.24,19
ST_102,IT_161,2024.12.25,19
ST_102,IT_161,2024.12.26,19
ST_102,IT_161,2024.12.27,19
ST_102,IT_161,2024.12.28,19
ST_102,IT_161,2024.12.29,19
ST_102,IT_161,2024.12.30,19
ST_102,IT_161,2024.12.31,19
ST_102,IT_162,2024.12.01,22
ST_102,IT_162,2024.12.02,22
ST_102,IT_162,2024.12.03,22
ST_102,IT_162,2024.12.04,22
ST_102,IT_162,2024.12.05,22
ST_102,IT_162,2024.12.06,22
ST_102,IT_162,2024.12.07,22
ST_102,IT_162,2024.12.08,22
ST_102,IT_162,2024.12.09,22
ST_102,IT_162,2024.12.10,22
ST_102,IT_162,2024.12.11,22
ST_102,IT_162,2024.12.12,22
ST_102,IT_162,2024.12.13,22
ST_102,IT_162,2024.12.14,22
ST_102,IT_162,2024.12.15,22
ST_102,IT_162,2024.12.16,22
ST_102,IT_162,2024.12.17,22
ST_102,IT_162,2024.12.18,22
ST_102,IT_162,2024.12.19,22
ST_102,IT_162,2024.12.20,22
ST_102,IT_162,2024.12.21,22
ST_102,IT_162,2024.12.22,22
ST_102,IT_162,2024.12.23,22
ST_102,IT_162,2024.12.24,22
ST_102,IT_162,2024.12.25,22
ST_102,IT_162,2024.12.26,22
ST_102,IT_162,2024.12.27,22
ST_102,IT_162,2024.12.28,22
ST_102,IT_162,2024.12.29,22
ST_102,IT_162,2024.12.30,22
ST_102,IT_162,2024.12.31,22
ST_102,IT_163,2024.12.01,17
ST_102,IT_163,2024.12.02,17
ST_102,IT_163,2024.12.03,17
ST_102,IT_163,2024.12.04,17
ST_102,IT_163,2024.12.05,17
ST_102,IT_163,2024.12.06,17
ST_102,IT_163,2024.12.07,17
ST_102,IT_163,2024.12.08,17
ST_102,IT_163,2024.12.09,17
ST_102,IT_163,2024.12.10,17
ST_102,IT_163,2024.12.11,17
ST_102,IT_163,2024.12.12,17
ST_102,IT_163,2024.12.13,17
ST_102,IT_163,2024.12.14,17
ST_102,IT_163,2024.12.15,17
ST_102,IT_163,2024.12.16,17
ST_102,IT_163,2024.12.17,17
ST_102,IT_163,2024.12.18,17
ST_102,IT_163,2024.12.19,17
ST_102,IT_163,2024.12.20,17
ST_102,IT_163,2024.12.21,17
ST_102,IT_163,2024.12.22,17
ST_102,IT_163,2024.12.23,17
ST_102,IT_163,2024.12.24,17
ST_102,IT_163,2024.12.25,17
ST_102,IT_163,2024.12.26,17
ST_102,IT_163,2024.12.27,17
ST_102,IT_163,2024.12.28,17
ST_102,IT_163,2024.12.29,17
ST_102,IT_163,2024.12.30,17
ST_102,IT_163,2024.12.31,17
ST_102,IT_164,2024.12.01,30
ST_102,IT_164,2024.12.02,30
ST_102,IT_164,2024.12.03,30
ST_102,IT_164,2024.12.04,30
ST_102,IT_164,2024.12.05,30
ST_102,IT_164,2024.12.06,30
ST_102,IT_164,2024.12.07,30
ST_102,IT_164,2024.12.08,30
ST_102,IT_164,2024.12.09,30
ST_102,IT_164,2024.12.10,30
ST_102,IT_164,2024.12.11,30
ST_102,IT_164,2024.12.12,30
ST_102,IT_164,2024.12.13,30
ST_102,IT_164,2024.12.14,30
ST_102,IT_164,2024.12.15,30
ST_102,IT_164,2024.12.16,30
ST_102,IT_164,2024.12.17,30
ST_102,IT_164,2024.12.18,30
ST_102,IT_164,2024.12.19,30
ST_102,IT_164,2024.12.20,30
ST_102,IT_164,2024.12.21,30
ST_102,IT_164,2024.12.22,30
ST_102,IT_164,2024.12.23,30
ST_102,IT_164,2024.12.24,30
ST_102,IT_164,2024.12.25,30
ST_102,IT_164,2024.12.26,30
ST_102,IT_164,2024.12.27,30
ST_102,IT_164,2024.12.28,30
ST_102,IT_164,2024.12.29,30
ST_102,IT_164,2024.12.30,30
ST_102,IT_164,2024.12.31,30
ST_102,IT_165,2024.12.01,188
ST_102,IT_165,2024.12.02,188
ST_102,IT_165,2024.12.03,188
ST_102,IT_165,2024.12.04,188
ST_102,IT_165,2024.12.05,188
ST_102,IT_165,2024.12.06,188
ST_102,IT_165,2024.12.07,188
ST_102,IT_165,2024.12.08,188
ST_102,IT_165,2024.12.09,188
ST_102,IT_165,2024.12.10,188
ST_102,IT_165,2024.12.11,188
ST_102,IT_165,2024.12.12,188
ST_102,IT_165,2024.12.13,188
ST_102,IT_165,2024.12.14,188
ST_102,IT_165,2024.12.15,188
ST_102,IT_165,2024.12.16,188
ST_102,IT_165,2024.12.17,188
ST_102,IT_165,2024.12.18,188
ST_102,IT_165,2024.12.19,188
ST_102,IT_165,2024.12.20,188
ST_102,IT_165,2024.12.21,188
ST_102,IT_165,2024.12.22,188
ST_102,IT_165,2024.12.23,188
ST_102,IT_165,2024.12.24,188
ST_102,IT_165,2024.12.25,188
ST_102,IT_165,2024.12.26,188
ST_102,IT_165,2024.12.27,188
ST_102,IT_165,2024.12.28,188
ST_102,IT_165,2024.12.29,188
ST_102,IT_165,2024.12.30,188
ST_102,IT_165,2024.12.31,188
ST_102,IT_167,2024.12.01,0
ST_102,IT_167,2024.12.02,0
ST_102,IT_167,2024.12.03,0
ST_102,IT_167,2024.12.04,0
ST_102,IT_167,2024.12.05,0
ST_102,IT_167,2024.12.06,0
ST_102,IT_167,2024.12.07,0
ST_102,IT_167,2024.12.08,0
ST_102,IT_167,2024.12.09,0
ST_102,IT_167,2024.12.10,0
ST_102,IT_167,2024.12.11,0
ST_102,IT_167,2024.12.12,0
ST_102,IT_167,2024.12.13,0
ST_102,IT_167,2024.12.14,0
ST_102,IT_167,2024.12.15,0
ST_102,IT_167,2024.12.16,0
ST_102,IT_167,2024.12.17,0
ST_102,IT_167,2024.12.18,0
ST_102,IT_167,2024.12.19,0
ST_102,IT_167,2024.12.20,0
ST_102,IT_167,2024.12.21,0
ST_102,IT_167,2024.12.22,0
ST_102,IT_167,2024.12.23,0
ST_102,IT_167,2024.12.24,0
ST_102,IT_167,2024.12.25,0
ST_102,IT_167,2024.12.26,0
ST_102,IT_167,2024.12.27,0
ST_102,IT_167,2024.12.28,0
ST_102,IT_167,2024.12.29,0
ST_102,IT_167,2024.12.30,0
ST_102,IT_167,2024.12.31,0
ST_102,IT_168,2024.12.01,4
ST_102,IT_168,2024.12.02,4
ST_102,IT_168,2024.12.03,4
ST_102,IT_168,2024.12.04,4
ST_102,IT_168,2024.12.05,4
ST_102,IT_168,2024.12.06,4
ST_102,IT_168,2024.12.07,4
ST_102,IT_168,2024.12.08,4
ST_102,IT_168,2024.12.09,4
ST_102,IT_168,2024.12.10,4
ST_102,IT_168,2024.12.11,4
ST_102,IT_168,2024.12.12,4
ST_102,IT_168,2024.12.13,4
ST_102,IT_168,2024.12.14,4
ST_102,IT_168,2024.12.15,4
ST_102,IT_168,2024.12.16,4
ST_102,IT_168,2024.12.17,4
ST_102,IT_168,2024.12.18,4
ST_102,IT_168,2024.12.19,4
ST_102,IT_168,2024.12.20,4
ST_102,IT_168,2024.12.21,4
ST_102,IT_168,2024.12.22,4
ST_102,IT_168,2024.12.23,4
ST_102,IT_168,2024.12.24,4
ST_102,IT_168,2024.12.25,4
ST_102,IT_168,2024.12.26,4
ST_102,IT_168,2024.12.27,4
ST_102,IT_168,2024.12.28,4
ST_102,IT_168,2024.12.29,4
ST_102,IT_168,2024.12.30,4
ST_102,IT_168,2024.12.31,4
ST_102,IT_169,2024.12.01,9
ST_102,IT_169,2024.12.02,9
ST_102,IT_169,2024.12.03,9
ST_102,IT_169,2024.12.04,9
ST_102,IT_169,2024.12.05,9
ST_102,IT_169,2024.12.06,9
ST_102,IT_169,2024.12.07,9
ST_102,IT_169,2024.12.08,9
ST_102,IT_169,2024.12.09,9
ST_102,IT_169,2024.12.10,9
ST_102,IT_169,2024.12.11,9
ST_102,IT_169,2024.12.12,9
ST_102,IT_169,2024.12.13,9
ST_102,IT_169,2024.12.14,9
ST_102,IT_169,2024.12.15,9
ST_102,IT_169,2024.12.16,9
ST_102,IT_169,2024.12.17,9
ST_102,IT_169,2024.12.18,9
ST_102,IT_169,2024.12.19,9
ST_102,IT_169,2024.12.20,9
ST_102,IT_169,2024.12.21,9
ST_102,IT_169,2024.12.22,9
ST_102,IT_169,2024.12.23,9
ST_102,IT_169,2024.12.24,9
ST_102,IT_169,2024.12.25,9
ST_102,IT_169,2024.12.26,9
ST_102,IT_169,2024.12.27,9
ST_102,IT_169,2024.12.28,9
ST_102,IT_169,2024.12.29,9
ST_102,IT_169,2024.12.30,9
ST_102,IT_169,2024.12.31,9
ST_102,IT_170,2024.12.01,12
ST_102,IT_170,2024.12.02,12
ST_102,IT_170,2024.12.03,12
ST_102,IT_170,2024.12.04,12
ST_102,IT_170,2024.12.05,12
ST_102,IT_170,2024.12.06,12
ST_102,IT_170,2024.12.07,12
ST_102,IT_170,2024.12.08,12
ST_102,IT_170,2024.12.09,12
ST_102,IT_170,2024.12.10,12
ST_102,IT_170,2024.12.11,12
ST_102,IT_170,2024.12.12,12
ST_102,IT_170,2024.12.13,12
ST_102,IT_170,2024.12.14,12
ST_102,IT_170,2024.12.15,12
ST_102,IT_170,2024.12.16,12
ST_102,IT_170,2024.12.17,12
ST_102,IT_170,2024.12.18,12
ST_102,IT_170,2024.12.19,12
ST_102,IT_170,2024.12.20,12
ST_102,IT_170,2024.12.21,12
ST_102,IT_170,2024.12.22,12
ST_102,IT_170,2024.12.23,12
ST_102,IT_170,2024.12.24,12
ST_102,IT_170,2024.12.25,12
ST_102,IT_170,2024.12.26,12
ST_102,IT_170,2024.12.27,12
ST_102,IT_170,2024.12.28,12
ST_102,IT_170,2024.12.29,12
ST_102,IT_170,2024.12.30,12
ST_102,IT_170,2024.12.31,12
ST_102,IT_171,2024.12.01,17
ST_102,IT_171,2024.12.02,17
ST_102,IT_171,2024.12.03,17
ST_102,IT_171,2024.12.04,17
ST_102,IT_171,2024.12.05,17
ST_102,IT_171,2024.12.06,17
ST_102,IT_171,2024.12.07,17
ST_102,IT_171,2024.12.08,17
ST_102,IT_171,2024.12.09,17
ST_102,IT_171,2024.12.10,17
ST_102,IT_171,2024.12.11,17
ST_102,IT_171,2024.12.12,17
ST_102,IT_171,2024.12.13,17
ST_102,IT_171,2024.12.14,17
ST_102,IT_171,2024.12.15,17
ST_102,IT_171,2024.12.16,17
ST_102,IT_171,2024.12.17,17
ST_102,IT_171,2024.12.18,17
ST_102,IT_171,2024.12.19,17
ST_102,IT_171,2024.12.20,17
ST_102,IT_171,2024.12.21,17
ST_102,IT_171,2024.12.22,17
ST_102,IT_171,2024.12.23,17
ST_102,IT_171,2024.12.24,17
ST_102,IT_171,2024.12.25,17
ST_102,IT_171,2024.12.26,17
ST_102,IT_171,2024.12.27,17
ST_102,IT_171,2024.12.28,17
ST_102,IT_171,2024.12.29,17
ST_102,IT_171,2024.12.30,17
ST_102,IT_171,2024.12.31,17
ST_102,IT_101,2025.01.01,3000
ST_102,IT_101,2025.01.02,3000
ST_102,IT_101,2025.01.03,3000
ST_102,IT_101,2025.01.04,3000
ST_102,IT_101,2025.01.05,3000
ST_102,IT_101,2025.01.06,3000
ST_102,IT_101,2025.01.07,3000
ST_102,IT_101,2025.01.08,3000
ST_102,IT_101,2025.01.09,3000
ST_102,IT_101,2025.01.10,3000
ST_102,IT_101,2025.01.11,3000
ST_102,IT_101,2025.01.12,3000
ST_102,IT_101,2025.01.13,3000
ST_102,IT_101,2025.01.14,3000
ST_102,IT_101,2025.01.15,3000
ST_102,IT_101,2025.01.16,3000
ST_102,IT_101,2025.01.17,3000
ST_102,IT_101,2025.01.18,3000
ST_102,IT_101,2025.01.19,3000
ST_102,IT_101,2025.01.20,3000
ST_102,IT_101,2025.01.21,3000
ST_102,IT_101,2025.01.22,3000
ST_102,IT_101,2025.01.23,3000
ST_102,IT_101,2025.01.24,3000
ST_102,IT_101,2025.01.25,3000
ST_102,IT_101,2025.01.26,3000
ST_102,IT_101,2025.01.27,3000
ST_102,IT_101,2025.01.28,3000
ST_102,IT_101,2025.01.29,3000
ST_102,IT_101,2025.01.30,3000
ST_102,IT_101,2025.01.31,3000
ST_102,IT_102,2025.01.01,9000
ST_102,IT_102,2025.01.02,9000
ST_102,IT_102,2025.01.03,9000
ST_102,IT_102,2025.01.04,9000
ST_102,IT_102,2025.01.05,9000
ST_102,IT_102,2025.01.06,9000
ST_102,IT_102,2025.01.07,9000
ST_102,IT_102,2025.01.08,9000
ST_102,IT_102,2025.01.09,9000
ST_102,IT_102,2025.01.10,9000
ST_102,IT_102,2025.01.11,9000
ST_102,IT_102,2025.01.12,9000
ST_102,IT_102,2025.01.13,9000
ST_102,IT_102,2025.01.14,9000
ST_102,IT_102,2025.01.15,9000
ST_102,IT_102,2025.01.16,9000
ST_102,IT_102,2025.01.17,9000
ST_102,IT_102,2025.01.18,9000
ST_102,IT_102,2025.01.19,9000
ST_102,IT_102,2025.01.20,9000
ST_102,IT_102,2025.01.21,9000
ST_102,IT_102,2025.01.22,9000
ST_102,IT_102,2025.01.23,9000
ST_102,IT_102,2025.01.24,9000
ST_102,IT_102,2025.01.25,9000
ST_102,IT_102,2025.01.26,9000
ST_102,IT_102,2025.01.27,9000
ST_102,IT_102,2025.01.28,9000
ST_102,IT_102,2025.01.29,9000
ST_102,IT_102,2025.01.30,9000
ST_102,IT_102,2025.01.31,9000
ST_102,IT_103,2025.01.01,7000
ST_102,IT_103,2025.01.02,7000
ST_102,IT_103,2025.01.03,7000
ST_102,IT_103,2025.01.04,7000
ST_102,IT_103,2025.01.05,7000
ST_102,IT_103,2025.01.06,7000
ST_102,IT_103,2025.01.07,7000
ST_102,IT_103,2025.01.08,7000
ST_102,IT_103,2025.01.09,7000
ST_102,IT_103,2025.01.10,7000
ST_102,IT_103,2025.01.11,7000
ST_102,IT_103,2025.01.12,7000
ST_102,IT_103,2025.01.13,7000
ST_102,IT_103,2025.01.14,7000
ST_102,IT_103,2025.01.15,7000
ST_102,IT_103,2025.01.16,7000
ST_102,IT_103,2025.01.17,7000
ST_102,IT_103,2025.01.18,7000
ST_102,IT_103,2025.01.19,7000
ST_102,IT_103,2025.01.20,7000
ST_102,IT_103,2025.01.21,7000
ST_102,IT_103,2025.01.22,7000
ST_102,IT_103,2025.01.23,7000
ST_102,IT_103,2025.01.24,7000
ST_102,IT_103,2025.01.25,7000
ST_102,IT_103,2025.01.26,7000
ST_102,IT_103,2025.01.27,7000
ST_102,IT_103,2025.01.28,7000
ST_102,IT_103,2025.01.29,7000
ST_102,IT_103,2025.01.30,7000
ST_102,IT_103,2025.01.31,7000
ST_102,IT_104,2025.01.01,0
ST_102,IT_104,2025.01.02,0
ST_102,IT_104,2025.01.03,0
ST_102,IT_104,2025.01.04,0
ST_102,IT_104,2025.01.05,0
ST_102,IT_104,2025.01.06,0
ST_102,IT_104,2025.01.07,0
ST_102,IT_104,2025.01.08,0
ST_102,IT_104,2025.01.09,0
ST_102,IT_104,2025.01.10,0
ST_102,IT_104,2025.01.11,0
ST_102,IT_104,2025.01.12,0
ST_102,IT_104,2025.01.13,0
ST_102,IT_104,2025.01.14,0
ST_102,IT_104,2025.01.15,0
ST_102,IT_104,2025.01.16,0
ST_102,IT_104,2025.01.17,0
ST_102,IT_104,2025.01.18,0
ST_102,IT_104,2025.01.19,0
ST_102,IT_104,2025.01.20,0
ST_102,IT_104,2025.01.21,0
ST_102,IT_104,2025.01.22,0
ST_102,IT_104,2025.01.23,0
ST_102,IT_104,2025.01.24,0
ST_102,IT_104,2025.01.25,0
ST_102,IT_104,2025.01.26,0
ST_102,IT_104,2025.01.27,0
ST_102,IT_104,2025.01.28,0
ST_102,IT_104,2025.01.29,0
ST_102,IT_104,2025.01.30,0
ST_102,IT_104,2025.01.31,0
ST_102,IT_105,2025.01.01,19000
ST_102,IT_105,2025.01.02,19000
ST_102,IT_105,2025.01.03,19000
ST_102,IT_105,2025.01.04,19000
ST_102,IT_105,2025.01.05,19000
ST_102,IT_105,2025.01.06,19000
ST_102,IT_105,2025.01.07,19000
ST_102,IT_105,2025.01.08,19000
ST_102,IT_105,2025.01.09,19000
ST_102,IT_105,2025.01.10,19000
ST_102,IT_105,2025.01.11,19000
ST_102,IT_105,2025.01.12,19000
ST_102,IT_105,2025.01.13,19000
ST_102,IT_105,2025.01.14,19000
ST_102,IT_105,2025.01.15,19000
ST_102,IT_105,2025.01.16,19000
ST_102,IT_105,2025.01.17,19000
ST_102,IT_105,2025.01.18,19000
ST_102,IT_105,2025.01.19,19000
ST_102,IT_105,2025.01.20,19000
ST_102,IT_105,2025.01.21,19000
ST_102,IT_105,2025.01.22,19000
ST_102,IT_105,2025.01.23,19000
ST_102,IT_105,2025.01.24,19000
ST_102,IT_105,2025.01.25,19000
ST_102,IT_105,2025.01.26,19000
ST_102,IT_105,2025.01.27,19000
ST_102,IT_105,2025.01.28,19000
ST_102,IT_105,2025.01.29,19000
ST_102,IT_105,2025.01.30,19000
ST_102,IT_105,2025.01.31,19000
ST_102,IT_106,2025.01.01,9000
ST_102,IT_106,2025.01.02,9000
ST_102,IT_106,2025.01.03,9000
ST_102,IT_106,2025.01.04,9000
ST_102,IT_106,2025.01.05,9000
ST_102,IT_106,2025.01.06,9000
ST_102,IT_106,2025.01.07,9000
ST_102,IT_106,2025.01.08,9000
ST_102,IT_106,2025.01.09,9000
ST_102,IT_106,2025.01.10,9000
ST_102,IT_106,2025.01.11,9000
ST_102,IT_106,2025.01.12,9000
ST_102,IT_106,2025.01.13,9000
ST_102,IT_106,2025.01.14,9000
ST_102,IT_106,2025.01.15,9000
ST_102,IT_106,2025.01.16,9000
ST_102,IT_106,2025.01.17,9000
ST_102,IT_106,2025.01.18,9000
ST_102,IT_106,2025.01.19,9000
ST_102,IT_106,2025.01.20,9000
ST_102,IT_106,2025.01.21,9000
ST_102,IT_106,2025.01.22,9000
ST_102,IT_106,2025.01.23,9000
ST_102,IT_106,2025.01.24,9000
ST_102,IT_106,2025.01.25,9000
ST_102,IT_106,2025.01.26,9000
ST_102,IT_106,2025.01.27,9000
ST_102,IT_106,2025.01.28,9000
ST_102,IT_106,2025.01.29,9000
ST_102,IT_106,2025.01.30,9000
ST_102,IT_106,2025.01.31,9000
ST_102,IT_107,2025.01.01,16000
ST_102,IT_107,2025.01.02,16000
ST_102,IT_107,2025.01.03,16000
ST_102,IT_107,2025.01.04,16000
ST_102,IT_107,2025.01.05,16000
ST_102,IT_107,2025.01.06,16000
ST_102,IT_107,2025.01.07,16000
ST_102,IT_107,2025.01.08,16000
ST_102,IT_107,2025.01.09,16000
ST_102,IT_107,2025.01.10,16000
ST_102,IT_107,2025.01.11,16000
ST_102,IT_107,2025.01.12,16000
ST_102,IT_107,2025.01.13,16000
ST_102,IT_107,2025.01.14,16000
ST_102,IT_107,2025.01.15,16000
ST_102,IT_107,2025.01.16,16000
ST_102,IT_107,2025.01.17,16000
ST_102,IT_107,2025.01.18,16000
ST_102,IT_107,2025.01.19,16000
ST_102,IT_107,2025.01.20,16000
ST_102,IT_107,2025.01.21,16000
ST_102,IT_107,2025.01.22,16000
ST_102,IT_107,2025.01.23,16000
ST_102,IT_107,2025.01.24,16000
ST_102,IT_107,2025.01.25,16000
ST_102,IT_107,2025.01.26,16000
ST_102,IT_107,2025.01.27,16000
ST_102,IT_107,2025.01.28,16000
ST_102,IT_107,2025.01.29,16000
ST_102,IT_107,2025.01.30,16000
ST_102,IT_107,2025.01.31,16000
ST_102,IT_108,2025.01.01,10000
ST_102,IT_108,2025.01.02,10000
ST_102,IT_108,2025.01.03,10000
ST_102,IT_108,2025.01.04,10000
ST_102,IT_108,2025.01.05,10000
ST_102,IT_108,2025.01.06,10000
ST_102,IT_108,2025.01.07,10000
ST_102,IT_108,2025.01.08,10000
ST_102,IT_108,2025.01.09,10000
ST_102,IT_108,2025.01.10,10000
ST_102,IT_108,2025.01.11,10000
ST_102,IT_108,2025.01.12,10000
ST_102,IT_108,2025.01.13,10000
ST_102,IT_108,2025.01.14,10000
ST_102,IT_108,2025.01.15,10000
ST_102,IT_108,2025.01.16,10000
ST_102,IT_108,2025.01.17,10000
ST_102,IT_108,2025.01.18,10000
ST_102,IT_108,2025.01.19,10000
ST_102,IT_108,2025.01.20,10000
ST_102,IT_108,2025.01.21,10000
ST_102,IT_108,2025.01.22,10000
ST_102,IT_108,2025.01.23,10000
ST_102,IT_108,2025.01.24,10000
ST_102,IT_108,2025.01.25,10000
ST_102,IT_108,2025.01.26,10000
ST_102,IT_108,2025.01.27,10000
ST_102,IT_108,2025.01.28,10000
ST_102,IT_108,2025.01.29,10000
ST_102,IT_108,2025.01.30,10000
ST_102,IT_108,2025.01.31,10000
ST_102,IT_109,2025.01.01,0
ST_102,IT_109,2025.01.02,0
ST_102,IT_109,2025.01.03,0
ST_102,IT_109,2025.01.04,0
ST_102,IT_109,2025.01.05,0
ST_102,IT_109,2025.01.06,0
ST_102,IT_109,2025.01.07,0
ST_102,IT_109,2025.01.08,0
ST_102,IT_109,2025.01.09,0
ST_102,IT_109,2025.01.10,0
ST_102,IT_109,2025.01.11,0
ST_102,IT_109,2025.01.12,0
ST_102,IT_109,2025.01.13,0
ST_102,IT_109,2025.01.14,0
ST_102,IT_109,2025.01.15,0
ST_102,IT_109,2025.01.16,0
ST_102,IT_109,2025.01.17,0
ST_102,IT_109,2025.01.18,0
ST_102,IT_109,2025.01.19,0
ST_102,IT_109,2025.01.20,0
ST_102,IT_109,2025.01.21,0
ST_102,IT_109,2025.01.22,0
ST_102,IT_109,2025.01.23,0
ST_102,IT_109,2025.01.24,0
ST_102,IT_109,2025.01.25,0
ST_102,IT_109,2025.01.26,0
ST_102,IT_109,2025.01.27,0
ST_102,IT_109,2025.01.28,0
ST_102,IT_109,2025.01.29,0
ST_102,IT_109,2025.01.30,0
ST_102,IT_109,2025.01.31,0
ST_102,IT_110,2025.01.01,3000
ST_102,IT_110,2025.01.02,3000
ST_102,IT_110,2025.01.03,3000
ST_102,IT_110,2025.01.04,3000
ST_102,IT_110,2025.01.05,3000
ST_102,IT_110,2025.01.06,3000
ST_102,IT_110,2025.01.07,3000
ST_102,IT_110,2025.01.08,3000
ST_102,IT_110,2025.01.09,3000
ST_102,IT_110,2025.01.10,3000
ST_102,IT_110,2025.01.11,3000
ST_102,IT_110,2025.01.12,3000
ST_102,IT_110,2025.01.13,3000
ST_102,IT_110,2025.01.14,3000
ST_102,IT_110,2025.01.15,3000
ST_102,IT_110,2025.01.16,3000
ST_102,IT_110,2025.01.17,3000
ST_102,IT_110,2025.01.18,3000
ST_102,IT_110,2025.01.19,3000
ST_102,IT_110,2025.01.20,3000
ST_102,IT_110,2025.01.21,3000
ST_102,IT_110,2025.01.22,3000
ST_102,IT_110,2025.01.23,3000
ST_102,IT_110,2025.01.24,3000
ST_102,IT_110,2025.01.25,3000
ST_102,IT_110,2025.01.26,3000
ST_102,IT_110,2025.01.27,3000
ST_102,IT_110,2025.01.28,3000
ST_102,IT_110,2025.01.29,3000
ST_102,IT_110,2025.01.30,3000
ST_102,IT_110,2025.01.31,3000
ST_102,IT_111,2025.01.01,26000
ST_102,IT_111,2025.01.02,26000
ST_102,IT_111,2025.01.03,26000
ST_102,IT_111,2025.01.04,26000
ST_102,IT_111,2025.01.05,26000
ST_102,IT_111,2025.01.06,26000
ST_102,IT_111,2025.01.07,26000
ST_102,IT_111,2025.01.08,26000
ST_102,IT_111,2025.01.09,26000
ST_102,IT_111,2025.01.10,26000
ST_102,IT_111,2025.01.11,26000
ST_102,IT_111,2025.01.12,26000
ST_102,IT_111,2025.01.13,26000
ST_102,IT_111,2025.01.14,26000
ST_102,IT_111,2025.01.15,26000
ST_102,IT_111,2025.01.16,26000
ST_102,IT_111,2025.01.17,26000
ST_102,IT_111,2025.01.18,26000
ST_102,IT_111,2025.01.19,26000
ST_102,IT_111,2025.01.20,26000
ST_102,IT_111,2025.01.21,26000
ST_102,IT_111,2025.01.22,26000
ST_102,IT_111,2025.01.23,26000
ST_102,IT_111,2025.01.24,26000
ST_102,IT_111,2025.01.25,26000
ST_102,IT_111,2025.01.26,26000
ST_102,IT_111,2025.01.27,26000
ST_102,IT_111,2025.01.28,26000
ST_102,IT_111,2025.01.29,26000
ST_102,IT_111,2025.01.30,26000
ST_102,IT_111,2025.01.31,26000
ST_102,IT_112,2025.01.01,9500
ST_102,IT_112,2025.01.02,9500
ST_102,IT_112,2025.01.03,9500
ST_102,IT_112,2025.01.04,9500
ST_102,IT_112,2025.01.05,9500
ST_102,IT_112,2025.01.06,9500
ST_102,IT_112,2025.01.07,9500
ST_102,IT_112,2025.01.08,9500
ST_102,IT_112,2025.01.09,9500
ST_102,IT_112,2025.01.10,9500
ST_102,IT_112,2025.01.11,9500
ST_102,IT_112,2025.01.12,9500
ST_102,IT_112,2025.01.13,9500
ST_102,IT_112,2025.01.14,9500
ST_102,IT_112,2025.01.15,9500
ST_102,IT_112,2025.01.16,9500
ST_102,IT_112,2025.01.17,9500
ST_102,IT_112,2025.01.18,9500
ST_102,IT_112,2025.01.19,9500
ST_102,IT_112,2025.01.20,9500
ST_102,IT_112,2025.01.21,9500
ST_102,IT_112,2025.01.22,9500
ST_102,IT_112,2025.01.23,9500
ST_102,IT_112,2025.01.24,9500
ST_102,IT_112,2025.01.25,9500
ST_102,IT_112,2025.01.26,9500
ST_102,IT_112,2025.01.27,9500
ST_102,IT_112,2025.01.28,9500
ST_102,IT_112,2025.01.29,9500
ST_102,IT_112,2025.01.30,9500
ST_102,IT_112,2025.01.31,9500
ST_102,IT_113,2025.01.01,4800
ST_102,IT_113,2025.01.02,4800
ST_102,IT_113,2025.01.03,4800
ST_102,IT_113,2025.01.04,4800
ST_102,IT_113,2025.01.05,4800
ST_102,IT_113,2025.01.06,4800
ST_102,IT_113,2025.01.07,4800
ST_102,IT_113,2025.01.08,4800
ST_102,IT_113,2025.01.09,4800
ST_102,IT_113,2025.01.10,4800
ST_102,IT_113,2025.01.11,4800
ST_102,IT_113,2025.01.12,4800
ST_102,IT_113,2025.01.13,4800
ST_102,IT_113,2025.01.14,4800
ST_102,IT_113,2025.01.15,4800
ST_102,IT_113,2025.01.16,4800
ST_102,IT_113,2025.01.17,4800
ST_102,IT_113,2025.01.18,4800
ST_102,IT_113,2025.01.19,4800
ST_102,IT_113,2025.01.20,4800
ST_102,IT_113,2025.01.21,4800
ST_102,IT_113,2025.01.22,4800
ST_102,IT_113,2025.01.23,4800
ST_102,IT_113,2025.01.24,4800
ST_102,IT_113,2025.01.25,4800
ST_102,IT_113,2025.01.26,4800
ST_102,IT_113,2025.01.27,4800
ST_102,IT_113,2025.01.28,4800
ST_102,IT_113,2025.01.29,4800
ST_102,IT_113,2025.01.30,4800
ST_102,IT_113,2025.01.31,4800
ST_102,IT_114,2025.01.01,14000
ST_102,IT_114,2025.01.02,14000
ST_102,IT_114,2025.01.03,14000
ST_102,IT_114,2025.01.04,14000
ST_102,IT_114,2025.01.05,14000
ST_102,IT_114,2025.01.06,14000
ST_102,IT_114,2025.01.07,14000
ST_102,IT_114,2025.01.08,14000
ST_102,IT_114,2025.01.09,14000
ST_102,IT_114,2025.01.10,14000
ST_102,IT_114,2025.01.11,14000
ST_102,IT_114,2025.01.12,14000
ST_102,IT_114,2025.01.13,14000
ST_102,IT_114,2025.01.14,14000
ST_102,IT_114,2025.01.15,14000
ST_102,IT_114,2025.01.16,14000
ST_102,IT_114,2025.01.17,14000
ST_102,IT_114,2025.01.18,14000
ST_102,IT_114,2025.01.19,14000
ST_102,IT_114,2025.01.20,14000
ST_102,IT_114,2025.01.21,14000
ST_102,IT_114,2025.01.22,14000
ST_102,IT_114,2025.01.23,14000
ST_102,IT_114,2025.01.24,14000
ST_102,IT_114,2025.01.25,14000
ST_102,IT_114,2025.01.26,14000
ST_102,IT_114,2025.01.27,14000
ST_102,IT_114,2025.01.28,14000
ST_102,IT_114,2025.01.29,14000
ST_102,IT_114,2025.01.30,14000
ST_102,IT_114,2025.01.31,14000
ST_102,IT_115,2025.01.01,3500
ST_102,IT_115,2025.01.02,3500
ST_102,IT_115,2025.01.03,3500
ST_102,IT_115,2025.01.04,3500
ST_102,IT_115,2025.01.05,3500
ST_102,IT_115,2025.01.06,3500
ST_102,IT_115,2025.01.07,3500
ST_102,IT_115,2025.01.08,3500
ST_102,IT_115,2025.01.09,3500
ST_102,IT_115,2025.01.10,3500
ST_102,IT_115,2025.01.11,3500
ST_102,IT_115,2025.01.12,3500
ST_102,IT_115,2025.01.13,3500
ST_102,IT_115,2025.01.14,3500
ST_102,IT_115,2025.01.15,3500
ST_102,IT_115,2025.01.16,3500
ST_102,IT_115,2025.01.17,3500
ST_102,IT_115,2025.01.18,3500
ST_102,IT_115,2025.01.19,3500
ST_102,IT_115,2025.01.20,3500
ST_102,IT_115,2025.01.21,3500
ST_102,IT_115,2025.01.22,3500
ST_102,IT_115,2025.01.23,3500
ST_102,IT_115,2025.01.24,3500
ST_102,IT_115,2025.01.25,3500
ST_102,IT_115,2025.01.26,3500
ST_102,IT_115,2025.01.27,3500
ST_102,IT_115,2025.01.28,3500
ST_102,IT_115,2025.01.29,3500
ST_102,IT_115,2025.01.30,3500
ST_102,IT_115,2025.01.31,3500
ST_102,IT_116,2025.01.01,4600
ST_102,IT_116,2025.01.02,4600
ST_102,IT_116,2025.01.03,4600
ST_102,IT_116,2025.01.04,4600
ST_102,IT_116,2025.01.05,4600
ST_102,IT_116,2025.01.06,4600
ST_102,IT_116,2025.01.07,4600
ST_102,IT_116,2025.01.08,4600
ST_102,IT_116,2025.01.09,4600
ST_102,IT_116,2025.01.10,4600
ST_102,IT_116,2025.01.11,4600
ST_102,IT_116,2025.01.12,4600
ST_102,IT_116,2025.01.13,4600
ST_102,IT_116,2025.01.14,4600
ST_102,IT_116,2025.01.15,4600
ST_102,IT_116,2025.01.16,4600
ST_102,IT_116,2025.01.17,4600
ST_102,IT_116,2025.01.18,4600
ST_102,IT_116,2025.01.19,4600
ST_102,IT_116,2025.01.20,4600
ST_102,IT_116,2025.01.21,4600
ST_102,IT_116,2025.01.22,4600
ST_102,IT_116,2025.01.23,4600
ST_102,IT_116,2025.01.24,4600
ST_102,IT_116,2025.01.25,4600
ST_102,IT_116,2025.01.26,4600
ST_102,IT_116,2025.01.27,4600
ST_102,IT_116,2025.01.28,4600
ST_102,IT_116,2025.01.29,4600
ST_102,IT_116,2025.01.30,4600
ST_102,IT_116,2025.01.31,4600
ST_102,IT_117,2025.01.01,3800
ST_102,IT_117,2025.01.02,3800
ST_102,IT_117,2025.01.03,3800
ST_102,IT_117,2025.01.04,3800
ST_102,IT_117,2025.01.05,3800
ST_102,IT_117,2025.01.06,3800
ST_102,IT_117,2025.01.07,3800
ST_102,IT_117,2025.01.08,3800
ST_102,IT_117,2025.01.09,3800
ST_102,IT_117,2025.01.10,3800
ST_102,IT_117,2025.01.11,3800
ST_102,IT_117,2025.01.12,3800
ST_102,IT_117,2025.01.13,3800
ST_102,IT_117,2025.01.14,3800
ST_102,IT_117,2025.01.15,3800
ST_102,IT_117,2025.01.16,3800
ST_102,IT_117,2025.01.17,3800
ST_102,IT_117,2025.01.18,3800
ST_102,IT_117,2025.01.19,3800
ST_102,IT_117,2025.01.20,3800
ST_102,IT_117,2025.01.21,3800
ST_102,IT_117,2025.01.22,3800
ST_102,IT_117,2025.01.23,3800
ST_102,IT_117,2025.01.24,3800
ST_102,IT_117,2025.01.25,3800
ST_102,IT_117,2025.01.26,3800
ST_102,IT_117,2025.01.27,3800
ST_102,IT_117,2025.01.28,3800
ST_102,IT_117,2025.01.29,3800
ST_102,IT_117,2025.01.30,3800
ST_102,IT_117,2025.01.31,3800
ST_102,IT_118,2025.01.01,1600
ST_102,IT_118,2025.01.02,1600
ST_102,IT_118,2025.01.03,1600
ST_102,IT_118,2025.01.04,1600
ST_102,IT_118,2025.01.05,1600
ST_102,IT_118,2025.01.06,1600
ST_102,IT_118,2025.01.07,1600
ST_102,IT_118,2025.01.08,1600
ST_102,IT_118,2025.01.09,1600
ST_102,IT_118,2025.01.10,1600
ST_102,IT_118,2025.01.11,1600
ST_102,IT_118,2025.01.12,1600
ST_102,IT_118,2025.01.13,1600
ST_102,IT_118,2025.01.14,1600
ST_102,IT_118,2025.01.15,1600
ST_102,IT_118,2025.01.16,1600
ST_102,IT_118,2025.01.17,1600
ST_102,IT_118,2025.01.18,1600
ST_102,IT_118,2025.01.19,1600
ST_102,IT_118,2025.01.20,1600
ST_102,IT_118,2025.01.21,1600
ST_102,IT_118,2025.01.22,1600
ST_102,IT_118,2025.01.23,1600
ST_102,IT_118,2025.01.24,1600
ST_102,IT_118,2025.01.25,1600
ST_102,IT_118,2025.01.26,1600
ST_102,IT_118,2025.01.27,1600
ST_102,IT_118,2025.01.28,1600
ST_102,IT_118,2025.01.29,1600
ST_102,IT_118,2025.01.30,1600
ST_102,IT_118,2025.01.31,1600
ST_102,IT_119,2025.01.01,24000
ST_102,IT_119,2025.01.02,24000
ST_102,IT_119,2025.01.03,24000
ST_102,IT_119,2025.01.04,24000
ST_102,IT_119,2025.01.05,24000
ST_102,IT_119,2025.01.06,24000
ST_102,IT_119,2025.01.07,24000
ST_102,IT_119,2025.01.08,24000
ST_102,IT_119,2025.01.09,24000
ST_102,IT_119,2025.01.10,24000
ST_102,IT_119,2025.01.11,24000
ST_102,IT_119,2025.01.12,24000
ST_102,IT_119,2025.01.13,24000
ST_102,IT_119,2025.01.14,24000
ST_102,IT_119,2025.01.15,24000
ST_102,IT_119,2025.01.16,24000
ST_102,IT_119,2025.01.17,24000
ST_102,IT_119,2025.01.18,24000
ST_102,IT_119,2025.01.19,24000
ST_102,IT_119,2025.01.20,24000
ST_102,IT_119,2025.01.21,24000
ST_102,IT_119,2025.01.22,24000
ST_102,IT_119,2025.01.23,24000
ST_102,IT_119,2025.01.24,24000
ST_102,IT_119,2025.01.25,24000
ST_102,IT_119,2025.01.26,24000
ST_102,IT_119,2025.01.27,24000
ST_102,IT_119,2025.01.28,24000
ST_102,IT_119,2025.01.29,24000
ST_102,IT_119,2025.01.30,24000
ST_102,IT_119,2025.01.31,24000
ST_102,IT_120,2025.01.01,2
ST_102,IT_120,2025.01.02,2
ST_102,IT_120,2025.01.03,2
ST_102,IT_120,2025.01.04,2
ST_102,IT_120,2025.01.05,2
ST_102,IT_120,2025.01.06,2
ST_102,IT_120,2025.01.07,2
ST_102,IT_120,2025.01.08,2
ST_102,IT_120,2025.01.09,2
ST_102,IT_120,2025.01.10,2
ST_102,IT_120,2025.01.11,2
ST_102,IT_120,2025.01.12,2
ST_102,IT_120,2025.01.13,2
ST_102,IT_120,2025.01.14,2
ST_102,IT_120,2025.01.15,2
ST_102,IT_120,2025.01.16,2
ST_102,IT_120,2025.01.17,2
ST_102,IT_120,2025.01.18,2
ST_102,IT_120,2025.01.19,2
ST_102,IT_120,2025.01.20,2
ST_102,IT_120,2025.01.21,2
ST_102,IT_120,2025.01.22,2
ST_102,IT_120,2025.01.23,2
ST_102,IT_120,2025.01.24,2
ST_102,IT_120,2025.01.25,2
ST_102,IT_120,2025.01.26,2
ST_102,IT_120,2025.01.27,2
ST_102,IT_120,2025.01.28,2
ST_102,IT_120,2025.01.29,2
ST_102,IT_120,2025.01.30,2
ST_102,IT_120,2025.01.31,2
ST_102,IT_121,2025.01.01,13000
ST_102,IT_121,2025.01.02,13000
ST_102,IT_121,2025.01.03,13000
ST_102,IT_121,2025.01.04,13000
ST_102,IT_121,2025.01.05,13000
ST_102,IT_121,2025.01.06,13000
ST_102,IT_121,2025.01.07,13000
ST_102,IT_121,2025.01.08,13000
ST_102,IT_121,2025.01.09,13000
ST_102,IT_121,2025.01.10,13000
ST_102,IT_121,2025.01.11,13000
ST_102,IT_121,2025.01.12,13000
ST_102,IT_121,2025.01.13,13000
ST_102,IT_121,2025.01.14,13000
ST_102,IT_121,2025.01.15,13000
ST_102,IT_121,2025.01.16,13000
ST_102,IT_121,2025.01.17,13000
ST_102,IT_121,2025.01.18,13000
ST_102,IT_121,2025.01.19,13000
ST_102,IT_121,2025.01.20,13000
ST_102,IT_121,2025.01.21,13000
ST_102,IT_121,2025.01.22,13000
ST_102,IT_121,2025.01.23,13000
ST_102,IT_121,2025.01.24,13000
ST_102,IT_121,2025.01.25,13000
ST_102,IT_121,2025.01.26,13000
ST_102,IT_121,2025.01.27,13000
ST_102,IT_121,2025.01.28,13000
ST_102,IT_121,2025.01.29,13000
ST_102,IT_121,2025.01.30,13000
ST_102,IT_121,2025.01.31,13000
ST_102,IT_122,2025.01.01,11000
ST_102,IT_122,2025.01.02,11000
ST_102,IT_122,2025.01.03,11000
ST_102,IT_122,2025.01.04,11000
ST_102,IT_122,2025.01.05,11000
ST_102,IT_122,2025.01.06,11000
ST_102,IT_122,2025.01.07,11000
ST_102,IT_122,2025.01.08,11000
ST_102,IT_122,2025.01.09,11000
ST_102,IT_122,2025.01.10,11000
ST_102,IT_122,2025.01.11,11000
ST_102,IT_122,2025.01.12,11000
ST_102,IT_122,2025.01.13,11000
ST_102,IT_122,2025.01.14,11000
ST_102,IT_122,2025.01.15,11000
ST_102,IT_122,2025.01.16,11000
ST_102,IT_122,2025.01.17,11000
ST_102,IT_122,2025.01.18,11000
ST_102,IT_122,2025.01.19,11000
ST_102,IT_122,2025.01.20,11000
ST_102,IT_122,2025.01.21,11000
ST_102,IT_122,2025.01.22,11000
ST_102,IT_122,2025.01.23,11000
ST_102,IT_122,2025.01.24,11000
ST_102,IT_122,2025.01.25,11000
ST_102,IT_122,2025.01.26,11000
ST_102,IT_122,2025.01.27,11000
ST_102,IT_122,2025.01.28,11000
ST_102,IT_122,2025.01.29,11000
ST_102,IT_122,2025.01.30,11000
ST_102,IT_122,2025.01.31,11000
ST_102,IT_123,2025.01.01,600
ST_102,IT_123,2025.01.02,600
ST_102,IT_123,2025.01.03,600
ST_102,IT_123,2025.01.04,600
ST_102,IT_123,2025.01.05,600
ST_102,IT_123,2025.01.06,600
ST_102,IT_123,2025.01.07,600
ST_102,IT_123,2025.01.08,600
ST_102,IT_123,2025.01.09,600
ST_102,IT_123,2025.01.10,600
ST_102,IT_123,2025.01.11,600
ST_102,IT_123,2025.01.12,600
ST_102,IT_123,2025.01.13,600
ST_102,IT_123,2025.01.14,600
ST_102,IT_123,2025.01.15,600
ST_102,IT_123,2025.01.16,600
ST_102,IT_123,2025.01.17,600
ST_102,IT_123,2025.01.18,600
ST_102,IT_123,2025.01.19,600
ST_102,IT_123,2025.01.20,600
ST_102,IT_123,2025.01.21,600
ST_102,IT_123,2025.01.22,600
ST_102,IT_123,2025.01.23,600
ST_102,IT_123,2025.01.24,600
ST_102,IT_123,2025.01.25,600
ST_102,IT_123,2025.01.26,600
ST_102,IT_123,2025.01.27,600
ST_102,IT_123,2025.01.28,600
ST_102,IT_123,2025.01.29,600
ST_102,IT_123,2025.01.30,600
ST_102,IT_123,2025.01.31,600
ST_102,IT_124,2025.01.01,32
ST_102,IT_124,2025.01.02,32
ST_102,IT_124,2025.01.03,32
ST_102,IT_124,2025.01.04,32
ST_102,IT_124,2025.01.05,32
ST_102,IT_124,2025.01.06,32
ST_102,IT_124,2025.01.07,32
ST_102,IT_124,2025.01.08,32
ST_102,IT_124,2025.01.09,32
ST_102,IT_124,2025.01.10,32
ST_102,IT_124,2025.01.11,32
ST_102,IT_124,2025.01.12,32
ST_102,IT_124,2025.01.13,32
ST_102,IT_124,2025.01.14,32
ST_102,IT_124,2025.01.15,32
ST_102,IT_124,2025.01.16,32
ST_102,IT_124,2025.01.17,32
ST_102,IT_124,2025.01.18,32
ST_102,IT_124,2025.01.19,32
ST_102,IT_124,2025.01.20,32
ST_102,IT_124,2025.01.21,32
ST_102,IT_124,2025.01.22,32
ST_102,IT_124,2025.01.23,32
ST_102,IT_124,2025.01.24,32
ST_102,IT_124,2025.01.25,32
ST_102,IT_124,2025.01.26,32
ST_102,IT_124,2025.01.27,32
ST_102,IT_124,2025.01.28,32
ST_102,IT_124,2025.01.29,32
ST_102,IT_124,2025.01.30,32
ST_102,IT_124,2025.01.31,32
ST_102,IT_125,2025.01.01,58
ST_102,IT_125,2025.01.02,58
ST_102,IT_125,2025.01.03,58
ST_102,IT_125,2025.01.04,58
ST_102,IT_125,2025.01.05,58
ST_102,IT_125,2025.01.06,58
ST_102,IT_125,2025.01.07,58
ST_102,IT_125,2025.01.08,58
ST_102,IT_125,2025.01.09,58
ST_102,IT_125,2025.01.10,58
ST_102,IT_125,2025.01.11,58
ST_102,IT_125,2025.01.12,58
ST_102,IT_125,2025.01.13,58
ST_102,IT_125,2025.01.14,58
ST_102,IT_125,2025.01.15,58
ST_102,IT_125,2025.01.16,58
ST_102,IT_125,2025.01.17,58
ST_102,IT_125,2025.01.18,58
ST_102,IT_125,2025.01.19,58
ST_102,IT_125,2025.01.20,58
ST_102,IT_125,2025.01.21,58
ST_102,IT_125,2025.01.22,58
ST_102,IT_125,2025.01.23,58
ST_102,IT_125,2025.01.24,58
ST_102,IT_125,2025.01.25,58
ST_102,IT_125,2025.01.26,58
ST_102,IT_125,2025.01.27,58
ST_102,IT_125,2025.01.28,58
ST_102,IT_125,2025.01.29,58
ST_102,IT_125,2025.01.30,58
ST_102,IT_125,2025.01.31,58
ST_102,IT_126,2025.01.01,48
ST_102,IT_126,2025.01.02,48
ST_102,IT_126,2025.01.03,48
ST_102,IT_126,2025.01.04,48
ST_102,IT_126,2025.01.05,48
ST_102,IT_126,2025.01.06,48
ST_102,IT_126,2025.01.07,48
ST_102,IT_126,2025.01.08,48
ST_102,IT_126,2025.01.09,48
ST_102,IT_126,2025.01.10,48
ST_102,IT_126,2025.01.11,48
ST_102,IT_126,2025.01.12,48
ST_102,IT_126,2025.01.13,48
ST_102,IT_126,2025.01.14,48
ST_102,IT_126,2025.01.15,48
ST_102,IT_126,2025.01.16,48
ST_102,IT_126,2025.01.17,48
ST_102,IT_126,2025.01.18,48
ST_102,IT_126,2025.01.19,48
ST_102,IT_126,2025.01.20,48
ST_102,IT_126,2025.01.21,48
ST_102,IT_126,2025.01.22,48
ST_102,IT_126,2025.01.23,48
ST_102,IT_126,2025.01.24,48
ST_102,IT_126,2025.01.25,48
ST_102,IT_126,2025.01.26,48
ST_102,IT_126,2025.01.27,48
ST_102,IT_126,2025.01.28,48
ST_102,IT_126,2025.01.29,48
ST_102,IT_126,2025.01.30,48
ST_102,IT_126,2025.01.31,48
ST_102,IT_127,2025.01.01,0
ST_102,IT_127,2025.01.02,0
ST_102,IT_127,2025.01.03,0
ST_102,IT_127,2025.01.04,0
ST_102,IT_127,2025.01.05,0
ST_102,IT_127,2025.01.06,0
ST_102,IT_127,2025.01.07,0
ST_102,IT_127,2025.01.08,0
ST_102,IT_127,2025.01.09,0
ST_102,IT_127,2025.01.10,0
ST_102,IT_127,2025.01.11,0
ST_102,IT_127,2025.01.12,0
ST_102,IT_127,2025.01.13,0
ST_102,IT_127,2025.01.14,0
ST_102,IT_127,2025.01.15,0
ST_102,IT_127,2025.01.16,0
ST_102,IT_127,2025.01.17,0
ST_102,IT_127,2025.01.18,0
ST_102,IT_127,2025.01.19,0
ST_102,IT_127,2025.01.20,0
ST_102,IT_127,2025.01.21,0
ST_102,IT_127,2025.01.22,0
ST_102,IT_127,2025.01.23,0
ST_102,IT_127,2025.01.24,0
ST_102,IT_127,2025.01.25,0
ST_102,IT_127,2025.01.26,0
ST_102,IT_127,2025.01.27,0
ST_102,IT_127,2025.01.28,0
ST_102,IT_127,2025.01.29,0
ST_102,IT_127,2025.01.30,0
ST_102,IT_127,2025.01.31,0
ST_102,IT_128,2025.01.01,36
ST_102,IT_128,2025.01.02,36
ST_102,IT_128,2025.01.03,36
ST_102,IT_128,2025.01.04,36
ST_102,IT_128,2025.01.05,36
ST_102,IT_128,2025.01.06,36
ST_102,IT_128,2025.01.07,36
ST_102,IT_128,2025.01.08,36
ST_102,IT_128,2025.01.09,36
ST_102,IT_128,2025.01.10,36
ST_102,IT_128,2025.01.11,36
ST_102,IT_128,2025.01.12,36
ST_102,IT_128,2025.01.13,36
ST_102,IT_128,2025.01.14,36
ST_102,IT_128,2025.01.15,36
ST_102,IT_128,2025.01.16,36
ST_102,IT_128,2025.01.17,36
ST_102,IT_128,2025.01.18,36
ST_102,IT_128,2025.01.19,36
ST_102,IT_128,2025.01.20,36
ST_102,IT_128,2025.01.21,36
ST_102,IT_128,2025.01.22,36
ST_102,IT_128,2025.01.23,36
ST_102,IT_128,2025.01.24,36
ST_102,IT_128,2025.01.25,36
ST_102,IT_128,2025.01.26,36
ST_102,IT_128,2025.01.27,36
ST_102,IT_128,2025.01.28,36
ST_102,IT_128,2025.01.29,36
ST_102,IT_128,2025.01.30,36
ST_102,IT_128,2025.01.31,36
ST_102,IT_129,2025.01.01,40
ST_102,IT_129,2025.01.02,40
ST_102,IT_129,2025.01.03,40
ST_102,IT_129,2025.01.04,40
ST_102,IT_129,2025.01.05,40
ST_102,IT_129,2025.01.06,40
ST_102,IT_129,2025.01.07,40
ST_102,IT_129,2025.01.08,40
ST_102,IT_129,2025.01.09,40
ST_102,IT_129,2025.01.10,40
ST_102,IT_129,2025.01.11,40
ST_102,IT_129,2025.01.12,40
ST_102,IT_129,2025.01.13,40
ST_102,IT_129,2025.01.14,40
ST_102,IT_129,2025.01.15,40
ST_102,IT_129,2025.01.16,40
ST_102,IT_129,2025.01.17,40
ST_102,IT_129,2025.01.18,40
ST_102,IT_129,2025.01.19,40
ST_102,IT_129,2025.01.20,40
ST_102,IT_129,2025.01.21,40
ST_102,IT_129,2025.01.22,40
ST_102,IT_129,2025.01.23,40
ST_102,IT_129,2025.01.24,40
ST_102,IT_129,2025.01.25,40
ST_102,IT_129,2025.01.26,40
ST_102,IT_129,2025.01.27,40
ST_102,IT_129,2025.01.28,40
ST_102,IT_129,2025.01.29,40
ST_102,IT_129,2025.01.30,40
ST_102,IT_129,2025.01.31,40
ST_102,IT_130,2025.01.01,0
ST_102,IT_130,2025.01.02,0
ST_102,IT_130,2025.01.03,0
ST_102,IT_130,2025.01.04,0
ST_102,IT_130,2025.01.05,0
ST_102,IT_130,2025.01.06,0
ST_102,IT_130,2025.01.07,0
ST_102,IT_130,2025.01.08,0
ST_102,IT_130,2025.01.09,0
ST_102,IT_130,2025.01.10,0
ST_102,IT_130,2025.01.11,0
ST_102,IT_130,2025.01.12,0
ST_102,IT_130,2025.01.13,0
ST_102,IT_130,2025.01.14,0
ST_102,IT_130,2025.01.15,0
ST_102,IT_130,2025.01.16,0
ST_102,IT_130,2025.01.17,0
ST_102,IT_130,2025.01.18,0
ST_102,IT_130,2025.01.19,0
ST_102,IT_130,2025.01.20,0
ST_102,IT_130,2025.01.21,0
ST_102,IT_130,2025.01.22,0
ST_102,IT_130,2025.01.23,0
ST_102,IT_130,2025.01.24,0
ST_102,IT_130,2025.01.25,0
ST_102,IT_130,2025.01.26,0
ST_102,IT_130,2025.01.27,0
ST_102,IT_130,2025.01.28,0
ST_102,IT_130,2025.01.29,0
ST_102,IT_130,2025.01.30,0
ST_102,IT_130,2025.01.31,0
ST_102,IT_131,2025.01.01,191
ST_102,IT_131,2025.01.02,191
ST_102,IT_131,2025.01.03,191
ST_102,IT_131,2025.01.04,191
ST_102,IT_131,2025.01.05,191
ST_102,IT_131,2025.01.06,191
ST_102,IT_131,2025.01.07,191
ST_102,IT_131,2025.01.08,191
ST_102,IT_131,2025.01.09,191
ST_102,IT_131,2025.01.10,191
ST_102,IT_131,2025.01.11,191
ST_102,IT_131,2025.01.12,191
ST_102,IT_131,2025.01.13,191
ST_102,IT_131,2025.01.14,191
ST_102,IT_131,2025.01.15,191
ST_102,IT_131,2025.01.16,191
ST_102,IT_131,2025.01.17,191
ST_102,IT_131,2025.01.18,191
ST_102,IT_131,2025.01.19,191
ST_102,IT_131,2025.01.20,191
ST_102,IT_131,2025.01.21,191
ST_102,IT_131,2025.01.22,191
ST_102,IT_131,2025.01.23,191
ST_102,IT_131,2025.01.24,191
ST_102,IT_131,2025.01.25,191
ST_102,IT_131,2025.01.26,191
ST_102,IT_131,2025.01.27,191
ST_102,IT_131,2025.01.28,191
ST_102,IT_131,2025.01.29,191
ST_102,IT_131,2025.01.30,191
ST_102,IT_131,2025.01.31,191
ST_102,IT_132,2025.01.01,69
ST_102,IT_132,2025.01.02,69
ST_102,IT_132,2025.01.03,69
ST_102,IT_132,2025.01.04,69
ST_102,IT_132,2025.01.05,69
ST_102,IT_132,2025.01.06,69
ST_102,IT_132,2025.01.07,69
ST_102,IT_132,2025.01.08,69
ST_102,IT_132,2025.01.09,69
ST_102,IT_132,2025.01.10,69
ST_102,IT_132,2025.01.11,69
ST_102,IT_132,2025.01.12,69
ST_102,IT_132,2025.01.13,69
ST_102,IT_132,2025.01.14,69
ST_102,IT_132,2025.01.15,69
ST_102,IT_132,2025.01.16,69
ST_102,IT_132,2025.01.17,69
ST_102,IT_132,2025.01.18,69
ST_102,IT_132,2025.01.19,69
ST_102,IT_132,2025.01.20,69
ST_102,IT_132,2025.01.21,69
ST_102,IT_132,2025.01.22,69
ST_102,IT_132,2025.01.23,69
ST_102,IT_132,2025.01.24,69
ST_102,IT_132,2025.01.25,69
ST_102,IT_132,2025.01.26,69
ST_102,IT_132,2025.01.27,69
ST_102,IT_132,2025.01.28,69
ST_102,IT_132,2025.01.29,69
ST_102,IT_132,2025.01.30,69
ST_102,IT_132,2025.01.31,69
ST_102,IT_133,2025.01.01,0
ST_102,IT_133,2025.01.02,0
ST_102,IT_133,2025.01.03,0
ST_102,IT_133,2025.01.04,0
ST_102,IT_133,2025.01.05,0
ST_102,IT_133,2025.01.06,0
ST_102,IT_133,2025.01.07,0
ST_102,IT_133,2025.01.08,0
ST_102,IT_133,2025.01.09,0
ST_102,IT_133,2025.01.10,0
ST_102,IT_133,2025.01.11,0
ST_102,IT_133,2025.01.12,0
ST_102,IT_133,2025.01.13,0
ST_102,IT_133,2025.01.14,0
ST_102,IT_133,2025.01.15,0
ST_102,IT_133,2025.01.16,0
ST_102,IT_133,2025.01.17,0
ST_102,IT_133,2025.01.18,0
ST_102,IT_133,2025.01.19,0
ST_102,IT_133,2025.01.20,0
ST_102,IT_133,2025.01.21,0
ST_102,IT_133,2025.01.22,0
ST_102,IT_133,2025.01.23,0
ST_102,IT_133,2025.01.24,0
ST_102,IT_133,2025.01.25,0
ST_102,IT_133,2025.01.26,0
ST_102,IT_133,2025.01.27,0
ST_102,IT_133,2025.01.28,0
ST_102,IT_133,2025.01.29,0
ST_102,IT_133,2025.01.30,0
ST_102,IT_133,2025.01.31,0
ST_102,IT_134,2025.01.01,0
ST_102,IT_134,2025.01.02,0
ST_102,IT_134,2025.01.03,0
ST_102,IT_134,2025.01.04,0
ST_102,IT_134,2025.01.05,0
ST_102,IT_134,2025.01.06,0
ST_102,IT_134,2025.01.07,0
ST_102,IT_134,2025.01.08,0
ST_102,IT_134,2025.01.09,0
ST_102,IT_134,2025.01.10,0
ST_102,IT_134,2025.01.11,0
ST_102,IT_134,2025.01.12,0
ST_102,IT_134,2025.01.13,0
ST_102,IT_134,2025.01.14,0
ST_102,IT_134,2025.01.15,0
ST_102,IT_134,2025.01.16,0
ST_102,IT_134,2025.01.17,0
ST_102,IT_134,2025.01.18,0
ST_102,IT_134,2025.01.19,0
ST_102,IT_134,2025.01.20,0
ST_102,IT_134,2025.01.21,0
ST_102,IT_134,2025.01.22,0
ST_102,IT_134,2025.01.23,0
ST_102,IT_134,2025.01.24,0
ST_102,IT_134,2025.01.25,0
ST_102,IT_134,2025.01.26,0
ST_102,IT_134,2025.01.27,0
ST_102,IT_134,2025.01.28,0
ST_102,IT_134,2025.01.29,0
ST_102,IT_134,2025.01.30,0
ST_102,IT_134,2025.01.31,0
ST_102,IT_135,2025.01.01,92
ST_102,IT_135,2025.01.02,92
ST_102,IT_135,2025.01.03,92
ST_102,IT_135,2025.01.04,92
ST_102,IT_135,2025.01.05,92
ST_102,IT_135,2025.01.06,92
ST_102,IT_135,2025.01.07,92
ST_102,IT_135,2025.01.08,92
ST_102,IT_135,2025.01.09,92
ST_102,IT_135,2025.01.10,92
ST_102,IT_135,2025.01.11,92
ST_102,IT_135,2025.01.12,92
ST_102,IT_135,2025.01.13,92
ST_102,IT_135,2025.01.14,92
ST_102,IT_135,2025.01.15,92
ST_102,IT_135,2025.01.16,92
ST_102,IT_135,2025.01.17,92
ST_102,IT_135,2025.01.18,92
ST_102,IT_135,2025.01.19,92
ST_102,IT_135,2025.01.20,92
ST_102,IT_135,2025.01.21,92
ST_102,IT_135,2025.01.22,92
ST_102,IT_135,2025.01.23,92
ST_102,IT_135,2025.01.24,92
ST_102,IT_135,2025.01.25,92
ST_102,IT_135,2025.01.26,92
ST_102,IT_135,2025.01.27,92
ST_102,IT_135,2025.01.28,92
ST_102,IT_135,2025.01.29,92
ST_102,IT_135,2025.01.30,92
ST_102,IT_135,2025.01.31,92
ST_102,IT_136,2025.01.01,40
ST_102,IT_136,2025.01.02,40
ST_102,IT_136,2025.01.03,40
ST_102,IT_136,2025.01.04,40
ST_102,IT_136,2025.01.05,40
ST_102,IT_136,2025.01.06,40
ST_102,IT_136,2025.01.07,40
ST_102,IT_136,2025.01.08,40
ST_102,IT_136,2025.01.09,40
ST_102,IT_136,2025.01.10,40
ST_102,IT_136,2025.01.11,40
ST_102,IT_136,2025.01.12,40
ST_102,IT_136,2025.01.13,40
ST_102,IT_136,2025.01.14,40
ST_102,IT_136,2025.01.15,40
ST_102,IT_136,2025.01.16,40
ST_102,IT_136,2025.01.17,40
ST_102,IT_136,2025.01.18,40
ST_102,IT_136,2025.01.19,40
ST_102,IT_136,2025.01.20,40
ST_102,IT_136,2025.01.21,40
ST_102,IT_136,2025.01.22,40
ST_102,IT_136,2025.01.23,40
ST_102,IT_136,2025.01.24,40
ST_102,IT_136,2025.01.25,40
ST_102,IT_136,2025.01.26,40
ST_102,IT_136,2025.01.27,40
ST_102,IT_136,2025.01.28,40
ST_102,IT_136,2025.01.29,40
ST_102,IT_136,2025.01.30,40
ST_102,IT_136,2025.01.31,40
ST_102,IT_137,2025.01.01,18600
ST_102,IT_137,2025.01.02,18600
ST_102,IT_137,2025.01.03,18600
ST_102,IT_137,2025.01.04,18600
ST_102,IT_137,2025.01.05,18600
ST_102,IT_137,2025.01.06,18600
ST_102,IT_137,2025.01.07,18600
ST_102,IT_137,2025.01.08,18600
ST_102,IT_137,2025.01.09,18600
ST_102,IT_137,2025.01.10,18600
ST_102,IT_137,2025.01.11,18600
ST_102,IT_137,2025.01.12,18600
ST_102,IT_137,2025.01.13,18600
ST_102,IT_137,2025.01.14,18600
ST_102,IT_137,2025.01.15,18600
ST_102,IT_137,2025.01.16,18600
ST_102,IT_137,2025.01.17,18600
ST_102,IT_137,2025.01.18,18600
ST_102,IT_137,2025.01.19,18600
ST_102,IT_137,2025.01.20,18600
ST_102,IT_137,2025.01.21,18600
ST_102,IT_137,2025.01.22,18600
ST_102,IT_137,2025.01.23,18600
ST_102,IT_137,2025.01.24,18600
ST_102,IT_137,2025.01.25,18600
ST_102,IT_137,2025.01.26,18600
ST_102,IT_137,2025.01.27,18600
ST_102,IT_137,2025.01.28,18600
ST_102,IT_137,2025.01.29,18600
ST_102,IT_137,2025.01.30,18600
ST_102,IT_137,2025.01.31,18600
ST_102,IT_138,2025.01.01,1700
ST_102,IT_138,2025.01.02,1700
ST_102,IT_138,2025.01.03,1700
ST_102,IT_138,2025.01.04,1700
ST_102,IT_138,2025.01.05,1700
ST_102,IT_138,2025.01.06,1700
ST_102,IT_138,2025.01.07,1700
ST_102,IT_138,2025.01.08,1700
ST_102,IT_138,2025.01.09,1700
ST_102,IT_138,2025.01.10,1700
ST_102,IT_138,2025.01.11,1700
ST_102,IT_138,2025.01.12,1700
ST_102,IT_138,2025.01.13,1700
ST_102,IT_138,2025.01.14,1700
ST_102,IT_138,2025.01.15,1700
ST_102,IT_138,2025.01.16,1700
ST_102,IT_138,2025.01.17,1700
ST_102,IT_138,2025.01.18,1700
ST_102,IT_138,2025.01.19,1700
ST_102,IT_138,2025.01.20,1700
ST_102,IT_138,2025.01.21,1700
ST_102,IT_138,2025.01.22,1700
ST_102,IT_138,2025.01.23,1700
ST_102,IT_138,2025.01.24,1700
ST_102,IT_138,2025.01.25,1700
ST_102,IT_138,2025.01.26,1700
ST_102,IT_138,2025.01.27,1700
ST_102,IT_138,2025.01.28,1700
ST_102,IT_138,2025.01.29,1700
ST_102,IT_138,2025.01.30,1700
ST_102,IT_138,2025.01.31,1700
ST_102,IT_139,2025.01.01,17
ST_102,IT_139,2025.01.02,17
ST_102,IT_139,2025.01.03,17
ST_102,IT_139,2025.01.04,17
ST_102,IT_139,2025.01.05,17
ST_102,IT_139,2025.01.06,17
ST_102,IT_139,2025.01.07,17
ST_102,IT_139,2025.01.08,17
ST_102,IT_139,2025.01.09,17
ST_102,IT_139,2025.01.10,17
ST_102,IT_139,2025.01.11,17
ST_102,IT_139,2025.01.12,17
ST_102,IT_139,2025.01.13,17
ST_102,IT_139,2025.01.14,17
ST_102,IT_139,2025.01.15,17
ST_102,IT_139,2025.01.16,17
ST_102,IT_139,2025.01.17,17
ST_102,IT_139,2025.01.18,17
ST_102,IT_139,2025.01.19,17
ST_102,IT_139,2025.01.20,17
ST_102,IT_139,2025.01.21,17
ST_102,IT_139,2025.01.22,17
ST_102,IT_139,2025.01.23,17
ST_102,IT_139,2025.01.24,17
ST_102,IT_139,2025.01.25,17
ST_102,IT_139,2025.01.26,17
ST_102,IT_139,2025.01.27,17
ST_102,IT_139,2025.01.28,17
ST_102,IT_139,2025.01.29,17
ST_102,IT_139,2025.01.30,17
ST_102,IT_139,2025.01.31,17
ST_102,IT_140,2025.01.01,61
ST_102,IT_140,2025.01.02,61
ST_102,IT_140,2025.01.03,61
ST_102,IT_140,2025.01.04,61
ST_102,IT_140,2025.01.05,61
ST_102,IT_140,2025.01.06,61
ST_102,IT_140,2025.01.07,61
ST_102,IT_140,2025.01.08,61
ST_102,IT_140,2025.01.09,61
ST_102,IT_140,2025.01.10,61
ST_102,IT_140,2025.01.11,61
ST_102,IT_140,2025.01.12,61
ST_102,IT_140,2025.01.13,61
ST_102,IT_140,2025.01.14,61
ST_102,IT_140,2025.01.15,61
ST_102,IT_140,2025.01.16,61
ST_102,IT_140,2025.01.17,61
ST_102,IT_140,2025.01.18,61
ST_102,IT_140,2025.01.19,61
ST_102,IT_140,2025.01.20,61
ST_102,IT_140,2025.01.21,61
ST_102,IT_140,2025.01.22,61
ST_102,IT_140,2025.01.23,61
ST_102,IT_140,2025.01.24,61
ST_102,IT_140,2025.01.25,61
ST_102,IT_140,2025.01.26,61
ST_102,IT_140,2025.01.27,61
ST_102,IT_140,2025.01.28,61
ST_102,IT_140,2025.01.29,61
ST_102,IT_140,2025.01.30,61
ST_102,IT_140,2025.01.31,61
ST_102,IT_141,2025.01.01,43
ST_102,IT_141,2025.01.02,43
ST_102,IT_141,2025.01.03,43
ST_102,IT_141,2025.01.04,43
ST_102,IT_141,2025.01.05,43
ST_102,IT_141,2025.01.06,43
ST_102,IT_141,2025.01.07,43
ST_102,IT_141,2025.01.08,43
ST_102,IT_141,2025.01.09,43
ST_102,IT_141,2025.01.10,43
ST_102,IT_141,2025.01.11,43
ST_102,IT_141,2025.01.12,43
ST_102,IT_141,2025.01.13,43
ST_102,IT_141,2025.01.14,43
ST_102,IT_141,2025.01.15,43
ST_102,IT_141,2025.01.16,43
ST_102,IT_141,2025.01.17,43
ST_102,IT_141,2025.01.18,43
ST_102,IT_141,2025.01.19,43
ST_102,IT_141,2025.01.20,43
ST_102,IT_141,2025.01.21,43
ST_102,IT_141,2025.01.22,43
ST_102,IT_141,2025.01.23,43
ST_102,IT_141,2025.01.24,43
ST_102,IT_141,2025.01.25,43
ST_102,IT_141,2025.01.26,43
ST_102,IT_141,2025.01.27,43
ST_102,IT_141,2025.01.28,43
ST_102,IT_141,2025.01.29,43
ST_102,IT_141,2025.01.30,43
ST_102,IT_141,2025.01.31,43
ST_102,IT_142,2025.01.01,55
ST_102,IT_142,2025.01.02,55
ST_102,IT_142,2025.01.03,55
ST_102,IT_142,2025.01.04,55
ST_102,IT_142,2025.01.05,55
ST_102,IT_142,2025.01.06,55
ST_102,IT_142,2025.01.07,55
ST_102,IT_142,2025.01.08,55
ST_102,IT_142,2025.01.09,55
ST_102,IT_142,2025.01.10,55
ST_102,IT_142,2025.01.11,55
ST_102,IT_142,2025.01.12,55
ST_102,IT_142,2025.01.13,55
ST_102,IT_142,2025.01.14,55
ST_102,IT_142,2025.01.15,55
ST_102,IT_142,2025.01.16,55
ST_102,IT_142,2025.01.17,55
ST_102,IT_142,2025.01.18,55
ST_102,IT_142,2025.01.19,55
ST_102,IT_142,2025.01.20,55
ST_102,IT_142,2025.01.21,55
ST_102,IT_142,2025.01.22,55
ST_102,IT_142,2025.01.23,55
ST_102,IT_142,2025.01.24,55
ST_102,IT_142,2025.01.25,55
ST_102,IT_142,2025.01.26,55
ST_102,IT_142,2025.01.27,55
ST_102,IT_142,2025.01.28,55
ST_102,IT_142,2025.01.29,55
ST_102,IT_142,2025.01.30,55
ST_102,IT_142,2025.01.31,55
ST_102,IT_143,2025.01.01,7
ST_102,IT_143,2025.01.02,7
ST_102,IT_143,2025.01.03,7
ST_102,IT_143,2025.01.04,7
ST_102,IT_143,2025.01.05,7
ST_102,IT_143,2025.01.06,7
ST_102,IT_143,2025.01.07,7
ST_102,IT_143,2025.01.08,7
ST_102,IT_143,2025.01.09,7
ST_102,IT_143,2025.01.10,7
ST_102,IT_143,2025.01.11,7
ST_102,IT_143,2025.01.12,7
ST_102,IT_143,2025.01.13,7
ST_102,IT_143,2025.01.14,7
ST_102,IT_143,2025.01.15,7
ST_102,IT_143,2025.01.16,7
ST_102,IT_143,2025.01.17,7
ST_102,IT_143,2025.01.18,7
ST_102,IT_143,2025.01.19,7
ST_102,IT_143,2025.01.20,7
ST_102,IT_143,2025.01.21,7
ST_102,IT_143,2025.01.22,7
ST_102,IT_143,2025.01.23,7
ST_102,IT_143,2025.01.24,7
ST_102,IT_143,2025.01.25,7
ST_102,IT_143,2025.01.26,7
ST_102,IT_143,2025.01.27,7
ST_102,IT_143,2025.01.28,7
ST_102,IT_143,2025.01.29,7
ST_102,IT_143,2025.01.30,7
ST_102,IT_143,2025.01.31,7
ST_102,IT_144,2025.01.01,28
ST_102,IT_144,2025.01.02,28
ST_102,IT_144,2025.01.03,28
ST_102,IT_144,2025.01.04,28
ST_102,IT_144,2025.01.05,28
ST_102,IT_144,2025.01.06,28
ST_102,IT_144,2025.01.07,28
ST_102,IT_144,2025.01.08,28
ST_102,IT_144,2025.01.09,28
ST_102,IT_144,2025.01.10,28
ST_102,IT_144,2025.01.11,28
ST_102,IT_144,2025.01.12,28
ST_102,IT_144,2025.01.13,28
ST_102,IT_144,2025.01.14,28
ST_102,IT_144,2025.01.15,28
ST_102,IT_144,2025.01.16,28
ST_102,IT_144,2025.01.17,28
ST_102,IT_144,2025.01.18,28
ST_102,IT_144,2025.01.19,28
ST_102,IT_144,2025.01.20,28
ST_102,IT_144,2025.01.21,28
ST_102,IT_144,2025.01.22,28
ST_102,IT_144,2025.01.23,28
ST_102,IT_144,2025.01.24,28
ST_102,IT_144,2025.01.25,28
ST_102,IT_144,2025.01.26,28
ST_102,IT_144,2025.01.27,28
ST_102,IT_144,2025.01.28,28
ST_102,IT_144,2025.01.29,28
ST_102,IT_144,2025.01.30,28
ST_102,IT_144,2025.01.31,28
ST_102,IT_145,2025.01.01,17
ST_102,IT_145,2025.01.02,17
ST_102,IT_145,2025.01.03,17
ST_102,IT_145,2025.01.04,17
ST_102,IT_145,2025.01.05,17
ST_102,IT_145,2025.01.06,17
ST_102,IT_145,2025.01.07,17
ST_102,IT_145,2025.01.08,17
ST_102,IT_145,2025.01.09,17
ST_102,IT_145,2025.01.10,17
ST_102,IT_145,2025.01.11,17
ST_102,IT_145,2025.01.12,17
ST_102,IT_145,2025.01.13,17
ST_102,IT_145,2025.01.14,17
ST_102,IT_145,2025.01.15,17
ST_102,IT_145,2025.01.16,17
ST_102,IT_145,2025.01.17,17
ST_102,IT_145,2025.01.18,17
ST_102,IT_145,2025.01.19,17
ST_102,IT_145,2025.01.20,17
ST_102,IT_145,2025.01.21,17
ST_102,IT_145,2025.01.22,17
ST_102,IT_145,2025.01.23,17
ST_102,IT_145,2025.01.24,17
ST_102,IT_145,2025.01.25,17
ST_102,IT_145,2025.01.26,17
ST_102,IT_145,2025.01.27,17
ST_102,IT_145,2025.01.28,17
ST_102,IT_145,2025.01.29,17
ST_102,IT_145,2025.01.30,17
ST_102,IT_145,2025.01.31,17
ST_102,IT_146,2025.01.01,9
ST_102,IT_146,2025.01.02,9
ST_102,IT_146,2025.01.03,9
ST_102,IT_146,2025.01.04,9
ST_102,IT_146,2025.01.05,9
ST_102,IT_146,2025.01.06,9
ST_102,IT_146,2025.01.07,9
ST_102,IT_146,2025.01.08,9
ST_102,IT_146,2025.01.09,9
ST_102,IT_146,2025.01.10,9
ST_102,IT_146,2025.01.11,9
ST_102,IT_146,2025.01.12,9
ST_102,IT_146,2025.01.13,9
ST_102,IT_146,2025.01.14,9
ST_102,IT_146,2025.01.15,9
ST_102,IT_146,2025.01.16,9
ST_102,IT_146,2025.01.17,9
ST_102,IT_146,2025.01.18,9
ST_102,IT_146,2025.01.19,9
ST_102,IT_146,2025.01.20,9
ST_102,IT_146,2025.01.21,9
ST_102,IT_146,2025.01.22,9
ST_102,IT_146,2025.01.23,9
ST_102,IT_146,2025.01.24,9
ST_102,IT_146,2025.01.25,9
ST_102,IT_146,2025.01.26,9
ST_102,IT_146,2025.01.27,9
ST_102,IT_146,2025.01.28,9
ST_102,IT_146,2025.01.29,9
ST_102,IT_146,2025.01.30,9
ST_102,IT_146,2025.01.31,9
ST_102,IT_147,2025.01.01,13
ST_102,IT_147,2025.01.02,13
ST_102,IT_147,2025.01.03,13
ST_102,IT_147,2025.01.04,13
ST_102,IT_147,2025.01.05,13
ST_102,IT_147,2025.01.06,13
ST_102,IT_147,2025.01.07,13
ST_102,IT_147,2025.01.08,13
ST_102,IT_147,2025.01.09,13
ST_102,IT_147,2025.01.10,13
ST_102,IT_147,2025.01.11,13
ST_102,IT_147,2025.01.12,13
ST_102,IT_147,2025.01.13,13
ST_102,IT_147,2025.01.14,13
ST_102,IT_147,2025.01.15,13
ST_102,IT_147,2025.01.16,13
ST_102,IT_147,2025.01.17,13
ST_102,IT_147,2025.01.18,13
ST_102,IT_147,2025.01.19,13
ST_102,IT_147,2025.01.20,13
ST_102,IT_147,2025.01.21,13
ST_102,IT_147,2025.01.22,13
ST_102,IT_147,2025.01.23,13
ST_102,IT_147,2025.01.24,13
ST_102,IT_147,2025.01.25,13
ST_102,IT_147,2025.01.26,13
ST_102,IT_147,2025.01.27,13
ST_102,IT_147,2025.01.28,13
ST_102,IT_147,2025.01.29,13
ST_102,IT_147,2025.01.30,13
ST_102,IT_147,2025.01.31,13
ST_102,IT_148,2025.01.01,12
ST_102,IT_148,2025.01.02,12
ST_102,IT_148,2025.01.03,12
ST_102,IT_148,2025.01.04,12
ST_102,IT_148,2025.01.05,12
ST_102,IT_148,2025.01.06,12
ST_102,IT_148,2025.01.07,12
ST_102,IT_148,2025.01.08,12
ST_102,IT_148,2025.01.09,12
ST_102,IT_148,2025.01.10,12
ST_102,IT_148,2025.01.11,12
ST_102,IT_148,2025.01.12,12
ST_102,IT_148,2025.01.13,12
ST_102,IT_148,2025.01.14,12
ST_102,IT_148,2025.01.15,12
ST_102,IT_148,2025.01.16,12
ST_102,IT_148,2025.01.17,12
ST_102,IT_148,2025.01.18,12
ST_102,IT_148,2025.01.19,12
ST_102,IT_148,2025.01.20,12
ST_102,IT_148,2025.01.21,12
ST_102,IT_148,2025.01.22,12
ST_102,IT_148,2025.01.23,12
ST_102,IT_148,2025.01.24,12
ST_102,IT_148,2025.01.25,12
ST_102,IT_148,2025.01.26,12
ST_102,IT_148,2025.01.27,12
ST_102,IT_148,2025.01.28,12
ST_102,IT_148,2025.01.29,12
ST_102,IT_148,2025.01.30,12
ST_102,IT_148,2025.01.31,12
ST_102,IT_149,2025.01.01,66
ST_102,IT_149,2025.01.02,66
ST_102,IT_149,2025.01.03,66
ST_102,IT_149,2025.01.04,66
ST_102,IT_149,2025.01.05,66
ST_102,IT_149,2025.01.06,66
ST_102,IT_149,2025.01.07,66
ST_102,IT_149,2025.01.08,66
ST_102,IT_149,2025.01.09,66
ST_102,IT_149,2025.01.10,66
ST_102,IT_149,2025.01.11,66
ST_102,IT_149,2025.01.12,66
ST_102,IT_149,2025.01.13,66
ST_102,IT_149,2025.01.14,66
ST_102,IT_149,2025.01.15,66
ST_102,IT_149,2025.01.16,66
ST_102,IT_149,2025.01.17,66
ST_102,IT_149,2025.01.18,66
ST_102,IT_149,2025.01.19,66
ST_102,IT_149,2025.01.20,66
ST_102,IT_149,2025.01.21,66
ST_102,IT_149,2025.01.22,66
ST_102,IT_149,2025.01.23,66
ST_102,IT_149,2025.01.24,66
ST_102,IT_149,2025.01.25,66
ST_102,IT_149,2025.01.26,66
ST_102,IT_149,2025.01.27,66
ST_102,IT_149,2025.01.28,66
ST_102,IT_149,2025.01.29,66
ST_102,IT_149,2025.01.30,66
ST_102,IT_149,2025.01.31,66
ST_102,IT_150,2025.01.01,24
ST_102,IT_150,2025.01.02,24
ST_102,IT_150,2025.01.03,24
ST_102,IT_150,2025.01.04,24
ST_102,IT_150,2025.01.05,24
ST_102,IT_150,2025.01.06,24
ST_102,IT_150,2025.01.07,24
ST_102,IT_150,2025.01.08,24
ST_102,IT_150,2025.01.09,24
ST_102,IT_150,2025.01.10,24
ST_102,IT_150,2025.01.11,24
ST_102,IT_150,2025.01.12,24
ST_102,IT_150,2025.01.13,24
ST_102,IT_150,2025.01.14,24
ST_102,IT_150,2025.01.15,24
ST_102,IT_150,2025.01.16,24
ST_102,IT_150,2025.01.17,24
ST_102,IT_150,2025.01.18,24
ST_102,IT_150,2025.01.19,24
ST_102,IT_150,2025.01.20,24
ST_102,IT_150,2025.01.21,24
ST_102,IT_150,2025.01.22,24
ST_102,IT_150,2025.01.23,24
ST_102,IT_150,2025.01.24,24
ST_102,IT_150,2025.01.25,24
ST_102,IT_150,2025.01.26,24
ST_102,IT_150,2025.01.27,24
ST_102,IT_150,2025.01.28,24
ST_102,IT_150,2025.01.29,24
ST_102,IT_150,2025.01.30,24
ST_102,IT_150,2025.01.31,24
ST_102,IT_151,2025.01.01,18
ST_102,IT_151,2025.01.02,18
ST_102,IT_151,2025.01.03,18
ST_102,IT_151,2025.01.04,18
ST_102,IT_151,2025.01.05,18
ST_102,IT_151,2025.01.06,18
ST_102,IT_151,2025.01.07,18
ST_102,IT_151,2025.01.08,18
ST_102,IT_151,2025.01.09,18
ST_102,IT_151,2025.01.10,18
ST_102,IT_151,2025.01.11,18
ST_102,IT_151,2025.01.12,18
ST_102,IT_151,2025.01.13,18
ST_102,IT_151,2025.01.14,18
ST_102,IT_151,2025.01.15,18
ST_102,IT_151,2025.01.16,18
ST_102,IT_151,2025.01.17,18
ST_102,IT_151,2025.01.18,18
ST_102,IT_151,2025.01.19,18
ST_102,IT_151,2025.01.20,18
ST_102,IT_151,2025.01.21,18
ST_102,IT_151,2025.01.22,18
ST_102,IT_151,2025.01.23,18
ST_102,IT_151,2025.01.24,18
ST_102,IT_151,2025.01.25,18
ST_102,IT_151,2025.01.26,18
ST_102,IT_151,2025.01.27,18
ST_102,IT_151,2025.01.28,18
ST_102,IT_151,2025.01.29,18
ST_102,IT_151,2025.01.30,18
ST_102,IT_151,2025.01.31,18
ST_102,IT_152,2025.01.01,14
ST_102,IT_152,2025.01.02,14
ST_102,IT_152,2025.01.03,14
ST_102,IT_152,2025.01.04,14
ST_102,IT_152,2025.01.05,14
ST_102,IT_152,2025.01.06,14
ST_102,IT_152,2025.01.07,14
ST_102,IT_152,2025.01.08,14
ST_102,IT_152,2025.01.09,14
ST_102,IT_152,2025.01.10,14
ST_102,IT_152,2025.01.11,14
ST_102,IT_152,2025.01.12,14
ST_102,IT_152,2025.01.13,14
ST_102,IT_152,2025.01.14,14
ST_102,IT_152,2025.01.15,14
ST_102,IT_152,2025.01.16,14
ST_102,IT_152,2025.01.17,14
ST_102,IT_152,2025.01.18,14
ST_102,IT_152,2025.01.19,14
ST_102,IT_152,2025.01.20,14
ST_102,IT_152,2025.01.21,14
ST_102,IT_152,2025.01.22,14
ST_102,IT_152,2025.01.23,14
ST_102,IT_152,2025.01.24,14
ST_102,IT_152,2025.01.25,14
ST_102,IT_152,2025.01.26,14
ST_102,IT_152,2025.01.27,14
ST_102,IT_152,2025.01.28,14
ST_102,IT_152,2025.01.29,14
ST_102,IT_152,2025.01.30,14
ST_102,IT_152,2025.01.31,14
ST_102,IT_153,2025.01.01,26
ST_102,IT_153,2025.01.02,26
ST_102,IT_153,2025.01.03,26
ST_102,IT_153,2025.01.04,26
ST_102,IT_153,2025.01.05,26
ST_102,IT_153,2025.01.06,26
ST_102,IT_153,2025.01.07,26
ST_102,IT_153,2025.01.08,26
ST_102,IT_153,2025.01.09,26
ST_102,IT_153,2025.01.10,26
ST_102,IT_153,2025.01.11,26
ST_102,IT_153,2025.01.12,26
ST_102,IT_153,2025.01.13,26
ST_102,IT_153,2025.01.14,26
ST_102,IT_153,2025.01.15,26
ST_102,IT_153,2025.01.16,26
ST_102,IT_153,2025.01.17,26
ST_102,IT_153,2025.01.18,26
ST_102,IT_153,2025.01.19,26
ST_102,IT_153,2025.01.20,26
ST_102,IT_153,2025.01.21,26
ST_102,IT_153,2025.01.22,26
ST_102,IT_153,2025.01.23,26
ST_102,IT_153,2025.01.24,26
ST_102,IT_153,2025.01.25,26
ST_102,IT_153,2025.01.26,26
ST_102,IT_153,2025.01.27,26
ST_102,IT_153,2025.01.28,26
ST_102,IT_153,2025.01.29,26
ST_102,IT_153,2025.01.30,26
ST_102,IT_153,2025.01.31,26
ST_102,IT_154,2025.01.01,53
ST_102,IT_154,2025.01.02,53
ST_102,IT_154,2025.01.03,53
ST_102,IT_154,2025.01.04,53
ST_102,IT_154,2025.01.05,53
ST_102,IT_154,2025.01.06,53
ST_102,IT_154,2025.01.07,53
ST_102,IT_154,2025.01.08,53
ST_102,IT_154,2025.01.09,53
ST_102,IT_154,2025.01.10,53
ST_102,IT_154,2025.01.11,53
ST_102,IT_154,2025.01.12,53
ST_102,IT_154,2025.01.13,53
ST_102,IT_154,2025.01.14,53
ST_102,IT_154,2025.01.15,53
ST_102,IT_154,2025.01.16,53
ST_102,IT_154,2025.01.17,53
ST_102,IT_154,2025.01.18,53
ST_102,IT_154,2025.01.19,53
ST_102,IT_154,2025.01.20,53
ST_102,IT_154,2025.01.21,53
ST_102,IT_154,2025.01.22,53
ST_102,IT_154,2025.01.23,53
ST_102,IT_154,2025.01.24,53
ST_102,IT_154,2025.01.25,53
ST_102,IT_154,2025.01.26,53
ST_102,IT_154,2025.01.27,53
ST_102,IT_154,2025.01.28,53
ST_102,IT_154,2025.01.29,53
ST_102,IT_154,2025.01.30,53
ST_102,IT_154,2025.01.31,53
ST_102,IT_155,2025.01.01,35
ST_102,IT_155,2025.01.02,35
ST_102,IT_155,2025.01.03,35
ST_102,IT_155,2025.01.04,35
ST_102,IT_155,2025.01.05,35
ST_102,IT_155,2025.01.06,35
ST_102,IT_155,2025.01.07,35
ST_102,IT_155,2025.01.08,35
ST_102,IT_155,2025.01.09,35
ST_102,IT_155,2025.01.10,35
ST_102,IT_155,2025.01.11,35
ST_102,IT_155,2025.01.12,35
ST_102,IT_155,2025.01.13,35
ST_102,IT_155,2025.01.14,35
ST_102,IT_155,2025.01.15,35
ST_102,IT_155,2025.01.16,35
ST_102,IT_155,2025.01.17,35
ST_102,IT_155,2025.01.18,35
ST_102,IT_155,2025.01.19,35
ST_102,IT_155,2025.01.20,35
ST_102,IT_155,2025.01.21,35
ST_102,IT_155,2025.01.22,35
ST_102,IT_155,2025.01.23,35
ST_102,IT_155,2025.01.24,35
ST_102,IT_155,2025.01.25,35
ST_102,IT_155,2025.01.26,35
ST_102,IT_155,2025.01.27,35
ST_102,IT_155,2025.01.28,35
ST_102,IT_155,2025.01.29,35
ST_102,IT_155,2025.01.30,35
ST_102,IT_155,2025.01.31,35
ST_102,IT_156,2025.01.01,31
ST_102,IT_156,2025.01.02,31
ST_102,IT_156,2025.01.03,31
ST_102,IT_156,2025.01.04,31
ST_102,IT_156,2025.01.05,31
ST_102,IT_156,2025.01.06,31
ST_102,IT_156,2025.01.07,31
ST_102,IT_156,2025.01.08,31
ST_102,IT_156,2025.01.09,31
ST_102,IT_156,2025.01.10,31
ST_102,IT_156,2025.01.11,31
ST_102,IT_156,2025.01.12,31
ST_102,IT_156,2025.01.13,31
ST_102,IT_156,2025.01.14,31
ST_102,IT_156,2025.01.15,31
ST_102,IT_156,2025.01.16,31
ST_102,IT_156,2025.01.17,31
ST_102,IT_156,2025.01.18,31
ST_102,IT_156,2025.01.19,31
ST_102,IT_156,2025.01.20,31
ST_102,IT_156,2025.01.21,31
ST_102,IT_156,2025.01.22,31
ST_102,IT_156,2025.01.23,31
ST_102,IT_156,2025.01.24,31
ST_102,IT_156,2025.01.25,31
ST_102,IT_156,2025.01.26,31
ST_102,IT_156,2025.01.27,31
ST_102,IT_156,2025.01.28,31
ST_102,IT_156,2025.01.29,31
ST_102,IT_156,2025.01.30,31
ST_102,IT_156,2025.01.31,31
ST_102,IT_157,2025.01.01,49
ST_102,IT_157,2025.01.02,49
ST_102,IT_157,2025.01.03,49
ST_102,IT_157,2025.01.04,49
ST_102,IT_157,2025.01.05,49
ST_102,IT_157,2025.01.06,49
ST_102,IT_157,2025.01.07,49
ST_102,IT_157,2025.01.08,49
ST_102,IT_157,2025.01.09,49
ST_102,IT_157,2025.01.10,49
ST_102,IT_157,2025.01.11,49
ST_102,IT_157,2025.01.12,49
ST_102,IT_157,2025.01.13,49
ST_102,IT_157,2025.01.14,49
ST_102,IT_157,2025.01.15,49
ST_102,IT_157,2025.01.16,49
ST_102,IT_157,2025.01.17,49
ST_102,IT_157,2025.01.18,49
ST_102,IT_157,2025.01.19,49
ST_102,IT_157,2025.01.20,49
ST_102,IT_157,2025.01.21,49
ST_102,IT_157,2025.01.22,49
ST_102,IT_157,2025.01.23,49
ST_102,IT_157,2025.01.24,49
ST_102,IT_157,2025.01.25,49
ST_102,IT_157,2025.01.26,49
ST_102,IT_157,2025.01.27,49
ST_102,IT_157,2025.01.28,49
ST_102,IT_157,2025.01.29,49
ST_102,IT_157,2025.01.30,49
ST_102,IT_157,2025.01.31,49
ST_102,IT_158,2025.01.01,0
ST_102,IT_158,2025.01.02,0
ST_102,IT_158,2025.01.03,0
ST_102,IT_158,2025.01.04,0
ST_102,IT_158,2025.01.05,0
ST_102,IT_158,2025.01.06,0
ST_102,IT_158,2025.01.07,0
ST_102,IT_158,2025.01.08,0
ST_102,IT_158,2025.01.09,0
ST_102,IT_158,2025.01.10,0
ST_102,IT_158,2025.01.11,0
ST_102,IT_158,2025.01.12,0
ST_102,IT_158,2025.01.13,0
ST_102,IT_158,2025.01.14,0
ST_102,IT_158,2025.01.15,0
ST_102,IT_158,2025.01.16,0
ST_102,IT_158,2025.01.17,0
ST_102,IT_158,2025.01.18,0
ST_102,IT_158,2025.01.19,0
ST_102,IT_158,2025.01.20,0
ST_102,IT_158,2025.01.21,0
ST_102,IT_158,2025.01.22,0
ST_102,IT_158,2025.01.23,0
ST_102,IT_158,2025.01.24,0
ST_102,IT_158,2025.01.25,0
ST_102,IT_158,2025.01.26,0
ST_102,IT_158,2025.01.27,0
ST_102,IT_158,2025.01.28,0
ST_102,IT_158,2025.01.29,0
ST_102,IT_158,2025.01.30,0
ST_102,IT_158,2025.01.31,0
ST_102,IT_159,2025.01.01,54
ST_102,IT_159,2025.01.02,54
ST_102,IT_159,2025.01.03,54
ST_102,IT_159,2025.01.04,54
ST_102,IT_159,2025.01.05,54
ST_102,IT_159,2025.01.06,54
ST_102,IT_159,2025.01.07,54
ST_102,IT_159,2025.01.08,54
ST_102,IT_159,2025.01.09,54
ST_102,IT_159,2025.01.10,54
ST_102,IT_159,2025.01.11,54
ST_102,IT_159,2025.01.12,54
ST_102,IT_159,2025.01.13,54
ST_102,IT_159,2025.01.14,54
ST_102,IT_159,2025.01.15,54
ST_102,IT_159,2025.01.16,54
ST_102,IT_159,2025.01.17,54
ST_102,IT_159,2025.01.18,54
ST_102,IT_159,2025.01.19,54
ST_102,IT_159,2025.01.20,54
ST_102,IT_159,2025.01.21,54
ST_102,IT_159,2025.01.22,54
ST_102,IT_159,2025.01.23,54
ST_102,IT_159,2025.01.24,54
ST_102,IT_159,2025.01.25,54
ST_102,IT_159,2025.01.26,54
ST_102,IT_159,2025.01.27,54
ST_102,IT_159,2025.01.28,54
ST_102,IT_159,2025.01.29,54
ST_102,IT_159,2025.01.30,54
ST_102,IT_159,2025.01.31,54
ST_102,IT_160,2025.01.01,0
ST_102,IT_160,2025.01.02,0
ST_102,IT_160,2025.01.03,0
ST_102,IT_160,2025.01.04,0
ST_102,IT_160,2025.01.05,0
ST_102,IT_160,2025.01.06,0
ST_102,IT_160,2025.01.07,0
ST_102,IT_160,2025.01.08,0
ST_102,IT_160,2025.01.09,0
ST_102,IT_160,2025.01.10,0
ST_102,IT_160,2025.01.11,0
ST_102,IT_160,2025.01.12,0
ST_102,IT_160,2025.01.13,0
ST_102,IT_160,2025.01.14,0
ST_102,IT_160,2025.01.15,0
ST_102,IT_160,2025.01.16,0
ST_102,IT_160,2025.01.17,0
ST_102,IT_160,2025.01.18,0
ST_102,IT_160,2025.01.19,0
ST_102,IT_160,2025.01.20,0
ST_102,IT_160,2025.01.21,0
ST_102,IT_160,2025.01.22,0
ST_102,IT_160,2025.01.23,0
ST_102,IT_160,2025.01.24,0
ST_102,IT_160,2025.01.25,0
ST_102,IT_160,2025.01.26,0
ST_102,IT_160,2025.01.27,0
ST_102,IT_160,2025.01.28,0
ST_102,IT_160,2025.01.29,0
ST_102,IT_160,2025.01.30,0
ST_102,IT_160,2025.01.31,0
ST_102,IT_161,2025.01.01,37
ST_102,IT_161,2025.01.02,37
ST_102,IT_161,2025.01.03,37
ST_102,IT_161,2025.01.04,37
ST_102,IT_161,2025.01.05,37
ST_102,IT_161,2025.01.06,37
ST_102,IT_161,2025.01.07,37
ST_102,IT_161,2025.01.08,37
ST_102,IT_161,2025.01.09,37
ST_102,IT_161,2025.01.10,37
ST_102,IT_161,2025.01.11,37
ST_102,IT_161,2025.01.12,37
ST_102,IT_161,2025.01.13,37
ST_102,IT_161,2025.01.14,37
ST_102,IT_161,2025.01.15,37
ST_102,IT_161,2025.01.16,37
ST_102,IT_161,2025.01.17,37
ST_102,IT_161,2025.01.18,37
ST_102,IT_161,2025.01.19,37
ST_102,IT_161,2025.01.20,37
ST_102,IT_161,2025.01.21,37
ST_102,IT_161,2025.01.22,37
ST_102,IT_161,2025.01.23,37
ST_102,IT_161,2025.01.24,37
ST_102,IT_161,2025.01.25,37
ST_102,IT_161,2025.01.26,37
ST_102,IT_161,2025.01.27,37
ST_102,IT_161,2025.01.28,37
ST_102,IT_161,2025.01.29,37
ST_102,IT_161,2025.01.30,37
ST_102,IT_161,2025.01.31,37
ST_102,IT_162,2025.01.01,18
ST_102,IT_162,2025.01.02,18
ST_102,IT_162,2025.01.03,18
ST_102,IT_162,2025.01.04,18
ST_102,IT_162,2025.01.05,18
ST_102,IT_162,2025.01.06,18
ST_102,IT_162,2025.01.07,18
ST_102,IT_162,2025.01.08,18
ST_102,IT_162,2025.01.09,18
ST_102,IT_162,2025.01.10,18
ST_102,IT_162,2025.01.11,18
ST_102,IT_162,2025.01.12,18
ST_102,IT_162,2025.01.13,18
ST_102,IT_162,2025.01.14,18
ST_102,IT_162,2025.01.15,18
ST_102,IT_162,2025.01.16,18
ST_102,IT_162,2025.01.17,18
ST_102,IT_162,2025.01.18,18
ST_102,IT_162,2025.01.19,18
ST_102,IT_162,2025.01.20,18
ST_102,IT_162,2025.01.21,18
ST_102,IT_162,2025.01.22,18
ST_102,IT_162,2025.01.23,18
ST_102,IT_162,2025.01.24,18
ST_102,IT_162,2025.01.25,18
ST_102,IT_162,2025.01.26,18
ST_102,IT_162,2025.01.27,18
ST_102,IT_162,2025.01.28,18
ST_102,IT_162,2025.01.29,18
ST_102,IT_162,2025.01.30,18
ST_102,IT_162,2025.01.31,18
ST_102,IT_163,2025.01.01,15
ST_102,IT_163,2025.01.02,15
ST_102,IT_163,2025.01.03,15
ST_102,IT_163,2025.01.04,15
ST_102,IT_163,2025.01.05,15
ST_102,IT_163,2025.01.06,15
ST_102,IT_163,2025.01.07,15
ST_102,IT_163,2025.01.08,15
ST_102,IT_163,2025.01.09,15
ST_102,IT_163,2025.01.10,15
ST_102,IT_163,2025.01.11,15
ST_102,IT_163,2025.01.12,15
ST_102,IT_163,2025.01.13,15
ST_102,IT_163,2025.01.14,15
ST_102,IT_163,2025.01.15,15
ST_102,IT_163,2025.01.16,15
ST_102,IT_163,2025.01.17,15
ST_102,IT_163,2025.01.18,15
ST_102,IT_163,2025.01.19,15
ST_102,IT_163,2025.01.20,15
ST_102,IT_163,2025.01.21,15
ST_102,IT_163,2025.01.22,15
ST_102,IT_163,2025.01.23,15
ST_102,IT_163,2025.01.24,15
ST_102,IT_163,2025.01.25,15
ST_102,IT_163,2025.01.26,15
ST_102,IT_163,2025.01.27,15
ST_102,IT_163,2025.01.28,15
ST_102,IT_163,2025.01.29,15
ST_102,IT_163,2025.01.30,15
ST_102,IT_163,2025.01.31,15
ST_102,IT_164,2025.01.01,26
ST_102,IT_164,2025.01.02,26
ST_102,IT_164,2025.01.03,26
ST_102,IT_164,2025.01.04,26
ST_102,IT_164,2025.01.05,26
ST_102,IT_164,2025.01.06,26
ST_102,IT_164,2025.01.07,26
ST_102,IT_164,2025.01.08,26
ST_102,IT_164,2025.01.09,26
ST_102,IT_164,2025.01.10,26
ST_102,IT_164,2025.01.11,26
ST_102,IT_164,2025.01.12,26
ST_102,IT_164,2025.01.13,26
ST_102,IT_164,2025.01.14,26
ST_102,IT_164,2025.01.15,26
ST_102,IT_164,2025.01.16,26
ST_102,IT_164,2025.01.17,26
ST_102,IT_164,2025.01.18,26
ST_102,IT_164,2025.01.19,26
ST_102,IT_164,2025.01.20,26
ST_102,IT_164,2025.01.21,26
ST_102,IT_164,2025.01.22,26
ST_102,IT_164,2025.01.23,26
ST_102,IT_164,2025.01.24,26
ST_102,IT_164,2025.01.25,26
ST_102,IT_164,2025.01.26,26
ST_102,IT_164,2025.01.27,26
ST_102,IT_164,2025.01.28,26
ST_102,IT_164,2025.01.29,26
ST_102,IT_164,2025.01.30,26
ST_102,IT_164,2025.01.31,26
ST_102,IT_165,2025.01.01,79
ST_102,IT_165,2025.01.02,79
ST_102,IT_165,2025.01.03,79
ST_102,IT_165,2025.01.04,79
ST_102,IT_165,2025.01.05,79
ST_102,IT_165,2025.01.06,79
ST_102,IT_165,2025.01.07,79
ST_102,IT_165,2025.01.08,79
ST_102,IT_165,2025.01.09,79
ST_102,IT_165,2025.01.10,79
ST_102,IT_165,2025.01.11,79
ST_102,IT_165,2025.01.12,79
ST_102,IT_165,2025.01.13,79
ST_102,IT_165,2025.01.14,79
ST_102,IT_165,2025.01.15,79
ST_102,IT_165,2025.01.16,79
ST_102,IT_165,2025.01.17,79
ST_102,IT_165,2025.01.18,79
ST_102,IT_165,2025.01.19,79
ST_102,IT_165,2025.01.20,79
ST_102,IT_165,2025.01.21,79
ST_102,IT_165,2025.01.22,79
ST_102,IT_165,2025.01.23,79
ST_102,IT_165,2025.01.24,79
ST_102,IT_165,2025.01.25,79
ST_102,IT_165,2025.01.26,79
ST_102,IT_165,2025.01.27,79
ST_102,IT_165,2025.01.28,79
ST_102,IT_165,2025.01.29,79
ST_102,IT_165,2025.01.30,79
ST_102,IT_165,2025.01.31,79
ST_102,IT_166,2025.01.01,300
ST_102,IT_166,2025.01.02,300
ST_102,IT_166,2025.01.03,300
ST_102,IT_166,2025.01.04,300
ST_102,IT_166,2025.01.05,300
ST_102,IT_166,2025.01.06,300
ST_102,IT_166,2025.01.07,300
ST_102,IT_166,2025.01.08,300
ST_102,IT_166,2025.01.09,300
ST_102,IT_166,2025.01.10,300
ST_102,IT_166,2025.01.11,300
ST_102,IT_166,2025.01.12,300
ST_102,IT_166,2025.01.13,300
ST_102,IT_166,2025.01.14,300
ST_102,IT_166,2025.01.15,300
ST_102,IT_166,2025.01.16,300
ST_102,IT_166,2025.01.17,300
ST_102,IT_166,2025.01.18,300
ST_102,IT_166,2025.01.19,300
ST_102,IT_166,2025.01.20,300
ST_102,IT_166,2025.01.21,300
ST_102,IT_166,2025.01.22,300
ST_102,IT_166,2025.01.23,300
ST_102,IT_166,2025.01.24,300
ST_102,IT_166,2025.01.25,300
ST_102,IT_166,2025.01.26,300
ST_102,IT_166,2025.01.27,300
ST_102,IT_166,2025.01.28,300
ST_102,IT_166,2025.01.29,300
ST_102,IT_166,2025.01.30,300
ST_102,IT_166,2025.01.31,300
ST_102,IT_167,2025.01.01,0
ST_102,IT_167,2025.01.02,0
ST_102,IT_167,2025.01.03,0
ST_102,IT_167,2025.01.04,0
ST_102,IT_167,2025.01.05,0
ST_102,IT_167,2025.01.06,0
ST_102,IT_167,2025.01.07,0
ST_102,IT_167,2025.01.08,0
ST_102,IT_167,2025.01.09,0
ST_102,IT_167,2025.01.10,0
ST_102,IT_167,2025.01.11,0
ST_102,IT_167,2025.01.12,0
ST_102,IT_167,2025.01.13,0
ST_102,IT_167,2025.01.14,0
ST_102,IT_167,2025.01.15,0
ST_102,IT_167,2025.01.16,0
ST_102,IT_167,2025.01.17,0
ST_102,IT_167,2025.01.18,0
ST_102,IT_167,2025.01.19,0
ST_102,IT_167,2025.01.20,0
ST_102,IT_167,2025.01.21,0
ST_102,IT_167,2025.01.22,0
ST_102,IT_167,2025.01.23,0
ST_102,IT_167,2025.01.24,0
ST_102,IT_167,2025.01.25,0
ST_102,IT_167,2025.01.26,0
ST_102,IT_167,2025.01.27,0
ST_102,IT_167,2025.01.28,0
ST_102,IT_167,2025.01.29,0
ST_102,IT_167,2025.01.30,0
ST_102,IT_167,2025.01.31,0
ST_102,IT_168,2025.01.01,3
ST_102,IT_168,2025.01.02,3
ST_102,IT_168,2025.01.03,3
ST_102,IT_168,2025.01.04,3
ST_102,IT_168,2025.01.05,3
ST_102,IT_168,2025.01.06,3
ST_102,IT_168,2025.01.07,3
ST_102,IT_168,2025.01.08,3
ST_102,IT_168,2025.01.09,3
ST_102,IT_168,2025.01.10,3
ST_102,IT_168,2025.01.11,3
ST_102,IT_168,2025.01.12,3
ST_102,IT_168,2025.01.13,3
ST_102,IT_168,2025.01.14,3
ST_102,IT_168,2025.01.15,3
ST_102,IT_168,2025.01.16,3
ST_102,IT_168,2025.01.17,3
ST_102,IT_168,2025.01.18,3
ST_102,IT_168,2025.01.19,3
ST_102,IT_168,2025.01.20,3
ST_102,IT_168,2025.01.21,3
ST_102,IT_168,2025.01.22,3
ST_102,IT_168,2025.01.23,3
ST_102,IT_168,2025.01.24,3
ST_102,IT_168,2025.01.25,3
ST_102,IT_168,2025.01.26,3
ST_102,IT_168,2025.01.27,3
ST_102,IT_168,2025.01.28,3
ST_102,IT_168,2025.01.29,3
ST_102,IT_168,2025.01.30,3
ST_102,IT_168,2025.01.31,3
ST_102,IT_169,2025.01.01,5
ST_102,IT_169,2025.01.02,5
ST_102,IT_169,2025.01.03,5
ST_102,IT_169,2025.01.04,5
ST_102,IT_169,2025.01.05,5
ST_102,IT_169,2025.01.06,5
ST_102,IT_169,2025.01.07,5
ST_102,IT_169,2025.01.08,5
ST_102,IT_169,2025.01.09,5
ST_102,IT_169,2025.01.10,5
ST_102,IT_169,2025.01.11,5
ST_102,IT_169,2025.01.12,5
ST_102,IT_169,2025.01.13,5
ST_102,IT_169,2025.01.14,5
ST_102,IT_169,2025.01.15,5
ST_102,IT_169,2025.01.16,5
ST_102,IT_169,2025.01.17,5
ST_102,IT_169,2025.01.18,5
ST_102,IT_169,2025.01.19,5
ST_102,IT_169,2025.01.20,5
ST_102,IT_169,2025.01.21,5
ST_102,IT_169,2025.01.22,5
ST_102,IT_169,2025.01.23,5
ST_102,IT_169,2025.01.24,5
ST_102,IT_169,2025.01.25,5
ST_102,IT_169,2025.01.26,5
ST_102,IT_169,2025.01.27,5
ST_102,IT_169,2025.01.28,5
ST_102,IT_169,2025.01.29,5
ST_102,IT_169,2025.01.30,5
ST_102,IT_169,2025.01.31,5
ST_102,IT_170,2025.01.01,10
ST_102,IT_170,2025.01.02,10
ST_102,IT_170,2025.01.03,10
ST_102,IT_170,2025.01.04,10
ST_102,IT_170,2025.01.05,10
ST_102,IT_170,2025.01.06,10
ST_102,IT_170,2025.01.07,10
ST_102,IT_170,2025.01.08,10
ST_102,IT_170,2025.01.09,10
ST_102,IT_170,2025.01.10,10
ST_102,IT_170,2025.01.11,10
ST_102,IT_170,2025.01.12,10
ST_102,IT_170,2025.01.13,10
ST_102,IT_170,2025.01.14,10
ST_102,IT_170,2025.01.15,10
ST_102,IT_170,2025.01.16,10
ST_102,IT_170,2025.01.17,10
ST_102,IT_170,2025.01.18,10
ST_102,IT_170,2025.01.19,10
ST_102,IT_170,2025.01.20,10
ST_102,IT_170,2025.01.21,10
ST_102,IT_170,2025.01.22,10
ST_102,IT_170,2025.01.23,10
ST_102,IT_170,2025.01.24,10
ST_102,IT_170,2025.01.25,10
ST_102,IT_170,2025.01.26,10
ST_102,IT_170,2025.01.27,10
ST_102,IT_170,2025.01.28,10
ST_102,IT_170,2025.01.29,10
ST_102,IT_170,2025.01.30,10
ST_102,IT_170,2025.01.31,10
ST_102,IT_171,2025.01.01,14
ST_102,IT_171,2025.01.02,14
ST_102,IT_171,2025.01.03,14
ST_102,IT_171,2025.01.04,14
ST_102,IT_171,2025.01.05,14
ST_102,IT_171,2025.01.06,14
ST_102,IT_171,2025.01.07,14
ST_102,IT_171,2025.01.08,14
ST_102,IT_171,2025.01.09,14
ST_102,IT_171,2025.01.10,14
ST_102,IT_171,2025.01.11,14
ST_102,IT_171,2025.01.12,14
ST_102,IT_171,2025.01.13,14
ST_102,IT_171,2025.01.14,14
ST_102,IT_171,2025.01.15,14
ST_102,IT_171,2025.01.16,14
ST_102,IT_171,2025.01.17,14
ST_102,IT_171,2025.01.18,14
ST_102,IT_171,2025.01.19,14
ST_102,IT_171,2025.01.20,14
ST_102,IT_171,2025.01.21,14
ST_102,IT_171,2025.01.22,14
ST_102,IT_171,2025.01.23,14
ST_102,IT_171,2025.01.24,14
ST_102,IT_171,2025.01.25,14
ST_102,IT_171,2025.01.26,14
ST_102,IT_171,2025.01.27,14
ST_102,IT_171,2025.01.28,14
ST_102,IT_171,2025.01.29,14
ST_102,IT_171,2025.01.30,14
ST_102,IT_171,2025.01.31,14
