매장_id,품목_id,기간,창고_출고량
ST_102,IT_101,2023.12.1,0
ST_102,IT_101,2023.12.2,0
ST_102,IT_101,2023.12.3,0
ST_102,IT_101,2023.12.4,0
ST_102,IT_101,2023.12.5,0
ST_102,IT_102,2023.12.1,1000
ST_102,IT_102,2023.12.2,3000
ST_102,IT_102,2023.12.3,1000
ST_102,IT_102,2023.12.4,0
ST_102,IT_102,2023.12.5,0
ST_102,IT_103,2023.12.1,4000
ST_102,IT_103,2023.12.2,0
ST_102,IT_103,2023.12.3,1000
ST_102,IT_103,2023.12.4,0
ST_102,IT_103,2023.12.5,0
ST_102,IT_104,2023.12.1,0
ST_102,IT_104,2023.12.2,0
ST_102,IT_104,2023.12.3,0
ST_102,IT_104,2023.12.4,0
ST_102,IT_104,2023.12.5,0
ST_102,IT_105,2023.12.1,2000
ST_102,IT_105,2023.12.2,1000
ST_102,IT_105,2023.12.3,3000
ST_102,IT_105,2023.12.4,0
ST_102,IT_105,2023.12.5,0
ST_102,IT_106,2023.12.1,0
ST_102,IT_106,2023.12.2,0
ST_102,IT_106,2023.12.3,0
ST_102,IT_106,2023.12.4,0
ST_102,IT_106,2023.12.5,0
ST_102,IT_107,2023.12.1,2000
ST_102,IT_107,2023.12.2,2000
ST_102,IT_107,2023.12.3,3000
ST_102,IT_107,2023.12.4,0
ST_102,IT_107,2023.12.5,0
ST_102,IT_108,2023.12.1,0
ST_102,IT_108,2023.12.2,1000
ST_102,IT_108,2023.12.3,0
ST_102,IT_108,2023.12.4,0
ST_102,IT_108,2023.12.5,0
ST_102,IT_109,2023.12.1,0
ST_102,IT_109,2023.12.2,0
ST_102,IT_109,2023.12.3,0
ST_102,IT_109,2023.12.4,0
ST_102,IT_109,2023.12.5,0
ST_102,IT_110,2023.12.1,0
ST_102,IT_110,2023.12.2,0
ST_102,IT_110,2023.12.3,0
ST_102,IT_110,2023.12.4,0
ST_102,IT_110,2023.12.5,0
ST_102,IT_111,2023.12.1,4000
ST_102,IT_111,2023.12.2,2000
ST_102,IT_111,2023.12.3,6000
ST_102,IT_111,2023.12.4,0
ST_102,IT_111,2023.12.5,0
ST_102,IT_112,2023.12.1,1000
ST_102,IT_112,2023.12.2,1500
ST_102,IT_112,2023.12.3,3000
ST_102,IT_112,2023.12.4,0
ST_102,IT_112,2023.12.5,0
ST_102,IT_113,2023.12.1,0
ST_102,IT_113,2023.12.2,0
ST_102,IT_113,2023.12.3,0
ST_102,IT_113,2023.12.4,0
ST_102,IT_113,2023.12.5,0
ST_102,IT_114,2023.12.1,0
ST_102,IT_114,2023.12.2,500
ST_102,IT_114,2023.12.3,1000
ST_102,IT_114,2023.12.4,0
ST_102,IT_114,2023.12.5,0
ST_102,IT_115,2023.12.1,0
ST_102,IT_115,2023.12.2,250
ST_102,IT_115,2023.12.3,250
ST_102,IT_115,2023.12.4,0
ST_102,IT_115,2023.12.5,0
ST_102,IT_116,2023.12.1,0
ST_102,IT_116,2023.12.2,0
ST_102,IT_116,2023.12.3,0
ST_102,IT_116,2023.12.4,0
ST_102,IT_116,2023.12.5,0
ST_102,IT_117,2023.12.1,400
ST_102,IT_117,2023.12.2,0
ST_102,IT_117,2023.12.3,0
ST_102,IT_117,2023.12.4,0
ST_102,IT_117,2023.12.5,0
ST_102,IT_118,2023.12.1,0
ST_102,IT_118,2023.12.2,0
ST_102,IT_118,2023.12.3,0
ST_102,IT_118,2023.12.4,0
ST_102,IT_118,2023.12.5,0
ST_102,IT_119,2023.12.1,0
ST_102,IT_119,2023.12.2,0
ST_102,IT_119,2023.12.3,0
ST_102,IT_119,2023.12.4,0
ST_102,IT_119,2023.12.5,0
ST_102,IT_120,2023.12.1,1
ST_102,IT_120,2023.12.2,0
ST_102,IT_120,2023.12.3,0
ST_102,IT_120,2023.12.4,0
ST_102,IT_120,2023.12.5,0
ST_102,IT_121,2023.12.1,0
ST_102,IT_121,2023.12.2,0
ST_102,IT_121,2023.12.3,0
ST_102,IT_121,2023.12.4,0
ST_102,IT_121,2023.12.5,0
ST_102,IT_122,2023.12.1,0
ST_102,IT_122,2023.12.2,0
ST_102,IT_122,2023.12.3,0
ST_102,IT_122,2023.12.4,0
ST_102,IT_122,2023.12.5,0
ST_102,IT_123,2023.12.1,200
ST_102,IT_123,2023.12.2,0
ST_102,IT_123,2023.12.3,0
ST_102,IT_123,2023.12.4,0
ST_102,IT_123,2023.12.5,0
ST_102,IT_124,2023.12.1,0
ST_102,IT_124,2023.12.2,0
ST_102,IT_124,2023.12.3,0
ST_102,IT_124,2023.12.4,0
ST_102,IT_124,2023.12.5,0
ST_102,IT_125,2023.12.1,0
ST_102,IT_125,2023.12.2,4
ST_102,IT_125,2023.12.3,0
ST_102,IT_125,2023.12.4,0
ST_102,IT_125,2023.12.5,0
ST_102,IT_126,2023.12.1,18
ST_102,IT_126,2023.12.2,0
ST_102,IT_126,2023.12.3,0
ST_102,IT_126,2023.12.4,0
ST_102,IT_126,2023.12.5,0
ST_102,IT_127,2023.12.1,3
ST_102,IT_127,2023.12.2,3
ST_102,IT_127,2023.12.3,5
ST_102,IT_127,2023.12.4,0
ST_102,IT_127,2023.12.5,0
ST_102,IT_129,2023.12.1,20
ST_102,IT_129,2023.12.2,20
ST_102,IT_129,2023.12.3,0
ST_102,IT_129,2023.12.4,0
ST_102,IT_129,2023.12.5,0
ST_102,IT_130,2023.12.1,21
ST_102,IT_130,2023.12.2,20
ST_102,IT_130,2023.12.3,17
ST_102,IT_130,2023.12.4,0
ST_102,IT_130,2023.12.5,0
ST_102,IT_132,2023.12.1,11
ST_102,IT_132,2023.12.2,10
ST_102,IT_132,2023.12.3,13
ST_102,IT_132,2023.12.4,0
ST_102,IT_132,2023.12.5,0
ST_102,IT_133,2023.12.1,19
ST_102,IT_133,2023.12.2,8
ST_102,IT_133,2023.12.3,20
ST_102,IT_133,2023.12.4,0
ST_102,IT_133,2023.12.5,0
ST_102,IT_134,2023.12.1,4
ST_102,IT_134,2023.12.2,4
ST_102,IT_134,2023.12.3,2
ST_102,IT_134,2023.12.4,0
ST_102,IT_134,2023.12.5,0
ST_102,IT_137,2023.12.1,200
ST_102,IT_137,2023.12.2,100
ST_102,IT_137,2023.12.3,0
ST_102,IT_137,2023.12.4,0
ST_102,IT_137,2023.12.5,0
ST_102,IT_138,2023.12.1,0
ST_102,IT_138,2023.12.2,0
ST_102,IT_138,2023.12.3,0
ST_102,IT_138,2023.12.4,0
ST_102,IT_138,2023.12.5,0
ST_102,IT_139,2023.12.1,4
ST_102,IT_139,2023.12.2,0
ST_102,IT_139,2023.12.3,2
ST_102,IT_139,2023.12.4,0
ST_102,IT_139,2023.12.5,0
ST_102,IT_140,2023.12.1,11
ST_102,IT_140,2023.12.2,5
ST_102,IT_140,2023.12.3,8
ST_102,IT_140,2023.12.4,0
ST_102,IT_140,2023.12.5,0
ST_102,IT_141,2023.12.1,4
ST_102,IT_141,2023.12.2,6
ST_102,IT_141,2023.12.3,7
ST_102,IT_141,2023.12.4,0
ST_102,IT_141,2023.12.5,0
ST_102,IT_142,2023.12.1,3
ST_102,IT_142,2023.12.2,3
ST_102,IT_142,2023.12.3,5
ST_102,IT_142,2023.12.4,0
ST_102,IT_142,2023.12.5,0
ST_102,IT_143,2023.12.1,1
ST_102,IT_143,2023.12.2,2
ST_102,IT_143,2023.12.3,1
ST_102,IT_143,2023.12.4,0
ST_102,IT_143,2023.12.5,0
ST_102,IT_144,2023.12.1,6
ST_102,IT_144,2023.12.2,1
ST_102,IT_144,2023.12.3,3
ST_102,IT_144,2023.12.4,0
ST_102,IT_144,2023.12.5,0
ST_102,IT_145,2023.12.1,6
ST_102,IT_145,2023.12.2,0
ST_102,IT_145,2023.12.3,6
ST_102,IT_145,2023.12.4,0
ST_102,IT_145,2023.12.5,0
ST_102,IT_146,2023.12.1,0
ST_102,IT_146,2023.12.2,1
ST_102,IT_146,2023.12.3,0
ST_102,IT_146,2023.12.4,0
ST_102,IT_146,2023.12.5,0
ST_102,IT_152,2023.12.1,5
ST_102,IT_152,2023.12.2,1
ST_102,IT_152,2023.12.3,5
ST_102,IT_152,2023.12.4,0
ST_102,IT_152,2023.12.5,0
ST_102,IT_153,2023.12.1,6
ST_102,IT_153,2023.12.2,3
ST_102,IT_153,2023.12.3,7
ST_102,IT_153,2023.12.4,0
ST_102,IT_153,2023.12.5,0
ST_102,IT_154,2023.12.1,5
ST_102,IT_154,2023.12.2,2
ST_102,IT_154,2023.12.3,2
ST_102,IT_154,2023.12.4,0
ST_102,IT_154,2023.12.5,0
ST_102,IT_155,2023.12.1,2
ST_102,IT_155,2023.12.2,0
ST_102,IT_155,2023.12.3,2
ST_102,IT_155,2023.12.4,0
ST_102,IT_155,2023.12.5,0
ST_102,IT_156,2023.12.1,3
ST_102,IT_156,2023.12.2,1
ST_102,IT_156,2023.12.3,2
ST_102,IT_156,2023.12.4,0
ST_102,IT_156,2023.12.5,0
ST_102,IT_157,2023.12.1,4
ST_102,IT_157,2023.12.2,5
ST_102,IT_157,2023.12.3,9
ST_102,IT_157,2023.12.4,0
ST_102,IT_157,2023.12.5,0
ST_102,IT_158,2023.12.1,13
ST_102,IT_158,2023.12.2,7
ST_102,IT_158,2023.12.3,14
ST_102,IT_158,2023.12.4,0
ST_102,IT_158,2023.12.5,0
ST_102,IT_159,2023.12.1,6
ST_102,IT_159,2023.12.2,4
ST_102,IT_159,2023.12.3,11
ST_102,IT_159,2023.12.4,0
ST_102,IT_159,2023.12.5,0
ST_102,IT_160,2023.12.1,7
ST_102,IT_160,2023.12.2,6
ST_102,IT_160,2023.12.3,11
ST_102,IT_160,2023.12.4,0
ST_102,IT_160,2023.12.5,0
ST_102,IT_162,2023.12.1,2
ST_102,IT_162,2023.12.2,2
ST_102,IT_162,2023.12.3,5
ST_102,IT_162,2023.12.4,0
ST_102,IT_162,2023.12.5,0
ST_102,IT_163,2023.12.1,2
ST_102,IT_163,2023.12.2,2
ST_102,IT_163,2023.12.3,3
ST_102,IT_163,2023.12.4,0
ST_102,IT_163,2023.12.5,0
ST_102,IT_164,2023.12.1,2
ST_102,IT_164,2023.12.2,2
ST_102,IT_164,2023.12.3,6
ST_102,IT_164,2023.12.4,0
ST_102,IT_164,2023.12.5,0
ST_102,IT_165,2023.12.1,64
ST_102,IT_165,2023.12.2,54
ST_102,IT_165,2023.12.3,82
ST_102,IT_165,2023.12.4,0
ST_102,IT_165,2023.12.5,0
ST_102,IT_167,2023.12.1,6
ST_102,IT_167,2023.12.2,1
ST_102,IT_167,2023.12.3,2
ST_102,IT_167,2023.12.4,0
ST_102,IT_167,2023.12.5,0
ST_102,IT_168,2023.12.1,3
ST_102,IT_168,2023.12.2,2
ST_102,IT_168,2023.12.3,0
ST_102,IT_168,2023.12.4,0
ST_102,IT_168,2023.12.5,0
ST_102,IT_169,2023.12.1,1
ST_102,IT_169,2023.12.2,1
ST_102,IT_169,2023.12.3,2
ST_102,IT_169,2023.12.4,0
ST_102,IT_169,2023.12.5,0
ST_102,IT_170,2023.12.1,2
ST_102,IT_170,2023.12.2,3
ST_102,IT_170,2023.12.3,1
ST_102,IT_170,2023.12.4,0
ST_102,IT_170,2023.12.5,0
ST_102,IT_171,2023.12.1,1
ST_102,IT_171,2023.12.2,0
ST_102,IT_171,2023.12.3,2
ST_102,IT_171,2023.12.4,0
ST_102,IT_171,2023.12.5,0
ST_102,IT_101,2024.01.1,1000
ST_102,IT_101,2024.01.2,0
ST_102,IT_101,2024.01.3,0
ST_102,IT_101,2024.01.4,0
ST_102,IT_101,2024.01.5,0
ST_102,IT_102,2024.01.1,0
ST_102,IT_102,2024.01.2,0
ST_102,IT_102,2024.01.3,2000
ST_102,IT_102,2024.01.4,0
ST_102,IT_102,2024.01.5,0
ST_102,IT_103,2024.01.1,0
ST_102,IT_103,2024.01.2,0
ST_102,IT_103,2024.01.3,2000
ST_102,IT_103,2024.01.4,0
ST_102,IT_103,2024.01.5,0
ST_102,IT_104,2024.01.1,0
ST_102,IT_104,2024.01.2,0
ST_102,IT_104,2024.01.3,0
ST_102,IT_104,2024.01.4,0
ST_102,IT_104,2024.01.5,0
ST_102,IT_105,2024.01.1,1000
ST_102,IT_105,2024.01.2,0
ST_102,IT_105,2024.01.3,0
ST_102,IT_105,2024.01.4,0
ST_102,IT_105,2024.01.5,0
ST_102,IT_106,2024.01.1,0
ST_102,IT_106,2024.01.2,0
ST_102,IT_106,2024.01.3,0
ST_102,IT_106,2024.01.4,0
ST_102,IT_106,2024.01.5,0
ST_102,IT_107,2024.01.1,1000
ST_102,IT_107,2024.01.2,0
ST_102,IT_107,2024.01.3,1000
ST_102,IT_107,2024.01.4,0
ST_102,IT_107,2024.01.5,0
ST_102,IT_108,2024.01.1,0
ST_102,IT_108,2024.01.2,0
ST_102,IT_108,2024.01.3,0
ST_102,IT_108,2024.01.4,0
ST_102,IT_108,2024.01.5,0
ST_102,IT_109,2024.01.1,0
ST_102,IT_109,2024.01.2,0
ST_102,IT_109,2024.01.3,0
ST_102,IT_109,2024.01.4,0
ST_102,IT_109,2024.01.5,0
ST_102,IT_110,2024.01.1,1000
ST_102,IT_110,2024.01.2,0
ST_102,IT_110,2024.01.3,0
ST_102,IT_110,2024.01.4,0
ST_102,IT_110,2024.01.5,0
ST_102,IT_111,2024.01.1,2000
ST_102,IT_111,2024.01.2,0
ST_102,IT_111,2024.01.3,3000
ST_102,IT_111,2024.01.4,0
ST_102,IT_111,2024.01.5,0
ST_102,IT_112,2024.01.1,1000
ST_102,IT_112,2024.01.2,0
ST_102,IT_112,2024.01.3,1500
ST_102,IT_112,2024.01.4,0
ST_102,IT_112,2024.01.5,0
ST_102,IT_113,2024.01.1,0
ST_102,IT_113,2024.01.2,0
ST_102,IT_113,2024.01.3,0
ST_102,IT_113,2024.01.4,0
ST_102,IT_113,2024.01.5,0
ST_102,IT_114,2024.01.1,0
ST_102,IT_114,2024.01.2,0
ST_102,IT_114,2024.01.3,500
ST_102,IT_114,2024.01.4,0
ST_102,IT_114,2024.01.5,0
ST_102,IT_115,2024.01.1,0
ST_102,IT_115,2024.01.2,0
ST_102,IT_115,2024.01.3,0
ST_102,IT_115,2024.01.4,0
ST_102,IT_115,2024.01.5,0
ST_102,IT_116,2024.01.1,200
ST_102,IT_116,2024.01.2,0
ST_102,IT_116,2024.01.3,0
ST_102,IT_116,2024.01.4,0
ST_102,IT_116,2024.01.5,0
ST_102,IT_117,2024.01.1,0
ST_102,IT_117,2024.01.2,0
ST_102,IT_117,2024.01.3,0
ST_102,IT_117,2024.01.4,0
ST_102,IT_117,2024.01.5,0
ST_102,IT_118,2024.01.1,0
ST_102,IT_118,2024.01.2,0
ST_102,IT_118,2024.01.3,200
ST_102,IT_118,2024.01.4,0
ST_102,IT_118,2024.01.5,0
ST_102,IT_119,2024.01.1,0
ST_102,IT_119,2024.01.2,0
ST_102,IT_119,2024.01.3,16000
ST_102,IT_119,2024.01.4,0
ST_102,IT_119,2024.01.5,0
ST_102,IT_120,2024.01.1,0
ST_102,IT_120,2024.01.2,0
ST_102,IT_120,2024.01.3,0
ST_102,IT_120,2024.01.4,0
ST_102,IT_120,2024.01.5,0
ST_102,IT_121,2024.01.1,0
ST_102,IT_121,2024.01.2,0
ST_102,IT_121,2024.01.3,0
ST_102,IT_121,2024.01.4,0
ST_102,IT_121,2024.01.5,0
ST_102,IT_122,2024.01.1,0
ST_102,IT_122,2024.01.2,0
ST_102,IT_122,2024.01.3,0
ST_102,IT_122,2024.01.4,0
ST_102,IT_122,2024.01.5,0
ST_102,IT_123,2024.01.1,0
ST_102,IT_123,2024.01.2,0
ST_102,IT_123,2024.01.3,0
ST_102,IT_123,2024.01.4,0
ST_102,IT_123,2024.01.5,0
ST_102,IT_124,2024.01.1,0
ST_102,IT_124,2024.01.2,0
ST_102,IT_124,2024.01.3,0
ST_102,IT_124,2024.01.4,0
ST_102,IT_124,2024.01.5,0
ST_102,IT_125,2024.01.1,6
ST_102,IT_125,2024.01.2,0
ST_102,IT_125,2024.01.3,0
ST_102,IT_125,2024.01.4,0
ST_102,IT_125,2024.01.5,0
ST_102,IT_126,2024.01.1,6
ST_102,IT_126,2024.01.2,0
ST_102,IT_126,2024.01.3,12
ST_102,IT_126,2024.01.4,0
ST_102,IT_126,2024.01.5,0
ST_102,IT_127,2024.01.1,3
ST_102,IT_127,2024.01.2,0
ST_102,IT_127,2024.01.3,6
ST_102,IT_127,2024.01.4,0
ST_102,IT_127,2024.01.5,0
ST_102,IT_129,2024.01.1,0
ST_102,IT_129,2024.01.2,0
ST_102,IT_129,2024.01.3,0
ST_102,IT_129,2024.01.4,0
ST_102,IT_129,2024.01.5,0
ST_102,IT_130,2024.01.1,10
ST_102,IT_130,2024.01.2,0
ST_102,IT_130,2024.01.3,8
ST_102,IT_130,2024.01.4,0
ST_102,IT_130,2024.01.5,0
ST_102,IT_132,2024.01.1,0
ST_102,IT_132,2024.01.2,0
ST_102,IT_132,2024.01.3,3
ST_102,IT_132,2024.01.4,0
ST_102,IT_132,2024.01.5,0
ST_102,IT_133,2024.01.1,10
ST_102,IT_133,2024.01.2,0
ST_102,IT_133,2024.01.3,12
ST_102,IT_133,2024.01.4,0
ST_102,IT_133,2024.01.5,0
ST_102,IT_134,2024.01.1,4
ST_102,IT_134,2024.01.2,0
ST_102,IT_134,2024.01.3,3
ST_102,IT_134,2024.01.4,0
ST_102,IT_134,2024.01.5,0
ST_102,IT_137,2024.01.1,300
ST_102,IT_137,2024.01.2,0
ST_102,IT_137,2024.01.3,400
ST_102,IT_137,2024.01.4,0
ST_102,IT_137,2024.01.5,0
ST_102,IT_138,2024.01.1,80
ST_102,IT_138,2024.01.2,0
ST_102,IT_138,2024.01.3,0
ST_102,IT_138,2024.01.4,0
ST_102,IT_138,2024.01.5,0
ST_102,IT_139,2024.01.1,0
ST_102,IT_139,2024.01.2,0
ST_102,IT_139,2024.01.3,1
ST_102,IT_139,2024.01.4,0
ST_102,IT_139,2024.01.5,0
ST_102,IT_140,2024.01.1,6
ST_102,IT_140,2024.01.2,0
ST_102,IT_140,2024.01.3,5
ST_102,IT_140,2024.01.4,0
ST_102,IT_140,2024.01.5,0
ST_102,IT_141,2024.01.1,0
ST_102,IT_141,2024.01.2,0
ST_102,IT_141,2024.01.3,10
ST_102,IT_141,2024.01.4,0
ST_102,IT_141,2024.01.5,0
ST_102,IT_142,2024.01.1,1
ST_102,IT_142,2024.01.2,0
ST_102,IT_142,2024.01.3,3
ST_102,IT_142,2024.01.4,0
ST_102,IT_142,2024.01.5,0
ST_102,IT_143,2024.01.1,1
ST_102,IT_143,2024.01.2,0
ST_102,IT_143,2024.01.3,0
ST_102,IT_143,2024.01.4,0
ST_102,IT_143,2024.01.5,0
ST_102,IT_144,2024.01.1,2
ST_102,IT_144,2024.01.2,0
ST_102,IT_144,2024.01.3,1
ST_102,IT_144,2024.01.4,0
ST_102,IT_144,2024.01.5,0
ST_102,IT_145,2024.01.1,0
ST_102,IT_145,2024.01.2,0
ST_102,IT_145,2024.01.3,3
ST_102,IT_145,2024.01.4,0
ST_102,IT_145,2024.01.5,0
ST_102,IT_146,2024.01.1,0
ST_102,IT_146,2024.01.2,0
ST_102,IT_146,2024.01.3,0
ST_102,IT_146,2024.01.4,0
ST_102,IT_146,2024.01.5,0
ST_102,IT_152,2024.01.1,1
ST_102,IT_152,2024.01.2,0
ST_102,IT_152,2024.01.3,1
ST_102,IT_152,2024.01.4,0
ST_102,IT_152,2024.01.5,0
ST_102,IT_153,2024.01.1,5
ST_102,IT_153,2024.01.2,0
ST_102,IT_153,2024.01.3,6
ST_102,IT_153,2024.01.4,0
ST_102,IT_153,2024.01.5,0
ST_102,IT_154,2024.01.1,4
ST_102,IT_154,2024.01.2,0
ST_102,IT_154,2024.01.3,1
ST_102,IT_154,2024.01.4,0
ST_102,IT_154,2024.01.5,0
ST_102,IT_155,2024.01.1,0
ST_102,IT_155,2024.01.2,0
ST_102,IT_155,2024.01.3,2
ST_102,IT_155,2024.01.4,0
ST_102,IT_155,2024.01.5,0
ST_102,IT_156,2024.01.1,1
ST_102,IT_156,2024.01.2,0
ST_102,IT_156,2024.01.3,2
ST_102,IT_156,2024.01.4,0
ST_102,IT_156,2024.01.5,0
ST_102,IT_157,2024.01.1,6
ST_102,IT_157,2024.01.2,0
ST_102,IT_157,2024.01.3,10
ST_102,IT_157,2024.01.4,0
ST_102,IT_157,2024.01.5,0
ST_102,IT_158,2024.01.1,4
ST_102,IT_158,2024.01.2,0
ST_102,IT_158,2024.01.3,5
ST_102,IT_158,2024.01.4,0
ST_102,IT_158,2024.01.5,0
ST_102,IT_159,2024.01.1,1
ST_102,IT_159,2024.01.2,0
ST_102,IT_159,2024.01.3,4
ST_102,IT_159,2024.01.4,0
ST_102,IT_159,2024.01.5,0
ST_102,IT_160,2024.01.1,0
ST_102,IT_160,2024.01.2,0
ST_102,IT_160,2024.01.3,2
ST_102,IT_160,2024.01.4,0
ST_102,IT_160,2024.01.5,0
ST_102,IT_162,2024.01.1,1
ST_102,IT_162,2024.01.2,0
ST_102,IT_162,2024.01.3,2
ST_102,IT_162,2024.01.4,0
ST_102,IT_162,2024.01.5,0
ST_102,IT_163,2024.01.1,0
ST_102,IT_163,2024.01.2,0
ST_102,IT_163,2024.01.3,1
ST_102,IT_163,2024.01.4,0
ST_102,IT_163,2024.01.5,0
ST_102,IT_164,2024.01.1,2
ST_102,IT_164,2024.01.2,0
ST_102,IT_164,2024.01.3,2
ST_102,IT_164,2024.01.4,0
ST_102,IT_164,2024.01.5,0
ST_102,IT_165,2024.01.1,62
ST_102,IT_165,2024.01.2,0
ST_102,IT_165,2024.01.3,78
ST_102,IT_165,2024.01.4,0
ST_102,IT_165,2024.01.5,0
ST_102,IT_167,2024.01.1,3
ST_102,IT_167,2024.01.2,0
ST_102,IT_167,2024.01.3,2
ST_102,IT_167,2024.01.4,0
ST_102,IT_167,2024.01.5,0
ST_102,IT_168,2024.01.1,0
ST_102,IT_168,2024.01.2,0
ST_102,IT_168,2024.01.3,5
ST_102,IT_168,2024.01.4,0
ST_102,IT_168,2024.01.5,0
ST_102,IT_169,2024.01.1,2
ST_102,IT_169,2024.01.2,0
ST_102,IT_169,2024.01.3,0
ST_102,IT_169,2024.01.4,0
ST_102,IT_169,2024.01.5,0
ST_102,IT_170,2024.01.1,0
ST_102,IT_170,2024.01.2,0
ST_102,IT_170,2024.01.3,0
ST_102,IT_170,2024.01.4,0
ST_102,IT_170,2024.01.5,0
ST_102,IT_171,2024.01.1,3
ST_102,IT_171,2024.01.2,0
ST_102,IT_171,2024.01.3,2
ST_102,IT_171,2024.01.4,0
ST_102,IT_171,2024.01.5,0
ST_102,IT_101,2024.02.1,0
ST_102,IT_101,2024.02.2,0
ST_102,IT_101,2024.02.3,0
ST_102,IT_101,2024.02.4,0
ST_102,IT_101,2024.02.5,0
ST_102,IT_102,2024.02.1,0
ST_102,IT_102,2024.02.2,3000
ST_102,IT_102,2024.02.3,3000
ST_102,IT_102,2024.02.4,0
ST_102,IT_102,2024.02.5,0
ST_102,IT_103,2024.02.1,0
ST_102,IT_103,2024.02.2,4000
ST_102,IT_103,2024.02.3,2000
ST_102,IT_103,2024.02.4,1000
ST_102,IT_103,2024.02.5,0
ST_102,IT_104,2024.02.1,0
ST_102,IT_104,2024.02.2,0
ST_102,IT_104,2024.02.3,0
ST_102,IT_104,2024.02.4,0
ST_102,IT_104,2024.02.5,0
ST_102,IT_105,2024.02.1,0
ST_102,IT_105,2024.02.2,2000
ST_102,IT_105,2024.02.3,2000
ST_102,IT_105,2024.02.4,3000
ST_102,IT_105,2024.02.5,0
ST_102,IT_106,2024.02.1,0
ST_102,IT_106,2024.02.2,0
ST_102,IT_106,2024.02.3,0
ST_102,IT_106,2024.02.4,3000
ST_102,IT_106,2024.02.5,0
ST_102,IT_107,2024.02.1,0
ST_102,IT_107,2024.02.2,0
ST_102,IT_107,2024.02.3,4000
ST_102,IT_107,2024.02.4,2000
ST_102,IT_107,2024.02.5,0
ST_102,IT_108,2024.02.1,0
ST_102,IT_108,2024.02.2,0
ST_102,IT_108,2024.02.3,1000
ST_102,IT_108,2024.02.4,1000
ST_102,IT_108,2024.02.5,0
ST_102,IT_109,2024.02.1,0
ST_102,IT_109,2024.02.2,0
ST_102,IT_109,2024.02.3,0
ST_102,IT_109,2024.02.4,1000
ST_102,IT_109,2024.02.5,0
ST_102,IT_110,2024.02.1,0
ST_102,IT_110,2024.02.2,0
ST_102,IT_110,2024.02.3,0
ST_102,IT_110,2024.02.4,0
ST_102,IT_110,2024.02.5,0
ST_102,IT_111,2024.02.1,0
ST_102,IT_111,2024.02.2,4000
ST_102,IT_111,2024.02.3,4000
ST_102,IT_111,2024.02.4,4000
ST_102,IT_111,2024.02.5,0
ST_102,IT_112,2024.02.1,0
ST_102,IT_112,2024.02.2,1000
ST_102,IT_112,2024.02.3,2000
ST_102,IT_112,2024.02.4,1500
ST_102,IT_112,2024.02.5,0
ST_102,IT_113,2024.02.1,0
ST_102,IT_113,2024.02.2,200
ST_102,IT_113,2024.02.3,400
ST_102,IT_113,2024.02.4,0
ST_102,IT_113,2024.02.5,0
ST_102,IT_114,2024.02.1,0
ST_102,IT_114,2024.02.2,500
ST_102,IT_114,2024.02.3,2500
ST_102,IT_114,2024.02.4,500
ST_102,IT_114,2024.02.5,0
ST_102,IT_115,2024.02.1,0
ST_102,IT_115,2024.02.2,0
ST_102,IT_115,2024.02.3,250
ST_102,IT_115,2024.02.4,0
ST_102,IT_115,2024.02.5,0
ST_102,IT_116,2024.02.1,0
ST_102,IT_116,2024.02.2,0
ST_102,IT_116,2024.02.3,0
ST_102,IT_116,2024.02.4,0
ST_102,IT_116,2024.02.5,0
ST_102,IT_117,2024.02.1,0
ST_102,IT_117,2024.02.2,0
ST_102,IT_117,2024.02.3,200
ST_102,IT_117,2024.02.4,0
ST_102,IT_117,2024.02.5,0
ST_102,IT_118,2024.02.1,0
ST_102,IT_118,2024.02.2,600
ST_102,IT_118,2024.02.3,200
ST_102,IT_118,2024.02.4,800
ST_102,IT_118,2024.02.5,0
ST_102,IT_119,2024.02.1,0
ST_102,IT_119,2024.02.2,0
ST_102,IT_119,2024.02.3,0
ST_102,IT_119,2024.02.4,0
ST_102,IT_119,2024.02.5,0
ST_102,IT_120,2024.02.1,0
ST_102,IT_120,2024.02.2,0
ST_102,IT_120,2024.02.3,0
ST_102,IT_120,2024.02.4,0
ST_102,IT_120,2024.02.5,0
ST_102,IT_121,2024.02.1,0
ST_102,IT_121,2024.02.2,0
ST_102,IT_121,2024.02.3,0
ST_102,IT_121,2024.02.4,0
ST_102,IT_121,2024.02.5,0
ST_102,IT_122,2024.02.1,0
ST_102,IT_122,2024.02.2,0
ST_102,IT_122,2024.02.3,0
ST_102,IT_122,2024.02.4,0
ST_102,IT_122,2024.02.5,0
ST_102,IT_123,2024.02.1,0
ST_102,IT_123,2024.02.2,0
ST_102,IT_123,2024.02.3,0
ST_102,IT_123,2024.02.4,0
ST_102,IT_123,2024.02.5,0
ST_102,IT_124,2024.02.1,0
ST_102,IT_124,2024.02.2,0
ST_102,IT_124,2024.02.3,12
ST_102,IT_124,2024.02.4,12
ST_102,IT_124,2024.02.5,0
ST_102,IT_125,2024.02.1,0
ST_102,IT_125,2024.02.2,6
ST_102,IT_125,2024.02.3,12
ST_102,IT_125,2024.02.4,0
ST_102,IT_125,2024.02.5,0
ST_102,IT_126,2024.02.1,0
ST_102,IT_126,2024.02.2,3
ST_102,IT_126,2024.02.3,0
ST_102,IT_126,2024.02.4,0
ST_102,IT_126,2024.02.5,0
ST_102,IT_127,2024.02.1,0
ST_102,IT_127,2024.02.2,4
ST_102,IT_127,2024.02.3,4
ST_102,IT_127,2024.02.4,3
ST_102,IT_127,2024.02.5,0
ST_102,IT_128,2024.02.1,0
ST_102,IT_128,2024.02.2,0
ST_102,IT_128,2024.02.3,0
ST_102,IT_128,2024.02.4,0
ST_102,IT_128,2024.02.5,0
ST_102,IT_129,2024.02.1,0
ST_102,IT_129,2024.02.2,20
ST_102,IT_129,2024.02.3,60
ST_102,IT_129,2024.02.4,0
ST_102,IT_129,2024.02.5,0
ST_102,IT_130,2024.02.1,0
ST_102,IT_130,2024.02.2,15
ST_102,IT_130,2024.02.3,32
ST_102,IT_130,2024.02.4,34
ST_102,IT_130,2024.02.5,0
ST_102,IT_132,2024.02.1,0
ST_102,IT_132,2024.02.2,2
ST_102,IT_132,2024.02.3,18
ST_102,IT_132,2024.02.4,14
ST_102,IT_132,2024.02.5,0
ST_102,IT_133,2024.02.1,0
ST_102,IT_133,2024.02.2,14
ST_102,IT_133,2024.02.3,22
ST_102,IT_133,2024.02.4,17
ST_102,IT_133,2024.02.5,0
ST_102,IT_134,2024.02.1,0
ST_102,IT_134,2024.02.2,6
ST_102,IT_134,2024.02.3,5
ST_102,IT_134,2024.02.4,7
ST_102,IT_134,2024.02.5,0
ST_102,IT_137,2024.02.1,0
ST_102,IT_137,2024.02.2,800
ST_102,IT_137,2024.02.3,600
ST_102,IT_137,2024.02.4,300
ST_102,IT_137,2024.02.5,0
ST_102,IT_138,2024.02.1,0
ST_102,IT_138,2024.02.2,0
ST_102,IT_138,2024.02.3,0
ST_102,IT_138,2024.02.4,0
ST_102,IT_138,2024.02.5,0
ST_102,IT_139,2024.02.1,0
ST_102,IT_139,2024.02.2,2
ST_102,IT_139,2024.02.3,1
ST_102,IT_139,2024.02.4,3
ST_102,IT_139,2024.02.5,0
ST_102,IT_140,2024.02.1,0
ST_102,IT_140,2024.02.2,6
ST_102,IT_140,2024.02.3,6
ST_102,IT_140,2024.02.4,2
ST_102,IT_140,2024.02.5,0
ST_102,IT_141,2024.02.1,0
ST_102,IT_141,2024.02.2,5
ST_102,IT_141,2024.02.3,3
ST_102,IT_141,2024.02.4,7
ST_102,IT_141,2024.02.5,0
ST_102,IT_142,2024.02.1,0
ST_102,IT_142,2024.02.2,4
ST_102,IT_142,2024.02.3,8
ST_102,IT_142,2024.02.4,8
ST_102,IT_142,2024.02.5,0
ST_102,IT_143,2024.02.1,0
ST_102,IT_143,2024.02.2,1
ST_102,IT_143,2024.02.3,2
ST_102,IT_143,2024.02.4,1
ST_102,IT_143,2024.02.5,0
ST_102,IT_144,2024.02.1,0
ST_102,IT_144,2024.02.2,2
ST_102,IT_144,2024.02.3,3
ST_102,IT_144,2024.02.4,1
ST_102,IT_144,2024.02.5,0
ST_102,IT_145,2024.02.1,0
ST_102,IT_145,2024.02.2,4
ST_102,IT_145,2024.02.3,7
ST_102,IT_145,2024.02.4,3
ST_102,IT_145,2024.02.5,0
ST_102,IT_146,2024.02.1,0
ST_102,IT_146,2024.02.2,0
ST_102,IT_146,2024.02.3,0
ST_102,IT_146,2024.02.4,1
ST_102,IT_146,2024.02.5,0
ST_102,IT_152,2024.02.1,0
ST_102,IT_152,2024.02.2,0
ST_102,IT_152,2024.02.3,1
ST_102,IT_152,2024.02.4,5
ST_102,IT_152,2024.02.5,0
ST_102,IT_153,2024.02.1,0
ST_102,IT_153,2024.02.2,2
ST_102,IT_153,2024.02.3,3
ST_102,IT_153,2024.02.4,4
ST_102,IT_153,2024.02.5,0
ST_102,IT_154,2024.02.1,0
ST_102,IT_154,2024.02.2,7
ST_102,IT_154,2024.02.3,6
ST_102,IT_154,2024.02.4,8
ST_102,IT_154,2024.02.5,0
ST_102,IT_155,2024.02.1,0
ST_102,IT_155,2024.02.2,1
ST_102,IT_155,2024.02.3,8
ST_102,IT_155,2024.02.4,4
ST_102,IT_155,2024.02.5,0
ST_102,IT_156,2024.02.1,0
ST_102,IT_156,2024.02.2,2
ST_102,IT_156,2024.02.3,8
ST_102,IT_156,2024.02.4,5
ST_102,IT_156,2024.02.5,0
ST_102,IT_157,2024.02.1,0
ST_102,IT_157,2024.02.2,7
ST_102,IT_157,2024.02.3,6
ST_102,IT_157,2024.02.4,6
ST_102,IT_157,2024.02.5,0
ST_102,IT_158,2024.02.1,0
ST_102,IT_158,2024.02.2,6
ST_102,IT_158,2024.02.3,10
ST_102,IT_158,2024.02.4,7
ST_102,IT_158,2024.02.5,0
ST_102,IT_159,2024.02.1,0
ST_102,IT_159,2024.02.2,4
ST_102,IT_159,2024.02.3,11
ST_102,IT_159,2024.02.4,8
ST_102,IT_159,2024.02.5,0
ST_102,IT_160,2024.02.1,0
ST_102,IT_160,2024.02.2,1
ST_102,IT_160,2024.02.3,7
ST_102,IT_160,2024.02.4,10
ST_102,IT_160,2024.02.5,0
ST_102,IT_162,2024.02.1,0
ST_102,IT_162,2024.02.2,3
ST_102,IT_162,2024.02.3,1
ST_102,IT_162,2024.02.4,3
ST_102,IT_162,2024.02.5,0
ST_102,IT_163,2024.02.1,0
ST_102,IT_163,2024.02.2,4
ST_102,IT_163,2024.02.3,2
ST_102,IT_163,2024.02.4,1
ST_102,IT_163,2024.02.5,0
ST_102,IT_164,2024.02.1,0
ST_102,IT_164,2024.02.2,2
ST_102,IT_164,2024.02.3,2
ST_102,IT_164,2024.02.4,7
ST_102,IT_164,2024.02.5,0
ST_102,IT_165,2024.02.1,0
ST_102,IT_165,2024.02.2,80
ST_102,IT_165,2024.02.3,104
ST_102,IT_165,2024.02.4,80
ST_102,IT_165,2024.02.5,0
ST_102,IT_167,2024.02.1,0
ST_102,IT_167,2024.02.2,3
ST_102,IT_167,2024.02.3,1
ST_102,IT_167,2024.02.4,6
ST_102,IT_167,2024.02.5,0
ST_102,IT_168,2024.02.1,0
ST_102,IT_168,2024.02.2,2
ST_102,IT_168,2024.02.3,4
ST_102,IT_168,2024.02.4,3
ST_102,IT_168,2024.02.5,0
ST_102,IT_169,2024.02.1,0
ST_102,IT_169,2024.02.2,1
ST_102,IT_169,2024.02.3,1
ST_102,IT_169,2024.02.4,1
ST_102,IT_169,2024.02.5,0
ST_102,IT_170,2024.02.1,0
ST_102,IT_170,2024.02.2,3
ST_102,IT_170,2024.02.3,1
ST_102,IT_170,2024.02.4,1
ST_102,IT_170,2024.02.5,0
ST_102,IT_171,2024.02.1,0
ST_102,IT_171,2024.02.2,2
ST_102,IT_171,2024.02.3,1
ST_102,IT_171,2024.02.4,2
ST_102,IT_171,2024.02.5,0
ST_102,IT_101,2024.03.1,0
ST_102,IT_101,2024.03.2,0
ST_102,IT_101,2024.03.3,0
ST_102,IT_101,2024.03.4,0
ST_102,IT_101,2024.03.5,0
ST_102,IT_102,2024.03.1,0
ST_102,IT_102,2024.03.2,1000
ST_102,IT_102,2024.03.3,1000
ST_102,IT_102,2024.03.4,2000
ST_102,IT_102,2024.03.5,0
ST_102,IT_103,2024.03.1,0
ST_102,IT_103,2024.03.2,0
ST_102,IT_103,2024.03.3,1000
ST_102,IT_103,2024.03.4,2000
ST_102,IT_103,2024.03.5,0
ST_102,IT_104,2024.03.1,0
ST_102,IT_104,2024.03.2,0
ST_102,IT_104,2024.03.3,0
ST_102,IT_104,2024.03.4,0
ST_102,IT_104,2024.03.5,0
ST_102,IT_105,2024.03.1,1000
ST_102,IT_105,2024.03.2,6000
ST_102,IT_105,2024.03.3,4000
ST_102,IT_105,2024.03.4,3000
ST_102,IT_105,2024.03.5,0
ST_102,IT_106,2024.03.1,0
ST_102,IT_106,2024.03.2,0
ST_102,IT_106,2024.03.3,1000
ST_102,IT_106,2024.03.4,0
ST_102,IT_106,2024.03.5,0
ST_102,IT_107,2024.03.1,1000
ST_102,IT_107,2024.03.2,6000
ST_102,IT_107,2024.03.3,4000
ST_102,IT_107,2024.03.4,4000
ST_102,IT_107,2024.03.5,0
ST_102,IT_108,2024.03.1,0
ST_102,IT_108,2024.03.2,0
ST_102,IT_108,2024.03.3,0
ST_102,IT_108,2024.03.4,1000
ST_102,IT_108,2024.03.5,0
ST_102,IT_109,2024.03.1,0
ST_102,IT_109,2024.03.2,0
ST_102,IT_109,2024.03.3,0
ST_102,IT_109,2024.03.4,0
ST_102,IT_109,2024.03.5,0
ST_102,IT_110,2024.03.1,0
ST_102,IT_110,2024.03.2,0
ST_102,IT_110,2024.03.3,0
ST_102,IT_110,2024.03.4,0
ST_102,IT_110,2024.03.5,0
ST_102,IT_111,2024.03.1,2000
ST_102,IT_111,2024.03.2,5000
ST_102,IT_111,2024.03.3,5000
ST_102,IT_111,2024.03.4,6000
ST_102,IT_111,2024.03.5,0
ST_102,IT_112,2024.03.1,500
ST_102,IT_112,2024.03.2,2500
ST_102,IT_112,2024.03.3,2000
ST_102,IT_112,2024.03.4,2500
ST_102,IT_112,2024.03.5,0
ST_102,IT_113,2024.03.1,0
ST_102,IT_113,2024.03.2,200
ST_102,IT_113,2024.03.3,200
ST_102,IT_113,2024.03.4,200
ST_102,IT_113,2024.03.5,0
ST_102,IT_114,2024.03.1,0
ST_102,IT_114,2024.03.2,2000
ST_102,IT_114,2024.03.3,0
ST_102,IT_114,2024.03.4,2000
ST_102,IT_114,2024.03.5,0
ST_102,IT_115,2024.03.1,250
ST_102,IT_115,2024.03.2,0
ST_102,IT_115,2024.03.3,0
ST_102,IT_115,2024.03.4,250
ST_102,IT_115,2024.03.5,0
ST_102,IT_116,2024.03.1,0
ST_102,IT_116,2024.03.2,0
ST_102,IT_116,2024.03.3,200
ST_102,IT_116,2024.03.4,0
ST_102,IT_116,2024.03.5,0
ST_102,IT_117,2024.03.1,0
ST_102,IT_117,2024.03.2,0
ST_102,IT_117,2024.03.3,0
ST_102,IT_117,2024.03.4,0
ST_102,IT_117,2024.03.5,0
ST_102,IT_118,2024.03.1,0
ST_102,IT_118,2024.03.2,0
ST_102,IT_118,2024.03.3,200
ST_102,IT_118,2024.03.4,200
ST_102,IT_118,2024.03.5,0
ST_102,IT_119,2024.03.1,0
ST_102,IT_119,2024.03.2,0
ST_102,IT_119,2024.03.3,0
ST_102,IT_119,2024.03.4,8000
ST_102,IT_119,2024.03.5,0
ST_102,IT_120,2024.03.1,0
ST_102,IT_120,2024.03.2,0
ST_102,IT_120,2024.03.3,0
ST_102,IT_120,2024.03.4,0
ST_102,IT_120,2024.03.5,0
ST_102,IT_121,2024.03.1,0
ST_102,IT_121,2024.03.2,0
ST_102,IT_121,2024.03.3,0
ST_102,IT_121,2024.03.4,0
ST_102,IT_121,2024.03.5,0
ST_102,IT_122,2024.03.1,0
ST_102,IT_122,2024.03.2,1000
ST_102,IT_122,2024.03.3,0
ST_102,IT_122,2024.03.4,0
ST_102,IT_122,2024.03.5,0
ST_102,IT_123,2024.03.1,0
ST_102,IT_123,2024.03.2,0
ST_102,IT_123,2024.03.3,0
ST_102,IT_123,2024.03.4,0
ST_102,IT_123,2024.03.5,0
ST_102,IT_124,2024.03.1,0
ST_102,IT_124,2024.03.2,0
ST_102,IT_124,2024.03.3,0
ST_102,IT_124,2024.03.4,0
ST_102,IT_124,2024.03.5,0
ST_102,IT_125,2024.03.1,14
ST_102,IT_125,2024.03.2,0
ST_102,IT_125,2024.03.3,6
ST_102,IT_125,2024.03.4,0
ST_102,IT_125,2024.03.5,0
ST_102,IT_126,2024.03.1,0
ST_102,IT_126,2024.03.2,6
ST_102,IT_126,2024.03.3,0
ST_102,IT_126,2024.03.4,12
ST_102,IT_126,2024.03.5,0
ST_102,IT_127,2024.03.1,0
ST_102,IT_127,2024.03.2,0
ST_102,IT_127,2024.03.3,0
ST_102,IT_127,2024.03.4,0
ST_102,IT_127,2024.03.5,0
ST_102,IT_128,2024.03.1,2
ST_102,IT_128,2024.03.2,4
ST_102,IT_128,2024.03.3,6
ST_102,IT_128,2024.03.4,6
ST_102,IT_128,2024.03.5,0
ST_102,IT_129,2024.03.1,20
ST_102,IT_129,2024.03.2,60
ST_102,IT_129,2024.03.3,0
ST_102,IT_129,2024.03.4,20
ST_102,IT_129,2024.03.5,0
ST_102,IT_130,2024.03.1,16
ST_102,IT_130,2024.03.2,37
ST_102,IT_130,2024.03.3,78
ST_102,IT_130,2024.03.4,47
ST_102,IT_130,2024.03.5,0
ST_102,IT_132,2024.03.1,6
ST_102,IT_132,2024.03.2,24
ST_102,IT_132,2024.03.3,22
ST_102,IT_132,2024.03.4,25
ST_102,IT_132,2024.03.5,0
ST_102,IT_133,2024.03.1,4
ST_102,IT_133,2024.03.2,22
ST_102,IT_133,2024.03.3,20
ST_102,IT_133,2024.03.4,25
ST_102,IT_133,2024.03.5,0
ST_102,IT_134,2024.03.1,0
ST_102,IT_134,2024.03.2,2
ST_102,IT_134,2024.03.3,3
ST_102,IT_134,2024.03.4,7
ST_102,IT_134,2024.03.5,0
ST_102,IT_135,2024.03.1,0
ST_102,IT_135,2024.03.2,0
ST_102,IT_135,2024.03.3,0
ST_102,IT_135,2024.03.4,0
ST_102,IT_135,2024.03.5,0
ST_102,IT_136,2024.03.1,0
ST_102,IT_136,2024.03.2,0
ST_102,IT_136,2024.03.3,0
ST_102,IT_136,2024.03.4,0
ST_102,IT_136,2024.03.5,0
ST_102,IT_137,2024.03.1,300
ST_102,IT_137,2024.03.2,1200
ST_102,IT_137,2024.03.3,1100
ST_102,IT_137,2024.03.4,600
ST_102,IT_137,2024.03.5,0
ST_102,IT_138,2024.03.1,0
ST_102,IT_138,2024.03.2,0
ST_102,IT_138,2024.03.3,0
ST_102,IT_138,2024.03.4,0
ST_102,IT_138,2024.03.5,0
ST_102,IT_139,2024.03.1,0
ST_102,IT_139,2024.03.2,1
ST_102,IT_139,2024.03.3,2
ST_102,IT_139,2024.03.4,2
ST_102,IT_139,2024.03.5,0
ST_102,IT_140,2024.03.1,5
ST_102,IT_140,2024.03.2,9
ST_102,IT_140,2024.03.3,4
ST_102,IT_140,2024.03.4,9
ST_102,IT_140,2024.03.5,0
ST_102,IT_141,2024.03.1,1
ST_102,IT_141,2024.03.2,1
ST_102,IT_141,2024.03.3,6
ST_102,IT_141,2024.03.4,5
ST_102,IT_141,2024.03.5,0
ST_102,IT_142,2024.03.1,4
ST_102,IT_142,2024.03.2,5
ST_102,IT_142,2024.03.3,4
ST_102,IT_142,2024.03.4,9
ST_102,IT_142,2024.03.5,0
ST_102,IT_143,2024.03.1,1
ST_102,IT_143,2024.03.2,1
ST_102,IT_143,2024.03.3,1
ST_102,IT_143,2024.03.4,2
ST_102,IT_143,2024.03.5,0
ST_102,IT_144,2024.03.1,1
ST_102,IT_144,2024.03.2,3
ST_102,IT_144,2024.03.3,1
ST_102,IT_144,2024.03.4,6
ST_102,IT_144,2024.03.5,0
ST_102,IT_145,2024.03.1,0
ST_102,IT_145,2024.03.2,3
ST_102,IT_145,2024.03.3,3
ST_102,IT_145,2024.03.4,5
ST_102,IT_145,2024.03.5,0
ST_102,IT_146,2024.03.1,1
ST_102,IT_146,2024.03.2,0
ST_102,IT_146,2024.03.3,1
ST_102,IT_146,2024.03.4,1
ST_102,IT_146,2024.03.5,0
ST_102,IT_152,2024.03.1,0
ST_102,IT_152,2024.03.2,3
ST_102,IT_152,2024.03.3,2
ST_102,IT_152,2024.03.4,4
ST_102,IT_152,2024.03.5,0
ST_102,IT_153,2024.03.1,0
ST_102,IT_153,2024.03.2,2
ST_102,IT_153,2024.03.3,3
ST_102,IT_153,2024.03.4,6
ST_102,IT_153,2024.03.5,0
ST_102,IT_154,2024.03.1,2
ST_102,IT_154,2024.03.2,10
ST_102,IT_154,2024.03.3,5
ST_102,IT_154,2024.03.4,10
ST_102,IT_154,2024.03.5,0
ST_102,IT_155,2024.03.1,1
ST_102,IT_155,2024.03.2,3
ST_102,IT_155,2024.03.3,2
ST_102,IT_155,2024.03.4,9
ST_102,IT_155,2024.03.5,0
ST_102,IT_156,2024.03.1,1
ST_102,IT_156,2024.03.2,2
ST_102,IT_156,2024.03.3,2
ST_102,IT_156,2024.03.4,5
ST_102,IT_156,2024.03.5,0
ST_102,IT_157,2024.03.1,2
ST_102,IT_157,2024.03.2,13
ST_102,IT_157,2024.03.3,9
ST_102,IT_157,2024.03.4,16
ST_102,IT_157,2024.03.5,0
ST_102,IT_158,2024.03.1,0
ST_102,IT_158,2024.03.2,11
ST_102,IT_158,2024.03.3,8
ST_102,IT_158,2024.03.4,8
ST_102,IT_158,2024.03.5,0
ST_102,IT_159,2024.03.1,0
ST_102,IT_159,2024.03.2,7
ST_102,IT_159,2024.03.3,7
ST_102,IT_159,2024.03.4,9
ST_102,IT_159,2024.03.5,0
ST_102,IT_160,2024.03.1,1
ST_102,IT_160,2024.03.2,7
ST_102,IT_160,2024.03.3,4
ST_102,IT_160,2024.03.4,8
ST_102,IT_160,2024.03.5,0
ST_102,IT_162,2024.03.1,1
ST_102,IT_162,2024.03.2,2
ST_102,IT_162,2024.03.3,2
ST_102,IT_162,2024.03.4,2
ST_102,IT_162,2024.03.5,0
ST_102,IT_163,2024.03.1,0
ST_102,IT_163,2024.03.2,3
ST_102,IT_163,2024.03.3,1
ST_102,IT_163,2024.03.4,1
ST_102,IT_163,2024.03.5,0
ST_102,IT_164,2024.03.1,0
ST_102,IT_164,2024.03.2,5
ST_102,IT_164,2024.03.3,1
ST_102,IT_164,2024.03.4,7
ST_102,IT_164,2024.03.5,0
ST_102,IT_165,2024.03.1,33
ST_102,IT_165,2024.03.2,107
ST_102,IT_165,2024.03.3,94
ST_102,IT_165,2024.03.4,137
ST_102,IT_165,2024.03.5,0
ST_102,IT_167,2024.03.1,4
ST_102,IT_167,2024.03.2,2
ST_102,IT_167,2024.03.3,4
ST_102,IT_167,2024.03.4,3
ST_102,IT_167,2024.03.5,0
ST_102,IT_168,2024.03.1,0
ST_102,IT_168,2024.03.2,3
ST_102,IT_168,2024.03.3,4
ST_102,IT_168,2024.03.4,3
ST_102,IT_168,2024.03.5,0
ST_102,IT_169,2024.03.1,0
ST_102,IT_169,2024.03.2,1
ST_102,IT_169,2024.03.3,4
ST_102,IT_169,2024.03.4,1
ST_102,IT_169,2024.03.5,0
ST_102,IT_170,2024.03.1,0
ST_102,IT_170,2024.03.2,1
ST_102,IT_170,2024.03.3,4
ST_102,IT_170,2024.03.4,0
ST_102,IT_170,2024.03.5,0
ST_102,IT_171,2024.03.1,0
ST_102,IT_171,2024.03.2,2
ST_102,IT_171,2024.03.3,4
ST_102,IT_171,2024.03.4,0
ST_102,IT_171,2024.03.5,0
ST_102,IT_101,2024.04.1,0
ST_102,IT_101,2024.04.2,0
ST_102,IT_101,2024.04.3,0
ST_102,IT_101,2024.04.4,0
ST_102,IT_101,2024.04.5,0
ST_102,IT_102,2024.04.1,0
ST_102,IT_102,2024.04.2,1000
ST_102,IT_102,2024.04.3,0
ST_102,IT_102,2024.04.4,1000
ST_102,IT_102,2024.04.5,1000
ST_102,IT_103,2024.04.1,0
ST_102,IT_103,2024.04.2,1000
ST_102,IT_103,2024.04.3,0
ST_102,IT_103,2024.04.4,0
ST_102,IT_103,2024.04.5,1000
ST_102,IT_104,2024.04.1,0
ST_102,IT_104,2024.04.2,0
ST_102,IT_104,2024.04.3,0
ST_102,IT_104,2024.04.4,0
ST_102,IT_104,2024.04.5,0
ST_102,IT_105,2024.04.1,3000
ST_102,IT_105,2024.04.2,6000
ST_102,IT_105,2024.04.3,2000
ST_102,IT_105,2024.04.4,5000
ST_102,IT_105,2024.04.5,4000
ST_102,IT_106,2024.04.1,2000
ST_102,IT_106,2024.04.2,1000
ST_102,IT_106,2024.04.3,0
ST_102,IT_106,2024.04.4,1000
ST_102,IT_106,2024.04.5,0
ST_102,IT_107,2024.04.1,2000
ST_102,IT_107,2024.04.2,3000
ST_102,IT_107,2024.04.3,2000
ST_102,IT_107,2024.04.4,9000
ST_102,IT_107,2024.04.5,1000
ST_102,IT_108,2024.04.1,1000
ST_102,IT_108,2024.04.2,0
ST_102,IT_108,2024.04.3,0
ST_102,IT_108,2024.04.4,2000
ST_102,IT_108,2024.04.5,0
ST_102,IT_109,2024.04.1,0
ST_102,IT_109,2024.04.2,0
ST_102,IT_109,2024.04.3,0
ST_102,IT_109,2024.04.4,0
ST_102,IT_109,2024.04.5,0
ST_102,IT_110,2024.04.1,0
ST_102,IT_110,2024.04.2,0
ST_102,IT_110,2024.04.3,0
ST_102,IT_110,2024.04.4,1000
ST_102,IT_110,2024.04.5,0
ST_102,IT_111,2024.04.1,3000
ST_102,IT_111,2024.04.2,7000
ST_102,IT_111,2024.04.3,4000
ST_102,IT_111,2024.04.4,6000
ST_102,IT_111,2024.04.5,6000
ST_102,IT_112,2024.04.1,3500
ST_102,IT_112,2024.04.2,2000
ST_102,IT_112,2024.04.3,2000
ST_102,IT_112,2024.04.4,1500
ST_102,IT_112,2024.04.5,3500
ST_102,IT_113,2024.04.1,0
ST_102,IT_113,2024.04.2,400
ST_102,IT_113,2024.04.3,0
ST_102,IT_113,2024.04.4,800
ST_102,IT_113,2024.04.5,0
ST_102,IT_114,2024.04.1,1000
ST_102,IT_114,2024.04.2,2000
ST_102,IT_114,2024.04.3,1000
ST_102,IT_114,2024.04.4,5000
ST_102,IT_114,2024.04.5,500
ST_102,IT_115,2024.04.1,0
ST_102,IT_115,2024.04.2,0
ST_102,IT_115,2024.04.3,0
ST_102,IT_115,2024.04.4,250
ST_102,IT_115,2024.04.5,0
ST_102,IT_116,2024.04.1,0
ST_102,IT_116,2024.04.2,0
ST_102,IT_116,2024.04.3,0
ST_102,IT_116,2024.04.4,0
ST_102,IT_116,2024.04.5,0
ST_102,IT_117,2024.04.1,0
ST_102,IT_117,2024.04.2,200
ST_102,IT_117,2024.04.3,0
ST_102,IT_117,2024.04.4,0
ST_102,IT_117,2024.04.5,200
ST_102,IT_118,2024.04.1,200
ST_102,IT_118,2024.04.2,400
ST_102,IT_118,2024.04.3,0
ST_102,IT_118,2024.04.4,200
ST_102,IT_118,2024.04.5,200
ST_102,IT_119,2024.04.1,8000
ST_102,IT_119,2024.04.2,0
ST_102,IT_119,2024.04.3,0
ST_102,IT_119,2024.04.4,16000
ST_102,IT_119,2024.04.5,0
ST_102,IT_120,2024.04.1,0
ST_102,IT_120,2024.04.2,0
ST_102,IT_120,2024.04.3,0
ST_102,IT_120,2024.04.4,0
ST_102,IT_120,2024.04.5,0
ST_102,IT_121,2024.04.1,0
ST_102,IT_121,2024.04.2,0
ST_102,IT_121,2024.04.3,0
ST_102,IT_121,2024.04.4,0
ST_102,IT_121,2024.04.5,0
ST_102,IT_122,2024.04.1,0
ST_102,IT_122,2024.04.2,0
ST_102,IT_122,2024.04.3,0
ST_102,IT_122,2024.04.4,1000
ST_102,IT_122,2024.04.5,0
ST_102,IT_123,2024.04.1,0
ST_102,IT_123,2024.04.2,0
ST_102,IT_123,2024.04.3,0
ST_102,IT_123,2024.04.4,0
ST_102,IT_123,2024.04.5,200
ST_102,IT_124,2024.04.1,0
ST_102,IT_124,2024.04.2,0
ST_102,IT_124,2024.04.3,0
ST_102,IT_124,2024.04.4,6
ST_102,IT_124,2024.04.5,0
ST_102,IT_125,2024.04.1,0
ST_102,IT_125,2024.04.2,12
ST_102,IT_125,2024.04.3,6
ST_102,IT_125,2024.04.4,6
ST_102,IT_125,2024.04.5,12
ST_102,IT_126,2024.04.1,0
ST_102,IT_126,2024.04.2,0
ST_102,IT_126,2024.04.3,18
ST_102,IT_126,2024.04.4,18
ST_102,IT_126,2024.04.5,12
ST_102,IT_127,2024.04.1,0
ST_102,IT_127,2024.04.2,0
ST_102,IT_127,2024.04.3,0
ST_102,IT_127,2024.04.4,0
ST_102,IT_127,2024.04.5,0
ST_102,IT_128,2024.04.1,4
ST_102,IT_128,2024.04.2,7
ST_102,IT_128,2024.04.3,5
ST_102,IT_128,2024.04.4,11
ST_102,IT_128,2024.04.5,3
ST_102,IT_129,2024.04.1,80
ST_102,IT_129,2024.04.2,0
ST_102,IT_129,2024.04.3,0
ST_102,IT_129,2024.04.4,40
ST_102,IT_129,2024.04.5,0
ST_102,IT_130,2024.04.1,48
ST_102,IT_130,2024.04.2,44
ST_102,IT_130,2024.04.3,35
ST_102,IT_130,2024.04.4,84
ST_102,IT_130,2024.04.5,75
ST_102,IT_131,2024.04.1,0
ST_102,IT_131,2024.04.2,0
ST_102,IT_131,2024.04.3,0
ST_102,IT_131,2024.04.4,0
ST_102,IT_131,2024.04.5,0
ST_102,IT_132,2024.04.1,15
ST_102,IT_132,2024.04.2,17
ST_102,IT_132,2024.04.3,22
ST_102,IT_132,2024.04.4,51
ST_102,IT_132,2024.04.5,35
ST_102,IT_133,2024.04.1,7
ST_102,IT_133,2024.04.2,0
ST_102,IT_133,2024.04.3,0
ST_102,IT_133,2024.04.4,0
ST_102,IT_133,2024.04.5,0
ST_102,IT_134,2024.04.1,3
ST_102,IT_134,2024.04.2,5
ST_102,IT_134,2024.04.3,3
ST_102,IT_134,2024.04.4,10
ST_102,IT_134,2024.04.5,5
ST_102,IT_135,2024.04.1,2
ST_102,IT_135,2024.04.2,19
ST_102,IT_135,2024.04.3,4
ST_102,IT_135,2024.04.4,27
ST_102,IT_135,2024.04.5,18
ST_102,IT_136,2024.04.1,0
ST_102,IT_136,2024.04.2,0
ST_102,IT_136,2024.04.3,0
ST_102,IT_136,2024.04.4,0
ST_102,IT_136,2024.04.5,0
ST_102,IT_137,2024.04.1,500
ST_102,IT_137,2024.04.2,900
ST_102,IT_137,2024.04.3,100
ST_102,IT_137,2024.04.4,700
ST_102,IT_137,2024.04.5,500
ST_102,IT_138,2024.04.1,100
ST_102,IT_138,2024.04.2,0
ST_102,IT_138,2024.04.3,0
ST_102,IT_138,2024.04.4,100
ST_102,IT_138,2024.04.5,0
ST_102,IT_139,2024.04.1,3
ST_102,IT_139,2024.04.2,2
ST_102,IT_139,2024.04.3,1
ST_102,IT_139,2024.04.4,2
ST_102,IT_139,2024.04.5,3
ST_102,IT_140,2024.04.1,8
ST_102,IT_140,2024.04.2,7
ST_102,IT_140,2024.04.3,7
ST_102,IT_140,2024.04.4,10
ST_102,IT_140,2024.04.5,11
ST_102,IT_141,2024.04.1,8
ST_102,IT_141,2024.04.2,4
ST_102,IT_141,2024.04.3,8
ST_102,IT_141,2024.04.4,16
ST_102,IT_141,2024.04.5,5
ST_102,IT_142,2024.04.1,9
ST_102,IT_142,2024.04.2,7
ST_102,IT_142,2024.04.3,10
ST_102,IT_142,2024.04.4,19
ST_102,IT_142,2024.04.5,8
ST_102,IT_143,2024.04.1,0
ST_102,IT_143,2024.04.2,2
ST_102,IT_143,2024.04.3,0
ST_102,IT_143,2024.04.4,2
ST_102,IT_143,2024.04.5,3
ST_102,IT_144,2024.04.1,5
ST_102,IT_144,2024.04.2,1
ST_102,IT_144,2024.04.3,0
ST_102,IT_144,2024.04.4,1
ST_102,IT_144,2024.04.5,3
ST_102,IT_145,2024.04.1,3
ST_102,IT_145,2024.04.2,6
ST_102,IT_145,2024.04.3,3
ST_102,IT_145,2024.04.4,3
ST_102,IT_145,2024.04.5,5
ST_102,IT_146,2024.04.1,0
ST_102,IT_146,2024.04.2,2
ST_102,IT_146,2024.04.3,2
ST_102,IT_146,2024.04.4,2
ST_102,IT_146,2024.04.5,5
ST_102,IT_147,2024.04.1,0
ST_102,IT_147,2024.04.2,0
ST_102,IT_147,2024.04.3,0
ST_102,IT_147,2024.04.4,0
ST_102,IT_147,2024.04.5,18
ST_102,IT_148,2024.04.1,0
ST_102,IT_148,2024.04.2,0
ST_102,IT_148,2024.04.3,0
ST_102,IT_148,2024.04.4,0
ST_102,IT_148,2024.04.5,18
ST_102,IT_152,2024.04.1,0
ST_102,IT_152,2024.04.2,3
ST_102,IT_152,2024.04.3,4
ST_102,IT_152,2024.04.4,4
ST_102,IT_152,2024.04.5,5
ST_102,IT_153,2024.04.1,2
ST_102,IT_153,2024.04.2,6
ST_102,IT_153,2024.04.3,3
ST_102,IT_153,2024.04.4,6
ST_102,IT_153,2024.04.5,5
ST_102,IT_154,2024.04.1,3
ST_102,IT_154,2024.04.2,8
ST_102,IT_154,2024.04.3,9
ST_102,IT_154,2024.04.4,14
ST_102,IT_154,2024.04.5,9
ST_102,IT_155,2024.04.1,4
ST_102,IT_155,2024.04.2,5
ST_102,IT_155,2024.04.3,9
ST_102,IT_155,2024.04.4,12
ST_102,IT_155,2024.04.5,3
ST_102,IT_156,2024.04.1,4
ST_102,IT_156,2024.04.2,6
ST_102,IT_156,2024.04.3,3
ST_102,IT_156,2024.04.4,7
ST_102,IT_156,2024.04.5,8
ST_102,IT_157,2024.04.1,8
ST_102,IT_157,2024.04.2,14
ST_102,IT_157,2024.04.3,10
ST_102,IT_157,2024.04.4,18
ST_102,IT_157,2024.04.5,9
ST_102,IT_158,2024.04.1,14
ST_102,IT_158,2024.04.2,12
ST_102,IT_158,2024.04.3,5
ST_102,IT_158,2024.04.4,19
ST_102,IT_158,2024.04.5,7
ST_102,IT_159,2024.04.1,6
ST_102,IT_159,2024.04.2,1
ST_102,IT_159,2024.04.3,3
ST_102,IT_159,2024.04.4,8
ST_102,IT_159,2024.04.5,8
ST_102,IT_160,2024.04.1,5
ST_102,IT_160,2024.04.2,0
ST_102,IT_160,2024.04.3,0
ST_102,IT_160,2024.04.4,6
ST_102,IT_160,2024.04.5,3
ST_102,IT_162,2024.04.1,2
ST_102,IT_162,2024.04.2,3
ST_102,IT_162,2024.04.3,1
ST_102,IT_162,2024.04.4,5
ST_102,IT_162,2024.04.5,5
ST_102,IT_163,2024.04.1,2
ST_102,IT_163,2024.04.2,3
ST_102,IT_163,2024.04.3,0
ST_102,IT_163,2024.04.4,3
ST_102,IT_163,2024.04.5,3
ST_102,IT_164,2024.04.1,4
ST_102,IT_164,2024.04.2,3
ST_102,IT_164,2024.04.3,5
ST_102,IT_164,2024.04.4,9
ST_102,IT_164,2024.04.5,7
ST_102,IT_165,2024.04.1,86
ST_102,IT_165,2024.04.2,101
ST_102,IT_165,2024.04.3,80
ST_102,IT_165,2024.04.4,131
ST_102,IT_165,2024.04.5,113
ST_102,IT_167,2024.04.1,5
ST_102,IT_167,2024.04.2,5
ST_102,IT_167,2024.04.3,1
ST_102,IT_167,2024.04.4,3
ST_102,IT_167,2024.04.5,4
ST_102,IT_168,2024.04.1,1
ST_102,IT_168,2024.04.2,4
ST_102,IT_168,2024.04.3,3
ST_102,IT_168,2024.04.4,2
ST_102,IT_168,2024.04.5,1
ST_102,IT_169,2024.04.1,2
ST_102,IT_169,2024.04.2,1
ST_102,IT_169,2024.04.3,1
ST_102,IT_169,2024.04.4,2
ST_102,IT_169,2024.04.5,0
ST_102,IT_170,2024.04.1,1
ST_102,IT_170,2024.04.2,2
ST_102,IT_170,2024.04.3,1
ST_102,IT_170,2024.04.4,3
ST_102,IT_170,2024.04.5,0
ST_102,IT_171,2024.04.1,0
ST_102,IT_171,2024.04.2,4
ST_102,IT_171,2024.04.3,0
ST_102,IT_171,2024.04.4,1
ST_102,IT_171,2024.04.5,1
ST_102,IT_101,2024.05.1,0
ST_102,IT_101,2024.05.2,0
ST_102,IT_101,2024.05.3,0
ST_102,IT_101,2024.05.4,0
ST_102,IT_101,2024.05.5,0
ST_102,IT_102,2024.05.1,0
ST_102,IT_102,2024.05.2,1000
ST_102,IT_102,2024.05.3,0
ST_102,IT_102,2024.05.4,0
ST_102,IT_102,2024.05.5,0
ST_102,IT_103,2024.05.1,1000
ST_102,IT_103,2024.05.2,2000
ST_102,IT_103,2024.05.3,0
ST_102,IT_103,2024.05.4,0
ST_102,IT_103,2024.05.5,0
ST_102,IT_104,2024.05.1,0
ST_102,IT_104,2024.05.2,0
ST_102,IT_104,2024.05.3,0
ST_102,IT_104,2024.05.4,0
ST_102,IT_104,2024.05.5,0
ST_102,IT_105,2024.05.1,0
ST_102,IT_105,2024.05.2,4000
ST_102,IT_105,2024.05.3,5000
ST_102,IT_105,2024.05.4,2000
ST_102,IT_105,2024.05.5,0
ST_102,IT_106,2024.05.1,2000
ST_102,IT_106,2024.05.2,1000
ST_102,IT_106,2024.05.3,0
ST_102,IT_106,2024.05.4,2000
ST_102,IT_106,2024.05.5,0
ST_102,IT_107,2024.05.1,2000
ST_102,IT_107,2024.05.2,2000
ST_102,IT_107,2024.05.3,6000
ST_102,IT_107,2024.05.4,4000
ST_102,IT_107,2024.05.5,0
ST_102,IT_108,2024.05.1,2000
ST_102,IT_108,2024.05.2,2000
ST_102,IT_108,2024.05.3,0
ST_102,IT_108,2024.05.4,1000
ST_102,IT_108,2024.05.5,0
ST_102,IT_109,2024.05.1,0
ST_102,IT_109,2024.05.2,0
ST_102,IT_109,2024.05.3,0
ST_102,IT_109,2024.05.4,0
ST_102,IT_109,2024.05.5,0
ST_102,IT_110,2024.05.1,0
ST_102,IT_110,2024.05.2,0
ST_102,IT_110,2024.05.3,0
ST_102,IT_110,2024.05.4,0
ST_102,IT_110,2024.05.5,0
ST_102,IT_111,2024.05.1,4000
ST_102,IT_111,2024.05.2,6000
ST_102,IT_111,2024.05.3,2000
ST_102,IT_111,2024.05.4,4000
ST_102,IT_111,2024.05.5,0
ST_102,IT_112,2024.05.1,1500
ST_102,IT_112,2024.05.2,1000
ST_102,IT_112,2024.05.3,1500
ST_102,IT_112,2024.05.4,2000
ST_102,IT_112,2024.05.5,0
ST_102,IT_113,2024.05.1,200
ST_102,IT_113,2024.05.2,1200
ST_102,IT_113,2024.05.3,400
ST_102,IT_113,2024.05.4,200
ST_102,IT_113,2024.05.5,0
ST_102,IT_114,2024.05.1,1500
ST_102,IT_114,2024.05.2,1500
ST_102,IT_114,2024.05.3,2500
ST_102,IT_114,2024.05.4,1000
ST_102,IT_114,2024.05.5,0
ST_102,IT_115,2024.05.1,0
ST_102,IT_115,2024.05.2,0
ST_102,IT_115,2024.05.3,250
ST_102,IT_115,2024.05.4,0
ST_102,IT_115,2024.05.5,0
ST_102,IT_116,2024.05.1,0
ST_102,IT_116,2024.05.2,0
ST_102,IT_116,2024.05.3,200
ST_102,IT_116,2024.05.4,0
ST_102,IT_116,2024.05.5,0
ST_102,IT_117,2024.05.1,800
ST_102,IT_117,2024.05.2,200
ST_102,IT_117,2024.05.3,0
ST_102,IT_117,2024.05.4,200
ST_102,IT_117,2024.05.5,0
ST_102,IT_118,2024.05.1,400
ST_102,IT_118,2024.05.2,0
ST_102,IT_118,2024.05.3,400
ST_102,IT_118,2024.05.4,200
ST_102,IT_118,2024.05.5,0
ST_102,IT_119,2024.05.1,0
ST_102,IT_119,2024.05.2,0
ST_102,IT_119,2024.05.3,0
ST_102,IT_119,2024.05.4,0
ST_102,IT_119,2024.05.5,0
ST_102,IT_120,2024.05.1,1
ST_102,IT_120,2024.05.2,1
ST_102,IT_120,2024.05.3,1
ST_102,IT_120,2024.05.4,0
ST_102,IT_120,2024.05.5,0
ST_102,IT_121,2024.05.1,0
ST_102,IT_121,2024.05.2,0
ST_102,IT_121,2024.05.3,0
ST_102,IT_121,2024.05.4,0
ST_102,IT_121,2024.05.5,0
ST_102,IT_122,2024.05.1,0
ST_102,IT_122,2024.05.2,0
ST_102,IT_122,2024.05.3,0
ST_102,IT_122,2024.05.4,0
ST_102,IT_122,2024.05.5,0
ST_102,IT_123,2024.05.1,0
ST_102,IT_123,2024.05.2,200
ST_102,IT_123,2024.05.3,0
ST_102,IT_123,2024.05.4,0
ST_102,IT_123,2024.05.5,0
ST_102,IT_124,2024.05.1,12
ST_102,IT_124,2024.05.2,0
ST_102,IT_124,2024.05.3,0
ST_102,IT_124,2024.05.4,0
ST_102,IT_124,2024.05.5,0
ST_102,IT_125,2024.05.1,6
ST_102,IT_125,2024.05.2,0
ST_102,IT_125,2024.05.3,0
ST_102,IT_125,2024.05.4,16
ST_102,IT_125,2024.05.5,0
ST_102,IT_126,2024.05.1,6
ST_102,IT_126,2024.05.2,0
ST_102,IT_126,2024.05.3,0
ST_102,IT_126,2024.05.4,16
ST_102,IT_126,2024.05.5,0
ST_102,IT_127,2024.05.1,0
ST_102,IT_127,2024.05.2,0
ST_102,IT_127,2024.05.3,0
ST_102,IT_127,2024.05.4,0
ST_102,IT_127,2024.05.5,0
ST_102,IT_128,2024.05.1,6
ST_102,IT_128,2024.05.2,3
ST_102,IT_128,2024.05.3,3
ST_102,IT_128,2024.05.4,6
ST_102,IT_128,2024.05.5,0
ST_102,IT_129,2024.05.1,20
ST_102,IT_129,2024.05.2,40
ST_102,IT_129,2024.05.3,20
ST_102,IT_129,2024.05.4,60
ST_102,IT_129,2024.05.5,0
ST_102,IT_130,2024.05.1,41
ST_102,IT_130,2024.05.2,15
ST_102,IT_130,2024.05.3,0
ST_102,IT_130,2024.05.4,0
ST_102,IT_130,2024.05.5,0
ST_102,IT_131,2024.05.1,0
ST_102,IT_131,2024.05.2,45
ST_102,IT_131,2024.05.3,61
ST_102,IT_131,2024.05.4,46
ST_102,IT_131,2024.05.5,0
ST_102,IT_132,2024.05.1,22
ST_102,IT_132,2024.05.2,16
ST_102,IT_132,2024.05.3,22
ST_102,IT_132,2024.05.4,12
ST_102,IT_132,2024.05.5,0
ST_102,IT_133,2024.05.1,0
ST_102,IT_133,2024.05.2,0
ST_102,IT_133,2024.05.3,0
ST_102,IT_133,2024.05.4,0
ST_102,IT_133,2024.05.5,0
ST_102,IT_134,2024.05.1,1
ST_102,IT_134,2024.05.2,2
ST_102,IT_134,2024.05.3,1
ST_102,IT_134,2024.05.4,3
ST_102,IT_134,2024.05.5,0
ST_102,IT_135,2024.05.1,13
ST_102,IT_135,2024.05.2,10
ST_102,IT_135,2024.05.3,8
ST_102,IT_135,2024.05.4,10
ST_102,IT_135,2024.05.5,0
ST_102,IT_136,2024.05.1,0
ST_102,IT_136,2024.05.2,0
ST_102,IT_136,2024.05.3,0
ST_102,IT_136,2024.05.4,1
ST_102,IT_136,2024.05.5,0
ST_102,IT_137,2024.05.1,700
ST_102,IT_137,2024.05.2,100
ST_102,IT_137,2024.05.3,500
ST_102,IT_137,2024.05.4,400
ST_102,IT_137,2024.05.5,0
ST_102,IT_138,2024.05.1,0
ST_102,IT_138,2024.05.2,100
ST_102,IT_138,2024.05.3,0
ST_102,IT_138,2024.05.4,0
ST_102,IT_138,2024.05.5,0
ST_102,IT_139,2024.05.1,2
ST_102,IT_139,2024.05.2,2
ST_102,IT_139,2024.05.3,3
ST_102,IT_139,2024.05.4,0
ST_102,IT_139,2024.05.5,0
ST_102,IT_140,2024.05.1,2
ST_102,IT_140,2024.05.2,7
ST_102,IT_140,2024.05.3,6
ST_102,IT_140,2024.05.4,4
ST_102,IT_140,2024.05.5,0
ST_102,IT_141,2024.05.1,3
ST_102,IT_141,2024.05.2,3
ST_102,IT_141,2024.05.3,3
ST_102,IT_141,2024.05.4,3
ST_102,IT_141,2024.05.5,0
ST_102,IT_142,2024.05.1,13
ST_102,IT_142,2024.05.2,11
ST_102,IT_142,2024.05.3,7
ST_102,IT_142,2024.05.4,11
ST_102,IT_142,2024.05.5,0
ST_102,IT_143,2024.05.1,1
ST_102,IT_143,2024.05.2,1
ST_102,IT_143,2024.05.3,2
ST_102,IT_143,2024.05.4,1
ST_102,IT_143,2024.05.5,0
ST_102,IT_144,2024.05.1,4
ST_102,IT_144,2024.05.2,3
ST_102,IT_144,2024.05.3,2
ST_102,IT_144,2024.05.4,5
ST_102,IT_144,2024.05.5,0
ST_102,IT_145,2024.05.1,2
ST_102,IT_145,2024.05.2,2
ST_102,IT_145,2024.05.3,2
ST_102,IT_145,2024.05.4,2
ST_102,IT_145,2024.05.5,0
ST_102,IT_146,2024.05.1,2
ST_102,IT_146,2024.05.2,0
ST_102,IT_146,2024.05.3,0
ST_102,IT_146,2024.05.4,3
ST_102,IT_146,2024.05.5,0
ST_102,IT_147,2024.05.1,4
ST_102,IT_147,2024.05.2,4
ST_102,IT_147,2024.05.3,4
ST_102,IT_147,2024.05.4,5
ST_102,IT_147,2024.05.5,0
ST_102,IT_148,2024.05.1,2
ST_102,IT_148,2024.05.2,1
ST_102,IT_148,2024.05.3,4
ST_102,IT_148,2024.05.4,1
ST_102,IT_148,2024.05.5,0
ST_102,IT_152,2024.05.1,3
ST_102,IT_152,2024.05.2,1
ST_102,IT_152,2024.05.3,1
ST_102,IT_152,2024.05.4,0
ST_102,IT_152,2024.05.5,0
ST_102,IT_153,2024.05.1,1
ST_102,IT_153,2024.05.2,0
ST_102,IT_153,2024.05.3,3
ST_102,IT_153,2024.05.4,0
ST_102,IT_153,2024.05.5,0
ST_102,IT_154,2024.05.1,8
ST_102,IT_154,2024.05.2,9
ST_102,IT_154,2024.05.3,9
ST_102,IT_154,2024.05.4,5
ST_102,IT_154,2024.05.5,0
ST_102,IT_155,2024.05.1,6
ST_102,IT_155,2024.05.2,3
ST_102,IT_155,2024.05.3,5
ST_102,IT_155,2024.05.4,6
ST_102,IT_155,2024.05.5,0
ST_102,IT_156,2024.05.1,4
ST_102,IT_156,2024.05.2,5
ST_102,IT_156,2024.05.3,5
ST_102,IT_156,2024.05.4,4
ST_102,IT_156,2024.05.5,0
ST_102,IT_157,2024.05.1,9
ST_102,IT_157,2024.05.2,10
ST_102,IT_157,2024.05.3,4
ST_102,IT_157,2024.05.4,6
ST_102,IT_157,2024.05.5,0
ST_102,IT_158,2024.05.1,7
ST_102,IT_158,2024.05.2,9
ST_102,IT_158,2024.05.3,5
ST_102,IT_158,2024.05.4,9
ST_102,IT_158,2024.05.5,0
ST_102,IT_159,2024.05.1,3
ST_102,IT_159,2024.05.2,4
ST_102,IT_159,2024.05.3,2
ST_102,IT_159,2024.05.4,3
ST_102,IT_159,2024.05.5,0
ST_102,IT_160,2024.05.1,0
ST_102,IT_160,2024.05.2,4
ST_102,IT_160,2024.05.3,1
ST_102,IT_160,2024.05.4,1
ST_102,IT_160,2024.05.5,0
ST_102,IT_162,2024.05.1,3
ST_102,IT_162,2024.05.2,1
ST_102,IT_162,2024.05.3,2
ST_102,IT_162,2024.05.4,1
ST_102,IT_162,2024.05.5,0
ST_102,IT_163,2024.05.1,3
ST_102,IT_163,2024.05.2,0
ST_102,IT_163,2024.05.3,1
ST_102,IT_163,2024.05.4,0
ST_102,IT_163,2024.05.5,0
ST_102,IT_164,2024.05.1,5
ST_102,IT_164,2024.05.2,5
ST_102,IT_164,2024.05.3,1
ST_102,IT_164,2024.05.4,1
ST_102,IT_164,2024.05.5,0
ST_102,IT_165,2024.05.1,85
ST_102,IT_165,2024.05.2,79
ST_102,IT_165,2024.05.3,55
ST_102,IT_165,2024.05.4,87
ST_102,IT_165,2024.05.5,10
ST_102,IT_167,2024.05.1,2
ST_102,IT_167,2024.05.2,3
ST_102,IT_167,2024.05.3,1
ST_102,IT_167,2024.05.4,2
ST_102,IT_167,2024.05.5,0
ST_102,IT_168,2024.05.1,1
ST_102,IT_168,2024.05.2,1
ST_102,IT_168,2024.05.3,1
ST_102,IT_168,2024.05.4,0
ST_102,IT_168,2024.05.5,0
ST_102,IT_169,2024.05.1,1
ST_102,IT_169,2024.05.2,0
ST_102,IT_169,2024.05.3,0
ST_102,IT_169,2024.05.4,1
ST_102,IT_169,2024.05.5,0
ST_102,IT_170,2024.05.1,2
ST_102,IT_170,2024.05.2,0
ST_102,IT_170,2024.05.3,0
ST_102,IT_170,2024.05.4,1
ST_102,IT_170,2024.05.5,0
ST_102,IT_171,2024.05.1,1
ST_102,IT_171,2024.05.2,1
ST_102,IT_171,2024.05.3,0
ST_102,IT_171,2024.05.4,1
ST_102,IT_171,2024.05.5,0
ST_102,IT_101,2024.06.1,0
ST_102,IT_101,2024.06.2,0
ST_102,IT_101,2024.06.3,0
ST_102,IT_101,2024.06.4,0
ST_102,IT_101,2024.06.5,0
ST_102,IT_102,2024.06.1,0
ST_102,IT_102,2024.06.2,0
ST_102,IT_102,2024.06.3,0
ST_102,IT_102,2024.06.4,0
ST_102,IT_102,2024.06.5,0
ST_102,IT_103,2024.06.1,0
ST_102,IT_103,2024.06.2,0
ST_102,IT_103,2024.06.3,0
ST_102,IT_103,2024.06.4,0
ST_102,IT_103,2024.06.5,0
ST_102,IT_104,2024.06.1,0
ST_102,IT_104,2024.06.2,0
ST_102,IT_104,2024.06.3,0
ST_102,IT_104,2024.06.4,0
ST_102,IT_104,2024.06.5,0
ST_102,IT_105,2024.06.1,4000
ST_102,IT_105,2024.06.2,5000
ST_102,IT_105,2024.06.3,5000
ST_102,IT_105,2024.06.4,2000
ST_102,IT_105,2024.06.5,0
ST_102,IT_106,2024.06.1,0
ST_102,IT_106,2024.06.2,0
ST_102,IT_106,2024.06.3,0
ST_102,IT_106,2024.06.4,0
ST_102,IT_106,2024.06.5,0
ST_102,IT_107,2024.06.1,2000
ST_102,IT_107,2024.06.2,5000
ST_102,IT_107,2024.06.3,4000
ST_102,IT_107,2024.06.4,4000
ST_102,IT_107,2024.06.5,0
ST_102,IT_108,2024.06.1,0
ST_102,IT_108,2024.06.2,0
ST_102,IT_108,2024.06.3,1000
ST_102,IT_108,2024.06.4,0
ST_102,IT_108,2024.06.5,0
ST_102,IT_109,2024.06.1,0
ST_102,IT_109,2024.06.2,0
ST_102,IT_109,2024.06.3,0
ST_102,IT_109,2024.06.4,0
ST_102,IT_109,2024.06.5,0
ST_102,IT_110,2024.06.1,0
ST_102,IT_110,2024.06.2,0
ST_102,IT_110,2024.06.3,0
ST_102,IT_110,2024.06.4,0
ST_102,IT_110,2024.06.5,0
ST_102,IT_111,2024.06.1,6000
ST_102,IT_111,2024.06.2,5000
ST_102,IT_111,2024.06.3,6000
ST_102,IT_111,2024.06.4,2000
ST_102,IT_111,2024.06.5,0
ST_102,IT_112,2024.06.1,1000
ST_102,IT_112,2024.06.2,1500
ST_102,IT_112,2024.06.3,2500
ST_102,IT_112,2024.06.4,1000
ST_102,IT_112,2024.06.5,0
ST_102,IT_113,2024.06.1,0
ST_102,IT_113,2024.06.2,0
ST_102,IT_113,2024.06.3,200
ST_102,IT_113,2024.06.4,400
ST_102,IT_113,2024.06.5,0
ST_102,IT_114,2024.06.1,2000
ST_102,IT_114,2024.06.2,3000
ST_102,IT_114,2024.06.3,1500
ST_102,IT_114,2024.06.4,1500
ST_102,IT_114,2024.06.5,0
ST_102,IT_115,2024.06.1,0
ST_102,IT_115,2024.06.2,250
ST_102,IT_115,2024.06.3,0
ST_102,IT_115,2024.06.4,0
ST_102,IT_115,2024.06.5,0
ST_102,IT_116,2024.06.1,0
ST_102,IT_116,2024.06.2,0
ST_102,IT_116,2024.06.3,0
ST_102,IT_116,2024.06.4,0
ST_102,IT_116,2024.06.5,0
ST_102,IT_117,2024.06.1,0
ST_102,IT_117,2024.06.2,600
ST_102,IT_117,2024.06.3,0
ST_102,IT_117,2024.06.4,0
ST_102,IT_117,2024.06.5,0
ST_102,IT_118,2024.06.1,0
ST_102,IT_118,2024.06.2,0
ST_102,IT_118,2024.06.3,600
ST_102,IT_118,2024.06.4,400
ST_102,IT_118,2024.06.5,0
ST_102,IT_119,2024.06.1,8000
ST_102,IT_119,2024.06.2,8000
ST_102,IT_119,2024.06.3,0
ST_102,IT_119,2024.06.4,0
ST_102,IT_119,2024.06.5,0
ST_102,IT_120,2024.06.1,0
ST_102,IT_120,2024.06.2,0
ST_102,IT_120,2024.06.3,2
ST_102,IT_120,2024.06.4,0
ST_102,IT_120,2024.06.5,0
ST_102,IT_121,2024.06.1,0
ST_102,IT_121,2024.06.2,0
ST_102,IT_121,2024.06.3,0
ST_102,IT_121,2024.06.4,0
ST_102,IT_121,2024.06.5,0
ST_102,IT_122,2024.06.1,0
ST_102,IT_122,2024.06.2,0
ST_102,IT_122,2024.06.3,0
ST_102,IT_122,2024.06.4,0
ST_102,IT_122,2024.06.5,0
ST_102,IT_123,2024.06.1,200
ST_102,IT_123,2024.06.2,0
ST_102,IT_123,2024.06.3,0
ST_102,IT_123,2024.06.4,0
ST_102,IT_123,2024.06.5,0
ST_102,IT_124,2024.06.1,0
ST_102,IT_124,2024.06.2,12
ST_102,IT_124,2024.06.3,0
ST_102,IT_124,2024.06.4,6
ST_102,IT_124,2024.06.5,0
ST_102,IT_125,2024.06.1,0
ST_102,IT_125,2024.06.2,18
ST_102,IT_125,2024.06.3,4
ST_102,IT_125,2024.06.4,6
ST_102,IT_125,2024.06.5,0
ST_102,IT_126,2024.06.1,0
ST_102,IT_126,2024.06.2,0
ST_102,IT_126,2024.06.3,16
ST_102,IT_126,2024.06.4,12
ST_102,IT_126,2024.06.5,0
ST_102,IT_127,2024.06.1,0
ST_102,IT_127,2024.06.2,0
ST_102,IT_127,2024.06.3,0
ST_102,IT_127,2024.06.4,0
ST_102,IT_127,2024.06.5,0
ST_102,IT_128,2024.06.1,1
ST_102,IT_128,2024.06.2,5
ST_102,IT_128,2024.06.3,8
ST_102,IT_128,2024.06.4,3
ST_102,IT_128,2024.06.5,0
ST_102,IT_129,2024.06.1,0
ST_102,IT_129,2024.06.2,0
ST_102,IT_129,2024.06.3,20
ST_102,IT_129,2024.06.4,0
ST_102,IT_129,2024.06.5,0
ST_102,IT_130,2024.06.1,0
ST_102,IT_130,2024.06.2,0
ST_102,IT_130,2024.06.3,0
ST_102,IT_130,2024.06.4,0
ST_102,IT_130,2024.06.5,0
ST_102,IT_131,2024.06.1,34
ST_102,IT_131,2024.06.2,60
ST_102,IT_131,2024.06.3,53
ST_102,IT_131,2024.06.4,29
ST_102,IT_131,2024.06.5,0
ST_102,IT_132,2024.06.1,33
ST_102,IT_132,2024.06.2,37
ST_102,IT_132,2024.06.3,83
ST_102,IT_132,2024.06.4,32
ST_102,IT_132,2024.06.5,0
ST_102,IT_133,2024.06.1,0
ST_102,IT_133,2024.06.2,0
ST_102,IT_133,2024.06.3,0
ST_102,IT_133,2024.06.4,0
ST_102,IT_133,2024.06.5,0
ST_102,IT_134,2024.06.1,0
ST_102,IT_134,2024.06.2,0
ST_102,IT_134,2024.06.3,0
ST_102,IT_134,2024.06.4,0
ST_102,IT_134,2024.06.5,0
ST_102,IT_135,2024.06.1,7
ST_102,IT_135,2024.06.2,13
ST_102,IT_135,2024.06.3,11
ST_102,IT_135,2024.06.4,3
ST_102,IT_135,2024.06.5,0
ST_102,IT_136,2024.06.1,0
ST_102,IT_136,2024.06.2,2
ST_102,IT_136,2024.06.3,2
ST_102,IT_136,2024.06.4,1
ST_102,IT_136,2024.06.5,0
ST_102,IT_137,2024.06.1,300
ST_102,IT_137,2024.06.2,300
ST_102,IT_137,2024.06.3,700
ST_102,IT_137,2024.06.4,300
ST_102,IT_137,2024.06.5,0
ST_102,IT_138,2024.06.1,0
ST_102,IT_138,2024.06.2,100
ST_102,IT_138,2024.06.3,100
ST_102,IT_138,2024.06.4,100
ST_102,IT_138,2024.06.5,0
ST_102,IT_139,2024.06.1,2
ST_102,IT_139,2024.06.2,1
ST_102,IT_139,2024.06.3,1
ST_102,IT_139,2024.06.4,1
ST_102,IT_139,2024.06.5,0
ST_102,IT_140,2024.06.1,1
ST_102,IT_140,2024.06.2,8
ST_102,IT_140,2024.06.3,7
ST_102,IT_140,2024.06.4,3
ST_102,IT_140,2024.06.5,0
ST_102,IT_141,2024.06.1,3
ST_102,IT_141,2024.06.2,2
ST_102,IT_141,2024.06.3,3
ST_102,IT_141,2024.06.4,5
ST_102,IT_141,2024.06.5,0
ST_102,IT_142,2024.06.1,10
ST_102,IT_142,2024.06.2,7
ST_102,IT_142,2024.06.3,13
ST_102,IT_142,2024.06.4,6
ST_102,IT_142,2024.06.5,0
ST_102,IT_143,2024.06.1,1
ST_102,IT_143,2024.06.2,2
ST_102,IT_143,2024.06.3,0
ST_102,IT_143,2024.06.4,0
ST_102,IT_143,2024.06.5,0
ST_102,IT_144,2024.06.1,6
ST_102,IT_144,2024.06.2,5
ST_102,IT_144,2024.06.3,5
ST_102,IT_144,2024.06.4,1
ST_102,IT_144,2024.06.5,0
ST_102,IT_145,2024.06.1,2
ST_102,IT_145,2024.06.2,5
ST_102,IT_145,2024.06.3,5
ST_102,IT_145,2024.06.4,2
ST_102,IT_145,2024.06.5,0
ST_102,IT_146,2024.06.1,8
ST_102,IT_146,2024.06.2,3
ST_102,IT_146,2024.06.3,12
ST_102,IT_146,2024.06.4,4
ST_102,IT_146,2024.06.5,0
ST_102,IT_147,2024.06.1,11
ST_102,IT_147,2024.06.2,8
ST_102,IT_147,2024.06.3,18
ST_102,IT_147,2024.06.4,6
ST_102,IT_147,2024.06.5,0
ST_102,IT_148,2024.06.1,1
ST_102,IT_148,2024.06.2,0
ST_102,IT_148,2024.06.3,4
ST_102,IT_148,2024.06.4,3
ST_102,IT_148,2024.06.5,0
ST_102,IT_152,2024.06.1,2
ST_102,IT_152,2024.06.2,2
ST_102,IT_152,2024.06.3,2
ST_102,IT_152,2024.06.4,1
ST_102,IT_152,2024.06.5,0
ST_102,IT_153,2024.06.1,3
ST_102,IT_153,2024.06.2,3
ST_102,IT_153,2024.06.3,4
ST_102,IT_153,2024.06.4,2
ST_102,IT_153,2024.06.5,0
ST_102,IT_154,2024.06.1,9
ST_102,IT_154,2024.06.2,9
ST_102,IT_154,2024.06.3,7
ST_102,IT_154,2024.06.4,4
ST_102,IT_154,2024.06.5,0
ST_102,IT_155,2024.06.1,4
ST_102,IT_155,2024.06.2,4
ST_102,IT_155,2024.06.3,5
ST_102,IT_155,2024.06.4,4
ST_102,IT_155,2024.06.5,0
ST_102,IT_156,2024.06.1,3
ST_102,IT_156,2024.06.2,4
ST_102,IT_156,2024.06.3,6
ST_102,IT_156,2024.06.4,4
ST_102,IT_156,2024.06.5,0
ST_102,IT_157,2024.06.1,6
ST_102,IT_157,2024.06.2,7
ST_102,IT_157,2024.06.3,11
ST_102,IT_157,2024.06.4,7
ST_102,IT_157,2024.06.5,0
ST_102,IT_158,2024.06.1,9
ST_102,IT_158,2024.06.2,4
ST_102,IT_158,2024.06.3,9
ST_102,IT_158,2024.06.4,5
ST_102,IT_158,2024.06.5,0
ST_102,IT_159,2024.06.1,3
ST_102,IT_159,2024.06.2,2
ST_102,IT_159,2024.06.3,6
ST_102,IT_159,2024.06.4,2
ST_102,IT_159,2024.06.5,0
ST_102,IT_160,2024.06.1,1
ST_102,IT_160,2024.06.2,0
ST_102,IT_160,2024.06.3,3
ST_102,IT_160,2024.06.4,0
ST_102,IT_160,2024.06.5,0
ST_102,IT_162,2024.06.1,0
ST_102,IT_162,2024.06.2,1
ST_102,IT_162,2024.06.3,1
ST_102,IT_162,2024.06.4,1
ST_102,IT_162,2024.06.5,0
ST_102,IT_163,2024.06.1,1
ST_102,IT_163,2024.06.2,1
ST_102,IT_163,2024.06.3,1
ST_102,IT_163,2024.06.4,1
ST_102,IT_163,2024.06.5,0
ST_102,IT_164,2024.06.1,0
ST_102,IT_164,2024.06.2,1
ST_102,IT_164,2024.06.3,8
ST_102,IT_164,2024.06.4,9
ST_102,IT_164,2024.06.5,0
ST_102,IT_165,2024.06.1,65
ST_102,IT_165,2024.06.2,76
ST_102,IT_165,2024.06.3,70
ST_102,IT_165,2024.06.4,80
ST_102,IT_165,2024.06.5,0
ST_102,IT_167,2024.06.1,0
ST_102,IT_167,2024.06.2,3
ST_102,IT_167,2024.06.3,3
ST_102,IT_167,2024.06.4,3
ST_102,IT_167,2024.06.5,0
ST_102,IT_168,2024.06.1,1
ST_102,IT_168,2024.06.2,5
ST_102,IT_168,2024.06.3,0
ST_102,IT_168,2024.06.4,2
ST_102,IT_168,2024.06.5,0
ST_102,IT_169,2024.06.1,1
ST_102,IT_169,2024.06.2,2
ST_102,IT_169,2024.06.3,1
ST_102,IT_169,2024.06.4,3
ST_102,IT_169,2024.06.5,0
ST_102,IT_170,2024.06.1,0
ST_102,IT_170,2024.06.2,0
ST_102,IT_170,2024.06.3,0
ST_102,IT_170,2024.06.4,2
ST_102,IT_170,2024.06.5,0
ST_102,IT_171,2024.06.1,0
ST_102,IT_171,2024.06.2,0
ST_102,IT_171,2024.06.3,1
ST_102,IT_171,2024.06.4,1
ST_102,IT_171,2024.06.5,0
ST_102,IT_101,2024.07.1,0
ST_102,IT_101,2024.07.2,0
ST_102,IT_101,2024.07.3,0
ST_102,IT_101,2024.07.4,0
ST_102,IT_101,2024.07.5,0
ST_102,IT_102,2024.07.1,0
ST_102,IT_102,2024.07.2,0
ST_102,IT_102,2024.07.3,0
ST_102,IT_102,2024.07.4,1000
ST_102,IT_102,2024.07.5,0
ST_102,IT_103,2024.07.1,0
ST_102,IT_103,2024.07.2,0
ST_102,IT_103,2024.07.3,0
ST_102,IT_103,2024.07.4,0
ST_102,IT_103,2024.07.5,0
ST_102,IT_104,2024.07.1,0
ST_102,IT_104,2024.07.2,0
ST_102,IT_104,2024.07.3,0
ST_102,IT_104,2024.07.4,0
ST_102,IT_104,2024.07.5,0
ST_102,IT_105,2024.07.1,2000
ST_102,IT_105,2024.07.2,3000
ST_102,IT_105,2024.07.3,0
ST_102,IT_105,2024.07.4,4000
ST_102,IT_105,2024.07.5,0
ST_102,IT_106,2024.07.1,0
ST_102,IT_106,2024.07.2,0
ST_102,IT_106,2024.07.3,0
ST_102,IT_106,2024.07.4,0
ST_102,IT_106,2024.07.5,0
ST_102,IT_107,2024.07.1,1000
ST_102,IT_107,2024.07.2,2000
ST_102,IT_107,2024.07.3,0
ST_102,IT_107,2024.07.4,5000
ST_102,IT_107,2024.07.5,0
ST_102,IT_108,2024.07.1,0
ST_102,IT_108,2024.07.2,1000
ST_102,IT_108,2024.07.3,0
ST_102,IT_108,2024.07.4,0
ST_102,IT_108,2024.07.5,0
ST_102,IT_109,2024.07.1,0
ST_102,IT_109,2024.07.2,0
ST_102,IT_109,2024.07.3,0
ST_102,IT_109,2024.07.4,0
ST_102,IT_109,2024.07.5,0
ST_102,IT_110,2024.07.1,0
ST_102,IT_110,2024.07.2,0
ST_102,IT_110,2024.07.3,0
ST_102,IT_110,2024.07.4,0
ST_102,IT_110,2024.07.5,0
ST_102,IT_111,2024.07.1,3000
ST_102,IT_111,2024.07.2,2000
ST_102,IT_111,2024.07.3,0
ST_102,IT_111,2024.07.4,3000
ST_102,IT_111,2024.07.5,0
ST_102,IT_112,2024.07.1,2000
ST_102,IT_112,2024.07.2,1500
ST_102,IT_112,2024.07.3,0
ST_102,IT_112,2024.07.4,2000
ST_102,IT_112,2024.07.5,0
ST_102,IT_113,2024.07.1,200
ST_102,IT_113,2024.07.2,200
ST_102,IT_113,2024.07.3,0
ST_102,IT_113,2024.07.4,400
ST_102,IT_113,2024.07.5,0
ST_102,IT_114,2024.07.1,500
ST_102,IT_114,2024.07.2,2500
ST_102,IT_114,2024.07.3,0
ST_102,IT_114,2024.07.4,3000
ST_102,IT_114,2024.07.5,0
ST_102,IT_115,2024.07.1,0
ST_102,IT_115,2024.07.2,250
ST_102,IT_115,2024.07.3,0
ST_102,IT_115,2024.07.4,250
ST_102,IT_115,2024.07.5,0
ST_102,IT_116,2024.07.1,0
ST_102,IT_116,2024.07.2,0
ST_102,IT_116,2024.07.3,0
ST_102,IT_116,2024.07.4,0
ST_102,IT_116,2024.07.5,0
ST_102,IT_117,2024.07.1,0
ST_102,IT_117,2024.07.2,400
ST_102,IT_117,2024.07.3,0
ST_102,IT_117,2024.07.4,0
ST_102,IT_117,2024.07.5,0
ST_102,IT_118,2024.07.1,600
ST_102,IT_118,2024.07.2,0
ST_102,IT_118,2024.07.3,0
ST_102,IT_118,2024.07.4,200
ST_102,IT_118,2024.07.5,0
ST_102,IT_119,2024.07.1,16000
ST_102,IT_119,2024.07.2,0
ST_102,IT_119,2024.07.3,0
ST_102,IT_119,2024.07.4,0
ST_102,IT_119,2024.07.5,0
ST_102,IT_120,2024.07.1,0
ST_102,IT_120,2024.07.2,0
ST_102,IT_120,2024.07.3,0
ST_102,IT_120,2024.07.4,0
ST_102,IT_120,2024.07.5,0
ST_102,IT_121,2024.07.1,0
ST_102,IT_121,2024.07.2,0
ST_102,IT_121,2024.07.3,0
ST_102,IT_121,2024.07.4,0
ST_102,IT_121,2024.07.5,0
ST_102,IT_122,2024.07.1,0
ST_102,IT_122,2024.07.2,0
ST_102,IT_122,2024.07.3,0
ST_102,IT_122,2024.07.4,0
ST_102,IT_122,2024.07.5,0
ST_102,IT_123,2024.07.1,0
ST_102,IT_123,2024.07.2,0
ST_102,IT_123,2024.07.3,0
ST_102,IT_123,2024.07.4,0
ST_102,IT_123,2024.07.5,0
ST_102,IT_124,2024.07.1,18
ST_102,IT_124,2024.07.2,0
ST_102,IT_124,2024.07.3,0
ST_102,IT_124,2024.07.4,0
ST_102,IT_124,2024.07.5,0
ST_102,IT_125,2024.07.1,16
ST_102,IT_125,2024.07.2,0
ST_102,IT_125,2024.07.3,0
ST_102,IT_125,2024.07.4,0
ST_102,IT_125,2024.07.5,0
ST_102,IT_126,2024.07.1,8
ST_102,IT_126,2024.07.2,6
ST_102,IT_126,2024.07.3,0
ST_102,IT_126,2024.07.4,6
ST_102,IT_126,2024.07.5,0
ST_102,IT_127,2024.07.1,0
ST_102,IT_127,2024.07.2,0
ST_102,IT_127,2024.07.3,0
ST_102,IT_127,2024.07.4,0
ST_102,IT_127,2024.07.5,0
ST_102,IT_128,2024.07.1,2
ST_102,IT_128,2024.07.2,2
ST_102,IT_128,2024.07.3,0
ST_102,IT_128,2024.07.4,5
ST_102,IT_128,2024.07.5,0
ST_102,IT_129,2024.07.1,20
ST_102,IT_129,2024.07.2,0
ST_102,IT_129,2024.07.3,0
ST_102,IT_129,2024.07.4,20
ST_102,IT_129,2024.07.5,0
ST_102,IT_130,2024.07.1,0
ST_102,IT_130,2024.07.2,0
ST_102,IT_130,2024.07.3,0
ST_102,IT_130,2024.07.4,0
ST_102,IT_130,2024.07.5,0
ST_102,IT_131,2024.07.1,12
ST_102,IT_131,2024.07.2,39
ST_102,IT_131,2024.07.3,0
ST_102,IT_131,2024.07.4,16
ST_102,IT_131,2024.07.5,0
ST_102,IT_132,2024.07.1,12
ST_102,IT_132,2024.07.2,17
ST_102,IT_132,2024.07.3,0
ST_102,IT_132,2024.07.4,28
ST_102,IT_132,2024.07.5,0
ST_102,IT_133,2024.07.1,0
ST_102,IT_133,2024.07.2,0
ST_102,IT_133,2024.07.3,0
ST_102,IT_133,2024.07.4,0
ST_102,IT_133,2024.07.5,0
ST_102,IT_134,2024.07.1,0
ST_102,IT_134,2024.07.2,0
ST_102,IT_134,2024.07.3,0
ST_102,IT_134,2024.07.4,0
ST_102,IT_134,2024.07.5,0
ST_102,IT_135,2024.07.1,8
ST_102,IT_135,2024.07.2,12
ST_102,IT_135,2024.07.3,0
ST_102,IT_135,2024.07.4,6
ST_102,IT_135,2024.07.5,0
ST_102,IT_136,2024.07.1,1
ST_102,IT_136,2024.07.2,5
ST_102,IT_136,2024.07.3,0
ST_102,IT_136,2024.07.4,1
ST_102,IT_136,2024.07.5,0
ST_102,IT_137,2024.07.1,400
ST_102,IT_137,2024.07.2,200
ST_102,IT_137,2024.07.3,0
ST_102,IT_137,2024.07.4,300
ST_102,IT_137,2024.07.5,0
ST_102,IT_138,2024.07.1,0
ST_102,IT_138,2024.07.2,100
ST_102,IT_138,2024.07.3,0
ST_102,IT_138,2024.07.4,0
ST_102,IT_138,2024.07.5,0
ST_102,IT_139,2024.07.1,1
ST_102,IT_139,2024.07.2,3
ST_102,IT_139,2024.07.3,0
ST_102,IT_139,2024.07.4,2
ST_102,IT_139,2024.07.5,0
ST_102,IT_140,2024.07.1,2
ST_102,IT_140,2024.07.2,1
ST_102,IT_140,2024.07.3,0
ST_102,IT_140,2024.07.4,4
ST_102,IT_140,2024.07.5,0
ST_102,IT_141,2024.07.1,2
ST_102,IT_141,2024.07.2,2
ST_102,IT_141,2024.07.3,0
ST_102,IT_141,2024.07.4,4
ST_102,IT_141,2024.07.5,0
ST_102,IT_142,2024.07.1,6
ST_102,IT_142,2024.07.2,5
ST_102,IT_142,2024.07.3,0
ST_102,IT_142,2024.07.4,9
ST_102,IT_142,2024.07.5,0
ST_102,IT_143,2024.07.1,1
ST_102,IT_143,2024.07.2,0
ST_102,IT_143,2024.07.3,0
ST_102,IT_143,2024.07.4,1
ST_102,IT_143,2024.07.5,0
ST_102,IT_144,2024.07.1,1
ST_102,IT_144,2024.07.2,0
ST_102,IT_144,2024.07.3,0
ST_102,IT_144,2024.07.4,5
ST_102,IT_144,2024.07.5,0
ST_102,IT_145,2024.07.1,0
ST_102,IT_145,2024.07.2,5
ST_102,IT_145,2024.07.3,0
ST_102,IT_145,2024.07.4,0
ST_102,IT_145,2024.07.5,0
ST_102,IT_146,2024.07.1,0
ST_102,IT_146,2024.07.2,6
ST_102,IT_146,2024.07.3,0
ST_102,IT_146,2024.07.4,3
ST_102,IT_146,2024.07.5,0
ST_102,IT_147,2024.07.1,1
ST_102,IT_147,2024.07.2,3
ST_102,IT_147,2024.07.3,0
ST_102,IT_147,2024.07.4,6
ST_102,IT_147,2024.07.5,0
ST_102,IT_148,2024.07.1,1
ST_102,IT_148,2024.07.2,0
ST_102,IT_148,2024.07.3,0
ST_102,IT_148,2024.07.4,3
ST_102,IT_148,2024.07.5,0
ST_102,IT_152,2024.07.1,3
ST_102,IT_152,2024.07.2,0
ST_102,IT_152,2024.07.3,0
ST_102,IT_152,2024.07.4,4
ST_102,IT_152,2024.07.5,0
ST_102,IT_153,2024.07.1,2
ST_102,IT_153,2024.07.2,0
ST_102,IT_153,2024.07.3,0
ST_102,IT_153,2024.07.4,4
ST_102,IT_153,2024.07.5,0
ST_102,IT_154,2024.07.1,3
ST_102,IT_154,2024.07.2,3
ST_102,IT_154,2024.07.3,0
ST_102,IT_154,2024.07.4,5
ST_102,IT_154,2024.07.5,0
ST_102,IT_155,2024.07.1,1
ST_102,IT_155,2024.07.2,5
ST_102,IT_155,2024.07.3,0
ST_102,IT_155,2024.07.4,3
ST_102,IT_155,2024.07.5,0
ST_102,IT_156,2024.07.1,3
ST_102,IT_156,2024.07.2,2
ST_102,IT_156,2024.07.3,0
ST_102,IT_156,2024.07.4,2
ST_102,IT_156,2024.07.5,0
ST_102,IT_157,2024.07.1,3
ST_102,IT_157,2024.07.2,7
ST_102,IT_157,2024.07.3,0
ST_102,IT_157,2024.07.4,9
ST_102,IT_157,2024.07.5,0
ST_102,IT_158,2024.07.1,2
ST_102,IT_158,2024.07.2,4
ST_102,IT_158,2024.07.3,0
ST_102,IT_158,2024.07.4,1
ST_102,IT_158,2024.07.5,0
ST_102,IT_159,2024.07.1,0
ST_102,IT_159,2024.07.2,1
ST_102,IT_159,2024.07.3,0
ST_102,IT_159,2024.07.4,1
ST_102,IT_159,2024.07.5,0
ST_102,IT_160,2024.07.1,2
ST_102,IT_160,2024.07.2,1
ST_102,IT_160,2024.07.3,0
ST_102,IT_160,2024.07.4,1
ST_102,IT_160,2024.07.5,0
ST_102,IT_162,2024.07.1,2
ST_102,IT_162,2024.07.2,0
ST_102,IT_162,2024.07.3,0
ST_102,IT_162,2024.07.4,1
ST_102,IT_162,2024.07.5,0
ST_102,IT_163,2024.07.1,3
ST_102,IT_163,2024.07.2,1
ST_102,IT_163,2024.07.3,0
ST_102,IT_163,2024.07.4,2
ST_102,IT_163,2024.07.5,0
ST_102,IT_164,2024.07.1,1
ST_102,IT_164,2024.07.2,6
ST_102,IT_164,2024.07.3,0
ST_102,IT_164,2024.07.4,1
ST_102,IT_164,2024.07.5,0
ST_102,IT_165,2024.07.1,44
ST_102,IT_165,2024.07.2,80
ST_102,IT_165,2024.07.3,0
ST_102,IT_165,2024.07.4,70
ST_102,IT_165,2024.07.5,0
ST_102,IT_167,2024.07.1,2
ST_102,IT_167,2024.07.2,3
ST_102,IT_167,2024.07.3,0
ST_102,IT_167,2024.07.4,3
ST_102,IT_167,2024.07.5,0
ST_102,IT_168,2024.07.1,1
ST_102,IT_168,2024.07.2,1
ST_102,IT_168,2024.07.3,0
ST_102,IT_168,2024.07.4,1
ST_102,IT_168,2024.07.5,0
ST_102,IT_169,2024.07.1,0
ST_102,IT_169,2024.07.2,1
ST_102,IT_169,2024.07.3,0
ST_102,IT_169,2024.07.4,0
ST_102,IT_169,2024.07.5,0
ST_102,IT_170,2024.07.1,1
ST_102,IT_170,2024.07.2,2
ST_102,IT_170,2024.07.3,0
ST_102,IT_170,2024.07.4,1
ST_102,IT_170,2024.07.5,0
ST_102,IT_171,2024.07.1,1
ST_102,IT_171,2024.07.2,1
ST_102,IT_171,2024.07.3,0
ST_102,IT_171,2024.07.4,0
ST_102,IT_171,2024.07.5,0
ST_102,IT_101,2024.08.1,0
ST_102,IT_101,2024.08.2,0
ST_102,IT_101,2024.08.3,0
ST_102,IT_101,2024.08.4,0
ST_102,IT_101,2024.08.5,0
ST_102,IT_102,2024.08.1,0
ST_102,IT_102,2024.08.2,0
ST_102,IT_102,2024.08.3,0
ST_102,IT_102,2024.08.4,2000
ST_102,IT_102,2024.08.5,0
ST_102,IT_103,2024.08.1,0
ST_102,IT_103,2024.08.2,0
ST_102,IT_103,2024.08.3,0
ST_102,IT_103,2024.08.4,3000
ST_102,IT_103,2024.08.5,0
ST_102,IT_104,2024.08.1,0
ST_102,IT_104,2024.08.2,0
ST_102,IT_104,2024.08.3,0
ST_102,IT_104,2024.08.4,0
ST_102,IT_104,2024.08.5,0
ST_102,IT_105,2024.08.1,3000
ST_102,IT_105,2024.08.2,0
ST_102,IT_105,2024.08.3,2000
ST_102,IT_105,2024.08.4,4000
ST_102,IT_105,2024.08.5,0
ST_102,IT_106,2024.08.1,1000
ST_102,IT_106,2024.08.2,0
ST_102,IT_106,2024.08.3,2000
ST_102,IT_106,2024.08.4,1000
ST_102,IT_106,2024.08.5,0
ST_102,IT_107,2024.08.1,3000
ST_102,IT_107,2024.08.2,0
ST_102,IT_107,2024.08.3,2000
ST_102,IT_107,2024.08.4,4000
ST_102,IT_107,2024.08.5,0
ST_102,IT_108,2024.08.1,1000
ST_102,IT_108,2024.08.2,0
ST_102,IT_108,2024.08.3,1000
ST_102,IT_108,2024.08.4,0
ST_102,IT_108,2024.08.5,0
ST_102,IT_109,2024.08.1,0
ST_102,IT_109,2024.08.2,0
ST_102,IT_109,2024.08.3,0
ST_102,IT_109,2024.08.4,0
ST_102,IT_109,2024.08.5,0
ST_102,IT_110,2024.08.1,0
ST_102,IT_110,2024.08.2,0
ST_102,IT_110,2024.08.3,0
ST_102,IT_110,2024.08.4,0
ST_102,IT_110,2024.08.5,0
ST_102,IT_111,2024.08.1,5000
ST_102,IT_111,2024.08.2,0
ST_102,IT_111,2024.08.3,4000
ST_102,IT_111,2024.08.4,3000
ST_102,IT_111,2024.08.5,0
ST_102,IT_112,2024.08.1,1000
ST_102,IT_112,2024.08.2,0
ST_102,IT_112,2024.08.3,1500
ST_102,IT_112,2024.08.4,2000
ST_102,IT_112,2024.08.5,0
ST_102,IT_113,2024.08.1,0
ST_102,IT_113,2024.08.2,0
ST_102,IT_113,2024.08.3,0
ST_102,IT_113,2024.08.4,0
ST_102,IT_113,2024.08.5,0
ST_102,IT_114,2024.08.1,1000
ST_102,IT_114,2024.08.2,0
ST_102,IT_114,2024.08.3,2000
ST_102,IT_114,2024.08.4,2500
ST_102,IT_114,2024.08.5,0
ST_102,IT_115,2024.08.1,0
ST_102,IT_115,2024.08.2,0
ST_102,IT_115,2024.08.3,0
ST_102,IT_115,2024.08.4,0
ST_102,IT_115,2024.08.5,0
ST_102,IT_116,2024.08.1,0
ST_102,IT_116,2024.08.2,0
ST_102,IT_116,2024.08.3,0
ST_102,IT_116,2024.08.4,0
ST_102,IT_116,2024.08.5,0
ST_102,IT_117,2024.08.1,0
ST_102,IT_117,2024.08.2,0
ST_102,IT_117,2024.08.3,200
ST_102,IT_117,2024.08.4,200
ST_102,IT_117,2024.08.5,0
ST_102,IT_118,2024.08.1,400
ST_102,IT_118,2024.08.2,0
ST_102,IT_118,2024.08.3,200
ST_102,IT_118,2024.08.4,0
ST_102,IT_118,2024.08.5,0
ST_102,IT_119,2024.08.1,0
ST_102,IT_119,2024.08.2,0
ST_102,IT_119,2024.08.3,8000
ST_102,IT_119,2024.08.4,0
ST_102,IT_119,2024.08.5,0
ST_102,IT_120,2024.08.1,0
ST_102,IT_120,2024.08.2,0
ST_102,IT_120,2024.08.3,0
ST_102,IT_120,2024.08.4,0
ST_102,IT_120,2024.08.5,0
ST_102,IT_121,2024.08.1,0
ST_102,IT_121,2024.08.2,0
ST_102,IT_121,2024.08.3,0
ST_102,IT_121,2024.08.4,0
ST_102,IT_121,2024.08.5,0
ST_102,IT_122,2024.08.1,0
ST_102,IT_122,2024.08.2,0
ST_102,IT_122,2024.08.3,0
ST_102,IT_122,2024.08.4,0
ST_102,IT_122,2024.08.5,0
ST_102,IT_123,2024.08.1,0
ST_102,IT_123,2024.08.2,0
ST_102,IT_123,2024.08.3,0
ST_102,IT_123,2024.08.4,0
ST_102,IT_123,2024.08.5,0
ST_102,IT_124,2024.08.1,0
ST_102,IT_124,2024.08.2,0
ST_102,IT_124,2024.08.3,0
ST_102,IT_124,2024.08.4,0
ST_102,IT_124,2024.08.5,0
ST_102,IT_125,2024.08.1,6
ST_102,IT_125,2024.08.2,0
ST_102,IT_125,2024.08.3,6
ST_102,IT_125,2024.08.4,0
ST_102,IT_125,2024.08.5,0
ST_102,IT_126,2024.08.1,8
ST_102,IT_126,2024.08.2,0
ST_102,IT_126,2024.08.3,6
ST_102,IT_126,2024.08.4,0
ST_102,IT_126,2024.08.5,0
ST_102,IT_127,2024.08.1,0
ST_102,IT_127,2024.08.2,0
ST_102,IT_127,2024.08.3,0
ST_102,IT_127,2024.08.4,0
ST_102,IT_127,2024.08.5,0
ST_102,IT_128,2024.08.1,6
ST_102,IT_128,2024.08.2,0
ST_102,IT_128,2024.08.3,4
ST_102,IT_128,2024.08.4,3
ST_102,IT_128,2024.08.5,0
ST_102,IT_129,2024.08.1,20
ST_102,IT_129,2024.08.2,0
ST_102,IT_129,2024.08.3,20
ST_102,IT_129,2024.08.4,20
ST_102,IT_129,2024.08.5,0
ST_102,IT_130,2024.08.1,0
ST_102,IT_130,2024.08.2,0
ST_102,IT_130,2024.08.3,0
ST_102,IT_130,2024.08.4,0
ST_102,IT_130,2024.08.5,0
ST_102,IT_131,2024.08.1,34
ST_102,IT_131,2024.08.2,0
ST_102,IT_131,2024.08.3,49
ST_102,IT_131,2024.08.4,27
ST_102,IT_131,2024.08.5,0
ST_102,IT_132,2024.08.1,52
ST_102,IT_132,2024.08.2,0
ST_102,IT_132,2024.08.3,30
ST_102,IT_132,2024.08.4,38
ST_102,IT_132,2024.08.5,0
ST_102,IT_133,2024.08.1,0
ST_102,IT_133,2024.08.2,0
ST_102,IT_133,2024.08.3,0
ST_102,IT_133,2024.08.4,0
ST_102,IT_133,2024.08.5,0
ST_102,IT_134,2024.08.1,0
ST_102,IT_134,2024.08.2,0
ST_102,IT_134,2024.08.3,0
ST_102,IT_134,2024.08.4,0
ST_102,IT_134,2024.08.5,0
ST_102,IT_135,2024.08.1,11
ST_102,IT_135,2024.08.2,0
ST_102,IT_135,2024.08.3,14
ST_102,IT_135,2024.08.4,6
ST_102,IT_135,2024.08.5,0
ST_102,IT_136,2024.08.1,6
ST_102,IT_136,2024.08.2,0
ST_102,IT_136,2024.08.3,4
ST_102,IT_136,2024.08.4,0
ST_102,IT_136,2024.08.5,0
ST_102,IT_137,2024.08.1,200
ST_102,IT_137,2024.08.2,0
ST_102,IT_137,2024.08.3,200
ST_102,IT_137,2024.08.4,400
ST_102,IT_137,2024.08.5,0
ST_102,IT_138,2024.08.1,100
ST_102,IT_138,2024.08.2,0
ST_102,IT_138,2024.08.3,100
ST_102,IT_138,2024.08.4,0
ST_102,IT_138,2024.08.5,0
ST_102,IT_139,2024.08.1,1
ST_102,IT_139,2024.08.2,0
ST_102,IT_139,2024.08.3,3
ST_102,IT_139,2024.08.4,2
ST_102,IT_139,2024.08.5,0
ST_102,IT_140,2024.08.1,4
ST_102,IT_140,2024.08.2,0
ST_102,IT_140,2024.08.3,6
ST_102,IT_140,2024.08.4,3
ST_102,IT_140,2024.08.5,0
ST_102,IT_141,2024.08.1,5
ST_102,IT_141,2024.08.2,0
ST_102,IT_141,2024.08.3,6
ST_102,IT_141,2024.08.4,6
ST_102,IT_141,2024.08.5,0
ST_102,IT_142,2024.08.1,0
ST_102,IT_142,2024.08.2,0
ST_102,IT_142,2024.08.3,3
ST_102,IT_142,2024.08.4,4
ST_102,IT_142,2024.08.5,0
ST_102,IT_143,2024.08.1,0
ST_102,IT_143,2024.08.2,0
ST_102,IT_143,2024.08.3,2
ST_102,IT_143,2024.08.4,0
ST_102,IT_143,2024.08.5,0
ST_102,IT_144,2024.08.1,2
ST_102,IT_144,2024.08.2,0
ST_102,IT_144,2024.08.3,2
ST_102,IT_144,2024.08.4,5
ST_102,IT_144,2024.08.5,0
ST_102,IT_145,2024.08.1,4
ST_102,IT_145,2024.08.2,0
ST_102,IT_145,2024.08.3,2
ST_102,IT_145,2024.08.4,4
ST_102,IT_145,2024.08.5,0
ST_102,IT_146,2024.08.1,2
ST_102,IT_146,2024.08.2,0
ST_102,IT_146,2024.08.3,1
ST_102,IT_146,2024.08.4,6
ST_102,IT_146,2024.08.5,0
ST_102,IT_147,2024.08.1,3
ST_102,IT_147,2024.08.2,0
ST_102,IT_147,2024.08.3,2
ST_102,IT_147,2024.08.4,5
ST_102,IT_147,2024.08.5,0
ST_102,IT_148,2024.08.1,2
ST_102,IT_148,2024.08.2,0
ST_102,IT_148,2024.08.3,0
ST_102,IT_148,2024.08.4,2
ST_102,IT_148,2024.08.5,0
ST_102,IT_149,2024.08.1,0
ST_102,IT_149,2024.08.2,0
ST_102,IT_149,2024.08.3,0
ST_102,IT_149,2024.08.4,10
ST_102,IT_149,2024.08.5,0
ST_102,IT_152,2024.08.1,5
ST_102,IT_152,2024.08.2,0
ST_102,IT_152,2024.08.3,1
ST_102,IT_152,2024.08.4,1
ST_102,IT_152,2024.08.5,0
ST_102,IT_153,2024.08.1,4
ST_102,IT_153,2024.08.2,0
ST_102,IT_153,2024.08.3,4
ST_102,IT_153,2024.08.4,2
ST_102,IT_153,2024.08.5,0
ST_102,IT_154,2024.08.1,0
ST_102,IT_154,2024.08.2,0
ST_102,IT_154,2024.08.3,4
ST_102,IT_154,2024.08.4,6
ST_102,IT_154,2024.08.5,0
ST_102,IT_155,2024.08.1,0
ST_102,IT_155,2024.08.2,0
ST_102,IT_155,2024.08.3,1
ST_102,IT_155,2024.08.4,7
ST_102,IT_155,2024.08.5,0
ST_102,IT_156,2024.08.1,0
ST_102,IT_156,2024.08.2,0
ST_102,IT_156,2024.08.3,2
ST_102,IT_156,2024.08.4,5
ST_102,IT_156,2024.08.5,0
ST_102,IT_157,2024.08.1,7
ST_102,IT_157,2024.08.2,0
ST_102,IT_157,2024.08.3,4
ST_102,IT_157,2024.08.4,13
ST_102,IT_157,2024.08.5,0
ST_102,IT_158,2024.08.1,4
ST_102,IT_158,2024.08.2,0
ST_102,IT_158,2024.08.3,0
ST_102,IT_158,2024.08.4,0
ST_102,IT_158,2024.08.5,0
ST_102,IT_159,2024.08.1,3
ST_102,IT_159,2024.08.2,0
ST_102,IT_159,2024.08.3,2
ST_102,IT_159,2024.08.4,2
ST_102,IT_159,2024.08.5,0
ST_102,IT_160,2024.08.1,0
ST_102,IT_160,2024.08.2,0
ST_102,IT_160,2024.08.3,0
ST_102,IT_160,2024.08.4,0
ST_102,IT_160,2024.08.5,0
ST_102,IT_161,2024.08.1,0
ST_102,IT_161,2024.08.2,0
ST_102,IT_161,2024.08.3,0
ST_102,IT_161,2024.08.4,6
ST_102,IT_161,2024.08.5,0
ST_102,IT_162,2024.08.1,2
ST_102,IT_162,2024.08.2,0
ST_102,IT_162,2024.08.3,0
ST_102,IT_162,2024.08.4,2
ST_102,IT_162,2024.08.5,0
ST_102,IT_163,2024.08.1,0
ST_102,IT_163,2024.08.2,0
ST_102,IT_163,2024.08.3,0
ST_102,IT_163,2024.08.4,1
ST_102,IT_163,2024.08.5,0
ST_102,IT_164,2024.08.1,5
ST_102,IT_164,2024.08.2,0
ST_102,IT_164,2024.08.3,5
ST_102,IT_164,2024.08.4,5
ST_102,IT_164,2024.08.5,0
ST_102,IT_165,2024.08.1,70
ST_102,IT_165,2024.08.2,25
ST_102,IT_165,2024.08.3,74
ST_102,IT_165,2024.08.4,68
ST_102,IT_165,2024.08.5,0
ST_102,IT_167,2024.08.1,5
ST_102,IT_167,2024.08.2,0
ST_102,IT_167,2024.08.3,2
ST_102,IT_167,2024.08.4,2
ST_102,IT_167,2024.08.5,0
ST_102,IT_168,2024.08.1,1
ST_102,IT_168,2024.08.2,0
ST_102,IT_168,2024.08.3,0
ST_102,IT_168,2024.08.4,4
ST_102,IT_168,2024.08.5,0
ST_102,IT_169,2024.08.1,3
ST_102,IT_169,2024.08.2,0
ST_102,IT_169,2024.08.3,1
ST_102,IT_169,2024.08.4,0
ST_102,IT_169,2024.08.5,0
ST_102,IT_170,2024.08.1,2
ST_102,IT_170,2024.08.2,0
ST_102,IT_170,2024.08.3,1
ST_102,IT_170,2024.08.4,1
ST_102,IT_170,2024.08.5,0
ST_102,IT_171,2024.08.1,1
ST_102,IT_171,2024.08.2,0
ST_102,IT_171,2024.08.3,0
ST_102,IT_171,2024.08.4,0
ST_102,IT_171,2024.08.5,0
ST_102,IT_101,2024.09.1,0
ST_102,IT_101,2024.09.2,0
ST_102,IT_101,2024.09.3,0
ST_102,IT_101,2024.09.4,0
ST_102,IT_101,2024.09.5,0
ST_102,IT_102,2024.09.1,0
ST_102,IT_102,2024.09.2,0
ST_102,IT_102,2024.09.3,0
ST_102,IT_102,2024.09.4,0
ST_102,IT_102,2024.09.5,0
ST_102,IT_103,2024.09.1,0
ST_102,IT_103,2024.09.2,1000
ST_102,IT_103,2024.09.3,0
ST_102,IT_103,2024.09.4,0
ST_102,IT_103,2024.09.5,0
ST_102,IT_104,2024.09.1,0
ST_102,IT_104,2024.09.2,0
ST_102,IT_104,2024.09.3,0
ST_102,IT_104,2024.09.4,0
ST_102,IT_104,2024.09.5,0
ST_102,IT_105,2024.09.1,3000
ST_102,IT_105,2024.09.2,1000
ST_102,IT_105,2024.09.3,0
ST_102,IT_105,2024.09.4,8000
ST_102,IT_105,2024.09.5,0
ST_102,IT_106,2024.09.1,1000
ST_102,IT_106,2024.09.2,1000
ST_102,IT_106,2024.09.3,0
ST_102,IT_106,2024.09.4,0
ST_102,IT_106,2024.09.5,0
ST_102,IT_107,2024.09.1,2000
ST_102,IT_107,2024.09.2,3000
ST_102,IT_107,2024.09.3,0
ST_102,IT_107,2024.09.4,7000
ST_102,IT_107,2024.09.5,0
ST_102,IT_108,2024.09.1,1000
ST_102,IT_108,2024.09.2,1000
ST_102,IT_108,2024.09.3,0
ST_102,IT_108,2024.09.4,0
ST_102,IT_108,2024.09.5,0
ST_102,IT_109,2024.09.1,0
ST_102,IT_109,2024.09.2,0
ST_102,IT_109,2024.09.3,0
ST_102,IT_109,2024.09.4,0
ST_102,IT_109,2024.09.5,0
ST_102,IT_110,2024.09.1,0
ST_102,IT_110,2024.09.2,0
ST_102,IT_110,2024.09.3,0
ST_102,IT_110,2024.09.4,0
ST_102,IT_110,2024.09.5,0
ST_102,IT_111,2024.09.1,3000
ST_102,IT_111,2024.09.2,6000
ST_102,IT_111,2024.09.3,0
ST_102,IT_111,2024.09.4,5000
ST_102,IT_111,2024.09.5,0
ST_102,IT_112,2024.09.1,1500
ST_102,IT_112,2024.09.2,3000
ST_102,IT_112,2024.09.3,0
ST_102,IT_112,2024.09.4,2000
ST_102,IT_112,2024.09.5,0
ST_102,IT_113,2024.09.1,400
ST_102,IT_113,2024.09.2,800
ST_102,IT_113,2024.09.3,0
ST_102,IT_113,2024.09.4,0
ST_102,IT_113,2024.09.5,0
ST_102,IT_114,2024.09.1,1000
ST_102,IT_114,2024.09.2,2000
ST_102,IT_114,2024.09.3,0
ST_102,IT_114,2024.09.4,3000
ST_102,IT_114,2024.09.5,0
ST_102,IT_115,2024.09.1,0
ST_102,IT_115,2024.09.2,0
ST_102,IT_115,2024.09.3,0
ST_102,IT_115,2024.09.4,0
ST_102,IT_115,2024.09.5,0
ST_102,IT_116,2024.09.1,0
ST_102,IT_116,2024.09.2,0
ST_102,IT_116,2024.09.3,0
ST_102,IT_116,2024.09.4,0
ST_102,IT_116,2024.09.5,0
ST_102,IT_117,2024.09.1,0
ST_102,IT_117,2024.09.2,800
ST_102,IT_117,2024.09.3,0
ST_102,IT_117,2024.09.4,0
ST_102,IT_117,2024.09.5,0
ST_102,IT_118,2024.09.1,600
ST_102,IT_118,2024.09.2,400
ST_102,IT_118,2024.09.3,0
ST_102,IT_118,2024.09.4,200
ST_102,IT_118,2024.09.5,0
ST_102,IT_119,2024.09.1,8000
ST_102,IT_119,2024.09.2,0
ST_102,IT_119,2024.09.3,0
ST_102,IT_119,2024.09.4,16000
ST_102,IT_119,2024.09.5,0
ST_102,IT_120,2024.09.1,0
ST_102,IT_120,2024.09.2,0
ST_102,IT_120,2024.09.3,0
ST_102,IT_120,2024.09.4,0
ST_102,IT_120,2024.09.5,0
ST_102,IT_121,2024.09.1,0
ST_102,IT_121,2024.09.2,0
ST_102,IT_121,2024.09.3,0
ST_102,IT_121,2024.09.4,0
ST_102,IT_121,2024.09.5,0
ST_102,IT_122,2024.09.1,0
ST_102,IT_122,2024.09.2,0
ST_102,IT_122,2024.09.3,0
ST_102,IT_122,2024.09.4,0
ST_102,IT_122,2024.09.5,0
ST_102,IT_123,2024.09.1,0
ST_102,IT_123,2024.09.2,200
ST_102,IT_123,2024.09.3,0
ST_102,IT_123,2024.09.4,0
ST_102,IT_123,2024.09.5,0
ST_102,IT_124,2024.09.1,12
ST_102,IT_124,2024.09.2,0
ST_102,IT_124,2024.09.3,0
ST_102,IT_124,2024.09.4,0
ST_102,IT_124,2024.09.5,0
ST_102,IT_125,2024.09.1,12
ST_102,IT_125,2024.09.2,0
ST_102,IT_125,2024.09.3,0
ST_102,IT_125,2024.09.4,0
ST_102,IT_125,2024.09.5,0
ST_102,IT_126,2024.09.1,12
ST_102,IT_126,2024.09.2,12
ST_102,IT_126,2024.09.3,0
ST_102,IT_126,2024.09.4,12
ST_102,IT_126,2024.09.5,0
ST_102,IT_127,2024.09.1,0
ST_102,IT_127,2024.09.2,0
ST_102,IT_127,2024.09.3,0
ST_102,IT_127,2024.09.4,0
ST_102,IT_127,2024.09.5,0
ST_102,IT_128,2024.09.1,5
ST_102,IT_128,2024.09.2,7
ST_102,IT_128,2024.09.3,0
ST_102,IT_128,2024.09.4,4
ST_102,IT_128,2024.09.5,0
ST_102,IT_129,2024.09.1,0
ST_102,IT_129,2024.09.2,20
ST_102,IT_129,2024.09.3,0
ST_102,IT_129,2024.09.4,20
ST_102,IT_129,2024.09.5,0
ST_102,IT_130,2024.09.1,0
ST_102,IT_130,2024.09.2,0
ST_102,IT_130,2024.09.3,0
ST_102,IT_130,2024.09.4,0
ST_102,IT_130,2024.09.5,0
ST_102,IT_131,2024.09.1,32
ST_102,IT_131,2024.09.2,78
ST_102,IT_131,2024.09.3,0
ST_102,IT_131,2024.09.4,78
ST_102,IT_131,2024.09.5,0
ST_102,IT_132,2024.09.1,28
ST_102,IT_132,2024.09.2,25
ST_102,IT_132,2024.09.3,0
ST_102,IT_132,2024.09.4,28
ST_102,IT_132,2024.09.5,0
ST_102,IT_133,2024.09.1,0
ST_102,IT_133,2024.09.2,0
ST_102,IT_133,2024.09.3,0
ST_102,IT_133,2024.09.4,0
ST_102,IT_133,2024.09.5,0
ST_102,IT_134,2024.09.1,0
ST_102,IT_134,2024.09.2,0
ST_102,IT_134,2024.09.3,0
ST_102,IT_134,2024.09.4,0
ST_102,IT_134,2024.09.5,0
ST_102,IT_135,2024.09.1,11
ST_102,IT_135,2024.09.2,19
ST_102,IT_135,2024.09.3,0
ST_102,IT_135,2024.09.4,7
ST_102,IT_135,2024.09.5,0
ST_102,IT_136,2024.09.1,4
ST_102,IT_136,2024.09.2,7
ST_102,IT_136,2024.09.3,0
ST_102,IT_136,2024.09.4,2
ST_102,IT_136,2024.09.5,0
ST_102,IT_137,2024.09.1,500
ST_102,IT_137,2024.09.2,700
ST_102,IT_137,2024.09.3,0
ST_102,IT_137,2024.09.4,900
ST_102,IT_137,2024.09.5,0
ST_102,IT_138,2024.09.1,100
ST_102,IT_138,2024.09.2,0
ST_102,IT_138,2024.09.3,0
ST_102,IT_138,2024.09.4,100
ST_102,IT_138,2024.09.5,0
ST_102,IT_139,2024.09.1,1
ST_102,IT_139,2024.09.2,4
ST_102,IT_139,2024.09.3,0
ST_102,IT_139,2024.09.4,1
ST_102,IT_139,2024.09.5,0
ST_102,IT_140,2024.09.1,1
ST_102,IT_140,2024.09.2,9
ST_102,IT_140,2024.09.3,0
ST_102,IT_140,2024.09.4,3
ST_102,IT_140,2024.09.5,0
ST_102,IT_141,2024.09.1,6
ST_102,IT_141,2024.09.2,4
ST_102,IT_141,2024.09.3,0
ST_102,IT_141,2024.09.4,7
ST_102,IT_141,2024.09.5,0
ST_102,IT_142,2024.09.1,9
ST_102,IT_142,2024.09.2,13
ST_102,IT_142,2024.09.3,0
ST_102,IT_142,2024.09.4,11
ST_102,IT_142,2024.09.5,0
ST_102,IT_143,2024.09.1,0
ST_102,IT_143,2024.09.2,1
ST_102,IT_143,2024.09.3,0
ST_102,IT_143,2024.09.4,0
ST_102,IT_143,2024.09.5,0
ST_102,IT_144,2024.09.1,5
ST_102,IT_144,2024.09.2,5
ST_102,IT_144,2024.09.3,0
ST_102,IT_144,2024.09.4,0
ST_102,IT_144,2024.09.5,0
ST_102,IT_145,2024.09.1,2
ST_102,IT_145,2024.09.2,2
ST_102,IT_145,2024.09.3,0
ST_102,IT_145,2024.09.4,2
ST_102,IT_145,2024.09.5,0
ST_102,IT_146,2024.09.1,0
ST_102,IT_146,2024.09.2,2
ST_102,IT_146,2024.09.3,0
ST_102,IT_146,2024.09.4,1
ST_102,IT_146,2024.09.5,0
ST_102,IT_147,2024.09.1,3
ST_102,IT_147,2024.09.2,5
ST_102,IT_147,2024.09.3,0
ST_102,IT_147,2024.09.4,3
ST_102,IT_147,2024.09.5,0
ST_102,IT_148,2024.09.1,3
ST_102,IT_148,2024.09.2,2
ST_102,IT_148,2024.09.3,0
ST_102,IT_148,2024.09.4,0
ST_102,IT_148,2024.09.5,0
ST_102,IT_149,2024.09.1,2
ST_102,IT_149,2024.09.2,9
ST_102,IT_149,2024.09.3,0
ST_102,IT_149,2024.09.4,9
ST_102,IT_149,2024.09.5,0
ST_102,IT_152,2024.09.1,3
ST_102,IT_152,2024.09.2,5
ST_102,IT_152,2024.09.3,0
ST_102,IT_152,2024.09.4,2
ST_102,IT_152,2024.09.5,0
ST_102,IT_153,2024.09.1,2
ST_102,IT_153,2024.09.2,6
ST_102,IT_153,2024.09.3,0
ST_102,IT_153,2024.09.4,2
ST_102,IT_153,2024.09.5,0
ST_102,IT_154,2024.09.1,5
ST_102,IT_154,2024.09.2,11
ST_102,IT_154,2024.09.3,0
ST_102,IT_154,2024.09.4,7
ST_102,IT_154,2024.09.5,0
ST_102,IT_155,2024.09.1,2
ST_102,IT_155,2024.09.2,6
ST_102,IT_155,2024.09.3,0
ST_102,IT_155,2024.09.4,7
ST_102,IT_155,2024.09.5,0
ST_102,IT_156,2024.09.1,4
ST_102,IT_156,2024.09.2,6
ST_102,IT_156,2024.09.3,0
ST_102,IT_156,2024.09.4,5
ST_102,IT_156,2024.09.5,0
ST_102,IT_157,2024.09.1,3
ST_102,IT_157,2024.09.2,16
ST_102,IT_157,2024.09.3,0
ST_102,IT_157,2024.09.4,10
ST_102,IT_157,2024.09.5,0
ST_102,IT_158,2024.09.1,0
ST_102,IT_158,2024.09.2,0
ST_102,IT_158,2024.09.3,0
ST_102,IT_158,2024.09.4,0
ST_102,IT_158,2024.09.5,0
ST_102,IT_159,2024.09.1,3
ST_102,IT_159,2024.09.2,5
ST_102,IT_159,2024.09.3,0
ST_102,IT_159,2024.09.4,1
ST_102,IT_159,2024.09.5,0
ST_102,IT_160,2024.09.1,0
ST_102,IT_160,2024.09.2,0
ST_102,IT_160,2024.09.3,0
ST_102,IT_160,2024.09.4,0
ST_102,IT_160,2024.09.5,0
ST_102,IT_161,2024.09.1,1
ST_102,IT_161,2024.09.2,1
ST_102,IT_161,2024.09.3,0
ST_102,IT_161,2024.09.4,1
ST_102,IT_161,2024.09.5,0
ST_102,IT_162,2024.09.1,2
ST_102,IT_162,2024.09.2,3
ST_102,IT_162,2024.09.3,0
ST_102,IT_162,2024.09.4,0
ST_102,IT_162,2024.09.5,0
ST_102,IT_163,2024.09.1,3
ST_102,IT_163,2024.09.2,1
ST_102,IT_163,2024.09.3,0
ST_102,IT_163,2024.09.4,1
ST_102,IT_163,2024.09.5,0
ST_102,IT_164,2024.09.1,2
ST_102,IT_164,2024.09.2,6
ST_102,IT_164,2024.09.3,0
ST_102,IT_164,2024.09.4,4
ST_102,IT_164,2024.09.5,0
ST_102,IT_165,2024.09.1,63
ST_102,IT_165,2024.09.2,115
ST_102,IT_165,2024.09.3,0
ST_102,IT_165,2024.09.4,140
ST_102,IT_165,2024.09.5,0
ST_102,IT_167,2024.09.1,5
ST_102,IT_167,2024.09.2,3
ST_102,IT_167,2024.09.3,0
ST_102,IT_167,2024.09.4,2
ST_102,IT_167,2024.09.5,0
ST_102,IT_168,2024.09.1,1
ST_102,IT_168,2024.09.2,1
ST_102,IT_168,2024.09.3,0
ST_102,IT_168,2024.09.4,0
ST_102,IT_168,2024.09.5,0
ST_102,IT_169,2024.09.1,2
ST_102,IT_169,2024.09.2,2
ST_102,IT_169,2024.09.3,0
ST_102,IT_169,2024.09.4,1
ST_102,IT_169,2024.09.5,0
ST_102,IT_170,2024.09.1,2
ST_102,IT_170,2024.09.2,2
ST_102,IT_170,2024.09.3,0
ST_102,IT_170,2024.09.4,2
ST_102,IT_170,2024.09.5,0
ST_102,IT_171,2024.09.1,1
ST_102,IT_171,2024.09.2,1
ST_102,IT_171,2024.09.3,0
ST_102,IT_171,2024.09.4,0
ST_102,IT_171,2024.09.5,0
ST_102,IT_101,2024.10.1,0
ST_102,IT_101,2024.10.2,0
ST_102,IT_101,2024.10.3,0
ST_102,IT_101,2024.10.4,0
ST_102,IT_101,2024.10.5,0
ST_102,IT_102,2024.10.1,1000
ST_102,IT_102,2024.10.2,2000
ST_102,IT_102,2024.10.3,0
ST_102,IT_102,2024.10.4,1000
ST_102,IT_102,2024.10.5,0
ST_102,IT_103,2024.10.1,1000
ST_102,IT_103,2024.10.2,1000
ST_102,IT_103,2024.10.3,0
ST_102,IT_103,2024.10.4,0
ST_102,IT_103,2024.10.5,1000
ST_102,IT_104,2024.10.1,0
ST_102,IT_104,2024.10.2,0
ST_102,IT_104,2024.10.3,0
ST_102,IT_104,2024.10.4,0
ST_102,IT_104,2024.10.5,0
ST_102,IT_105,2024.10.1,3000
ST_102,IT_105,2024.10.2,3000
ST_102,IT_105,2024.10.3,3000
ST_102,IT_105,2024.10.4,4000
ST_102,IT_105,2024.10.5,2000
ST_102,IT_106,2024.10.1,0
ST_102,IT_106,2024.10.2,0
ST_102,IT_106,2024.10.3,1000
ST_102,IT_106,2024.10.4,0
ST_102,IT_106,2024.10.5,0
ST_102,IT_107,2024.10.1,5000
ST_102,IT_107,2024.10.2,3000
ST_102,IT_107,2024.10.3,2000
ST_102,IT_107,2024.10.4,4000
ST_102,IT_107,2024.10.5,2000
ST_102,IT_108,2024.10.1,0
ST_102,IT_108,2024.10.2,0
ST_102,IT_108,2024.10.3,0
ST_102,IT_108,2024.10.4,0
ST_102,IT_108,2024.10.5,2000
ST_102,IT_109,2024.10.1,0
ST_102,IT_109,2024.10.2,0
ST_102,IT_109,2024.10.3,0
ST_102,IT_109,2024.10.4,0
ST_102,IT_109,2024.10.5,0
ST_102,IT_110,2024.10.1,0
ST_102,IT_110,2024.10.2,0
ST_102,IT_110,2024.10.3,0
ST_102,IT_110,2024.10.4,0
ST_102,IT_110,2024.10.5,0
ST_102,IT_111,2024.10.1,4000
ST_102,IT_111,2024.10.2,5000
ST_102,IT_111,2024.10.3,3000
ST_102,IT_111,2024.10.4,5000
ST_102,IT_111,2024.10.5,6000
ST_102,IT_112,2024.10.1,1500
ST_102,IT_112,2024.10.2,3500
ST_102,IT_112,2024.10.3,1500
ST_102,IT_112,2024.10.4,1500
ST_102,IT_112,2024.10.5,2000
ST_102,IT_113,2024.10.1,200
ST_102,IT_113,2024.10.2,200
ST_102,IT_113,2024.10.3,200
ST_102,IT_113,2024.10.4,400
ST_102,IT_113,2024.10.5,400
ST_102,IT_114,2024.10.1,2500
ST_102,IT_114,2024.10.2,2500
ST_102,IT_114,2024.10.3,2000
ST_102,IT_114,2024.10.4,1500
ST_102,IT_114,2024.10.5,4500
ST_102,IT_115,2024.10.1,0
ST_102,IT_115,2024.10.2,0
ST_102,IT_115,2024.10.3,0
ST_102,IT_115,2024.10.4,0
ST_102,IT_115,2024.10.5,0
ST_102,IT_116,2024.10.1,0
ST_102,IT_116,2024.10.2,0
ST_102,IT_116,2024.10.3,0
ST_102,IT_116,2024.10.4,0
ST_102,IT_116,2024.10.5,0
ST_102,IT_117,2024.10.1,600
ST_102,IT_117,2024.10.2,0
ST_102,IT_117,2024.10.3,200
ST_102,IT_117,2024.10.4,400
ST_102,IT_117,2024.10.5,200
ST_102,IT_118,2024.10.1,200
ST_102,IT_118,2024.10.2,200
ST_102,IT_118,2024.10.3,0
ST_102,IT_118,2024.10.4,200
ST_102,IT_118,2024.10.5,0
ST_102,IT_119,2024.10.1,0
ST_102,IT_119,2024.10.2,0
ST_102,IT_119,2024.10.3,0
ST_102,IT_119,2024.10.4,0
ST_102,IT_119,2024.10.5,0
ST_102,IT_120,2024.10.1,0
ST_102,IT_120,2024.10.2,0
ST_102,IT_120,2024.10.3,0
ST_102,IT_120,2024.10.4,0
ST_102,IT_120,2024.10.5,1
ST_102,IT_121,2024.10.1,0
ST_102,IT_121,2024.10.2,0
ST_102,IT_121,2024.10.3,0
ST_102,IT_121,2024.10.4,0
ST_102,IT_121,2024.10.5,0
ST_102,IT_122,2024.10.1,0
ST_102,IT_122,2024.10.2,0
ST_102,IT_122,2024.10.3,0
ST_102,IT_122,2024.10.4,0
ST_102,IT_122,2024.10.5,0
ST_102,IT_123,2024.10.1,0
ST_102,IT_123,2024.10.2,0
ST_102,IT_123,2024.10.3,0
ST_102,IT_123,2024.10.4,0
ST_102,IT_123,2024.10.5,0
ST_102,IT_124,2024.10.1,13
ST_102,IT_124,2024.10.2,0
ST_102,IT_124,2024.10.3,0
ST_102,IT_124,2024.10.4,4
ST_102,IT_124,2024.10.5,6
ST_102,IT_125,2024.10.1,7
ST_102,IT_125,2024.10.2,0
ST_102,IT_125,2024.10.3,12
ST_102,IT_125,2024.10.4,10
ST_102,IT_125,2024.10.5,0
ST_102,IT_126,2024.10.1,6
ST_102,IT_126,2024.10.2,12
ST_102,IT_126,2024.10.3,18
ST_102,IT_126,2024.10.4,4
ST_102,IT_126,2024.10.5,24
ST_102,IT_127,2024.10.1,0
ST_102,IT_127,2024.10.2,0
ST_102,IT_127,2024.10.3,0
ST_102,IT_127,2024.10.4,0
ST_102,IT_127,2024.10.5,0
ST_102,IT_128,2024.10.1,5
ST_102,IT_128,2024.10.2,3
ST_102,IT_128,2024.10.3,7
ST_102,IT_128,2024.10.4,5
ST_102,IT_128,2024.10.5,5
ST_102,IT_129,2024.10.1,20
ST_102,IT_129,2024.10.2,20
ST_102,IT_129,2024.10.3,0
ST_102,IT_129,2024.10.4,40
ST_102,IT_129,2024.10.5,0
ST_102,IT_130,2024.10.1,0
ST_102,IT_130,2024.10.2,0
ST_102,IT_130,2024.10.3,0
ST_102,IT_130,2024.10.4,0
ST_102,IT_130,2024.10.5,0
ST_102,IT_131,2024.10.1,45
ST_102,IT_131,2024.10.2,43
ST_102,IT_131,2024.10.3,43
ST_102,IT_131,2024.10.4,34
ST_102,IT_131,2024.10.5,26
ST_102,IT_132,2024.10.1,4
ST_102,IT_132,2024.10.2,17
ST_102,IT_132,2024.10.3,3
ST_102,IT_132,2024.10.4,25
ST_102,IT_132,2024.10.5,7
ST_102,IT_133,2024.10.1,0
ST_102,IT_133,2024.10.2,0
ST_102,IT_133,2024.10.3,0
ST_102,IT_133,2024.10.4,0
ST_102,IT_133,2024.10.5,0
ST_102,IT_134,2024.10.1,0
ST_102,IT_134,2024.10.2,0
ST_102,IT_134,2024.10.3,0
ST_102,IT_134,2024.10.4,0
ST_102,IT_134,2024.10.5,0
ST_102,IT_135,2024.10.1,12
ST_102,IT_135,2024.10.2,14
ST_102,IT_135,2024.10.3,7
ST_102,IT_135,2024.10.4,17
ST_102,IT_135,2024.10.5,13
ST_102,IT_136,2024.10.1,1
ST_102,IT_136,2024.10.2,3
ST_102,IT_136,2024.10.3,5
ST_102,IT_136,2024.10.4,3
ST_102,IT_136,2024.10.5,6
ST_102,IT_137,2024.10.1,700
ST_102,IT_137,2024.10.2,500
ST_102,IT_137,2024.10.3,500
ST_102,IT_137,2024.10.4,600
ST_102,IT_137,2024.10.5,200
ST_102,IT_138,2024.10.1,100
ST_102,IT_138,2024.10.2,0
ST_102,IT_138,2024.10.3,0
ST_102,IT_138,2024.10.4,0
ST_102,IT_138,2024.10.5,100
ST_102,IT_139,2024.10.1,2
ST_102,IT_139,2024.10.2,3
ST_102,IT_139,2024.10.3,1
ST_102,IT_139,2024.10.4,2
ST_102,IT_139,2024.10.5,1
ST_102,IT_140,2024.10.1,5
ST_102,IT_140,2024.10.2,6
ST_102,IT_140,2024.10.3,4
ST_102,IT_140,2024.10.4,2
ST_102,IT_140,2024.10.5,10
ST_102,IT_141,2024.10.1,3
ST_102,IT_141,2024.10.2,5
ST_102,IT_141,2024.10.3,5
ST_102,IT_141,2024.10.4,4
ST_102,IT_141,2024.10.5,4
ST_102,IT_142,2024.10.1,6
ST_102,IT_142,2024.10.2,10
ST_102,IT_142,2024.10.3,9
ST_102,IT_142,2024.10.4,5
ST_102,IT_142,2024.10.5,12
ST_102,IT_143,2024.10.1,0
ST_102,IT_143,2024.10.2,0
ST_102,IT_143,2024.10.3,2
ST_102,IT_143,2024.10.4,1
ST_102,IT_143,2024.10.5,1
ST_102,IT_144,2024.10.1,5
ST_102,IT_144,2024.10.2,4
ST_102,IT_144,2024.10.3,3
ST_102,IT_144,2024.10.4,4
ST_102,IT_144,2024.10.5,5
ST_102,IT_145,2024.10.1,1
ST_102,IT_145,2024.10.2,3
ST_102,IT_145,2024.10.3,1
ST_102,IT_145,2024.10.4,6
ST_102,IT_145,2024.10.5,1
ST_102,IT_146,2024.10.1,1
ST_102,IT_146,2024.10.2,0
ST_102,IT_146,2024.10.3,0
ST_102,IT_146,2024.10.4,0
ST_102,IT_146,2024.10.5,0
ST_102,IT_147,2024.10.1,4
ST_102,IT_147,2024.10.2,2
ST_102,IT_147,2024.10.3,2
ST_102,IT_147,2024.10.4,3
ST_102,IT_147,2024.10.5,1
ST_102,IT_148,2024.10.1,0
ST_102,IT_148,2024.10.2,2
ST_102,IT_148,2024.10.3,0
ST_102,IT_148,2024.10.4,0
ST_102,IT_148,2024.10.5,0
ST_102,IT_149,2024.10.1,5
ST_102,IT_149,2024.10.2,11
ST_102,IT_149,2024.10.3,8
ST_102,IT_149,2024.10.4,4
ST_102,IT_149,2024.10.5,4
ST_102,IT_152,2024.10.1,2
ST_102,IT_152,2024.10.2,5
ST_102,IT_152,2024.10.3,7
ST_102,IT_152,2024.10.4,5
ST_102,IT_152,2024.10.5,3
ST_102,IT_153,2024.10.1,4
ST_102,IT_153,2024.10.2,2
ST_102,IT_153,2024.10.3,4
ST_102,IT_153,2024.10.4,3
ST_102,IT_153,2024.10.5,7
ST_102,IT_154,2024.10.1,7
ST_102,IT_154,2024.10.2,3
ST_102,IT_154,2024.10.3,3
ST_102,IT_154,2024.10.4,7
ST_102,IT_154,2024.10.5,6
ST_102,IT_155,2024.10.1,3
ST_102,IT_155,2024.10.2,2
ST_102,IT_155,2024.10.3,3
ST_102,IT_155,2024.10.4,3
ST_102,IT_155,2024.10.5,4
ST_102,IT_156,2024.10.1,4
ST_102,IT_156,2024.10.2,2
ST_102,IT_156,2024.10.3,3
ST_102,IT_156,2024.10.4,7
ST_102,IT_156,2024.10.5,3
ST_102,IT_157,2024.10.1,6
ST_102,IT_157,2024.10.2,6
ST_102,IT_157,2024.10.3,4
ST_102,IT_157,2024.10.4,11
ST_102,IT_157,2024.10.5,9
ST_102,IT_158,2024.10.1,0
ST_102,IT_158,2024.10.2,0
ST_102,IT_158,2024.10.3,0
ST_102,IT_158,2024.10.4,0
ST_102,IT_158,2024.10.5,0
ST_102,IT_159,2024.10.1,2
ST_102,IT_159,2024.10.2,8
ST_102,IT_159,2024.10.3,4
ST_102,IT_159,2024.10.4,5
ST_102,IT_159,2024.10.5,5
ST_102,IT_160,2024.10.1,0
ST_102,IT_160,2024.10.2,0
ST_102,IT_160,2024.10.3,0
ST_102,IT_160,2024.10.4,0
ST_102,IT_160,2024.10.5,0
ST_102,IT_161,2024.10.1,1
ST_102,IT_161,2024.10.2,3
ST_102,IT_161,2024.10.3,1
ST_102,IT_161,2024.10.4,9
ST_102,IT_161,2024.10.5,3
ST_102,IT_162,2024.10.1,0
ST_102,IT_162,2024.10.2,4
ST_102,IT_162,2024.10.3,1
ST_102,IT_162,2024.10.4,1
ST_102,IT_162,2024.10.5,2
ST_102,IT_163,2024.10.1,0
ST_102,IT_163,2024.10.2,3
ST_102,IT_163,2024.10.3,1
ST_102,IT_163,2024.10.4,0
ST_102,IT_163,2024.10.5,1
ST_102,IT_164,2024.10.1,1
ST_102,IT_164,2024.10.2,1
ST_102,IT_164,2024.10.3,1
ST_102,IT_164,2024.10.4,4
ST_102,IT_164,2024.10.5,3
ST_102,IT_165,2024.10.1,60
ST_102,IT_165,2024.10.2,67
ST_102,IT_165,2024.10.3,79
ST_102,IT_165,2024.10.4,93
ST_102,IT_165,2024.10.5,83
ST_102,IT_167,2024.10.1,1
ST_102,IT_167,2024.10.2,7
ST_102,IT_167,2024.10.3,1
ST_102,IT_167,2024.10.4,4
ST_102,IT_167,2024.10.5,3
ST_102,IT_168,2024.10.1,3
ST_102,IT_168,2024.10.2,5
ST_102,IT_168,2024.10.3,2
ST_102,IT_168,2024.10.4,2
ST_102,IT_168,2024.10.5,1
ST_102,IT_169,2024.10.1,1
ST_102,IT_169,2024.10.2,2
ST_102,IT_169,2024.10.3,1
ST_102,IT_169,2024.10.4,2
ST_102,IT_169,2024.10.5,0
ST_102,IT_170,2024.10.1,0
ST_102,IT_170,2024.10.2,2
ST_102,IT_170,2024.10.3,2
ST_102,IT_170,2024.10.4,0
ST_102,IT_170,2024.10.5,3
ST_102,IT_171,2024.10.1,0
ST_102,IT_171,2024.10.2,2
ST_102,IT_171,2024.10.3,2
ST_102,IT_171,2024.10.4,1
ST_102,IT_171,2024.10.5,1
ST_102,IT_101,2024.11.1,0
ST_102,IT_101,2024.11.2,0
ST_102,IT_101,2024.11.3,0
ST_102,IT_101,2024.11.4,0
ST_102,IT_101,2024.11.5,0
ST_102,IT_102,2024.11.1,1000
ST_102,IT_102,2024.11.2,2000
ST_102,IT_102,2024.11.3,1000
ST_102,IT_102,2024.11.4,2000
ST_102,IT_102,2024.11.5,0
ST_102,IT_103,2024.11.1,2000
ST_102,IT_103,2024.11.2,0
ST_102,IT_103,2024.11.3,1000
ST_102,IT_103,2024.11.4,1000
ST_102,IT_103,2024.11.5,0
ST_102,IT_104,2024.11.1,0
ST_102,IT_104,2024.11.2,0
ST_102,IT_104,2024.11.3,0
ST_102,IT_104,2024.11.4,0
ST_102,IT_104,2024.11.5,0
ST_102,IT_105,2024.11.1,2000
ST_102,IT_105,2024.11.2,3000
ST_102,IT_105,2024.11.3,2000
ST_102,IT_105,2024.11.4,3000
ST_102,IT_105,2024.11.5,0
ST_102,IT_106,2024.11.1,4000
ST_102,IT_106,2024.11.2,1000
ST_102,IT_106,2024.11.3,0
ST_102,IT_106,2024.11.4,0
ST_102,IT_106,2024.11.5,0
ST_102,IT_107,2024.11.1,2000
ST_102,IT_107,2024.11.2,2000
ST_102,IT_107,2024.11.3,2000
ST_102,IT_107,2024.11.4,4000
ST_102,IT_107,2024.11.5,0
ST_102,IT_108,2024.11.1,3000
ST_102,IT_108,2024.11.2,0
ST_102,IT_108,2024.11.3,1000
ST_102,IT_108,2024.11.4,0
ST_102,IT_108,2024.11.5,0
ST_102,IT_109,2024.11.1,0
ST_102,IT_109,2024.11.2,0
ST_102,IT_109,2024.11.3,0
ST_102,IT_109,2024.11.4,0
ST_102,IT_109,2024.11.5,0
ST_102,IT_110,2024.11.1,0
ST_102,IT_110,2024.11.2,0
ST_102,IT_110,2024.11.3,0
ST_102,IT_110,2024.11.4,0
ST_102,IT_110,2024.11.5,0
ST_102,IT_111,2024.11.1,4000
ST_102,IT_111,2024.11.2,4000
ST_102,IT_111,2024.11.3,4000
ST_102,IT_111,2024.11.4,5000
ST_102,IT_111,2024.11.5,0
ST_102,IT_112,2024.11.1,500
ST_102,IT_112,2024.11.2,1500
ST_102,IT_112,2024.11.3,1500
ST_102,IT_112,2024.11.4,2000
ST_102,IT_112,2024.11.5,0
ST_102,IT_113,2024.11.1,200
ST_102,IT_113,2024.11.2,0
ST_102,IT_113,2024.11.3,0
ST_102,IT_113,2024.11.4,200
ST_102,IT_113,2024.11.5,0
ST_102,IT_114,2024.11.1,1500
ST_102,IT_114,2024.11.2,2500
ST_102,IT_114,2024.11.3,0
ST_102,IT_114,2024.11.4,1000
ST_102,IT_114,2024.11.5,0
ST_102,IT_115,2024.11.1,0
ST_102,IT_115,2024.11.2,0
ST_102,IT_115,2024.11.3,0
ST_102,IT_115,2024.11.4,0
ST_102,IT_115,2024.11.5,0
ST_102,IT_116,2024.11.1,0
ST_102,IT_116,2024.11.2,0
ST_102,IT_116,2024.11.3,0
ST_102,IT_116,2024.11.4,0
ST_102,IT_116,2024.11.5,0
ST_102,IT_117,2024.11.1,200
ST_102,IT_117,2024.11.2,0
ST_102,IT_117,2024.11.3,0
ST_102,IT_117,2024.11.4,0
ST_102,IT_117,2024.11.5,0
ST_102,IT_118,2024.11.1,400
ST_102,IT_118,2024.11.2,400
ST_102,IT_118,2024.11.3,0
ST_102,IT_118,2024.11.4,200
ST_102,IT_118,2024.11.5,0
ST_102,IT_119,2024.11.1,8000
ST_102,IT_119,2024.11.2,0
ST_102,IT_119,2024.11.3,0
ST_102,IT_119,2024.11.4,16000
ST_102,IT_119,2024.11.5,0
ST_102,IT_120,2024.11.1,0
ST_102,IT_120,2024.11.2,0
ST_102,IT_120,2024.11.3,0
ST_102,IT_120,2024.11.4,0
ST_102,IT_120,2024.11.5,0
ST_102,IT_121,2024.11.1,0
ST_102,IT_121,2024.11.2,0
ST_102,IT_121,2024.11.3,0
ST_102,IT_121,2024.11.4,0
ST_102,IT_121,2024.11.5,0
ST_102,IT_122,2024.11.1,1000
ST_102,IT_122,2024.11.2,0
ST_102,IT_122,2024.11.3,0
ST_102,IT_122,2024.11.4,0
ST_102,IT_122,2024.11.5,0
ST_102,IT_123,2024.11.1,0
ST_102,IT_123,2024.11.2,0
ST_102,IT_123,2024.11.3,0
ST_102,IT_123,2024.11.4,0
ST_102,IT_123,2024.11.5,0
ST_102,IT_124,2024.11.1,0
ST_102,IT_124,2024.11.2,6
ST_102,IT_124,2024.11.3,0
ST_102,IT_124,2024.11.4,0
ST_102,IT_124,2024.11.5,0
ST_102,IT_125,2024.11.1,0
ST_102,IT_125,2024.11.2,0
ST_102,IT_125,2024.11.3,6
ST_102,IT_125,2024.11.4,0
ST_102,IT_125,2024.11.5,0
ST_102,IT_126,2024.11.1,0
ST_102,IT_126,2024.11.2,0
ST_102,IT_126,2024.11.3,6
ST_102,IT_126,2024.11.4,0
ST_102,IT_126,2024.11.5,0
ST_102,IT_127,2024.11.1,0
ST_102,IT_127,2024.11.2,0
ST_102,IT_127,2024.11.3,0
ST_102,IT_127,2024.11.4,0
ST_102,IT_127,2024.11.5,0
ST_102,IT_128,2024.11.1,4
ST_102,IT_128,2024.11.2,5
ST_102,IT_128,2024.11.3,6
ST_102,IT_128,2024.11.4,3
ST_102,IT_128,2024.11.5,0
ST_102,IT_129,2024.11.1,20
ST_102,IT_129,2024.11.2,20
ST_102,IT_129,2024.11.3,0
ST_102,IT_129,2024.11.4,20
ST_102,IT_129,2024.11.5,0
ST_102,IT_130,2024.11.1,0
ST_102,IT_130,2024.11.2,0
ST_102,IT_130,2024.11.3,0
ST_102,IT_130,2024.11.4,0
ST_102,IT_130,2024.11.5,0
ST_102,IT_131,2024.11.1,23
ST_102,IT_131,2024.11.2,8
ST_102,IT_131,2024.11.3,27
ST_102,IT_131,2024.11.4,26
ST_102,IT_131,2024.11.5,0
ST_102,IT_132,2024.11.1,11
ST_102,IT_132,2024.11.2,12
ST_102,IT_132,2024.11.3,12
ST_102,IT_132,2024.11.4,10
ST_102,IT_132,2024.11.5,0
ST_102,IT_133,2024.11.1,0
ST_102,IT_133,2024.11.2,0
ST_102,IT_133,2024.11.3,0
ST_102,IT_133,2024.11.4,0
ST_102,IT_133,2024.11.5,0
ST_102,IT_134,2024.11.1,0
ST_102,IT_134,2024.11.2,0
ST_102,IT_134,2024.11.3,0
ST_102,IT_134,2024.11.4,0
ST_102,IT_134,2024.11.5,0
ST_102,IT_135,2024.11.1,13
ST_102,IT_135,2024.11.2,9
ST_102,IT_135,2024.11.3,10
ST_102,IT_135,2024.11.4,11
ST_102,IT_135,2024.11.5,0
ST_102,IT_136,2024.11.1,4
ST_102,IT_136,2024.11.2,4
ST_102,IT_136,2024.11.3,4
ST_102,IT_136,2024.11.4,5
ST_102,IT_136,2024.11.5,0
ST_102,IT_137,2024.11.1,300
ST_102,IT_137,2024.11.2,500
ST_102,IT_137,2024.11.3,300
ST_102,IT_137,2024.11.4,100
ST_102,IT_137,2024.11.5,0
ST_102,IT_138,2024.11.1,0
ST_102,IT_138,2024.11.2,0
ST_102,IT_138,2024.11.3,0
ST_102,IT_138,2024.11.4,100
ST_102,IT_138,2024.11.5,0
ST_102,IT_139,2024.11.1,4
ST_102,IT_139,2024.11.2,1
ST_102,IT_139,2024.11.3,1
ST_102,IT_139,2024.11.4,2
ST_102,IT_139,2024.11.5,0
ST_102,IT_140,2024.11.1,5
ST_102,IT_140,2024.11.2,10
ST_102,IT_140,2024.11.3,6
ST_102,IT_140,2024.11.4,7
ST_102,IT_140,2024.11.5,0
ST_102,IT_141,2024.11.1,5
ST_102,IT_141,2024.11.2,5
ST_102,IT_141,2024.11.3,3
ST_102,IT_141,2024.11.4,6
ST_102,IT_141,2024.11.5,0
ST_102,IT_142,2024.11.1,9
ST_102,IT_142,2024.11.2,4
ST_102,IT_142,2024.11.3,6
ST_102,IT_142,2024.11.4,3
ST_102,IT_142,2024.11.5,0
ST_102,IT_143,2024.11.1,3
ST_102,IT_143,2024.11.2,2
ST_102,IT_143,2024.11.3,2
ST_102,IT_143,2024.11.4,1
ST_102,IT_143,2024.11.5,0
ST_102,IT_144,2024.11.1,2
ST_102,IT_144,2024.11.2,2
ST_102,IT_144,2024.11.3,3
ST_102,IT_144,2024.11.4,1
ST_102,IT_144,2024.11.5,0
ST_102,IT_145,2024.11.1,3
ST_102,IT_145,2024.11.2,2
ST_102,IT_145,2024.11.3,3
ST_102,IT_145,2024.11.4,2
ST_102,IT_145,2024.11.5,0
ST_102,IT_146,2024.11.1,0
ST_102,IT_146,2024.11.2,0
ST_102,IT_146,2024.11.3,0
ST_102,IT_146,2024.11.4,0
ST_102,IT_146,2024.11.5,0
ST_102,IT_147,2024.11.1,4
ST_102,IT_147,2024.11.2,1
ST_102,IT_147,2024.11.3,2
ST_102,IT_147,2024.11.4,2
ST_102,IT_147,2024.11.5,0
ST_102,IT_148,2024.11.1,2
ST_102,IT_148,2024.11.2,0
ST_102,IT_148,2024.11.3,2
ST_102,IT_148,2024.11.4,0
ST_102,IT_148,2024.11.5,0
ST_102,IT_149,2024.11.1,9
ST_102,IT_149,2024.11.2,8
ST_102,IT_149,2024.11.3,6
ST_102,IT_149,2024.11.4,7
ST_102,IT_149,2024.11.5,0
ST_102,IT_150,2024.11.1,0
ST_102,IT_150,2024.11.2,0
ST_102,IT_150,2024.11.3,0
ST_102,IT_150,2024.11.4,17
ST_102,IT_150,2024.11.5,0
ST_102,IT_151,2024.11.1,0
ST_102,IT_151,2024.11.2,0
ST_102,IT_151,2024.11.3,0
ST_102,IT_151,2024.11.4,17
ST_102,IT_151,2024.11.5,0
ST_102,IT_152,2024.11.1,2
ST_102,IT_152,2024.11.2,6
ST_102,IT_152,2024.11.3,4
ST_102,IT_152,2024.11.4,4
ST_102,IT_152,2024.11.5,0
ST_102,IT_153,2024.11.1,5
ST_102,IT_153,2024.11.2,3
ST_102,IT_153,2024.11.3,3
ST_102,IT_153,2024.11.4,5
ST_102,IT_153,2024.11.5,0
ST_102,IT_154,2024.11.1,3
ST_102,IT_154,2024.11.2,2
ST_102,IT_154,2024.11.3,6
ST_102,IT_154,2024.11.4,2
ST_102,IT_154,2024.11.5,0
ST_102,IT_155,2024.11.1,3
ST_102,IT_155,2024.11.2,3
ST_102,IT_155,2024.11.3,1
ST_102,IT_155,2024.11.4,2
ST_102,IT_155,2024.11.5,0
ST_102,IT_156,2024.11.1,2
ST_102,IT_156,2024.11.2,6
ST_102,IT_156,2024.11.3,2
ST_102,IT_156,2024.11.4,1
ST_102,IT_156,2024.11.5,0
ST_102,IT_157,2024.11.1,11
ST_102,IT_157,2024.11.2,6
ST_102,IT_157,2024.11.3,7
ST_102,IT_157,2024.11.4,7
ST_102,IT_157,2024.11.5,0
ST_102,IT_158,2024.11.1,0
ST_102,IT_158,2024.11.2,0
ST_102,IT_158,2024.11.3,0
ST_102,IT_158,2024.11.4,0
ST_102,IT_158,2024.11.5,0
ST_102,IT_159,2024.11.1,5
ST_102,IT_159,2024.11.2,9
ST_102,IT_159,2024.11.3,3
ST_102,IT_159,2024.11.4,2
ST_102,IT_159,2024.11.5,0
ST_102,IT_160,2024.11.1,0
ST_102,IT_160,2024.11.2,0
ST_102,IT_160,2024.11.3,0
ST_102,IT_160,2024.11.4,0
ST_102,IT_160,2024.11.5,0
ST_102,IT_161,2024.11.1,4
ST_102,IT_161,2024.11.2,2
ST_102,IT_161,2024.11.3,2
ST_102,IT_161,2024.11.4,5
ST_102,IT_161,2024.11.5,0
ST_102,IT_162,2024.11.1,0
ST_102,IT_162,2024.11.2,3
ST_102,IT_162,2024.11.3,0
ST_102,IT_162,2024.11.4,1
ST_102,IT_162,2024.11.5,0
ST_102,IT_163,2024.11.1,1
ST_102,IT_163,2024.11.2,2
ST_102,IT_163,2024.11.3,1
ST_102,IT_163,2024.11.4,0
ST_102,IT_163,2024.11.5,0
ST_102,IT_164,2024.11.1,0
ST_102,IT_164,2024.11.2,2
ST_102,IT_164,2024.11.3,0
ST_102,IT_164,2024.11.4,3
ST_102,IT_164,2024.11.5,0
ST_102,IT_165,2024.11.1,64
ST_102,IT_165,2024.11.2,71
ST_102,IT_165,2024.11.3,85
ST_102,IT_165,2024.11.4,76
ST_102,IT_165,2024.11.5,0
ST_102,IT_167,2024.11.1,3
ST_102,IT_167,2024.11.2,2
ST_102,IT_167,2024.11.3,2
ST_102,IT_167,2024.11.4,6
ST_102,IT_167,2024.11.5,0
ST_102,IT_168,2024.11.1,4
ST_102,IT_168,2024.11.2,4
ST_102,IT_168,2024.11.3,2
ST_102,IT_168,2024.11.4,4
ST_102,IT_168,2024.11.5,0
ST_102,IT_169,2024.11.1,3
ST_102,IT_169,2024.11.2,1
ST_102,IT_169,2024.11.3,1
ST_102,IT_169,2024.11.4,2
ST_102,IT_169,2024.11.5,0
ST_102,IT_170,2024.11.1,2
ST_102,IT_170,2024.11.2,1
ST_102,IT_170,2024.11.3,1
ST_102,IT_170,2024.11.4,3
ST_102,IT_170,2024.11.5,0
ST_102,IT_171,2024.11.1,3
ST_102,IT_171,2024.11.2,2
ST_102,IT_171,2024.11.3,1
ST_102,IT_171,2024.11.4,2
ST_102,IT_171,2024.11.5,0
ST_102,IT_101,2024.12.1,0
ST_102,IT_101,2024.12.2,0
ST_102,IT_101,2024.12.3,0
ST_102,IT_101,2024.12.4,0
ST_102,IT_101,2024.12.5,0
ST_102,IT_102,2024.12.1,1000
ST_102,IT_102,2024.12.2,1000
ST_102,IT_102,2024.12.3,3000
ST_102,IT_102,2024.12.4,3000
ST_102,IT_102,2024.12.5,0
ST_102,IT_103,2024.12.1,2000
ST_102,IT_103,2024.12.2,3000
ST_102,IT_103,2024.12.3,1000
ST_102,IT_103,2024.12.4,2000
ST_102,IT_103,2024.12.5,0
ST_102,IT_104,2024.12.1,0
ST_102,IT_104,2024.12.2,0
ST_102,IT_104,2024.12.3,0
ST_102,IT_104,2024.12.4,0
ST_102,IT_104,2024.12.5,0
ST_102,IT_105,2024.12.1,1000
ST_102,IT_105,2024.12.2,5000
ST_102,IT_105,2024.12.3,0
ST_102,IT_105,2024.12.4,4000
ST_102,IT_105,2024.12.5,0
ST_102,IT_106,2024.12.1,1000
ST_102,IT_106,2024.12.2,0
ST_102,IT_106,2024.12.3,1000
ST_102,IT_106,2024.12.4,0
ST_102,IT_106,2024.12.5,0
ST_102,IT_107,2024.12.1,0
ST_102,IT_107,2024.12.2,4000
ST_102,IT_107,2024.12.3,0
ST_102,IT_107,2024.12.4,4000
ST_102,IT_107,2024.12.5,0
ST_102,IT_108,2024.12.1,1000
ST_102,IT_108,2024.12.2,1000
ST_102,IT_108,2024.12.3,2000
ST_102,IT_108,2024.12.4,0
ST_102,IT_108,2024.12.5,0
ST_102,IT_109,2024.12.1,0
ST_102,IT_109,2024.12.2,0
ST_102,IT_109,2024.12.3,0
ST_102,IT_109,2024.12.4,0
ST_102,IT_109,2024.12.5,0
ST_102,IT_110,2024.12.1,0
ST_102,IT_110,2024.12.2,0
ST_102,IT_110,2024.12.3,0
ST_102,IT_110,2024.12.4,0
ST_102,IT_110,2024.12.5,0
ST_102,IT_111,2024.12.1,4000
ST_102,IT_111,2024.12.2,3000
ST_102,IT_111,2024.12.3,6000
ST_102,IT_111,2024.12.4,5000
ST_102,IT_111,2024.12.5,0
ST_102,IT_112,2024.12.1,500
ST_102,IT_112,2024.12.2,1000
ST_102,IT_112,2024.12.3,1000
ST_102,IT_112,2024.12.4,1000
ST_102,IT_112,2024.12.5,0
ST_102,IT_113,2024.12.1,0
ST_102,IT_113,2024.12.2,0
ST_102,IT_113,2024.12.3,0
ST_102,IT_113,2024.12.4,0
ST_102,IT_113,2024.12.5,0
ST_102,IT_114,2024.12.1,1500
ST_102,IT_114,2024.12.2,1500
ST_102,IT_114,2024.12.3,1500
ST_102,IT_114,2024.12.4,3500
ST_102,IT_114,2024.12.5,0
ST_102,IT_115,2024.12.1,0
ST_102,IT_115,2024.12.2,0
ST_102,IT_115,2024.12.3,0
ST_102,IT_115,2024.12.4,0
ST_102,IT_115,2024.12.5,0
ST_102,IT_116,2024.12.1,0
ST_102,IT_116,2024.12.2,0
ST_102,IT_116,2024.12.3,0
ST_102,IT_116,2024.12.4,0
ST_102,IT_116,2024.12.5,0
ST_102,IT_117,2024.12.1,0
ST_102,IT_117,2024.12.2,0
ST_102,IT_117,2024.12.3,200
ST_102,IT_117,2024.12.4,0
ST_102,IT_117,2024.12.5,0
ST_102,IT_118,2024.12.1,400
ST_102,IT_118,2024.12.2,200
ST_102,IT_118,2024.12.3,0
ST_102,IT_118,2024.12.4,200
ST_102,IT_118,2024.12.5,0
ST_102,IT_119,2024.12.1,0
ST_102,IT_119,2024.12.2,8000
ST_102,IT_119,2024.12.3,0
ST_102,IT_119,2024.12.4,8000
ST_102,IT_119,2024.12.5,0
ST_102,IT_120,2024.12.1,1
ST_102,IT_120,2024.12.2,0
ST_102,IT_120,2024.12.3,0
ST_102,IT_120,2024.12.4,0
ST_102,IT_120,2024.12.5,0
ST_102,IT_121,2024.12.1,0
ST_102,IT_121,2024.12.2,0
ST_102,IT_121,2024.12.3,0
ST_102,IT_121,2024.12.4,0
ST_102,IT_121,2024.12.5,0
ST_102,IT_122,2024.12.1,0
ST_102,IT_122,2024.12.2,0
ST_102,IT_122,2024.12.3,1000
ST_102,IT_122,2024.12.4,0
ST_102,IT_122,2024.12.5,0
ST_102,IT_123,2024.12.1,0
ST_102,IT_123,2024.12.2,0
ST_102,IT_123,2024.12.3,0
ST_102,IT_123,2024.12.4,0
ST_102,IT_123,2024.12.5,0
ST_102,IT_124,2024.12.1,12
ST_102,IT_124,2024.12.2,25
ST_102,IT_124,2024.12.3,0
ST_102,IT_124,2024.12.4,0
ST_102,IT_124,2024.12.5,0
ST_102,IT_125,2024.12.1,0
ST_102,IT_125,2024.12.2,15
ST_102,IT_125,2024.12.3,0
ST_102,IT_125,2024.12.4,0
ST_102,IT_125,2024.12.5,0
ST_102,IT_126,2024.12.1,0
ST_102,IT_126,2024.12.2,20
ST_102,IT_126,2024.12.3,6
ST_102,IT_126,2024.12.4,0
ST_102,IT_126,2024.12.5,0
ST_102,IT_127,2024.12.1,0
ST_102,IT_127,2024.12.2,0
ST_102,IT_127,2024.12.3,0
ST_102,IT_127,2024.12.4,0
ST_102,IT_127,2024.12.5,0
ST_102,IT_128,2024.12.1,5
ST_102,IT_128,2024.12.2,6
ST_102,IT_128,2024.12.3,2
ST_102,IT_128,2024.12.4,4
ST_102,IT_128,2024.12.5,0
ST_102,IT_129,2024.12.1,20
ST_102,IT_129,2024.12.2,0
ST_102,IT_129,2024.12.3,0
ST_102,IT_129,2024.12.4,20
ST_102,IT_129,2024.12.5,0
ST_102,IT_130,2024.12.1,0
ST_102,IT_130,2024.12.2,0
ST_102,IT_130,2024.12.3,0
ST_102,IT_130,2024.12.4,0
ST_102,IT_130,2024.12.5,0
ST_102,IT_131,2024.12.1,23
ST_102,IT_131,2024.12.2,26
ST_102,IT_131,2024.12.3,17
ST_102,IT_131,2024.12.4,34
ST_102,IT_131,2024.12.5,0
ST_102,IT_132,2024.12.1,3
ST_102,IT_132,2024.12.2,10
ST_102,IT_132,2024.12.3,2
ST_102,IT_132,2024.12.4,16
ST_102,IT_132,2024.12.5,0
ST_102,IT_133,2024.12.1,0
ST_102,IT_133,2024.12.2,0
ST_102,IT_133,2024.12.3,0
ST_102,IT_133,2024.12.4,0
ST_102,IT_133,2024.12.5,0
ST_102,IT_134,2024.12.1,0
ST_102,IT_134,2024.12.2,0
ST_102,IT_134,2024.12.3,0
ST_102,IT_134,2024.12.4,0
ST_102,IT_134,2024.12.5,0
ST_102,IT_135,2024.12.1,12
ST_102,IT_135,2024.12.2,16
ST_102,IT_135,2024.12.3,9
ST_102,IT_135,2024.12.4,17
ST_102,IT_135,2024.12.5,0
ST_102,IT_136,2024.12.1,5
ST_102,IT_136,2024.12.2,3
ST_102,IT_136,2024.12.3,3
ST_102,IT_136,2024.12.4,6
ST_102,IT_136,2024.12.5,0
ST_102,IT_137,2024.12.1,900
ST_102,IT_137,2024.12.2,200
ST_102,IT_137,2024.12.3,500
ST_102,IT_137,2024.12.4,500
ST_102,IT_137,2024.12.5,0
ST_102,IT_138,2024.12.1,200
ST_102,IT_138,2024.12.2,0
ST_102,IT_138,2024.12.3,100
ST_102,IT_138,2024.12.4,100
ST_102,IT_138,2024.12.5,0
ST_102,IT_139,2024.12.1,1
ST_102,IT_139,2024.12.2,2
ST_102,IT_139,2024.12.3,2
ST_102,IT_139,2024.12.4,2
ST_102,IT_139,2024.12.5,0
ST_102,IT_140,2024.12.1,11
ST_102,IT_140,2024.12.2,15
ST_102,IT_140,2024.12.3,7
ST_102,IT_140,2024.12.4,10
ST_102,IT_140,2024.12.5,0
ST_102,IT_141,2024.12.1,5
ST_102,IT_141,2024.12.2,5
ST_102,IT_141,2024.12.3,3
ST_102,IT_141,2024.12.4,10
ST_102,IT_141,2024.12.5,0
ST_102,IT_142,2024.12.1,1
ST_102,IT_142,2024.12.2,7
ST_102,IT_142,2024.12.3,2
ST_102,IT_142,2024.12.4,4
ST_102,IT_142,2024.12.5,0
ST_102,IT_143,2024.12.1,2
ST_102,IT_143,2024.12.2,2
ST_102,IT_143,2024.12.3,1
ST_102,IT_143,2024.12.4,1
ST_102,IT_143,2024.12.5,0
ST_102,IT_144,2024.12.1,2
ST_102,IT_144,2024.12.2,6
ST_102,IT_144,2024.12.3,1
ST_102,IT_144,2024.12.4,1
ST_102,IT_144,2024.12.5,0
ST_102,IT_145,2024.12.1,4
ST_102,IT_145,2024.12.2,1
ST_102,IT_145,2024.12.3,2
ST_102,IT_145,2024.12.4,1
ST_102,IT_145,2024.12.5,0
ST_102,IT_146,2024.12.1,0
ST_102,IT_146,2024.12.2,0
ST_102,IT_146,2024.12.3,0
ST_102,IT_146,2024.12.4,0
ST_102,IT_146,2024.12.5,0
ST_102,IT_147,2024.12.1,0
ST_102,IT_147,2024.12.2,0
ST_102,IT_147,2024.12.3,0
ST_102,IT_147,2024.12.4,1
ST_102,IT_147,2024.12.5,0
ST_102,IT_148,2024.12.1,0
ST_102,IT_148,2024.12.2,0
ST_102,IT_148,2024.12.3,0
ST_102,IT_148,2024.12.4,0
ST_102,IT_148,2024.12.5,0
ST_102,IT_149,2024.12.1,7
ST_102,IT_149,2024.12.2,12
ST_102,IT_149,2024.12.3,9
ST_102,IT_149,2024.12.4,11
ST_102,IT_149,2024.12.5,0
ST_102,IT_150,2024.12.1,0
ST_102,IT_150,2024.12.2,3
ST_102,IT_150,2024.12.3,1
ST_102,IT_150,2024.12.4,1
ST_102,IT_150,2024.12.5,0
ST_102,IT_151,2024.12.1,0
ST_102,IT_151,2024.12.2,0
ST_102,IT_151,2024.12.3,0
ST_102,IT_151,2024.12.4,0
ST_102,IT_151,2024.12.5,0
ST_102,IT_152,2024.12.1,3
ST_102,IT_152,2024.12.2,3
ST_102,IT_152,2024.12.3,4
ST_102,IT_152,2024.12.4,2
ST_102,IT_152,2024.12.5,0
ST_102,IT_153,2024.12.1,4
ST_102,IT_153,2024.12.2,3
ST_102,IT_153,2024.12.3,3
ST_102,IT_153,2024.12.4,6
ST_102,IT_153,2024.12.5,0
ST_102,IT_154,2024.12.1,3
ST_102,IT_154,2024.12.2,6
ST_102,IT_154,2024.12.3,1
ST_102,IT_154,2024.12.4,2
ST_102,IT_154,2024.12.5,0
ST_102,IT_155,2024.12.1,1
ST_102,IT_155,2024.12.2,5
ST_102,IT_155,2024.12.3,1
ST_102,IT_155,2024.12.4,0
ST_102,IT_155,2024.12.5,0
ST_102,IT_156,2024.12.1,2
ST_102,IT_156,2024.12.2,3
ST_102,IT_156,2024.12.3,1
ST_102,IT_156,2024.12.4,1
ST_102,IT_156,2024.12.5,0
ST_102,IT_157,2024.12.1,7
ST_102,IT_157,2024.12.2,10
ST_102,IT_157,2024.12.3,3
ST_102,IT_157,2024.12.4,9
ST_102,IT_157,2024.12.5,0
ST_102,IT_158,2024.12.1,0
ST_102,IT_158,2024.12.2,0
ST_102,IT_158,2024.12.3,0
ST_102,IT_158,2024.12.4,0
ST_102,IT_158,2024.12.5,0
ST_102,IT_159,2024.12.1,8
ST_102,IT_159,2024.12.2,8
ST_102,IT_159,2024.12.3,7
ST_102,IT_159,2024.12.4,7
ST_102,IT_159,2024.12.5,0
ST_102,IT_160,2024.12.1,0
ST_102,IT_160,2024.12.2,0
ST_102,IT_160,2024.12.3,0
ST_102,IT_160,2024.12.4,0
ST_102,IT_160,2024.12.5,0
ST_102,IT_161,2024.12.1,7
ST_102,IT_161,2024.12.2,5
ST_102,IT_161,2024.12.3,3
ST_102,IT_161,2024.12.4,5
ST_102,IT_161,2024.12.5,0
ST_102,IT_162,2024.12.1,2
ST_102,IT_162,2024.12.2,6
ST_102,IT_162,2024.12.3,0
ST_102,IT_162,2024.12.4,0
ST_102,IT_162,2024.12.5,0
ST_102,IT_163,2024.12.1,2
ST_102,IT_163,2024.12.2,2
ST_102,IT_163,2024.12.3,2
ST_102,IT_163,2024.12.4,1
ST_102,IT_163,2024.12.5,0
ST_102,IT_164,2024.12.1,0
ST_102,IT_164,2024.12.2,2
ST_102,IT_164,2024.12.3,0
ST_102,IT_164,2024.12.4,1
ST_102,IT_164,2024.12.5,0
ST_102,IT_165,2024.12.1,77
ST_102,IT_165,2024.12.2,77
ST_102,IT_165,2024.12.3,71
ST_102,IT_165,2024.12.4,76
ST_102,IT_165,2024.12.5,66
ST_102,IT_167,2024.12.1,4
ST_102,IT_167,2024.12.2,3
ST_102,IT_167,2024.12.3,3
ST_102,IT_167,2024.12.4,2
ST_102,IT_167,2024.12.5,0
ST_102,IT_168,2024.12.1,4
ST_102,IT_168,2024.12.2,2
ST_102,IT_168,2024.12.3,2
ST_102,IT_168,2024.12.4,5
ST_102,IT_168,2024.12.5,0
ST_102,IT_169,2024.12.1,2
ST_102,IT_169,2024.12.2,0
ST_102,IT_169,2024.12.3,1
ST_102,IT_169,2024.12.4,3
ST_102,IT_169,2024.12.5,0
ST_102,IT_170,2024.12.1,1
ST_102,IT_170,2024.12.2,1
ST_102,IT_170,2024.12.3,0
ST_102,IT_170,2024.12.4,2
ST_102,IT_170,2024.12.5,0
ST_102,IT_171,2024.12.1,1
ST_102,IT_171,2024.12.2,1
ST_102,IT_171,2024.12.3,1
ST_102,IT_171,2024.12.4,3
ST_102,IT_171,2024.12.5,0
ST_102,IT_101,2025.01.1,0
ST_102,IT_101,2025.01.2,1000
ST_102,IT_101,2025.01.3,0
ST_102,IT_101,2025.01.4,0
ST_102,IT_101,2025.01.5,0
ST_102,IT_102,2025.01.1,0
ST_102,IT_102,2025.01.2,1000
ST_102,IT_102,2025.01.3,0
ST_102,IT_102,2025.01.4,1000
ST_102,IT_102,2025.01.5,0
ST_102,IT_103,2025.01.1,0
ST_102,IT_103,2025.01.2,1000
ST_102,IT_103,2025.01.3,0
ST_102,IT_103,2025.01.4,3000
ST_102,IT_103,2025.01.5,0
ST_102,IT_104,2025.01.1,0
ST_102,IT_104,2025.01.2,0
ST_102,IT_104,2025.01.3,0
ST_102,IT_104,2025.01.4,0
ST_102,IT_104,2025.01.5,0
ST_102,IT_105,2025.01.1,0
ST_102,IT_105,2025.01.2,0
ST_102,IT_105,2025.01.3,0
ST_102,IT_105,2025.01.4,1000
ST_102,IT_105,2025.01.5,0
ST_102,IT_106,2025.01.1,0
ST_102,IT_106,2025.01.2,0
ST_102,IT_106,2025.01.3,0
ST_102,IT_106,2025.01.4,1000
ST_102,IT_106,2025.01.5,0
ST_102,IT_107,2025.01.1,0
ST_102,IT_107,2025.01.2,0
ST_102,IT_107,2025.01.3,0
ST_102,IT_107,2025.01.4,4000
ST_102,IT_107,2025.01.5,0
ST_102,IT_108,2025.01.1,0
ST_102,IT_108,2025.01.2,0
ST_102,IT_108,2025.01.3,0
ST_102,IT_108,2025.01.4,0
ST_102,IT_108,2025.01.5,0
ST_102,IT_109,2025.01.1,0
ST_102,IT_109,2025.01.2,0
ST_102,IT_109,2025.01.3,0
ST_102,IT_109,2025.01.4,0
ST_102,IT_109,2025.01.5,0
ST_102,IT_110,2025.01.1,0
ST_102,IT_110,2025.01.2,0
ST_102,IT_110,2025.01.3,0
ST_102,IT_110,2025.01.4,0
ST_102,IT_110,2025.01.5,0
ST_102,IT_111,2025.01.1,0
ST_102,IT_111,2025.01.2,2000
ST_102,IT_111,2025.01.3,0
ST_102,IT_111,2025.01.4,6000
ST_102,IT_111,2025.01.5,0
ST_102,IT_112,2025.01.1,0
ST_102,IT_112,2025.01.2,500
ST_102,IT_112,2025.01.3,0
ST_102,IT_112,2025.01.4,1000
ST_102,IT_112,2025.01.5,0
ST_102,IT_113,2025.01.1,0
ST_102,IT_113,2025.01.2,200
ST_102,IT_113,2025.01.3,0
ST_102,IT_113,2025.01.4,0
ST_102,IT_113,2025.01.5,0
ST_102,IT_114,2025.01.1,0
ST_102,IT_114,2025.01.2,1000
ST_102,IT_114,2025.01.3,0
ST_102,IT_114,2025.01.4,1000
ST_102,IT_114,2025.01.5,0
ST_102,IT_115,2025.01.1,0
ST_102,IT_115,2025.01.2,0
ST_102,IT_115,2025.01.3,0
ST_102,IT_115,2025.01.4,0
ST_102,IT_115,2025.01.5,0
ST_102,IT_116,2025.01.1,0
ST_102,IT_116,2025.01.2,0
ST_102,IT_116,2025.01.3,0
ST_102,IT_116,2025.01.4,0
ST_102,IT_116,2025.01.5,0
ST_102,IT_117,2025.01.1,0
ST_102,IT_117,2025.01.2,0
ST_102,IT_117,2025.01.3,0
ST_102,IT_117,2025.01.4,0
ST_102,IT_117,2025.01.5,0
ST_102,IT_118,2025.01.1,0
ST_102,IT_118,2025.01.2,400
ST_102,IT_118,2025.01.3,0
ST_102,IT_118,2025.01.4,600
ST_102,IT_118,2025.01.5,0
ST_102,IT_119,2025.01.1,0
ST_102,IT_119,2025.01.2,0
ST_102,IT_119,2025.01.3,0
ST_102,IT_119,2025.01.4,8000
ST_102,IT_119,2025.01.5,0
ST_102,IT_120,2025.01.1,0
ST_102,IT_120,2025.01.2,0
ST_102,IT_120,2025.01.3,0
ST_102,IT_120,2025.01.4,1
ST_102,IT_120,2025.01.5,0
ST_102,IT_121,2025.01.1,0
ST_102,IT_121,2025.01.2,0
ST_102,IT_121,2025.01.3,0
ST_102,IT_121,2025.01.4,0
ST_102,IT_121,2025.01.5,0
ST_102,IT_122,2025.01.1,0
ST_102,IT_122,2025.01.2,0
ST_102,IT_122,2025.01.3,0
ST_102,IT_122,2025.01.4,0
ST_102,IT_122,2025.01.5,0
ST_102,IT_123,2025.01.1,0
ST_102,IT_123,2025.01.2,0
ST_102,IT_123,2025.01.3,0
ST_102,IT_123,2025.01.4,0
ST_102,IT_123,2025.01.5,0
ST_102,IT_124,2025.01.1,0
ST_102,IT_124,2025.01.2,0
ST_102,IT_124,2025.01.3,0
ST_102,IT_124,2025.01.4,0
ST_102,IT_124,2025.01.5,0
ST_102,IT_125,2025.01.1,0
ST_102,IT_125,2025.01.2,0
ST_102,IT_125,2025.01.3,0
ST_102,IT_125,2025.01.4,0
ST_102,IT_125,2025.01.5,0
ST_102,IT_126,2025.01.1,0
ST_102,IT_126,2025.01.2,0
ST_102,IT_126,2025.01.3,0
ST_102,IT_126,2025.01.4,6
ST_102,IT_126,2025.01.5,0
ST_102,IT_127,2025.01.1,0
ST_102,IT_127,2025.01.2,0
ST_102,IT_127,2025.01.3,0
ST_102,IT_127,2025.01.4,0
ST_102,IT_127,2025.01.5,0
ST_102,IT_128,2025.01.1,0
ST_102,IT_128,2025.01.2,3
ST_102,IT_128,2025.01.3,0
ST_102,IT_128,2025.01.4,2
ST_102,IT_128,2025.01.5,0
ST_102,IT_129,2025.01.1,0
ST_102,IT_129,2025.01.2,0
ST_102,IT_129,2025.01.3,0
ST_102,IT_129,2025.01.4,0
ST_102,IT_129,2025.01.5,0
ST_102,IT_130,2025.01.1,0
ST_102,IT_130,2025.01.2,0
ST_102,IT_130,2025.01.3,0
ST_102,IT_130,2025.01.4,0
ST_102,IT_130,2025.01.5,0
ST_102,IT_131,2025.01.1,0
ST_102,IT_131,2025.01.2,14
ST_102,IT_131,2025.01.3,0
ST_102,IT_131,2025.01.4,23
ST_102,IT_131,2025.01.5,0
ST_102,IT_132,2025.01.1,0
ST_102,IT_132,2025.01.2,11
ST_102,IT_132,2025.01.3,0
ST_102,IT_132,2025.01.4,8
ST_102,IT_132,2025.01.5,0
ST_102,IT_133,2025.01.1,0
ST_102,IT_133,2025.01.2,0
ST_102,IT_133,2025.01.3,0
ST_102,IT_133,2025.01.4,0
ST_102,IT_133,2025.01.5,0
ST_102,IT_134,2025.01.1,0
ST_102,IT_134,2025.01.2,0
ST_102,IT_134,2025.01.3,0
ST_102,IT_134,2025.01.4,0
ST_102,IT_134,2025.01.5,0
ST_102,IT_135,2025.01.1,0
ST_102,IT_135,2025.01.2,2
ST_102,IT_135,2025.01.3,0
ST_102,IT_135,2025.01.4,11
ST_102,IT_135,2025.01.5,0
ST_102,IT_136,2025.01.1,0
ST_102,IT_136,2025.01.2,3
ST_102,IT_136,2025.01.3,0
ST_102,IT_136,2025.01.4,5
ST_102,IT_136,2025.01.5,0
ST_102,IT_137,2025.01.1,0
ST_102,IT_137,2025.01.2,300
ST_102,IT_137,2025.01.3,0
ST_102,IT_137,2025.01.4,100
ST_102,IT_137,2025.01.5,0
ST_102,IT_138,2025.01.1,0
ST_102,IT_138,2025.01.2,0
ST_102,IT_138,2025.01.3,0
ST_102,IT_138,2025.01.4,0
ST_102,IT_138,2025.01.5,0
ST_102,IT_139,2025.01.1,0
ST_102,IT_139,2025.01.2,2
ST_102,IT_139,2025.01.3,0
ST_102,IT_139,2025.01.4,1
ST_102,IT_139,2025.01.5,0
ST_102,IT_140,2025.01.1,0
ST_102,IT_140,2025.01.2,2
ST_102,IT_140,2025.01.3,0
ST_102,IT_140,2025.01.4,6
ST_102,IT_140,2025.01.5,0
ST_102,IT_141,2025.01.1,0
ST_102,IT_141,2025.01.2,3
ST_102,IT_141,2025.01.3,0
ST_102,IT_141,2025.01.4,7
ST_102,IT_141,2025.01.5,0
ST_102,IT_142,2025.01.1,0
ST_102,IT_142,2025.01.2,4
ST_102,IT_142,2025.01.3,0
ST_102,IT_142,2025.01.4,1
ST_102,IT_142,2025.01.5,0
ST_102,IT_143,2025.01.1,0
ST_102,IT_143,2025.01.2,0
ST_102,IT_143,2025.01.3,0
ST_102,IT_143,2025.01.4,2
ST_102,IT_143,2025.01.5,0
ST_102,IT_144,2025.01.1,0
ST_102,IT_144,2025.01.2,3
ST_102,IT_144,2025.01.3,0
ST_102,IT_144,2025.01.4,2
ST_102,IT_144,2025.01.5,0
ST_102,IT_145,2025.01.1,0
ST_102,IT_145,2025.01.2,3
ST_102,IT_145,2025.01.3,0
ST_102,IT_145,2025.01.4,3
ST_102,IT_145,2025.01.5,0
ST_102,IT_146,2025.01.1,0
ST_102,IT_146,2025.01.2,0
ST_102,IT_146,2025.01.3,0
ST_102,IT_146,2025.01.4,1
ST_102,IT_146,2025.01.5,0
ST_102,IT_147,2025.01.1,0
ST_102,IT_147,2025.01.2,0
ST_102,IT_147,2025.01.3,0
ST_102,IT_147,2025.01.4,0
ST_102,IT_147,2025.01.5,0
ST_102,IT_148,2025.01.1,0
ST_102,IT_148,2025.01.2,1
ST_102,IT_148,2025.01.3,0
ST_102,IT_148,2025.01.4,0
ST_102,IT_148,2025.01.5,0
ST_102,IT_149,2025.01.1,0
ST_102,IT_149,2025.01.2,4
ST_102,IT_149,2025.01.3,0
ST_102,IT_149,2025.01.4,3
ST_102,IT_149,2025.01.5,0
ST_102,IT_150,2025.01.1,0
ST_102,IT_150,2025.01.2,2
ST_102,IT_150,2025.01.3,0
ST_102,IT_150,2025.01.4,0
ST_102,IT_150,2025.01.5,0
ST_102,IT_151,2025.01.1,0
ST_102,IT_151,2025.01.2,1
ST_102,IT_151,2025.01.3,0
ST_102,IT_151,2025.01.4,0
ST_102,IT_151,2025.01.5,0
ST_102,IT_152,2025.01.1,0
ST_102,IT_152,2025.01.2,1
ST_102,IT_152,2025.01.3,0
ST_102,IT_152,2025.01.4,3
ST_102,IT_152,2025.01.5,0
ST_102,IT_153,2025.01.1,0
ST_102,IT_153,2025.01.2,3
ST_102,IT_153,2025.01.3,0
ST_102,IT_153,2025.01.4,4
ST_102,IT_153,2025.01.5,0
ST_102,IT_154,2025.01.1,0
ST_102,IT_154,2025.01.2,2
ST_102,IT_154,2025.01.3,0
ST_102,IT_154,2025.01.4,2
ST_102,IT_154,2025.01.5,0
ST_102,IT_155,2025.01.1,0
ST_102,IT_155,2025.01.2,3
ST_102,IT_155,2025.01.3,0
ST_102,IT_155,2025.01.4,0
ST_102,IT_155,2025.01.5,0
ST_102,IT_156,2025.01.1,0
ST_102,IT_156,2025.01.2,1
ST_102,IT_156,2025.01.3,0
ST_102,IT_156,2025.01.4,0
ST_102,IT_156,2025.01.5,0
ST_102,IT_157,2025.01.1,0
ST_102,IT_157,2025.01.2,5
ST_102,IT_157,2025.01.3,0
ST_102,IT_157,2025.01.4,8
ST_102,IT_157,2025.01.5,0
ST_102,IT_158,2025.01.1,0
ST_102,IT_158,2025.01.2,0
ST_102,IT_158,2025.01.3,0
ST_102,IT_158,2025.01.4,0
ST_102,IT_158,2025.01.5,0
ST_102,IT_159,2025.01.1,0
ST_102,IT_159,2025.01.2,3
ST_102,IT_159,2025.01.3,0
ST_102,IT_159,2025.01.4,1
ST_102,IT_159,2025.01.5,0
ST_102,IT_160,2025.01.1,0
ST_102,IT_160,2025.01.2,0
ST_102,IT_160,2025.01.3,0
ST_102,IT_160,2025.01.4,0
ST_102,IT_160,2025.01.5,0
ST_102,IT_161,2025.01.1,0
ST_102,IT_161,2025.01.2,4
ST_102,IT_161,2025.01.3,0
ST_102,IT_161,2025.01.4,2
ST_102,IT_161,2025.01.5,0
ST_102,IT_162,2025.01.1,0
ST_102,IT_162,2025.01.2,3
ST_102,IT_162,2025.01.3,0
ST_102,IT_162,2025.01.4,1
ST_102,IT_162,2025.01.5,0
ST_102,IT_163,2025.01.1,0
ST_102,IT_163,2025.01.2,0
ST_102,IT_163,2025.01.3,0
ST_102,IT_163,2025.01.4,2
ST_102,IT_163,2025.01.5,0
ST_102,IT_164,2025.01.1,0
ST_102,IT_164,2025.01.2,3
ST_102,IT_164,2025.01.3,0
ST_102,IT_164,2025.01.4,1
ST_102,IT_164,2025.01.5,0
ST_102,IT_165,2025.01.1,0
ST_102,IT_165,2025.01.2,32
ST_102,IT_165,2025.01.3,0
ST_102,IT_165,2025.01.4,77
ST_102,IT_165,2025.01.5,0
ST_102,IT_166,2025.01.1,0
ST_102,IT_166,2025.01.2,0
ST_102,IT_166,2025.01.3,0
ST_102,IT_166,2025.01.4,0
ST_102,IT_166,2025.01.5,0
ST_102,IT_167,2025.01.1,0
ST_102,IT_167,2025.01.2,0
ST_102,IT_167,2025.01.3,0
ST_102,IT_167,2025.01.4,0
ST_102,IT_167,2025.01.5,0
ST_102,IT_168,2025.01.1,0
ST_102,IT_168,2025.01.2,0
ST_102,IT_168,2025.01.3,0
ST_102,IT_168,2025.01.4,1
ST_102,IT_168,2025.01.5,0
ST_102,IT_169,2025.01.1,0
ST_102,IT_169,2025.01.2,3
ST_102,IT_169,2025.01.3,0
ST_102,IT_169,2025.01.4,1
ST_102,IT_169,2025.01.5,0
ST_102,IT_170,2025.01.1,0
ST_102,IT_170,2025.01.2,2
ST_102,IT_170,2025.01.3,0
ST_102,IT_170,2025.01.4,0
ST_102,IT_170,2025.01.5,0
ST_102,IT_171,2025.01.1,0
ST_102,IT_171,2025.01.2,3
ST_102,IT_171,2025.01.3,0
ST_102,IT_171,2025.01.4,0
ST_102,IT_171,2025.01.5,0
